0. 50,0
1. 0,3875
2. 3885,1
3. 1,57
4. 1904,2
5. 2,61
6. 3898,3
7. 3,72
8. 193,4
9. 4,195
10. 202,4
11. 233,5
12. 248,5
13. 5,255
14. 294,6
15. 6,1905
16. 351,7
17. 355,7
18. 7,354
19. 368,8
20. 8,366
21. 8,374
22. 448,9
23. 9,449
24. 439,9
25. 455,10
26. 10,23104
27. 485,11
28. 11,480
29. 11,457
30. 499,12
31. 12,496
32. 12,472
33. 601,13
34. 13,604
35. 616,13
36. 13,620
37. 622,14
38. 14,621
39. 608,14
40. 15,655
41. 15,665
42. 829,16
43. 16,871
44. 878,16
45. 18,17
46. 17,24
47. 19,18
48. 20,19
49. 872,20
50. 20,879
51. 25,21
52. 21,890
53. 904,21
54. 24,22
55. 22,23
56. 23,25
57. 966,26
58. 26,12760
59. 28,27
60. 27,39
61. 22477,28
62. 33,29
63. 29,30
64. 30,41
65. 37,31
66. 31,38
67. 41,32
68. 32,35
69. 40,33
70. 38,34
71. 34,36
72. 35,37
73. 36,441
74. 39,40
75. 52,42
76. 42,50
77. 214,43
78. 43,51
79. 45,44
80. 44,48
81. 47,45
82. 49,46
83. 46,47
84. 48,54
85. 51,49
86. 53,52
87. 54,53
88. 60,55
89. 55,56
90. 56,59
91. 57,60
92. 59,58
93. 58,227
94. 61,70
95. 67,62
96. 62,63
97. 63,69
98. 65,64
99. 64,67
100. 70,65
101. 68,66
102. 66,82
103. 69,68
104. 80,71
105. 71,75
106. 72,79
107. 78,73
108. 73,81
109. 81,74
110. 74,92
111. 75,76
112. 76,78
113. 79,77
114. 77,80
115. 82,126
116. 92,83
117. 83,90
118. 88,84
119. 84,86
120. 91,85
121. 85,98
122. 86,95
123. 103,87
124. 87,99
125. 90,88
126. 102,89
127. 89,91
128. 94,93
129. 93,102
130. 100,94
131. 95,100
132. 104,96
133. 96,97
134. 97,101
135. 98,103
136. 99,104
137. 101,140
138. 108,105
139. 105,106
140. 106,107
141. 107,136
142. 123,109
143. 109,117
144. 116,110
145. 110,184
146. 112,111
147. 111,120
148. 113,112
149. 119,113
150. 118,114
151. 114,115
152. 115,121
153. 124,116
154. 117,119
155. 126,118
156. 120,127
157. 121,125
158. 125,122
159. 122,123
160. 127,124
161. 133,128
162. 128,129
163. 129,130
164. 130,131
165. 131,200
166. 134,132
167. 132,135
168. 135,133
169. 137,134
170. 136,137
171. 146,138
172. 138,150
173. 140,139
174. 139,142
175. 147,141
176. 141,146
177. 142,147
178. 144,143
179. 143,145
180. 148,144
181. 145,151
182. 149,148
183. 150,149
184. 151,164
185. 163,152
186. 152,320
187. 159,153
188. 153,165
189. 157,154
190. 154,159
191. 160,155
192. 155,157
193. 162,156
194. 156,161
195. 164,158
196. 158,160
197. 161,163
198. 165,162
199. 198,166
200. 166,177
201. 192,167
202. 167,185
203. 184,168
204. 168,179
205. 196,169
206. 169,180
207. 175,170
208. 170,190
209. 190,171
210. 171,178
211. 182,172
212. 172,181
213. 194,173
214. 173,197
215. 186,174
216. 174,176
217. 188,175
218. 176,196
219. 177,186
220. 178,198
221. 179,189
222. 180,192
223. 181,183
224. 191,182
225. 183,194
226. 185,191
227. 197,187
228. 187,389
229. 195,188
230. 189,193
231. 201,199
232. 199,202
233. 200,201
234. 217,203
235. 203,213
236. 209,204
237. 204,205
238. 205,218
239. 285,206
240. 206,207
241. 207,215
242. 218,208
243. 208,217
244. 211,209
245. 215,210
246. 210,211
247. 213,212
248. 212,216
249. 216,214
250. 223,219
251. 219,224
252. 224,220
253. 220,228
254. 229,221
255. 221,226
256. 227,222
257. 222,225
258. 225,223
259. 226,230
260. 228,229
261. 230,243
262. 235,231
263. 231,237
264. 239,232
265. 232,234
266. 237,233
267. 234,236
268. 240,235
269. 236,241
270. 241,238
271. 238,242
272. 243,239
273. 242,240
274. 255,244
275. 244,260
276. 253,245
277. 245,250
278. 252,246
279. 246,257
280. 256,247
281. 247,258
282. 251,248
283. 250,249
284. 249,259
285. 254,251
286. 259,252
287. 258,253
288. 257,254
289. 283,256
290. 260,306
291. 268,261
292. 261,276
293. 284,262
294. 262,282
295. 279,263
296. 263,283
297. 271,264
298. 264,270
299. 280,265
300. 265,278
301. 275,266
302. 266,284
303. 282,267
304. 267,277
305. 270,268
306. 281,269
307. 269,280
308. 278,271
309. 273,272
310. 272,275
311. 276,273
312. 344,274
313. 274,281
314. 277,279
315. 286,285
316. 288,286
317. 309,287
318. 287,288
319. 290,289
320. 289,291
321. 298,290
322. 291,297
323. 296,292
324. 292,302
325. 305,293
326. 293,299
327. 304,294
328. 475,295
329. 295,300
330. 299,296
331. 297,303
332. 301,298
333. 300,301
334. 302,304
335. 303,305
336. 306,314
337. 319,307
338. 307,315
339. 312,308
340. 308,319
341. 316,309
342. 315,310
343. 310,318
344. 318,311
345. 311,316
346. 313,312
347. 317,313
348. 314,317
349. 320,323
350. 327,321
351. 321,325
352. 331,322
353. 322,329
354. 323,328
355. 330,324
356. 324,331
357. 325,326
358. 326,352
359. 329,327
360. 328,330
361. 346,332
362. 332,334
363. 362,333
364. 333,337
365. 334,338
366. 345,335
367. 335,343
368. 349,336
369. 336,350
370. 337,339
371. 338,340
372. 339,348
373. 340,344
374. 350,341
375. 341,345
376. 347,342
377. 342,349
378. 343,346
379. 348,347
380. 352,351
381. 373,353
382. 353,356
383. 354,362
384. 357,355
385. 356,361
386. 359,357
387. 360,358
388. 358,359
389. 361,360
390. 364,363
391. 363,365
392. 369,364
393. 365,367
394. 366,369
395. 367,383
396. 390,368
397. 377,370
398. 370,371
399. 371,372
400. 372,376
401. 375,373
402. 374,377
403. 376,375
404. 381,378
405. 378,382
406. 386,379
407. 379,387
408. 387,380
409. 380,385
410. 385,381
411. 382,422
412. 383,384
413. 384,386
414. 392,388
415. 388,394
416. 389,399
417. 398,390
418. 395,391
419. 391,397
420. 401,392
421. 396,393
422. 393,402
423. 394,398
424. 399,395
425. 405,396
426. 397,404
427. 403,400
428. 400,407
429. 402,401
430. 406,403
431. 404,406
432. 407,405
433. 417,408
434. 408,411
435. 423,409
436. 409,417
437. 416,410
438. 410,423
439. 411,413
440. 424,412
441. 412,419
442. 413,421
443. 421,414
444. 414,426
445. 425,415
446. 415,424
447. 422,416
448. 420,418
449. 418,592
450. 419,420
451. 426,425
452. 436,427
453. 427,447
454. 443,428
455. 428,435
456. 442,429
457. 429,430
458. 430,440
459. 444,431
460. 431,446
461. 441,432
462. 432,436
463. 435,433
464. 433,439
465. 438,434
466. 434,443
467. 447,437
468. 437,442
469. 445,438
470. 440,444
471. 446,445
472. 450,448
473. 449,453
474. 493,450
475. 453,451
476. 451,454
477. 456,452
478. 452,455
479. 454,456
480. 457,561
481. 478,458
482. 458,479
483. 464,459
484. 459,465
485. 463,460
486. 460,474
487. 468,461
488. 461,478
489. 479,462
490. 462,476
491. 477,463
492. 474,464
493. 465,469
494. 469,466
495. 466,471
496. 471,467
497. 467,475
498. 470,468
499. 473,470
500. 472,473
501. 476,477
502. 480,494
503. 488,481
504. 481,487
505. 490,482
506. 482,488
507. 494,483
508. 483,495
509. 497,484
510. 484,485
511. 582,486
512. 486,493
513. 487,497
514. 495,489
515. 489,492
516. 500,490
517. 507,491
518. 491,498
519. 492,580
520. 496,500
521. 498,499
522. 505,501
523. 501,502
524. 502,507
525. 520,503
526. 503,504
527. 504,505
528. 514,506
529. 506,528
530. 527,508
531. 508,516
532. 516,509
533. 509,510
534. 510,514
535. 531,511
536. 511,512
537. 512,515
538. 522,513
539. 513,517
540. 515,525
541. 517,518
542. 518,527
543. 529,519
544. 519,524
545. 528,520
546. 524,521
547. 521,526
548. 523,522
549. 526,523
550. 525,529
551. 535,530
552. 530,553
553. 540,531
554. 538,532
555. 532,555
556. 547,533
557. 533,545
558. 536,534
559. 534,540
560. 537,535
561. 545,536
562. 555,537
563. 550,538
564. 544,539
565. 539,543
566. 551,541
567. 541,546
568. 557,542
569. 542,554
570. 543,551
571. 554,544
572. 546,548
573. 556,547
574. 548,550
575. 552,549
576. 549,557
577. 609,552
578. 553,556
579. 559,558
580. 558,560
581. 576,559
582. 560,750
583. 561,563
584. 571,562
585. 562,570
586. 563,573
587. 577,564
588. 564,569
589. 573,565
590. 565,577
591. 575,566
592. 566,574
593. 572,567
594. 567,579
595. 570,568
596. 568,578
597. 569,571
598. 578,572
599. 574,576
600. 579,575
601. 580,581
602. 581,582
603. 591,583
604. 583,593
605. 596,584
606. 584,586
607. 594,585
608. 585,591
609. 586,595
610. 593,587
611. 587,597
612. 590,588
613. 588,629
614. 592,589
615. 589,598
616. 597,590
617. 595,594
618. 598,596
619. 605,599
620. 599,606
621. 630,600
622. 600,601
623. 604,602
624. 602,605
625. 606,603
626. 603,694
627. 702,607
628. 607,608
629. 623,609
630. 618,610
631. 610,622
632. 621,611
633. 611,615
634. 613,612
635. 612,618
636. 617,613
637. 619,614
638. 614,623
639. 615,619
640. 646,616
641. 624,617
642. 620,625
643. 625,624
644. 629,626
645. 626,627
646. 627,628
647. 628,630
648. 662,631
649. 631,643
650. 640,632
651. 632,634
652. 636,633
653. 633,644
654. 634,642
655. 638,635
656. 635,649
657. 645,636
658. 644,637
659. 637,640
660. 639,638
661. 642,639
662. 647,641
663. 641,646
664. 643,645
665. 648,647
666. 649,648
667. 653,650
668. 650,719
669. 655,651
670. 651,656
671. 656,652
672. 652,654
673. 654,653
674. 660,657
675. 657,662
676. 664,658
677. 658,659
678. 659,661
679. 663,660
680. 661,663
681. 665,664
682. 697,666
683. 666,670
684. 682,667
685. 667,673
686. 691,668
687. 668,686
688. 678,669
689. 669,684
690. 670,689
691. 677,671
692. 671,697
693. 699,672
694. 672,692
695. 673,695
696. 676,674
697. 674,687
698. 687,675
699. 675,681
700. 693,676
701. 692,677
702. 696,678
703. 683,679
704. 679,830
705. 681,680
706. 680,682
707. 686,683
708. 684,690
709. 701,685
710. 685,698
711. 700,688
712. 688,691
713. 689,693
714. 690,700
715. 694,701
716. 695,696
717. 698,699
718. 703,702
719. 709,703
720. 708,704
721. 704,705
722. 705,709
723. 707,706
724. 706,708
725. 715,710
726. 710,721
727. 720,711
728. 711,730
729. 723,712
730. 712,720
731. 716,713
732. 713,733
733. 730,714
734. 714,732
735. 732,715
736. 717,716
737. 731,717
738. 727,718
739. 718,834
740. 719,722
741. 721,726
742. 722,724
743. 725,723
744. 724,728
745. 733,725
746. 726,727
747. 728,729
748. 729,731
749. 741,734
750. 734,745
751. 746,735
752. 735,795
753. 742,736
754. 736,746
755. 745,737
756. 737,751
757. 743,738
758. 738,739
759. 739,748
760. 750,740
761. 740,747
762. 747,741
763. 744,742
764. 751,743
765. 749,744
766. 748,749
767. 780,752
768. 752,777
769. 782,753
770. 753,788
771. 789,754
772. 754,761
773. 757,755
774. 755,787
775. 762,756
776. 756,766
777. 758,757
778. 770,758
779. 777,759
780. 759,767
781. 775,760
782. 760,764
783. 761,775
784. 779,762
785. 778,763
786. 763,771
787. 764,765
788. 765,825
789. 766,778
790. 767,774
791. 769,768
792. 768,782
793. 776,769
794. 771,770
795. 788,772
796. 772,790
797. 783,773
798. 773,789
799. 774,783
800. 781,776
801. 785,779
802. 790,780
803. 784,781
804. 791,784
805. 850,785
806. 787,786
807. 786,791
808. 794,792
809. 792,799
810. 796,793
811. 793,797
812. 798,794
813. 795,796
814. 797,798
815. 803,800
816. 800,802
817. 802,801
818. 801,804
819. 805,949
820. 824,806
821. 806,807
822. 807,826
823. 821,808
824. 808,815
825. 827,809
826. 809,823
827. 819,810
828. 810,987
829. 826,811
830. 811,817
831. 822,812
832. 812,818
833. 825,813
834. 813,824
835. 815,814
836. 814,827
837. 818,816
838. 816,820
839. 817,821
840. 820,819
841. 828,822
842. 823,828
843. 831,829
844. 830,832
845. 832,831
846. 875,833
847. 833,876
848. 834,875
849. 851,835
850. 835,866
851. 839,836
852. 836,859
853. 868,837
854. 837,838
855. 838,840
856. 879,839
857. 840,857
858. 862,841
859. 841,867
860. 848,842
861. 842,863
862. 844,843
863. 843,861
864. 846,844
865. 847,845
866. 845,850
867. 865,846
868. 852,847
869. 854,848
870. 867,849
871. 849,860
872. 860,851
873. 856,852
874. 869,853
875. 853,854
876. 857,855
877. 855,858
878. 861,856
879. 858,862
880. 859,869
881. 863,864
882. 864,868
883. 866,865
884. 874,870
885. 870,873
886. 871,874
887. 873,872
888. 876,877
889. 877,878
890. 883,880
891. 880,889
892. 886,881
893. 881,882
894. 882,884
895. 888,883
896. 884,887
897. 889,885
898. 885,944
899. 891,886
900. 887,888
901. 890,891
902. 897,892
903. 892,905
904. 907,893
905. 893,894
906. 894,902
907. 899,895
908. 895,897
909. 905,896
910. 896,907
911. 914,898
912. 898,901
913. 900,899
914. 906,900
915. 901,903
916. 902,904
917. 903,906
918. 913,908
919. 908,910
920. 911,909
921. 909,912
922. 910,917
923. 916,911
924. 912,913
925. 917,914
926. 915,918
927. 918,916
928. 933,919
929. 919,939
930. 937,920
931. 920,926
932. 924,921
933. 921,943
934. 943,922
935. 922,937
936. 928,923
937. 923,942
938. 934,924
939. 929,925
940. 925,941
941. 926,940
942. 936,927
943. 927,930
944. 935,928
945. 930,929
946. 942,931
947. 931,997
948. 944,932
949. 932,936
950. 941,933
951. 939,934
952. 938,935
953. 940,938
954. 954,945
955. 945,953
956. 948,946
957. 946,952
958. 952,947
959. 947,951
960. 953,948
961. 949,954
962. 951,950
963. 950,963
964. 993,955
965. 955,956
966. 956,961
967. 958,957
968. 957,960
969. 959,958
970. 961,959
971. 960,981
972. 965,962
973. 962,964
974. 963,965
975. 964,966
976. 971,966
977. 970,967
978. 967,968
979. 968,969
980. 969,971
981. 980,970
982. 978,972
983. 972,984
984. 976,973
985. 973,974
986. 974,980
987. 979,975
988. 975,985
989. 984,976
990. 982,977
991. 977,979
992. 983,978
993. 981,982
994. 985,983
995. 990,986
996. 986,994
997. 987,990
998. 992,988
999. 988,993
1000. 994,989
1001. 989,991
1002. 991,992
1003. 1001,995
1004. 995,1004
1005. 997,996
1006. 996,1003
1007. 1003,998
1008. 998,1001
1009. 1004,999
1010. 999,1002
1011. 12843,1000
1012. 1002,1000
1013. 13941,1005
1014. 1117,1005
1015. 1008,1006
1016. 1006,1014
1017. 1118,1007
1018. 1007,1008
1019. 1169,1009
1020. 1009,1172
1021. 1009,1131
1022. 14056,1010
1023. 1282,1010
1024. 1016,1011
1025. 1011,1012
1026. 1012,1018
1027. 1014,1013
1028. 1013,1015
1029. 1015,1146
1030. 1145,1016
1031. 1037,1017
1032. 1017,1152
1033. 1017,1226
1034. 1018,1019
1035. 1019,1027
1036. 1023,1020
1037. 1020,1021
1038. 1021,1182
1039. 1024,1022
1040. 1022,1035
1041. 1132,1023
1042. 1181,1024
1043. 1189,1025
1044. 1025,1190
1045. 1194,1025
1046. 1192,1026
1047. 1026,1279
1048. 1026,1197
1049. 1027,1028
1050. 1028,1030
1051. 1030,1029
1052. 1029,1051
1053. 1032,1031
1054. 1031,1041
1055. 1034,1032
1056. 1035,1033
1057. 1033,1034
1058. 1303,1036
1059. 1223,1036
1060. 1036,1221
1061. 1213,1037
1062. 1216,1037
1063. 1210,1038
1064. 1038,1207
1065. 1038,1220
1066. 1040,1039
1067. 1039,1233
1068. 1041,1040
1069. 1235,1042
1070. 1042,1078
1071. 1048,1043
1072. 1043,1046
1073. 1084,1044
1074. 1044,1081
1075. 1079,1045
1076. 1045,1064
1077. 1046,1049
1078. 1078,1047
1079. 1047,1083
1080. 1050,1048
1081. 1049,1234
1082. 1051,1050
1083. 1054,1052
1084. 1052,1138
1085. 1071,1053
1086. 1053,1055
1087. 1055,1054
1088. 1268,1056
1089. 1278,1056
1090. 1056,1276
1091. 1233,1057
1092. 1057,1062
1093. 1061,1058
1094. 1058,1060
1095. 1060,1059
1096. 1059,1285
1097. 1062,1061
1098. 1072,1063
1099. 1063,1069
1100. 1064,1065
1101. 1065,1072
1102. 1286,1066
1103. 1066,1071
1104. 1070,1067
1105. 1067,1068
1106. 1068,1288
1107. 1069,1070
1108. 1074,1073
1109. 1073,1287
1110. 1076,1074
1111. 1101,1075
1112. 1075,1076
1113. 1221,1077
1114. 16509,1077
1115. 1308,1079
1116. 1083,1080
1117. 1080,1085
1118. 1081,1082
1119. 1082,1308
1120. 1085,1084
1121. 1310,1086
1122. 1086,1318
1123. 1339,1086
1124. 1086,1340
1125. 1325,1087
1126. 1087,1328
1127. 1087,1334
1128. 1309,1088
1129. 1329,1088
1130. 1088,1346
1131. 1347,1089
1132. 1357,1089
1133. 1089,1356
1134. 1366,1090
1135. 1090,1350
1136. 1376,1090
1137. 1368,1091
1138. 1091,1372
1139. 1091,1377
1140. 1098,1092
1141. 1092,1096
1142. 1104,1093
1143. 1093,1101
1144. 1379,1094
1145. 1094,1103
1146. 1097,1095
1147. 1095,1379
1148. 1096,1097
1149. 1110,1098
1150. 1103,1099
1151. 1099,1100
1152. 1100,1102
1153. 1102,1104
1154. 1382,1105
1155. 1105,1106
1156. 1106,1111
1157. 1113,1107
1158. 1107,1112
1159. 1114,1108
1160. 1108,1110
1161. 1383,1109
1162. 1109,1382
1163. 1111,1113
1164. 1112,1114
1165. 1119,1115
1166. 1115,1116
1167. 1116,1117
1168. 15798,1118
1169. 1123,1119
1170. 1121,1120
1171. 1120,1124
1172. 1122,1121
1173. 1125,1122
1174. 1124,1123
1175. 1126,1125
1176. 1129,1126
1177. 1131,1127
1178. 1127,1130
1179. 1130,1128
1180. 1128,1129
1181. 13516,1132
1182. 1135,1133
1183. 1133,1134
1184. 1134,1136
1185. 1274,1135
1186. 1136,1143
1187. 1137,13559
1188. 1138,1137
1189. 1142,1138
1190. 1141,1139
1191. 1139,1140
1192. 1140,1144
1193. 1143,1141
1194. 1144,1142
1195. 1146,1145
1196. 1145,1164
1197. 1148,1146
1198. 1149,1147
1199. 1147,1150
1200. 1150,1148
1201. 1176,1149
1202. 1158,1151
1203. 1151,1153
1204. 1152,1155
1205. 1155,1154
1206. 1154,1156
1207. 1156,1157
1208. 1157,1158
1209. 1161,1159
1210. 1159,1166
1211. 1162,1160
1212. 1160,1161
1213. 1167,1162
1214. 1165,1163
1215. 1163,1216
1216. 1164,1167
1217. 1166,1165
1218. 1230,1168
1219. 1174,1169
1220. 1175,1170
1221. 1170,1171
1222. 1171,1176
1223. 1172,1175
1224. 1178,1173
1225. 1173,1174
1226. 1179,1177
1227. 1177,1178
1228. 1185,1179
1229. 1203,1180
1230. 1180,1196
1231. 1182,1181
1232. 1181,1193
1233. 1182,1183
1234. 1183,1187
1235. 1186,1184
1236. 1184,1189
1237. 1190,1185
1238. 1191,1186
1239. 1187,1188
1240. 1188,1191
1241. 1193,1192
1242. 1195,1194
1243. 1196,1195
1244. 1197,1198
1245. 1198,1283
1246. 1200,1199
1247. 1199,1201
1248. 1204,1200
1249. 1201,1205
1250. 1205,1202
1251. 1202,1203
1252. 1258,1204
1253. 1207,1206
1254. 1206,1211
1255. 1212,1208
1256. 1208,1215
1257. 1211,1209
1258. 1209,1213
1259. 1215,1210
1260. 1214,1212
1261. 1253,1214
1262. 1224,1217
1263. 1217,1223
1264. 1220,1218
1265. 1218,1222
1266. 1222,1219
1267. 1219,1225
1268. 1225,1224
1269. 1226,1227
1270. 1227,1232
1271. 1232,1228
1272. 1228,1231
1273. 1231,1229
1274. 1229,1230
1275. 1233,1240
1276. 1234,1236
1277. 1247,1234
1278. 1234,1262
1279. 1237,1235
1280. 1235,1266
1281. 1236,1237
1282. 1247,1236
1283. 1237,1252
1284. 1248,1238
1285. 1238,1239
1286. 1239,1244
1287. 1240,1251
1288. 1249,1241
1289. 1241,1243
1290. 1250,1242
1291. 1242,1248
1292. 1243,1250
1293. 1244,1246
1294. 1246,1245
1295. 1245,1247
1296. 1251,1249
1297. 1252,1325
1298. 1332,1253
1299. 1262,1254
1300. 1254,1261
1301. 1260,1255
1302. 1255,1264
1303. 1263,1256
1304. 1256,1259
1305. 1259,1257
1306. 1257,1260
1307. 1265,1258
1308. 1261,1263
1309. 1264,1265
1310. 1266,1343
1311. 1272,1267
1312. 1267,1269
1313. 1269,1268
1314. 1271,1270
1315. 1270,1272
1316. 1273,1271
1317. 1293,1273
1318. 1281,1274
1319. 1280,1275
1320. 1275,1278
1321. 1276,1277
1322. 1277,1281
1323. 1279,1280
1324. 1283,1282
1325. 1285,1284
1326. 1287,1284
1327. 1284,1286
1328. 1288,1285
1329. 1285,1291
1330. 1286,1290
1331. 1288,1287
1332. 1290,1289
1333. 1291,1292
1334. 1292,1295
1335. 1296,1293
1336. 1295,1294
1337. 1294,1296
1338. 1304,1297
1339. 1297,1299
1340. 1330,1298
1341. 1298,1305
1342. 1299,1303
1343. 1301,1300
1344. 1300,1306
1345. 1302,1301
1346. 1305,1302
1347. 1307,1304
1348. 1306,1307
1349. 1308,1320
1350. 1319,1309
1351. 1315,1310
1352. 1318,1311
1353. 1311,1316
1354. 1316,1312
1355. 1312,1319
1356. 1321,1313
1357. 1313,1317
1358. 1322,1314
1359. 1314,1321
1360. 1317,1315
1361. 1320,1322
1362. 1327,1323
1363. 1323,1324
1364. 1324,1326
1365. 1326,1329
1366. 1328,1327
1367. 1349,1330
1368. 1333,1331
1369. 1331,1335
1370. 1335,1332
1371. 1334,1333
1372. 1343,1336
1373. 1336,1342
1374. 1342,1337
1375. 1337,1344
1376. 1344,1338
1377. 1338,1341
1378. 1341,1339
1379. 1340,1345
1380. 1345,1369
1381. 1346,1348
1382. 1348,1347
1383. 1364,1349
1384. 1350,1360
1385. 1355,1351
1386. 1351,1357
1387. 1362,1352
1388. 1352,1361
1389. 1358,1353
1390. 1353,1363
1391. 1356,1354
1392. 1354,1359
1393. 1361,1355
1394. 1360,1358
1395. 1359,1365
1396. 1363,1362
1397. 1367,1364
1398. 1365,1367
1399. 1384,1366
1400. 1369,1368
1401. 1372,1370
1402. 1370,1371
1403. 1371,1373
1404. 1373,1380
1405. 1375,1374
1406. 1374,1378
1407. 1377,1375
1408. 1378,1376
1409. 1381,1379
1410. 1380,1381
1411. 1382,1384
1412. 16600,1383
1413. 1386,1385
1414. 1385,1388
1415. 1389,1386
1416. 1390,1387
1417. 1387,1389
1418. 1388,1629
1419. 1628,1390
1420. 1392,1391
1421. 1391,1637
1422. 1393,1392
1423. 1394,1393
1424. 1405,1394
1425. 1403,1395
1426. 1395,1398
1427. 1401,1396
1428. 1396,1403
1429. 1641,1397
1430. 1397,1399
1431. 1398,1402
1432. 1399,1401
1433. 1402,1400
1434. 1400,1437
1435. 1406,1404
1436. 1404,1405
1437. 1641,1406
1438. 1412,1407
1439. 1407,1413
1440. 1413,1408
1441. 1408,1411
1442. 1459,1409
1443. 1409,1410
1444. 1410,1412
1445. 1411,1642
1446. 1426,1414
1447. 1414,1419
1448. 1679,1415
1449. 1415,1421
1450. 1436,1416
1451. 1416,1427
1452. 1442,1417
1453. 1417,1422
1454. 1422,1418
1455. 1418,1439
1456. 1419,1679
1457. 1445,1420
1458. 1420,1443
1459. 1421,1438
1460. 1425,1423
1461. 1423,1445
1462. 1435,1424
1463. 1424,1492
1464. 1437,1425
1465. 1444,1426
1466. 1427,1429
1467. 1431,1428
1468. 1428,1444
1469. 1429,1441
1470. 1446,1430
1471. 1430,1436
1472. 1439,1431
1473. 1443,1432
1474. 1432,1440
1475. 1441,1433
1476. 1433,1434
1477. 1434,1442
1478. 1438,1435
1479. 1440,1446
1480. 1679,1447
1481. 1447,1448
1482. 1448,1505
1483. 1452,1449
1484. 1449,1451
1485. 1457,1450
1486. 1450,1456
1487. 1451,1458
1488. 1462,1452
1489. 1454,1453
1490. 1453,1459
1491. 1680,1454
1492. 1456,1455
1493. 1455,1680
1494. 1458,1457
1495. 1698,1460
1496. 1708,1460
1497. 1460,1710
1498. 1547,1461
1499. 1461,1465
1500. 1712,1462
1501. 1466,1463
1502. 1463,1712
1503. 1465,1464
1504. 1464,1466
1505. 1468,1467
1506. 1467,1739
1507. 1487,1468
1508. 1491,1469
1509. 1469,1490
1510. 1477,1470
1511. 1470,1484
1512. 1476,1471
1513. 1471,1472
1514. 1472,1482
1515. 1478,1473
1516. 1473,1487
1517. 1483,1474
1518. 1474,1475
1519. 1475,1479
1520. 1485,1476
1521. 1480,1477
1522. 1490,1478
1523. 1479,1481
1524. 1481,1480
1525. 1482,1483
1526. 1484,1489
1527. 1499,1485
1528. 1489,1486
1529. 1486,1488
1530. 1488,1491
1531. 1492,1494
1532. 1496,1493
1533. 1493,1530
1534. 1494,1495
1535. 1495,1496
1536. 1498,1497
1537. 1497,1502
1538. 1500,1498
1539. 1504,1499
1540. 1501,1500
1541. 1503,1501
1542. 1502,1504
1543. 1506,1503
1544. 1505,1506
1545. 1508,1507
1546. 1507,1740
1547. 1509,1508
1548. 1518,1509
1549. 1740,1510
1550. 1510,1520
1551. 1520,1511
1552. 1511,1522
1553. 1517,1512
1554. 1512,1519
1555. 1516,1513
1556. 1513,1523
1557. 1522,1514
1558. 1514,1515
1559. 1515,1521
1560. 1521,1516
1561. 1523,1517
1562. 1622,1518
1563. 1519,1741
1564. 1527,1524
1565. 1524,1533
1566. 1529,1525
1567. 1525,1535
1568. 1532,1526
1569. 1526,1527
1570. 1531,1528
1571. 1528,1534
1572. 1534,1529
1573. 1530,1531
1574. 1535,1532
1575. 1533,1740
1576. 1743,1536
1577. 1536,1548
1578. 1538,1537
1579. 1537,1549
1580. 1542,1538
1581. 1543,1539
1582. 1539,1540
1583. 1540,1544
1584. 1546,1541
1585. 1541,1542
1586. 1545,1543
1587. 1544,1546
1588. 1558,1545
1589. 1742,1547
1590. 1548,1742
1591. 1549,1743
1592. 1552,1550
1593. 1550,1623
1594. 1606,1551
1595. 1551,1553
1596. 1553,1552
1597. 1560,1554
1598. 1554,1558
1599. 1561,1555
1600. 1555,1560
1601. 1565,1556
1602. 1556,1566
1603. 1573,1557
1604. 1557,1564
1605. 1562,1559
1606. 1559,1565
1607. 1566,1561
1608. 1563,1562
1609. 1564,1563
1610. 1567,1774
1611. 1567,19483
1612. 1777,1568
1613. 1568,1569
1614. 1569,1571
1615. 1575,1570
1616. 1570,1777
1617. 1571,1572
1618. 1572,1776
1619. 1778,1573
1620. 1576,1574
1621. 1574,1580
1622. 1580,1575
1623. 1577,1576
1624. 1578,1577
1625. 1809,1578
1626. 1616,1579
1627. 1579,1809
1628. 1809,1581
1629. 1581,1590
1630. 1583,1582
1631. 1582,1809
1632. 1588,1583
1633. 1591,1584
1634. 1584,1585
1635. 1585,1586
1636. 1586,1587
1637. 1587,1838
1638. 1810,1588
1639. 1590,1589
1640. 1589,1591
1641. 1612,1592
1642. 1592,1598
1643. 1595,1593
1644. 1593,1811
1645. 1598,1594
1646. 1594,1595
1647. 1615,1596
1648. 1596,1599
1649. 1811,1597
1650. 1597,1601
1651. 1599,1600
1652. 1600,1608
1653. 1601,1605
1654. 1605,1602
1655. 1602,1604
1656. 1604,1603
1657. 1603,1830
1658. 1830,1606
1659. 1614,1607
1660. 1607,1611
1661. 1608,1612
1662. 1613,1609
1663. 1609,1610
1664. 1610,1614
1665. 1611,1615
1666. 1838,1613
1667. 1618,1616
1668. 1852,1617
1669. 1617,1619
1670. 1619,1618
1671. 1621,1620
1672. 1620,1622
1673. 1623,1621
1674. 1625,1624
1675. 1624,1627
1676. 1636,1625
1677. 1630,1626
1678. 1626,1628
1679. 1627,1630
1680. 1628,1633
1681. 12357,1629
1682. 1633,1631
1683. 1631,1632
1684. 23227,1632
1685. 1634,1633
1686. 23541,1634
1687. 1637,1635
1688. 1635,1636
1689. 1639,1638
1690. 1638,1641
1691. 1640,1639
1692. 1668,1640
1693. 23773,1642
1694. 1644,1643
1695. 1643,1646
1696. 1647,1644
1697. 1681,1645
1698. 1645,1650
1699. 1646,1669
1700. 1649,1647
1701. 1647,1662
1702. 1650,1648
1703. 1648,1649
1704. 1656,1651
1705. 1651,1655
1706. 1657,1652
1707. 1652,1654
1708. 1654,1653
1709. 1653,1658
1710. 1655,1701
1711. 1658,1656
1712. 1685,1657
1713. 1663,1659
1714. 1659,1664
1715. 1665,1660
1716. 1660,1661
1717. 1661,1663
1718. 1662,1666
1719. 1664,1667
1720. 1666,1665
1721. 1671,1668
1722. 1669,1674
1723. 1673,1670
1724. 1670,1672
1725. 1672,1671
1726. 1672,1675
1727. 1674,1673
1728. 1675,1676
1729. 1676,1677
1730. 1677,1678
1731. 1680,1684
1732. 1683,1681
1733. 1681,1685
1734. 1684,1682
1735. 1682,1683
1736. 1735,1686
1737. 1686,1695
1738. 1700,1687
1739. 1687,1690
1740. 1692,1688
1741. 1688,1689
1742. 1689,1691
1743. 1690,1692
1744. 1691,1697
1745. 1697,1693
1746. 1693,1699
1747. 1695,1694
1748. 1694,1696
1749. 1696,1700
1750. 1699,1698
1751. 1701,1706
1752. 1703,1702
1753. 1702,1707
1754. 1705,1703
1755. 1709,1704
1756. 1704,1705
1757. 1706,1709
1758. 1707,1708
1759. 1710,1711
1760. 1711,1738
1761. 1712,1722
1762. 1744,1713
1763. 1713,1716
1764. 1718,1714
1765. 1714,1717
1766. 1716,1715
1767. 1715,1718
1768. 1717,1733
1769. 1723,1719
1770. 1719,1729
1771. 1724,1720
1772. 1720,1723
1773. 1722,1721
1774. 1721,1726
1775. 1725,1724
1776. 1726,1725
1777. 1728,1727
1778. 1729,1728
1779. 1731,1730
1780. 1730,1734
1781. 1733,1731
1782. 1734,1732
1783. 1732,1737
1784. 1736,1735
1785. 1737,1736
1786. 12759,1739
1787. 12513,1741
1788. 1742,1744
1789. 1743,1750
1790. 1750,1745
1791. 1745,1753
1792. 1755,1746
1793. 1746,1748
1794. 1756,1747
1795. 1747,1755
1796. 1748,18048
1797. 1752,1749
1798. 1749,1754
1799. 1757,1751
1800. 1751,1756
1801. 1753,1752
1802. 1754,1757
1803. 1760,1758
1804. 1758,1831
1805. 1833,1759
1806. 1759,1760
1807. 1770,1761
1808. 1761,1772
1809. 1768,1762
1810. 1762,1766
1811. 1771,1763
1812. 1763,1828
1813. 1765,1764
1814. 1764,1773
1815. 1772,1765
1816. 1766,1767
1817. 1767,1770
1818. 1769,1768
1819. 1803,1769
1820. 1773,1771
1821. 1774,1775
1822. 1775,1808
1823. 1776,1778
1824. 1794,1776
1825. 1776,1791
1826. 1777,1800
1827. 1805,1778
1828. 1778,1803
1829. 1781,1779
1830. 1779,1785
1831. 1786,1780
1832. 1780,1788
1833. 1788,1781
1834. 1793,1782
1835. 1782,1787
1836. 1789,1783
1837. 1783,1792
1838. 1796,1784
1839. 1784,1789
1840. 1785,1796
1841. 1791,1786
1842. 1787,1838
1843. 1792,1790
1844. 1790,1793
1845. 1795,1794
1846. 1800,1797
1847. 1797,1802
1848. 1799,1798
1849. 1801,1799
1850. 1802,1801
1851. 1807,1804
1852. 1804,1805
1853. 1808,1806
1854. 1806,1807
1855. 1810,18049
1856. 1811,1829
1857. 1826,1812
1858. 1812,1819
1859. 1827,1813
1860. 1813,1815
1861. 1825,1814
1862. 1814,1817
1863. 1815,1820
1864. 1824,1816
1865. 1816,1827
1866. 1817,1823
1867. 1820,1818
1868. 1818,1822
1869. 1819,1824
1870. 1823,1821
1871. 1821,1826
1872. 1822,1833
1873. 1828,1825
1874. 1829,1837
1875. 1836,1830
1876. 1831,1832
1877. 1832,1835
1878. 1835,1834
1879. 1834,1836
1880. 1837,1849
1881. 1846,1839
1882. 1839,1851
1883. 1848,1840
1884. 1840,1850
1885. 1851,1841
1886. 1841,1845
1887. 1844,1842
1888. 1842,1864
1889. 1850,1843
1890. 1843,1846
1891. 1845,1844
1892. 1849,1847
1893. 1847,1848
1894. 18390,1852
1895. 1862,1853
1896. 1853,1866
1897. 1856,1854
1898. 1854,1861
1899. 1857,1855
1900. 1855,1856
1901. 1867,1857
1902. 1866,1858
1903. 1858,1871
1904. 1864,1859
1905. 1859,1860
1906. 1860,1867
1907. 1861,1865
1908. 1865,1862
1909. 1869,1863
1910. 1871,1868
1911. 1868,1870
1912. 1870,1869
1913. 1914,1872
1914. 1872,1918
1915. 2235,1873
1916. 2249,1873
1917. 1873,2237
1918. 2281,1874
1919. 17792,1874
1920. 2428,1875
1921. 1875,2380
1922. 1875,2386
1923. 1898,1876
1924. 1876,1880
1925. 1891,1877
1926. 1877,1890
1927. 1887,1878
1928. 1878,1897
1929. 1885,1879
1930. 1879,1881
1931. 1880,1894
1932. 1881,1889
1933. 1895,1882
1934. 1882,1893
1935. 1889,1883
1936. 1883,1887
1937. 1894,1884
1938. 1884,1899
1939. 1888,1885
1940. 1899,1886
1941. 1886,1896
1942. 1896,1888
1943. 1890,1898
1944. 1892,1891
1945. 1893,1892
1946. 3160,1895
1947. 1895,3156
1948. 1897,3155
1949. 3167,1897
1950. 3427,1900
1951. 1900,3426
1952. 3437,1900
1953. 3666,1901
1954. 1901,3659
1955. 1901,3688
1956. 3736,1902
1957. 1902,3724
1958. 1902,3745
1959. 3807,1903
1960. 1903,3803
1961. 3817,1903
1962. 3896,1904
1963. 3916,1904
1964. 3949,1905
1965. 1905,3950
1966. 1908,1906
1967. 1906,1916
1968. 1913,1907
1969. 1907,1910
1970. 1911,1908
1971. 1910,1909
1972. 1909,1915
1973. 1925,1911
1974. 1915,1912
1975. 1912,1914
1976. 1916,1913
1977. 1920,1917
1978. 1917,1922
1979. 1918,1920
1980. 1921,1919
1981. 1919,1946
1982. 1922,1921
1983. 1931,1923
1984. 1923,1927
1985. 1935,1924
1986. 1924,1934
1987. 1938,1925
1988. 1929,1926
1989. 1926,1931
1990. 1927,1932
1991. 1934,1928
1992. 1928,1929
1993. 1937,1930
1994. 1930,1939
1995. 1932,1938
1996. 1980,1933
1997. 1933,1937
1998. 1936,1935
1999. 1939,1936
2000. 1948,1940
2001. 1940,1954
2002. 1954,1941
2003. 1941,1964
2004. 1959,1942
2005. 1942,2153
2006. 1951,1943
2007. 1943,1948
2008. 1947,1944
2009. 1944,1950
2010. 1964,1945
2011. 1945,1957
2012. 1946,1955
2013. 1961,1947
2014. 1958,1949
2015. 1949,1962
2016. 1950,1966
2017. 1952,1951
2018. 1955,1952
2019. 1957,1953
2020. 1953,1960
2021. 1967,1956
2022. 1956,1958
2023. 1963,1959
2024. 1960,1961
2025. 1962,1963
2026. 1966,1965
2027. 1965,1968
2028. 1968,1967
2029. 2053,1969
2030. 1969,1971
2031. 1976,1970
2032. 1970,1983
2033. 1971,1976
2034. 1977,1972
2035. 1972,1978
2036. 2187,1973
2037. 1973,1979
2038. 1981,1974
2039. 1974,1977
2040. 1982,1975
2041. 1975,1980
2042. 1978,1982
2043. 1979,1981
2044. 1983,2181
2045. 1988,1984
2046. 1984,1986
2047. 1993,1985
2048. 1985,2099
2049. 1986,1993
2050. 1992,1987
2051. 1987,1990
2052. 1991,1988
2053. 1994,1989
2054. 1989,1992
2055. 1990,1991
2056. 2005,1995
2057. 1995,2004
2058. 1999,1996
2059. 1996,1998
2060. 2007,1997
2061. 1997,2005
2062. 1998,2007
2063. 2000,1999
2064. 2001,2000
2065. 2071,2001
2066. 2004,2002
2067. 2002,2063
2068. 2067,2003
2069. 2003,2061
2070. 2063,2006
2071. 2006,2067
2072. 2032,2008
2073. 2008,2018
2074. 2011,2009
2075. 2009,2015
2076. 2029,2010
2077. 2010,2044
2078. 2012,2011
2079. 2018,2012
2080. 2034,2013
2081. 2013,2019
2082. 2019,2014
2083. 2014,2016
2084. 2015,2031
2085. 2016,2023
2086. 2025,2017
2087. 2017,2048
2088. 2021,2020
2089. 2020,2037
2090. 2027,2021
2091. 2038,2022
2092. 2022,2041
2093. 2023,2035
2094. 2048,2024
2095. 2024,2026
2096. 2037,2025
2097. 2026,2047
2098. 2042,2027
2099. 2030,2028
2100. 2028,2038
2101. 2040,2029
2102. 2033,2030
2103. 2031,2039
2104. 2044,2032
2105. 2047,2033
2106. 2043,2034
2107. 2035,2036
2108. 2036,2046
2109. 2039,2045
2110. 2049,2040
2111. 2041,2296
2112. 2046,2042
2113. 2045,2043
2114. 2069,2049
2115. 2051,2050
2116. 2050,2054
2117. 2299,2051
2118. 2303,2052
2119. 2052,2305
2120. 2054,2053
2121. 2302,2055
2122. 2055,2304
2123. 2073,2056
2124. 2056,2064
2125. 2070,2057
2126. 2057,2072
2127. 2076,2058
2128. 2058,2070
2129. 2066,2059
2130. 2059,2074
2131. 2072,2060
2132. 2060,2071
2133. 2061,2062
2134. 2062,2069
2135. 2064,2075
2136. 2074,2065
2137. 2065,2068
2138. 2130,2066
2139. 2068,2073
2140. 2075,2076
2141. 2087,2077
2142. 2077,2078
2143. 2078,2084
2144. 2083,2079
2145. 2079,2081
2146. 2081,2080
2147. 2080,2086
2148. 2086,2082
2149. 2082,2085
2150. 2084,2083
2151. 2085,2089
2152. 2089,2088
2153. 2088,2090
2154. 2097,2091
2155. 2091,2096
2156. 2096,2092
2157. 2092,2094
2158. 2095,2093
2159. 2093,2142
2160. 2094,2095
2161. 2099,2098
2162. 2102,2100
2163. 2100,2119
2164. 2109,2101
2165. 2101,2102
2166. 2111,2103
2167. 2103,2113
2168. 2114,2104
2169. 2104,2115
2170. 2112,2105
2171. 2105,2117
2172. 2119,2106
2173. 2106,2118
2174. 2115,2107
2175. 2107,2110
2176. 2118,2108
2177. 2108,2111
2178. 2117,2109
2179. 2110,2120
2180. 2141,2112
2181. 2113,2114
2182. 2120,2116
2183. 2116,2340
2184. 2123,2118
2185. 2124,2121
2186. 2121,2123
2187. 2360,2122
2188. 2122,2124
2189. 2129,2125
2190. 2125,2137
2191. 2135,2126
2192. 2126,2131
2193. 2134,2127
2194. 2127,2129
2195. 2137,2128
2196. 2128,2132
2197. 2133,2130
2198. 2131,2134
2199. 2132,2133
2200. 2138,2135
2201. 2340,2136
2202. 2136,2138
2203. 2140,2139
2204. 2139,2141
2205. 2142,2140
2206. 2148,2143
2207. 2143,2144
2208. 2144,2196
2209. 2147,2145
2210. 2145,2148
2211. 2149,2146
2212. 2146,2147
2213. 2161,2149
2214. 2162,2150
2215. 2150,2167
2216. 2165,2151
2217. 2151,2166
2218. 2168,2152
2219. 2152,2156
2220. 2153,2163
2221. 2158,2154
2222. 2154,2162
2223. 2167,2155
2224. 2155,2164
2225. 2156,2159
2226. 2164,2157
2227. 2157,2161
2228. 2159,2158
2229. 2166,2160
2230. 2160,2168
2231. 2163,2165
2232. 2173,2169
2233. 2169,2186
2234. 2185,2170
2235. 2170,2190
2236. 2176,2171
2237. 2171,2175
2238. 2189,2172
2239. 2172,2188
2240. 2178,2173
2241. 2177,2174
2242. 2174,2184
2243. 2175,2177
2244. 2190,2176
2245. 2180,2178
2246. 2181,2179
2247. 2179,2183
2248. 2182,2180
2249. 2184,2182
2250. 2183,2189
2251. 2188,2185
2252. 2186,2187
2253. 2218,2191
2254. 2191,2226
2255. 2205,2192
2256. 2192,2214
2257. 2220,2193
2258. 2193,2223
2259. 2222,2194
2260. 2194,2220
2261. 2203,2195
2262. 2195,2213
2263. 2196,2209
2264. 2202,2197
2265. 2197,2198
2266. 2198,2215
2267. 2201,2199
2268. 2199,2225
2269. 2213,2200
2270. 2200,2210
2271. 2226,2201
2272. 2219,2202
2273. 2224,2203
2274. 2221,2204
2275. 2204,2218
2276. 2210,2205
2277. 2215,2206
2278. 2206,2248
2279. 2223,2207
2280. 2207,2216
2281. 2209,2208
2282. 2208,2224
2283. 2225,2211
2284. 2211,2219
2285. 2217,2212
2286. 2212,2221
2287. 2214,2222
2288. 2216,2217
2289. 2308,2227
2290. 2227,2229
2291. 2230,2228
2292. 2228,2263
2293. 2229,2250
2294. 2268,2230
2295. 2251,2231
2296. 2231,2269
2297. 2250,2232
2298. 2232,2258
2299. 2267,2233
2300. 2233,2235
2301. 2247,2234
2302. 2234,2246
2303. 2246,2236
2304. 2236,2241
2305. 2237,2245
2306. 2245,2238
2307. 2238,2247
2308. 2244,2239
2309. 2239,2242
2310. 2242,2240
2311. 2240,2290
2312. 2241,2243
2313. 2243,2244
2314. 2248,2249
2315. 2256,2251
2316. 2265,2252
2317. 2252,2260
2318. 2266,2253
2319. 2253,2265
2320. 2261,2254
2321. 2254,2266
2322. 2259,2255
2323. 2255,2267
2324. 2257,2256
2325. 2273,2257
2326. 2258,2270
2327. 2269,2259
2328. 2260,2271
2329. 2264,2261
2330. 2272,2262
2331. 2262,2273
2332. 2263,2264
2333. 2270,2268
2334. 2271,2272
2335. 2275,2274
2336. 2274,2281
2337. 2279,2275
2338. 2288,2276
2339. 2276,2278
2340. 2284,2277
2341. 2277,2285
2342. 2278,2280
2343. 2286,2279
2344. 2280,2282
2345. 2282,2283
2346. 2283,2284
2347. 2285,2286
2348. 2291,2287
2349. 2287,2295
2350. 2295,2288
2351. 2292,2289
2352. 2289,2294
2353. 2290,2293
2354. 2294,2291
2355. 2293,2292
2356. 2296,2298
2357. 2298,2297
2358. 2297,2300
2359. 2301,2299
2360. 2300,2302
2361. 2305,2301
2362. 2304,2303
2363. 2335,2306
2364. 2306,2316
2365. 2413,2307
2366. 2307,2416
2367. 2414,2308
2368. 2421,2309
2369. 2309,2413
2370. 2310,2311
2371. 2311,2376
2372. 2313,2312
2373. 2312,2322
2374. 2317,2313
2375. 2323,2314
2376. 2314,2319
2377. 2320,2315
2378. 2315,2323
2379. 2316,2318
2380. 2318,2317
2381. 2319,2377
2382. 2324,2320
2383. 2322,2321
2384. 2321,2324
2385. 2339,2325
2386. 2325,2327
2387. 2330,2326
2388. 2326,2331
2389. 2327,2329
2390. 2338,2328
2391. 2328,2333
2392. 2329,2334
2393. 2334,2330
2394. 2331,2337
2395. 2333,2332
2396. 2332,2336
2397. 2336,2335
2398. 2337,2338
2399. 2341,2339
2400. 2340,2341
2401. 2351,2342
2402. 2342,2348
2403. 2541,2343
2404. 2343,2370
2405. 2361,2344
2406. 2344,2355
2407. 2364,2345
2408. 2345,2360
2409. 2355,2346
2410. 2346,2352
2411. 2350,2347
2412. 2347,2349
2413. 2348,2358
2414. 2349,2368
2415. 2358,2350
2416. 2365,2351
2417. 2352,2363
2418. 2366,2353
2419. 2353,2367
2420. 2368,2354
2421. 2354,2357
2422. 2367,2356
2423. 2356,2373
2424. 2357,2361
2425. 2372,2359
2426. 2359,2371
2427. 2371,2362
2428. 2362,2369
2429. 2363,2364
2430. 2369,2365
2431. 2370,2366
2432. 2373,2372
2433. 2375,2374
2434. 2374,2436
2435. 2376,2375
2436. 2381,2378
2437. 2378,2382
2438. 2383,2379
2439. 2379,2652
2440. 2380,2381
2441. 2382,2383
2442. 2388,2384
2443. 2384,2418
2444. 2393,2385
2445. 2385,2404
2446. 2386,2415
2447. 2407,2387
2448. 2387,2401
2449. 2412,2388
2450. 2392,2389
2451. 2389,2396
2452. 2417,2390
2453. 2390,2424
2454. 2403,2391
2455. 2391,2419
2456. 2418,2392
2457. 2426,2393
2458. 2415,2394
2459. 2394,2412
2460. 2399,2395
2461. 2395,2397
2462. 2396,2400
2463. 2397,2407
2464. 2420,2398
2465. 2398,2422
2466. 2408,2399
2467. 2400,2403
2468. 2401,2409
2469. 2424,2402
2470. 2402,2405
2471. 2404,2410
2472. 2405,2406
2473. 2406,2423
2474. 2419,2408
2475. 2409,2426
2476. 2410,2425
2477. 2425,2411
2478. 2411,2417
2479. 2422,2414
2480. 2416,2420
2481. 2423,2421
2482. 2429,2427
2483. 2427,2428
2484. 2430,2429
2485. 2439,2430
2486. 2437,2431
2487. 2431,2441
2488. 2438,2432
2489. 2432,2434
2490. 2441,2433
2491. 2433,2443
2492. 2434,2442
2493. 2440,2435
2494. 2435,2439
2495. 2436,2438
2496. 2442,2437
2497. 2443,2440
2498. 2461,2444
2499. 2444,2452
2500. 2460,2445
2501. 2445,2459
2502. 2456,2446
2503. 2446,2453
2504. 2450,2447
2505. 2447,2451
2506. 2454,2448
2507. 2448,2457
2508. 2457,2449
2509. 2449,2456
2510. 2453,2450
2511. 2451,2460
2512. 2452,2455
2513. 2455,2454
2514. 2458,2461
2515. 2467,2462
2516. 2462,2469
2517. 2469,2463
2518. 2463,2737
2519. 2465,2464
2520. 2464,2467
2521. 2466,2465
2522. 2468,2466
2523. 2483,2470
2524. 2470,2474
2525. 2494,2471
2526. 2471,2485
2527. 2488,2472
2528. 2472,2473
2529. 2473,2490
2530. 2474,2491
2531. 2479,2475
2532. 2475,2574
2533. 2478,2476
2534. 2476,2477
2535. 2477,2482
2536. 2491,2478
2537. 2481,2479
2538. 2490,2480
2539. 2480,2483
2540. 2485,2481
2541. 2482,2486
2542. 2489,2484
2543. 2484,2488
2544. 2486,2493
2545. 2492,2487
2546. 2487,2495
2547. 2495,2489
2548. 2506,2492
2549. 2493,2494
2550. 2503,2496
2551. 2496,2498
2552. 2500,2497
2553. 2497,2503
2554. 2498,2499
2555. 2499,2505
2556. 2509,2500
2557. 2510,2501
2558. 2501,2508
2559. 2505,2502
2560. 2502,2504
2561. 2504,2506
2562. 2511,2507
2563. 2507,2510
2564. 2508,2509
2565. 2517,2512
2566. 2512,2523
2567. 2561,2513
2568. 2513,2529
2569. 2543,2514
2570. 2514,2535
2571. 2532,2515
2572. 2515,2550
2573. 2523,2516
2574. 2516,2537
2575. 2529,2517
2576. 2547,2518
2577. 2518,2545
2578. 2537,2519
2579. 2519,2543
2580. 2522,2520
2581. 2520,2538
2582. 2548,2521
2583. 2521,2524
2584. 2528,2522
2585. 2524,2549
2586. 2530,2525
2587. 2525,2540
2588. 2551,2526
2589. 2526,2544
2590. 2540,2527
2591. 2527,2551
2592. 2546,2528
2593. 2549,2530
2594. 2534,2531
2595. 2531,2532
2596. 2544,2533
2597. 2533,2547
2598. 2542,2534
2599. 2535,2542
2600. 2550,2536
2601. 2536,2546
2602. 2538,2548
2603. 2545,2539
2604. 2539,2541
2605. 2568,2552
2606. 2552,2566
2607. 2569,2553
2608. 2553,2564
2609. 2560,2554
2610. 2554,2568
2611. 2563,2555
2612. 2555,2569
2613. 2558,2556
2614. 2556,2561
2615. 2567,2557
2616. 2557,2560
2617. 2564,2558
2618. 2566,2559
2619. 2559,2563
2620. 2565,2562
2621. 2562,2567
2622. 2570,2565
2623. 2579,2571
2624. 2571,2576
2625. 2580,2572
2626. 2572,2578
2627. 2575,2573
2628. 2573,2577
2629. 2574,2579
2630. 2576,2575
2631. 2577,2580
2632. 2583,2581
2633. 2581,2582
2634. 2582,2585
2635. 2586,2583
2636. 2741,2584
2637. 2584,2586
2638. 2585,2587
2639. 2587,2590
2640. 2592,2588
2641. 2588,2594
2642. 2594,2589
2643. 2589,2591
2644. 2590,2592
2645. 2591,2593
2646. 2593,2604
2647. 2596,2595
2648. 2595,2609
2649. 2597,2596
2650. 2598,2597
2651. 2607,2598
2652. 2603,2599
2653. 2599,2601
2654. 2601,2600
2655. 2600,2607
2656. 2606,2602
2657. 2602,2603
2658. 2604,2605
2659. 2605,2606
2660. 2614,2608
2661. 2608,2610
2662. 2609,2613
2663. 2610,2631
2664. 2613,2611
2665. 2611,2616
2666. 2616,2612
2667. 2612,2614
2668. 2614,2619
2669. 2618,2615
2670. 2615,2617
2671. 2616,2620
2672. 2617,2629
2673. 2619,2618
2674. 13554,2620
2675. 2630,2621
2676. 2621,2624
2677. 2625,2622
2678. 2622,2623
2679. 2623,2630
2680. 2624,2627
2681. 2626,2625
2682. 2629,2626
2683. 2627,2628
2684. 2628,2779
2685. 2631,2642
2686. 2639,2632
2687. 2632,2634
2688. 2638,2633
2689. 2633,2641
2690. 2634,2637
2691. 2640,2635
2692. 2635,2636
2693. 2636,2643
2694. 2637,2784
2695. 2643,2638
2696. 2641,2639
2697. 2642,2640
2698. 2665,2644
2699. 2644,2668
2700. 2685,2645
2701. 2645,2661
2702. 2663,2646
2703. 2646,2676
2704. 2651,2647
2705. 2647,2657
2706. 2667,2648
2707. 2648,2679
2708. 2672,2649
2709. 2649,2660
2710. 2666,2650
2711. 2650,2689
2712. 2656,2651
2713. 2652,2671
2714. 2679,2653
2715. 2653,2658
2716. 2681,2654
2717. 2654,2680
2718. 2677,2655
2719. 2655,2669
2720. 2678,2656
2721. 2657,2682
2722. 2658,2665
2723. 2668,2659
2724. 2659,2673
2725. 2660,2670
2726. 2661,2683
2727. 2680,2662
2728. 2662,2687
2729. 2688,2663
2730. 2671,2664
2731. 2664,2688
2732. 2687,2666
2733. 2670,2667
2734. 2669,2681
2735. 2676,2672
2736. 2673,2685
2737. 2675,2674
2738. 2674,2744
2739. 2684,2675
2740. 2683,2677
2741. 2689,2678
2742. 2682,2686
2743. 2686,2684
2744. 2696,2690
2745. 2690,2692
2746. 2694,2691
2747. 2691,2696
2748. 2692,2769
2749. 2697,2693
2750. 2693,2695
2751. 2695,2694
2752. 2716,2698
2753. 2698,2709
2754. 2704,2699
2755. 2699,2705
2756. 2717,2700
2757. 2700,2730
2758. 2731,2701
2759. 2701,2721
2760. 2723,2702
2761. 2702,2708
2762. 2734,2703
2763. 2703,2727
2764. 2728,2704
2765. 2705,2717
2766. 2726,2706
2767. 2706,2732
2768. 2725,2707
2769. 2707,2719
2770. 2708,2715
2771. 2709,2722
2772. 2729,2710
2773. 2710,2725
2774. 2720,2711
2775. 2711,2726
2776. 2732,2712
2777. 2712,2714
2778. 2727,2713
2779. 2713,2718
2780. 2714,2731
2781. 2715,2735
2782. 2719,2716
2783. 2718,2723
2784. 2724,2720
2785. 2721,2728
2786. 2722,2733
2787. 2735,2724
2788. 2730,2729
2789. 2733,2736
2790. 2737,2738
2791. 2742,2739
2792. 2739,2741
2793. 2744,2740
2794. 2740,2743
2795. 2743,2742
2796. 2757,2745
2797. 2745,2759
2798. 2751,2746
2799. 2746,2773
2800. 2755,2747
2801. 2747,2776
2802. 2761,2748
2803. 2748,2767
2804. 2774,2749
2805. 2749,2775
2806. 2766,2750
2807. 2750,2772
2808. 2765,2751
2809. 2770,2752
2810. 2752,2755
2811. 2771,2753
2812. 2753,2756
2813. 2777,2754
2814. 2754,2760
2815. 2756,2768
2816. 2772,2757
2817. 2767,2758
2818. 2758,2771
2819. 2759,2940
2820. 2760,2766
2821. 2775,2761
2822. 2764,2762
2823. 2762,2777
2824. 2773,2763
2825. 2763,2778
2826. 2776,2764
2827. 2769,2765
2828. 2768,2770
2829. 2778,2774
2830. 2779,2781
2831. 2781,2780
2832. 2780,2782
2833. 2782,2783
2834. 2783,2808
2835. 2784,2799
2836. 2796,2785
2837. 2785,2792
2838. 2801,2786
2839. 2786,2789
2840. 2794,2787
2841. 2787,2800
2842. 2803,2788
2843. 2788,2804
2844. 2789,2803
2845. 2798,2790
2846. 2790,2796
2847. 2804,2791
2848. 2791,2802
2849. 2792,2810
2850. 2799,2793
2851. 2793,2794
2852. 2797,2795
2853. 2795,2798
2854. 2802,2797
2855. 2800,2801
2856. 2809,2805
2857. 2805,2821
2858. 2808,2806
2859. 2806,2807
2860. 2807,2809
2861. 2810,2811
2862. 2811,2877
2863. 2822,2812
2864. 2812,2847
2865. 2820,2813
2866. 2813,2816
2867. 2823,2814
2868. 2814,2819
2869. 2821,2815
2870. 2815,2824
2871. 2816,2817
2872. 2817,2822
2873. 2819,2818
2874. 2818,2820
2875. 2824,2823
2876. 2840,2825
2877. 2825,2848
2878. 2835,2826
2879. 2826,2829
2880. 2841,2827
2881. 2827,2828
2882. 2828,2843
2883. 2829,2845
2884. 2844,2830
2885. 2830,2836
2886. 2839,2831
2887. 2831,2846
2888. 2850,2832
2889. 2832,2840
2890. 2842,2833
2891. 2833,2835
2892. 2847,2834
2893. 2834,2844
2894. 2836,2837
2895. 2837,2849
2896. 2843,2838
2897. 2838,2839
2898. 2845,2841
2899. 2849,2842
2900. 2846,2850
2901. 2848,2867
2902. 2857,2851
2903. 2851,2863
2904. 2864,2852
2905. 2852,2862
2906. 2861,2853
2907. 2853,2857
2908. 2858,2854
2909. 2854,2859
2910. 2859,2855
2911. 2855,2864
2912. 2862,2856
2913. 2856,2861
2914. 2860,2858
2915. 2868,2860
2916. 2863,3047
2917. 2867,2865
2918. 2865,2869
2919. 2869,2866
2920. 2866,2871
2921. 2870,2868
2922. 2871,2870
2923. 2873,2872
2924. 2872,2887
2925. 2894,2873
2926. 2893,2874
2927. 2874,2906
2928. 2885,2875
2929. 2875,2889
2930. 2889,2876
2931. 2876,2881
2932. 2877,2900
2933. 2904,2878
2934. 2878,2897
2935. 2892,2879
2936. 2879,2891
2937. 2898,2880
2938. 2880,2885
2939. 2881,2893
2940. 2900,2882
2941. 2882,2899
2942. 2884,2883
2943. 2883,2907
2944. 2902,2884
2945. 2890,2886
2946. 2886,2892
2947. 2887,2904
2948. 2891,2888
2949. 2888,2902
2950. 2897,2890
2951. 2906,2894
2952. 2899,2895
2953. 2895,2901
2954. 2905,2896
2955. 2896,2957
2956. 2901,2898
2957. 2955,2903
2958. 2903,2960
2959. 2907,2905
2960. 2918,2908
2961. 2908,2917
2962. 2944,2909
2963. 2909,2933
2964. 2917,2910
2965. 2910,2928
2966. 2934,2911
2967. 2911,2936
2968. 2932,2912
2969. 2912,2930
2970. 2931,2913
2971. 2913,2927
2972. 2920,2914
2973. 2914,2937
2974. 2926,2915
2975. 2915,2924
2976. 2943,2916
2977. 2916,2929
2978. 2947,2918
2979. 2942,2919
2980. 2919,2931
2981. 2921,2920
2982. 2933,2921
2983. 2929,2922
2984. 2922,2935
2985. 2951,2923
2986. 2923,2945
2987. 2924,2949
2988. 2948,2925
2989. 2925,2943
2990. 2939,2926
2991. 2927,2938
2992. 2928,2950
2993. 2930,2934
2994. 2935,2932
2995. 2936,2941
2996. 2937,2942
2997. 2938,2951
2998. 2941,2939
2999. 2940,2944
3000. 2945,2947
3001. 2949,2946
3002. 2946,2952
3003. 2950,2948
3004. 2954,2953
3005. 2953,3001
3006. 2964,2955
3007. 2960,2956
3008. 2956,2967
3009. 2957,2964
3010. 2959,2958
3011. 2958,2963
3012. 2962,2959
3013. 2966,2961
3014. 2961,2965
3015. 2965,2962
3016. 2967,2966
3017. 2978,2968
3018. 2968,2994
3019. 2987,2969
3020. 2969,2979
3021. 2973,2970
3022. 2970,2990
3023. 2975,2971
3024. 2971,2981
3025. 2999,2972
3026. 2972,2985
3027. 2989,2973
3028. 2998,2974
3029. 2974,2977
3030. 2996,2975
3031. 2982,2976
3032. 2976,2984
3033. 2977,2980
3034. 2981,2978
3035. 2979,2988
3036. 2980,2993
3037. 2983,2982
3038. 2985,2983
3039. 2984,2996
3040. 2992,2986
3041. 2986,3115
3042. 2991,2987
3043. 2988,2995
3044. 2997,2989
3045. 2990,2999
3046. 2994,2991
3047. 2993,2992
3048. 2995,3000
3049. 3000,2998
3050. 3001,3023
3051. 3023,3002
3052. 3002,3033
3053. 3011,3003
3054. 3003,3022
3055. 3015,3004
3056. 3004,3011
3057. 3006,3005
3058. 3005,3018
3059. 3024,3006
3060. 3031,3007
3061. 3007,3036
3062. 3030,3008
3063. 3008,3034
3064. 3025,3009
3065. 3009,3010
3066. 3010,3020
3067. 3020,3012
3068. 3012,3035
3069. 3035,3013
3070. 3013,3032
3071. 3019,3014
3072. 3014,3030
3073. 3038,3015
3074. 3028,3016
3075. 3016,3027
3076. 3029,3017
3077. 3017,3025
3078. 3018,3026
3079. 3022,3019
3080. 3027,3021
3081. 3021,3029
3082. 3033,3024
3083. 3026,3028
3084. 3037,3031
3085. 3032,3038
3086. 3034,3037
3087. 3036,3166
3088. 3061,3039
3089. 3039,3054
3090. 3060,3040
3091. 3040,3046
3092. 3059,3041
3093. 3041,3049
3094. 3053,3042
3095. 3042,3057
3096. 3045,3043
3097. 3043,3061
3098. 3048,3044
3099. 3044,3053
3100. 3047,3045
3101. 3046,3062
3102. 3051,3048
3103. 3049,3050
3104. 3050,3052
3105. 3052,3051
3106. 3054,3055
3107. 3055,3058
3108. 3063,3056
3109. 3056,3060
3110. 3057,3076
3111. 3058,3063
3112. 3062,3059
3113. 3068,3064
3114. 3064,3071
3115. 3070,3065
3116. 3065,3080
3117. 3074,3066
3118. 3066,3069
3119. 3079,3067
3120. 3067,3070
3121. 3072,3068
3122. 3069,3075
3123. 3071,3077
3124. 3073,3072
3125. 3075,3073
3126. 3081,3074
3127. 3076,3081
3128. 3077,3078
3129. 3078,3079
3130. 3080,3089
3131. 3090,3082
3132. 3082,3083
3133. 3083,3100
3134. 3091,3084
3135. 3084,3101
3136. 3100,3085
3137. 3085,3112
3138. 3087,3086
3139. 3086,3090
3140. 3095,3087
3141. 3096,3088
3142. 3088,3098
3143. 3089,3096
3144. 3094,3091
3145. 3101,3092
3146. 3092,3093
3147. 3093,3097
3148. 3099,3094
3149. 3097,3095
3150. 3098,3102
3151. 3102,3099
3152. 3107,3103
3153. 3103,3104
3154. 3104,3111
3155. 3112,3105
3156. 3105,3106
3157. 3106,3108
3158. 3109,3107
3159. 3108,3109
3160. 3111,3110
3161. 3110,3114
3162. 3114,3113
3163. 3113,3261
3164. 3115,3116
3165. 3116,3129
3166. 3137,3117
3167. 3117,3138
3168. 3119,3118
3169. 3118,3128
3170. 3127,3119
3171. 3124,3120
3172. 3120,3149
3173. 3152,3121
3174. 3121,3142
3175. 3126,3122
3176. 3122,3130
3177. 3146,3123
3178. 3123,3143
3179. 3147,3124
3180. 3132,3125
3181. 3125,3147
3182. 3148,3126
3183. 3130,3127
3184. 3128,3141
3185. 3129,3144
3186. 3145,3131
3187. 3131,3150
3188. 3143,3132
3189. 3138,3133
3190. 3133,3148
3191. 3151,3134
3192. 3134,3145
3193. 3142,3135
3194. 3135,3139
3195. 3144,3136
3196. 3136,3137
3197. 3139,3146
3198. 3149,3140
3199. 3140,3189
3200. 3141,3151
3201. 3150,3152
3202. 3154,3153
3203. 3153,3742
3204. 3157,3154
3205. 3155,3157
3206. 3156,3158
3207. 3158,3176
3208. 3163,3159
3209. 3159,3160
3210. 3188,3161
3211. 3161,3162
3212. 3162,3163
3213. 3165,3164
3214. 3164,3167
3215. 3168,3165
3216. 3166,3169
3217. 3169,3168
3218. 3182,3170
3219. 3170,3183
3220. 3174,3171
3221. 3171,3172
3222. 3172,3175
3223. 3185,3173
3224. 3173,3181
3225. 3181,3174
3226. 3175,3182
3227. 3176,3185
3228. 3184,3177
3229. 3177,3215
3230. 3180,3178
3231. 3178,3179
3232. 3179,3184
3233. 3183,3180
3234. 3190,3186
3235. 3186,3188
3236. 3189,3187
3237. 3187,3190
3238. 3198,3191
3239. 3191,3249
3240. 3193,3192
3241. 3192,3206
3242. 3204,3193
3243. 3202,3194
3244. 3194,3195
3245. 3195,3201
3246. 3207,3196
3247. 3196,3203
3248. 3216,3197
3249. 3197,3202
3250. 3206,3198
3251. 3200,3199
3252. 3199,3207
3253. 3201,3200
3254. 3203,3205
3255. 3205,3204
3256. 3214,3208
3257. 3208,3217
3258. 3210,3209
3259. 3209,3214
3260. 3215,3210
3261. 3212,3211
3262. 3211,3216
3263. 3213,3212
3264. 3217,3213
3265. 3225,3218
3266. 3218,3221
3267. 3228,3219
3268. 3219,3223
3269. 3229,3220
3270. 3220,3859
3271. 3221,3227
3272. 3223,3222
3273. 3222,3225
3274. 3870,3224
3275. 3224,3226
3276. 3226,3230
3277. 3227,3229
3278. 3230,3228
3279. 3242,3231
3280. 3231,3234
3281. 3233,3232
3282. 3232,3254
3283. 3250,3233
3284. 3234,3244
3285. 3241,3235
3286. 3235,3237
3287. 3243,3236
3288. 3236,3252
3289. 3237,3238
3290. 3238,3239
3291. 3239,3245
3292. 3251,3240
3293. 3240,3250
3294. 3247,3241
3295. 3245,3242
3296. 3254,3243
3297. 3244,3248
3298. 3253,3246
3299. 3246,3333
3300. 3249,3247
3301. 3248,3251
3302. 3252,3253
3303. 3257,3255
3304. 3255,3256
3305. 3256,3259
3306. 3860,3257
3307. 3259,3258
3308. 3258,3369
3309. 3261,3260
3310. 3290,3262
3311. 3262,3266
3312. 3274,3263
3313. 3263,3284
3314. 3292,3264
3315. 3264,3275
3316. 3284,3265
3317. 3265,3377
3318. 3266,3273
3319. 3288,3267
3320. 3267,3291
3321. 3278,3268
3322. 3268,3295
3323. 3280,3269
3324. 3269,3296
3325. 3286,3270
3326. 3270,3276
3327. 3291,3271
3328. 3271,3292
3329. 3277,3272
3330. 3272,3290
3331. 3273,3293
3332. 3295,3274
3333. 3275,3282
3334. 3276,3279
3335. 3282,3277
3336. 3279,3278
3337. 3283,3280
3338. 3281,3283
3339. 3293,3285
3340. 3285,3286
3341. 3294,3287
3342. 3287,3289
3343. 3289,3288
3344. 3296,3294
3345. 3298,3297
3346. 3297,3303
3347. 3386,3298
3348. 3303,3299
3349. 3299,3302
3350. 3306,3300
3351. 3300,3421
3352. 3305,3301
3353. 3301,3304
3354. 3302,3305
3355. 3304,3306
3356. 3310,3307
3357. 3307,3318
3358. 3323,3308
3359. 3308,3325
3360. 3318,3309
3361. 3309,3327
3362. 3331,3310
3363. 3317,3311
3364. 3311,3321
3365. 3328,3312
3366. 3312,3314
3367. 3320,3313
3368. 3313,3326
3369. 3314,3330
3370. 3329,3315
3371. 3315,3331
3372. 3327,3316
3373. 3316,3399
3374. 3322,3317
3375. 3324,3319
3376. 3319,3323
3377. 3325,3320
3378. 3321,3329
3379. 3326,3322
3380. 3330,3324
3381. 3335,3328
3382. 3341,3332
3383. 3332,3340
3384. 3333,3339
3385. 3339,3334
3386. 3334,3337
3387. 3336,3335
3388. 3342,3336
3389. 3337,3343
3390. 3340,3338
3391. 3338,3342
3392. 3343,3341
3393. 3354,3344
3394. 3344,3345
3395. 3345,3363
3396. 3365,3346
3397. 3346,3468
3398. 3362,3347
3399. 3347,3373
3400. 3352,3348
3401. 3348,3364
3402. 3370,3349
3403. 3349,3352
3404. 3357,3350
3405. 3350,3359
3406. 3361,3351
3407. 3351,3355
3408. 3368,3353
3409. 3353,3370
3410. 3367,3354
3411. 3355,3357
3412. 3374,3356
3413. 3356,3371
3414. 3364,3358
3415. 3358,3361
3416. 3359,3367
3417. 3363,3360
3418. 3360,3362
3419. 3371,3365
3420. 3373,3366
3421. 3366,3374
3422. 3372,3368
3423. 3369,3372
3424. 3378,3375
3425. 3375,3382
3426. 3385,3376
3427. 3376,3380
3428. 3377,3385
3429. 3381,3378
3430. 3383,3379
3431. 3379,3381
3432. 3380,3383
3433. 3382,3384
3434. 3384,3386
3435. 3396,3387
3436. 3387,3391
3437. 3407,3388
3438. 3388,3393
3439. 3403,3389
3440. 3389,3406
3441. 3398,3390
3442. 3390,3427
3443. 3391,3410
3444. 3408,3392
3445. 3392,3403
3446. 3393,3396
3447. 3406,3394
3448. 3394,3401
3449. 3397,3395
3450. 3395,3405
3451. 3411,3397
3452. 3409,3398
3453. 3399,3400
3454. 3400,3407
3455. 3401,3409
3456. 3410,3402
3457. 3402,3411
3458. 3405,3404
3459. 3404,3408
3460. 3413,3412
3461. 3412,3417
3462. 3414,3413
3463. 3418,3414
3464. 3419,3415
3465. 3415,3420
3466. 3417,3416
3467. 3416,3962
3468. 3420,3418
3469. 3425,3419
3470. 3421,3422
3471. 3422,3423
3472. 3423,3424
3473. 3424,3975
3474. 3428,3425
3475. 3426,3429
3476. 3429,3428
3477. 3435,3430
3478. 3430,3442
3479. 3438,3431
3480. 3431,3443
3481. 3495,3432
3482. 3432,3440
3483. 3441,3433
3484. 3433,3438
3485. 3445,3434
3486. 3434,3436
3487. 3443,3435
3488. 3436,3439
3489. 3442,3437
3490. 3439,3441
3491. 3440,3444
3492. 3444,3445
3493. 3456,3446
3494. 3446,3491
3495. 3455,3447
3496. 3447,3456
3497. 3464,3448
3498. 3448,3452
3499. 3450,3449
3500. 3449,3454
3501. 3458,3450
3502. 3478,3451
3503. 3451,3462
3504. 3452,3461
3505. 3454,3453
3506. 3453,3457
3507. 3463,3455
3508. 3457,3464
3509. 3459,3458
3510. 3494,3459
3511. 3462,3460
3512. 3460,3463
3513. 3461,3487
3514. 3502,3465
3515. 3465,3473
3516. 3481,3466
3517. 3466,3476
3518. 3479,3467
3519. 3467,3472
3520. 3468,3479
3521. 3475,3469
3522. 3469,3471
3523. 3476,3470
3524. 3470,3482
3525. 3471,3480
3526. 3472,3474
3527. 3473,3481
3528. 3474,3955
3529. 3483,3475
3530. 3480,3477
3531. 3477,3484
3532. 3484,3478
3533. 3482,3483
3534. 3490,3485
3535. 3485,3489
3536. 3492,3486
3537. 3486,3495
3538. 3487,3492
3539. 3497,3488
3540. 3488,3490
3541. 3489,3494
3542. 3491,3493
3543. 3493,3496
3544. 3496,3497
3545. 3500,3498
3546. 3498,3503
3547. 3501,3499
3548. 3499,3502
3549. 3504,3500
3550. 3505,3501
3551. 3503,3505
3552. 3953,3504
3553. 3548,3506
3554. 3506,3509
3555. 3527,3507
3556. 3507,3519
3557. 3509,3508
3558. 3508,3520
3559. 3531,3510
3560. 3510,3532
3561. 3521,3511
3562. 3511,3527
3563. 3533,3512
3564. 3512,3537
3565. 3518,3513
3566. 3513,3614
3567. 3519,3514
3568. 3514,3522
3569. 3537,3515
3570. 3515,3516
3571. 3516,3536
3572. 3529,3517
3573. 3517,3524
3574. 3523,3518
3575. 3520,3531
3576. 3538,3521
3577. 3522,3534
3578. 3526,3523
3579. 3524,3528
3580. 3536,3525
3581. 3525,3529
3582. 3535,3526
3583. 3528,3530
3584. 3530,3538
3585. 3532,3533
3586. 3534,3535
3587. 3578,3539
3588. 3539,3541
3589. 3543,3540
3590. 3540,3542
3591. 3541,3543
3592. 3542,3554
3593. 3553,3544
3594. 3544,3552
3595. 3550,3545
3596. 3545,3549
3597. 3554,3546
3598. 3546,3553
3599. 3558,3547
3600. 3547,3551
3601. 3555,3548
3602. 3549,3558
3603. 3556,3550
3604. 3551,3555
3605. 3552,3559
3606. 3557,3556
3607. 3559,3557
3608. 3566,3560
3609. 3560,3561
3610. 3561,3562
3611. 3562,3591
3612. 3564,3563
3613. 3563,3566
3614. 3565,3564
3615. 3571,3567
3616. 3567,3569
3617. 3580,3568
3618. 3568,3578
3619. 3569,3575
3620. 3576,3570
3621. 3570,3573
3622. 3768,3571
3623. 3574,3572
3624. 3572,3577
3625. 3573,3579
3626. 3579,3574
3627. 3575,3576
3628. 3577,3580
3629. 3587,3581
3630. 3581,3584
3631. 3583,3582
3632. 3582,3843
3633. 3585,3583
3634. 3584,3586
3635. 3586,3585
3636. 3593,3587
3637. 3594,3588
3638. 3588,3595
3639. 3592,3589
3640. 3589,3596
3641. 3595,3590
3642. 3590,3593
3643. 3591,3592
3644. 3596,3594
3645. 3599,3597
3646. 3597,3600
3647. 3600,3598
3648. 3598,3602
3649. 3601,3599
3650. 3619,3601
3651. 3602,3616
3652. 3627,3603
3653. 3603,3623
3654. 3629,3604
3655. 3604,3611
3656. 3609,3605
3657. 3605,3628
3658. 3608,3606
3659. 3606,3622
3660. 3612,3607
3661. 3607,3629
3662. 3610,3608
3663. 3614,3609
3664. 3613,3610
3665. 3611,3619
3666. 3621,3612
3667. 3620,3613
3668. 3623,3615
3669. 3615,3625
3670. 3616,3624
3671. 3622,3617
3672. 3617,3627
3673. 3624,3618
3674. 3618,3632
3675. 3626,3620
3676. 3625,3621
3677. 3628,3626
3678. 3633,3630
3679. 3630,3631
3680. 3631,3634
3681. 3632,3639
3682. 3639,3633
3683. 3634,3635
3684. 3635,3643
3685. 3642,3636
3686. 3636,3647
3687. 3638,3637
3688. 3637,3641
3689. 3644,3638
3690. 3641,3640
3691. 3640,3642
3692. 3643,3644
3693. 3648,3645
3694. 3645,3649
3695. 3649,3646
3696. 3646,3651
3697. 3647,3652
3698. 3650,3648
3699. 3652,3650
3700. 3651,3653
3701. 3653,3664
3702. 3665,3654
3703. 3654,3655
3704. 3655,3670
3705. 3660,3656
3706. 3656,3674
3707. 3674,3657
3708. 3657,3665
3709. 3675,3658
3710. 3658,3669
3711. 3659,3661
3712. 3668,3660
3713. 3661,3671
3714. 3664,3662
3715. 3662,3675
3716. 3893,3663
3717. 3663,3895
3718. 3669,3666
3719. 3673,3667
3720. 3667,3893
3721. 3672,3668
3722. 3670,3673
3723. 3671,3672
3724. 3683,3676
3725. 3676,3686
3726. 3679,3677
3727. 3677,3692
3728. 3687,3678
3729. 3678,3679
3730. 3688,3680
3731. 3680,3682
3732. 3689,3681
3733. 3681,3687
3734. 3682,3691
3735. 3691,3683
3736. 3693,3684
3737. 3684,3685
3738. 3685,3689
3739. 3686,3693
3740. 3692,3690
3741. 3690,3899
3742. 3697,3694
3743. 3694,3700
3744. 3700,3695
3745. 3695,3701
3746. 3701,3696
3747. 3696,3698
3748. 3935,3697
3749. 3698,3699
3750. 3699,3908
3751. 3714,3702
3752. 3702,3711
3753. 3743,3703
3754. 3703,3744
3755. 3726,3704
3756. 3704,3707
3757. 3741,3705
3758. 3705,3719
3759. 3718,3706
3760. 3706,3727
3761. 3707,3708
3762. 3708,3714
3763. 3725,3709
3764. 3709,3721
3765. 3715,3710
3766. 3710,3737
3767. 3711,3738
3768. 3724,3712
3769. 3712,3731
3770. 3740,3713
3771. 3713,3720
3772. 3729,3715
3773. 3730,3716
3774. 3716,3717
3775. 3717,3723
3776. 3721,3718
3777. 3719,3736
3778. 3720,3725
3779. 3723,3722
3780. 3722,3735
3781. 3731,3726
3782. 3727,3739
3783. 3738,3728
3784. 3728,3730
3785. 3739,3729
3786. 3735,3732
3787. 3732,3733
3788. 3733,3750
3789. 3744,3734
3790. 3734,3740
3791. 3737,3741
3792. 3742,3743
3793. 3745,3747
3794. 3747,3746
3795. 3746,3748
3796. 3748,3778
3797. 3798,3749
3798. 3749,3760
3799. 3750,3752
3800. 3766,3751
3801. 3751,3771
3802. 3752,3765
3803. 3770,3753
3804. 3753,3762
3805. 3762,3754
3806. 3754,3768
3807. 3758,3755
3808. 3755,3757
3809. 3760,3756
3810. 3756,3761
3811. 3757,3767
3812. 3763,3758
3813. 3765,3759
3814. 3759,3806
3815. 3761,3766
3816. 3771,3763
3817. 3767,3764
3818. 3764,3769
3819. 3769,3770
3820. 3795,3772
3821. 3772,3776
3822. 3791,3773
3823. 3773,3796
3824. 3784,3774
3825. 3774,3794
3826. 3796,3775
3827. 3775,3779
3828. 3776,3789
3829. 3797,3777
3830. 3777,3791
3831. 3778,3786
3832. 3779,3795
3833. 3783,3780
3834. 3780,3784
3835. 3794,3781
3836. 3781,3862
3837. 3787,3782
3838. 3782,3790
3839. 3792,3783
3840. 3789,3785
3841. 3785,3792
3842. 3786,3788
3843. 3788,3787
3844. 3790,3793
3845. 3793,3797
3846. 3804,3798
3847. 3805,3799
3848. 3799,3804
3849. 3806,3800
3850. 3800,3802
3851. 3802,3801
3852. 3801,3807
3853. 3803,3805
3854. 3815,3808
3855. 3808,3809
3856. 3809,3817
3857. 3813,3810
3858. 3810,3819
3859. 3814,3811
3860. 3811,3815
3861. 3816,3812
3862. 3812,3818
3863. 3818,3813
3864. 3819,3814
3865. 3873,3816
3866. 3837,3820
3867. 3820,3828
3868. 3839,3821
3869. 3821,3831
3870. 3830,3822
3871. 3822,3839
3872. 3847,3823
3873. 3823,3844
3874. 3831,3824
3875. 3824,3833
3876. 3835,3825
3877. 3825,3845
3878. 3838,3826
3879. 3826,3847
3880. 3833,3827
3881. 3827,3887
3882. 3828,3851
3883. 3842,3829
3884. 3829,3836
3885. 3845,3830
3886. 3851,3832
3887. 3832,3835
3888. 3843,3834
3889. 3834,3841
3890. 3836,3837
3891. 3840,3838
3892. 3848,3840
3893. 3841,3849
3894. 3846,3842
3895. 3844,3850
3896. 3850,3846
3897. 3849,3848
3898. 3855,3852
3899. 3852,3857
3900. 3864,3853
3901. 3853,3854
3902. 3854,3870
3903. 3866,3855
3904. 3868,3856
3905. 3856,3863
3906. 3857,3861
3907. 3861,3858
3908. 3858,3871
3909. 3859,3869
3910. 3871,3860
3911. 3862,3864
3912. 3863,3865
3913. 3865,3867
3914. 3867,3866
3915. 3869,3868
3916. 3875,3872
3917. 3872,3874
3918. 3877,3873
3919. 3874,3876
3920. 3876,3877
3921. 3890,3878
3922. 3878,3881
3923. 3880,3879
3924. 3879,3885
3925. 3883,3880
3926. 3881,3884
3927. 3891,3882
3928. 3882,3892
3929. 3889,3883
3930. 3884,3889
3931. 3887,3886
3932. 3886,3891
3933. 3892,3888
3934. 3888,3890
3935. 3895,3894
3936. 3894,3896
3937. 3901,3897
3938. 3897,3898
3939. 3899,3900
3940. 3900,3901
3941. 3905,3902
3942. 3902,3903
3943. 3903,3914
3944. 3911,3904
3945. 3904,3916
3946. 3915,3905
3947. 3920,3906
3948. 3906,3919
3949. 3908,3907
3950. 3907,3917
3951. 3921,3909
3952. 3909,3910
3953. 3910,3913
3954. 3912,3911
3955. 3918,3912
3956. 3913,3918
3957. 3914,3921
3958. 3919,3915
3959. 3917,3920
3960. 3926,3922
3961. 3922,3929
3962. 3934,3923
3963. 3923,3925
3964. 3928,3924
3965. 3924,3934
3966. 3925,3935
3967. 3937,3926
3968. 3931,3927
3969. 3927,3930
3970. 3932,3928
3971. 3929,3931
3972. 3930,3933
3973. 3933,3932
3974. 3938,3936
3975. 3936,3941
3976. 3940,3937
3977. 3944,3938
3978. 3943,3939
3979. 3939,3942
3980. 3941,3940
3981. 3942,3944
3982. 3948,3943
3983. 3946,3945
3984. 3945,3948
3985. 3947,3946
3986. 3952,3949
3987. 3950,3953
3988. 3954,3951
3989. 3951,3952
3990. 3955,3954
3991. 3956,22998
3992. 23002,3957
3993. 3959,3958
3994. 3958,3970
3995. 3962,3959
3996. 3970,3960
3997. 3960,3968
3998. 3967,3961
3999. 3961,3966
4000. 3966,3963
4001. 3963,3983
4002. 3965,3964
4003. 3964,3967
4004. 3969,3965
4005. 3972,3968
4006. 3968,3969
4007. 3976,3971
4008. 3971,3972
4009. 3974,3973
4010. 3973,3976
4011. 3975,3974
4012. 3985,3977
4013. 3977,3982
4014. 3979,3978
4015. 3978,3985
4016. 3983,3979
4017. 3981,3980
4018. 3980,3984
4019. 3982,3981
4020. 3984,3986
4021. 3986,22616
4022. 5984,3987
4023. 4080,3987
4024. 4129,3988
4025. 3988,4152
4026. 4146,3988
4027. 3988,4144
4028. 4155,3989
4029. 3989,4164
4030. 4184,3989
4031. 3990,4192
4032. 3990,4196
4033. 4244,3991
4034. 3991,4243
4035. 3991,4264
4036. 4023,3992
4037. 3992,3997
4038. 3994,3993
4039. 3993,3996
4040. 3995,3994
4041. 3997,3995
4042. 4030,3998
4043. 3998,3999
4044. 3999,4015
4045. 4014,4000
4046. 4000,4005
4047. 4028,4001
4048. 4001,4010
4049. 4010,4002
4050. 4002,4025
4051. 4017,4003
4052. 4003,4018
4053. 4024,4004
4054. 4004,4023
4055. 4005,4028
4056. 4011,4006
4057. 4006,4014
4058. 4013,4007
4059. 4007,4030
4060. 4016,4008
4061. 4008,4027
4062. 4019,4009
4063. 4009,4020
4064. 4027,4011
4065. 4025,4012
4066. 4012,4013
4067. 4015,4024
4068. 4022,4016
4069. 4055,4017
4070. 4018,4021
4071. 4029,4019
4072. 4020,4026
4073. 4021,4029
4074. 4026,4022
4075. 4044,4031
4076. 4031,4037
4077. 4035,4032
4078. 4032,4057
4079. 4034,4033
4080. 4033,4047
4081. 4057,4034
4082. 4038,4035
4083. 4043,4036
4084. 4036,4050
4085. 4037,4048
4086. 4061,4038
4087. 4042,4039
4088. 4039,4058
4089. 4053,4040
4090. 4040,4049
4091. 4070,4041
4092. 4041,4056
4093. 4056,4042
4094. 4059,4043
4095. 4050,4044
4096. 4049,4045
4097. 4045,4060
4098. 4052,4046
4099. 4046,4051
4100. 4047,4053
4101. 4048,4052
4102. 4051,4055
4103. 4058,4054
4104. 4054,4061
4105. 4060,4059
4106. 4066,4062
4107. 4062,4078
4108. 4075,4063
4109. 4063,4070
4110. 4073,4064
4111. 4064,4072
4112. 4074,4065
4113. 4065,4071
4114. 4068,4066
4115. 4077,4067
4116. 4067,4076
4117. 4076,4068
4118. 4079,4069
4119. 4069,4074
4120. 4071,4075
4121. 4072,4077
4122. 4098,4073
4123. 4078,4079
4124. 4081,4080
4125. 4109,4081
4126. 4105,4082
4127. 4082,4104
4128. 4095,4083
4129. 4083,4096
4130. 4104,4084
4131. 4084,4101
4132. 4102,4085
4133. 4085,4089
4134. 4100,4086
4135. 4086,4103
4136. 4091,4087
4137. 4087,4094
4138. 4106,4088
4139. 4088,4107
4140. 4089,4108
4141. 4092,4090
4142. 4090,4106
4143. 4099,4091
4144. 4097,4092
4145. 4108,4093
4146. 4093,4097
4147. 4094,4100
4148. 4103,4095
4149. 4096,4098
4150. 4107,4099
4151. 4101,4102
4152. 4197,4105
4153. 4118,4109
4154. 4116,4110
4155. 4110,4111
4156. 4111,4119
4157. 4113,4112
4158. 4112,4115
4159. 4119,4113
4160. 4115,4114
4161. 4114,4118
4162. 4117,4116
4163. 4157,4117
4164. 4139,4120
4165. 4120,4133
4166. 4134,4121
4167. 4121,4124
4168. 4128,4122
4169. 4122,4140
4170. 4136,4123
4171. 4123,4141
4172. 4124,4125
4173. 4125,4137
4174. 4130,4126
4175. 4126,4139
4176. 4138,4127
4177. 4127,4128
4178. 4143,4129
4179. 4131,4130
4180. 4141,4131
4181. 4137,4132
4182. 4132,4138
4183. 4133,4143
4184. 4142,4134
4185. 4140,4135
4186. 4135,4136
4187. 4227,4142
4188. 4144,4160
4189. 4145,4146
4190. 4150,4147
4191. 4147,4248
4192. 4248,4148
4193. 4148,4247
4194. 4151,4149
4195. 4149,4150
4196. 4152,4151
4197. 4154,4153
4198. 4153,4163
4199. 4164,4154
4200. 4159,4155
4201. 4162,4156
4202. 4156,4161
4203. 4165,4157
4204. 4160,4158
4205. 4158,4162
4206. 4161,4159
4207. 4163,4165
4208. 4168,4166
4209. 4166,4171
4210. 4272,4167
4211. 4167,4169
4212. 4170,4168
4213. 4169,4170
4214. 4189,4172
4215. 4172,4173
4216. 4173,4184
4217. 4257,4174
4218. 4174,4181
4219. 4177,4175
4220. 4175,4185
4221. 4183,4176
4222. 4176,4188
4223. 4187,4177
4224. 4188,4178
4225. 4178,4180
4226. 4186,4179
4227. 4179,4182
4228. 4180,4189
4229. 4181,4186
4230. 4182,4187
4231. 4190,4183
4232. 4185,4190
4233. 4193,4191
4234. 4191,4195
4235. 4192,4193
4236. 4195,4194
4237. 4194,4208
4238. 4196,4199
4239. 4201,4197
4240. 4200,4198
4241. 4198,4201
4242. 4199,4200
4243. 4206,4202
4244. 4202,4209
4245. 4205,4203
4246. 4203,4207
4247. 4207,4204
4248. 4204,4206
4249. 4208,4205
4250. 4209,4223
4251. 4218,4210
4252. 4210,4221
4253. 4223,4211
4254. 4211,4215
4255. 4219,4212
4256. 4212,4225
4257. 4221,4213
4258. 4213,4222
4259. 4225,4214
4260. 4214,4216
4261. 4215,4217
4262. 4216,4224
4263. 4217,4219
4264. 4220,4218
4265. 4224,4220
4266. 4222,4229
4267. 4232,4226
4268. 4226,4230
4269. 4233,4227
4270. 4231,4228
4271. 4228,4232
4272. 4229,4231
4273. 4230,4233
4274. 4250,4234
4275. 4234,4252
4276. 4251,4235
4277. 4235,4244
4278. 4239,4236
4279. 4236,4237
4280. 4237,4251
4281. 4253,4238
4282. 4238,4241
4283. 4252,4239
4284. 4247,4240
4285. 4240,4255
4286. 4241,4250
4287. 4243,4242
4288. 4242,4246
4289. 4254,4245
4290. 4245,4249
4291. 4246,4281
4292. 4249,4253
4293. 4255,4254
4294. 4259,4256
4295. 4256,4258
4296. 4258,4257
4297. 4262,4259
4298. 4261,4260
4299. 4260,4262
4300. 4263,4261
4301. 4264,4263
4302. 4273,4265
4303. 4265,4268
4304. 4277,4266
4305. 4266,4276
4306. 4274,4267
4307. 4267,4270
4308. 4268,4274
4309. 4275,4269
4310. 4269,4273
4311. 4270,4271
4312. 4271,4277
4313. 4276,4272
4314. 4291,4275
4315. 4281,4278
4316. 4278,4279
4317. 4279,4280
4318. 4280,4285
4319. 4285,4282
4320. 4282,4283
4321. 4283,4284
4322. 4287,4286
4323. 4286,4289
4324. 4288,4287
4325. 4289,4290
4326. 4290,4298
4327. 4295,4291
4328. 4292,4293
4329. 4293,4294
4330. 4294,4296
4331. 4296,4295
4332. 4300,4297
4333. 4298,4299
4334. 4299,4300
4335. 4309,4301
4336. 4301,4315
4337. 4313,4302
4338. 4302,4304
4339. 4341,4302
4340. 4335,4303
4341. 4303,4334
4342. 4303,4348
4343. 4304,4339
4344. 4345,4304
4345. 4306,4305
4346. 4305,4307
4347. 4322,4306
4348. 4307,4308
4349. 4308,4309
4350. 4314,4310
4351. 4310,4313
4352. 4315,4311
4353. 4311,4316
4354. 4316,4312
4355. 4312,4314
4356. 4318,4317
4357. 4317,4320
4358. 4318,4327
4359. 4318,4344
4360. 4321,4319
4361. 4319,4322
4362. 4320,4321
4363. 4328,4323
4364. 4323,4330
4365. 4334,4324
4366. 4324,4329
4367. 4330,4325
4368. 4325,4332
4369. 4329,4326
4370. 4326,4333
4371. 4327,4328
4372. 4332,4331
4373. 4331,4335
4374. 4338,4333
4375. 4347,4333
4376. 4339,4336
4377. 4336,4337
4378. 4337,4338
4379. 4342,4340
4380. 4340,4341
4381. 4341,4346
4382. 4343,4342
4383. 4344,4343
4384. 4346,4345
4385. 4350,4347
4386. 4348,4349
4387. 4349,4351
4388. 4352,4350
4389. 4351,4352
4390. 4384,4353
4391. 4353,4431
4392. 4353,4389
4393. 4369,4354
4394. 4354,4379
4395. 4363,4355
4396. 4355,4359
4397. 4376,4356
4398. 4356,4357
4399. 4357,4360
4400. 4359,4358
4401. 4358,4372
4402. 4360,4362
4403. 4364,4361
4404. 4361,4363
4405. 4362,4365
4406. 4365,4364
4407. 4367,4366
4408. 4366,4369
4409. 4368,4367
4410. 4370,4368
4411. 4371,4370
4412. 4372,4371
4413. 4374,4373
4414. 4373,4376
4415. 4377,4374
4416. 4398,4375
4417. 4375,4377
4418. 4527,4378
4419. 4378,4528
4420. 4378,4533
4421. 4379,4551
4422. 4569,4379
4423. 4586,4380
4424. 4380,4580
4425. 4592,4380
4426. 4380,4590
4427. 4382,4381
4428. 4381,4383
4429. 4387,4382
4430. 4383,4384
4431. 4385,4386
4432. 4386,4387
4433. 4389,4388
4434. 4388,4390
4435. 4390,4392
4436. 4394,4391
4437. 4391,4393
4438. 4392,4394
4439. 4393,4526
4440. 4396,4395
4441. 4395,4570
4442. 4397,4396
4443. 4525,4397
4444. 4414,4399
4445. 4399,4435
4446. 4421,4400
4447. 4400,4439
4448. 4432,4401
4449. 4401,4426
4450. 4428,4402
4451. 4402,4437
4452. 4419,4403
4453. 4403,4406
4454. 4412,4404
4455. 4404,4441
4456. 4443,4405
4457. 4405,4438
4458. 4406,4433
4459. 4423,4407
4460. 4407,4440
4461. 4442,4408
4462. 4408,4443
4463. 4434,4409
4464. 4409,4419
4465. 4440,4410
4466. 4410,4436
4467. 4426,4411
4468. 4411,4425
4469. 4415,4412
4470. 4416,4413
4471. 4413,4445
4472. 4530,4414
4473. 4417,4415
4474. 4431,4416
4475. 4427,4417
4476. 4429,4418
4477. 4418,4434
4478. 4438,4420
4479. 4420,4521
4480. 4435,4421
4481. 4444,4422
4482. 4422,4429
4483. 4445,4423
4484. 4439,4424
4485. 4424,4430
4486. 4425,4453
4487. 4436,4427
4488. 4430,4428
4489. 4433,4432
4490. 4437,4444
4491. 4441,4442
4492. 4459,4446
4493. 4446,4465
4494. 4468,4447
4495. 4447,4461
4496. 4453,4448
4497. 4448,4457
4498. 4470,4449
4499. 4449,4473
4500. 4458,4450
4501. 4450,4451
4502. 4451,4454
4503. 4464,4452
4504. 4452,4462
4505. 4454,4517
4506. 4457,4455
4507. 4455,4472
4508. 4467,4456
4509. 4456,4468
4510. 4465,4458
4511. 4476,4459
4512. 4469,4460
4513. 4460,4477
4514. 4461,4475
4515. 4462,4466
4516. 4466,4463
4517. 4463,4599
4518. 4478,4464
4519. 4474,4467
4520. 4471,4469
4521. 4477,4470
4522. 4472,4471
4523. 4473,4474
4524. 4475,4478
4525. 4597,4476
4526. 4484,4479
4527. 4479,4502
4528. 4505,4480
4529. 4480,4504
4530. 4511,4481
4531. 4481,4518
4532. 4487,4482
4533. 4482,4512
4534. 4510,4483
4535. 4483,4490
4536. 4491,4484
4537. 4499,4485
4538. 4485,4514
4539. 4497,4486
4540. 4486,4503
4541. 4502,4487
4542. 4498,4488
4543. 4488,4519
4544. 4507,4489
4545. 4489,4509
4546. 4490,4494
4547. 4503,4491
4548. 4513,4492
4549. 4492,4508
4550. 4518,4493
4551. 4493,4510
4552. 4494,4507
4553. 4517,4495
4554. 4495,4506
4555. 4508,4496
4556. 4496,4498
4557. 4515,4497
4558. 4519,4499
4559. 4512,4500
4560. 4500,4505
4561. 4506,4501
4562. 4501,4516
4563. 4509,4513
4564. 4516,4511
4565. 4514,4515
4566. 4522,4520
4567. 4520,4523
4568. 4521,4522
4569. 4523,4527
4570. 4526,4524
4571. 4524,4525
4572. 4528,4531
4573. 4531,4529
4574. 4529,4530
4575. 4544,4532
4576. 4532,4543
4577. 4533,4540
4578. 4535,4534
4579. 4534,4542
4580. 4543,4535
4581. 4546,4536
4582. 4536,4538
4583. 4540,4537
4584. 4537,4545
4585. 4538,4593
4586. 4545,4539
4587. 4539,4544
4588. 4542,4541
4589. 4541,4546
4590. 4558,4547
4591. 4547,4553
4592. 4555,4548
4593. 4548,4556
4594. 4552,4549
4595. 4549,4562
4596. 4565,4550
4597. 4550,4564
4598. 4551,4555
4599. 4564,4552
4600. 4553,4557
4601. 4563,4554
4602. 4554,4565
4603. 4556,4566
4604. 4557,4559
4605. 4560,4558
4606. 4559,4563
4607. 4561,4560
4608. 4566,4561
4609. 4562,4584
4610. 4568,4567
4611. 4567,4569
4612. 4570,4568
4613. 4587,4571
4614. 4571,4578
4615. 4574,4572
4616. 4572,4586
4617. 4580,4573
4618. 4573,4587
4619. 4576,4574
4620. 4584,4575
4621. 4575,4582
4622. 4582,4576
4623. 4583,4577
4624. 4577,4579
4625. 4578,4583
4626. 4579,4581
4627. 4581,4585
4628. 4591,4588
4629. 4588,4594
4630. 4593,4589
4631. 4589,4592
4632. 4590,4591
4633. 4599,4595
4634. 4595,4598
4635. 4601,4596
4636. 4596,4597
4637. 4598,4600
4638. 4600,4602
4639. 4602,4601
4640. 10071,4603
4641. 4603,4617
4642. 10089,4604
4643. 4604,4653
4644. 10096,4605
4645. 4605,4654
4646. 4610,4606
4647. 4606,4609
4648. 4660,4607
4649. 4607,4610
4650. 4665,4607
4651. 4609,4608
4652. 4608,4686
4653. 4608,4697
4654. 4673,4611
4655. 4611,4672
4656. 4611,4684
4657. 4722,4612
4658. 4612,4723
4659. 4728,4612
4660. 4754,4613
4661. 4756,4613
4662. 4613,4614
4663. 4614,4757
4664. 4614,4763
4665. 4784,4615
4666. 4615,4795
4667. 4615,4811
4668. 4795,4616
4669. 4616,4796
4670. 4616,4818
4671. 4617,4618
4672. 4618,4649
4673. 4649,4619
4674. 4619,4620
4675. 4620,4621
4676. 4621,4622
4677. 4622,4623
4678. 4623,4624
4679. 4624,4625
4680. 4625,4626
4681. 4626,4627
4682. 4627,4628
4683. 4628,4629
4684. 4629,4630
4685. 4630,4631
4686. 4631,4633
4687. 4633,4632
4688. 4632,4634
4689. 4634,4650
4690. 4650,4635
4691. 4635,4636
4692. 4636,4637
4693. 4637,4638
4694. 4638,4639
4695. 4639,4640
4696. 4640,4641
4697. 4641,4642
4698. 4642,4643
4699. 4643,4644
4700. 4644,4645
4701. 4645,4646
4702. 4646,4647
4703. 4647,4648
4704. 4648,4661
4705. 4653,4651
4706. 4651,4652
4707. 4652,4656
4708. 4654,4655
4709. 4655,4670
4710. 4656,4657
4711. 4657,4658
4712. 4658,4659
4713. 4659,4660
4714. 4661,4662
4715. 4662,4663
4716. 4663,4664
4717. 4664,4665
4718. 4666,4699
4719. 4671,4667
4720. 4667,4677
4721. 4672,4668
4722. 4668,4678
4723. 4676,4669
4724. 4669,4710
4725. 4670,4671
4726. 4674,4673
4727. 4677,4674
4728. 4678,4675
4729. 4675,4676
4730. 4685,4679
4731. 4679,4680
4732. 4680,4681
4733. 4681,4682
4734. 4682,4721
4735. 4684,4683
4736. 4683,4685
4737. 4686,4687
4738. 4687,4688
4739. 4688,4689
4740. 4689,4690
4741. 4690,4691
4742. 4691,4692
4743. 4692,4693
4744. 4693,4694
4745. 4694,4695
4746. 4695,4696
4747. 4696,4727
4748. 4697,4698
4749. 4698,4734
4750. 4699,4702
4751. 4709,4700
4752. 4700,4701
4753. 4701,4735
4754. 4702,4703
4755. 4703,4704
4756. 4704,4705
4757. 4705,4706
4758. 4706,4707
4759. 4707,4708
4760. 4708,4709
4761. 4710,4711
4762. 4711,4712
4763. 4712,4713
4764. 4713,4716
4765. 4716,4714
4766. 4714,4715
4767. 4715,4736
4768. 4726,4717
4769. 4717,4718
4770. 4718,4719
4771. 4719,4720
4772. 4720,4729
4773. 4721,4722
4774. 4723,4724
4775. 4724,4725
4776. 4725,4726
4777. 4727,4728
4778. 4729,4730
4779. 4730,4731
4780. 4731,4732
4781. 4732,4733
4782. 4733,4749
4783. 4734,4755
4784. 4736,4746
4785. 4746,4737
4786. 4737,4738
4787. 4738,4739
4788. 4739,4748
4789. 4747,4740
4790. 4740,4741
4791. 4741,4742
4792. 4742,4743
4793. 4743,4744
4794. 4744,4745
4795. 4745,4766
4796. 4748,4747
4797. 4749,4750
4798. 4750,4751
4799. 4751,4752
4800. 4752,4753
4801. 4753,4754
4802. 4755,4756
4803. 4757,4758
4804. 4758,4759
4805. 4759,4760
4806. 4760,4761
4807. 4761,4762
4808. 4762,4789
4809. 4763,4764
4810. 4764,4765
4811. 4766,4767
4812. 4767,4768
4813. 4768,4769
4814. 4769,4785
4815. 4785,4770
4816. 4770,4771
4817. 4771,4772
4818. 4772,4787
4819. 4787,4773
4820. 4773,4774
4821. 4774,4775
4822. 4775,4776
4823. 4776,4777
4824. 4777,4778
4825. 4778,4779
4826. 4779,4780
4827. 4780,4781
4828. 4781,4782
4829. 4782,4786
4830. 4786,4783
4831. 4783,4784
4832. 4811,4788
4833. 4788,4812
4834. 4789,4790
4835. 4790,4791
4836. 4791,4792
4837. 4792,4793
4838. 4793,4794
4839. 4794,4870
4840. 4796,4807
4841. 4810,4797
4842. 4797,4798
4843. 4798,4799
4844. 4799,4800
4845. 4800,4801
4846. 4801,4802
4847. 4802,4803
4848. 4803,4804
4849. 4804,4805
4850. 4805,4806
4851. 4806,4841
4852. 4807,4809
4853. 4809,4808
4854. 4808,4810
4855. 4812,4813
4856. 4813,4816
4857. 4815,4814
4858. 4814,4817
4859. 4816,4815
4860. 4818,4829
4861. 4838,4819
4862. 4819,4820
4863. 4820,4821
4864. 4821,4822
4865. 4822,4823
4866. 4823,4824
4867. 4824,4825
4868. 4825,4826
4869. 4826,4827
4870. 4827,4828
4871. 4828,4840
4872. 4829,4832
4873. 4840,4830
4874. 4830,4861
4875. 4862,4831
4876. 4831,4863
4877. 4832,4833
4878. 4833,4834
4879. 4834,4835
4880. 4835,4836
4881. 4836,4837
4882. 4837,4839
4883. 4839,4838
4884. 4841,4842
4885. 4842,4843
4886. 4843,4857
4887. 4857,4844
4888. 4844,4845
4889. 4845,4846
4890. 4846,4847
4891. 4847,4855
4892. 4856,4848
4893. 4848,4849
4894. 4849,4850
4895. 4850,4851
4896. 4851,4852
4897. 4852,4853
4898. 4853,4854
4899. 4855,4858
4900. 4859,4856
4901. 4856,4860
4902. 4858,4859
4903. 4861,4862
4904. 4863,4864
4905. 4864,4865
4906. 4865,4866
4907. 4866,4867
4908. 4867,4868
4909. 4868,4869
4910. 4870,4869
4911. 4869,4871
4912. 4878,4872
4913. 4872,4881
4914. 4873,4872
4915. 4883,4873
4916. 4885,4873
4917. 4884,4874
4918. 4874,4882
4919. 4874,4886
4920. 4876,4875
4921. 4875,4878
4922. 4880,4876
4923. 4881,4877
4924. 4877,4879
4925. 4882,4883
4926. 4886,4885
4927. 4972,4887
4928. 4887,4980
4929. 4998,4887
4930. 4887,4999
4931. 4997,4888
4932. 4888,4987
4933. 4999,4888
4934. 5007,4889
4935. 4889,5002
4936. 4889,5025
4937. 5017,4890
4938. 4890,5014
4939. 5026,4890
4940. 5012,4891
4941. 4891,5023
4942. 4891,5029
4943. 5039,4892
4944. 4892,5362
4945. 4892,5044
4946. 5044,4893
4947. 4893,5043
4948. 4893,5379
4949. 5105,4894
4950. 4894,5045
4951. 4894,5109
4952. 5051,4895
4953. 4895,5053
4954. 5054,4896
4955. 5060,4896
4956. 4896,5067
4957. 5068,4897
4958. 4897,5064
4959. 5071,4897
4960. 5082,4898
4961. 4898,5081
4962. 5086,4898
4963. 5079,4899
4964. 4899,5082
4965. 4899,5083
4966. 4900,4901
4967. 5106,4900
4968. 4900,4906
4969. 4901,4902
4970. 4901,4906
4971. 4902,5089
4972. 5097,4902
4973. 5090,4903
4974. 4903,5091
4975. 4903,5094
4976. 5094,4904
4977. 4904,5095
4978. 5110,4904
4979. 4904,5112
4980. 5096,4905
4981. 5104,4905
4982. 4905,4907
4983. 4906,5107
4984. 4907,5105
4985. 4907,5108
4986. 5119,4908
4987. 4908,4909
4988. 5123,4908
4989. 4909,5120
4990. 4909,5171
4991. 5137,4910
4992. 4910,5187
4993. 5203,4910
4994. 4910,4911
4995. 5151,4911
4996. 4911,5195
4997. 5160,4912
4998. 4912,5159
4999. 4912,5176
5000. 5152,4913
5001. 5186,4913
5002. 4913,5185
5003. 5205,4914
5004. 4914,5166
5005. 5144,4914
5006. 5176,4915
5007. 4915,5174
5008. 5184,4915
5009. 5222,4916
5010. 4916,5223
5011. 4916,5211
5012. 5208,4917
5013. 4917,5207
5014. 4918,4917
5015. 4917,5219
5016. 5214,4918
5017. 5220,4918
5018. 5225,4919
5019. 4919,5224
5020. 4919,5230
5021. 5231,4920
5022. 4920,5234
5023. 4920,5235
5024. 5235,4921
5025. 5242,4921
5026. 4921,5241
5027. 5265,4922
5028. 4922,5299
5029. 5268,4922
5030. 5272,4923
5031. 4923,4926
5032. 4923,5292
5033. 4924,5272
5034. 4924,4928
5035. 5294,4925
5036. 4930,4925
5037. 4926,5271
5038. 4926,5291
5039. 5274,4927
5040. 4927,4931
5041. 4927,5320
5042. 4928,5273
5043. 5293,4928
5044. 4932,4929
5045. 4929,5275
5046. 4929,5322
5047. 5276,4930
5048. 5322,4930
5049. 4931,5306
5050. 4931,5279
5051. 5314,4932
5052. 5317,4932
5053. 5331,4933
5054. 4933,5332
5055. 5338,4933
5056. 5357,4934
5057. 4934,5358
5058. 4934,5366
5059. 5361,4935
5060. 4935,5351
5061. 5378,4935
5062. 4935,5377
5063. 5365,4936
5064. 4936,5363
5065. 4936,5381
5066. 5367,4937
5067. 4937,5368
5068. 4937,5373
5069. 5368,4938
5070. 4938,5369
5071. 5381,4938
5072. 5369,4939
5073. 4939,5370
5074. 5380,4939
5075. 5376,4940
5076. 5384,4940
5077. 4940,5382
5078. 5403,4941
5079. 4941,5401
5080. 5414,4941
5081. 4941,5409
5082. 5402,4942
5083. 5083,4942
5084. 4942,5407
5085. 5374,4943
5086. 4943,4944
5087. 4944,5445
5088. 5470,4944
5089. 5407,4945
5090. 4945,5405
5091. 5421,4945
5092. 4945,5422
5093. 5416,4946
5094. 4946,5415
5095. 4946,5417
5096. 4948,4947
5097. 4947,5416
5098. 5420,4947
5099. 5413,4948
5100. 4948,5423
5101. 5427,4949
5102. 4949,5429
5103. 4949,5431
5104. 5445,4950
5105. 4950,4951
5106. 5455,4950
5107. 4951,5446
5108. 4951,5458
5109. 5439,4952
5110. 5465,4952
5111. 5449,4953
5112. 4953,5410
5113. 4953,5427
5114. 5487,4954
5115. 4954,5486
5116. 5496,4954
5117. 5503,4955
5118. 4955,5504
5119. 5528,4955
5120. 4955,5527
5121. 5505,4956
5122. 4956,5506
5123. 5533,4956
5124. 4956,5531
5125. 5506,4957
5126. 4957,4958
5127. 5537,4957
5128. 4957,5536
5129. 4958,5507
5130. 5514,4958
5131. 4959,5221
5132. 4961,4959
5133. 4959,5516
5134. 5518,4960
5135. 4960,5514
5136. 5521,4960
5137. 5226,4961
5138. 4961,5529
5139. 5516,4962
5140. 4962,5517
5141. 4962,5532
5142. 5515,4963
5143. 4963,5518
5144. 4963,5537
5145. 5538,4964
5146. 4964,5539
5147. 5544,4964
5148. 4964,5484
5149. 5549,4965
5150. 4965,5550
5151. 4965,5556
5152. 5554,4966
5153. 4966,5555
5154. 4966,5559
5155. 5574,4967
5156. 4967,5577
5157. 4967,5581
5158. 5593,4968
5159. 4968,5595
5160. 4968,5608
5161. 4982,4969
5162. 4969,4981
5163. 4978,4970
5164. 4970,4977
5165. 4983,4971
5166. 4971,4972
5167. 4979,4973
5168. 4973,4976
5169. 4980,4974
5170. 4974,4975
5171. 4975,4982
5172. 4976,4978
5173. 4981,4979
5174. 4994,4984
5175. 4984,4993
5176. 4987,4985
5177. 4985,4989
5178. 4996,4986
5179. 4986,4992
5180. 4989,4988
5181. 4988,4990
5182. 4990,4991
5183. 4991,4996
5184. 4992,4995
5185. 4995,4994
5186. 5000,4998
5187. 5009,5001
5188. 5001,5004
5189. 5002,5003
5190. 5003,5009
5191. 5004,5005
5192. 5005,5008
5193. 5010,5006
5194. 5006,5011
5195. 5008,5010
5196. 5021,5012
5197. 5016,5013
5198. 5013,5022
5199. 5014,5018
5200. 5020,5015
5201. 5015,5016
5202. 5019,5017
5203. 5018,5020
5204. 5022,5021
5205. 5023,5024
5206. 5024,5036
5207. 5025,5026
5208. 5028,5027
5209. 5030,5028
5210. 5029,5030
5211. 5035,5031
5212. 5031,5340
5213. 5034,5032
5214. 5032,5035
5215. 5037,5033
5216. 5033,5034
5217. 5036,5038
5218. 5038,5037
5219. 5040,5039
5220. 5041,5040
5221. 5043,5042
5222. 5042,5080
5223. 5045,5046
5224. 5046,5047
5225. 5047,5048
5226. 5048,5049
5227. 5049,5114
5228. 5052,5050
5229. 5050,5051
5230. 5100,5052
5231. 5053,5056
5232. 5058,5054
5233. 5056,5055
5234. 5055,5057
5235. 5057,5059
5236. 5059,5058
5237. 5066,5060
5238. 5108,5061
5239. 5061,5063
5240. 5063,5062
5241. 5062,5066
5242. 5064,5065
5243. 5067,5068
5244. 5069,5072
5245. 5072,5070
5246. 5070,5071
5247. 5081,5073
5248. 5073,5074
5249. 5074,5075
5250. 5075,5076
5251. 5076,5077
5252. 5077,5078
5253. 5078,5434
5254. 5080,5079
5255. 5425,5084
5256. 5084,5085
5257. 5432,5086
5258. 5093,5087
5259. 5087,5088
5260. 5088,5134
5261. 5089,5090
5262. 5091,5092
5263. 5092,5093
5264. 5095,5096
5265. 5099,5097
5266. 5100,5098
5267. 5098,5099
5268. 5100,5106
5269. 5107,5101
5270. 5101,5102
5271. 5102,5103
5272. 5103,5104
5273. 5109,5128
5274. 5113,5111
5275. 5111,5132
5276. 5112,5113
5277. 5114,5115
5278. 5115,5116
5279. 5116,5117
5280. 5117,5118
5281. 5118,5119
5282. 5120,5154
5283. 5122,5121
5284. 5121,5124
5285. 5125,5122
5286. 5124,5123
5287. 5141,5125
5288. 5127,5126
5289. 5126,5131
5290. 5130,5127
5291. 5128,5129
5292. 5129,5130
5293. 5131,5143
5294. 5132,5133
5295. 5133,5148
5296. 5134,5135
5297. 5135,5136
5298. 5136,5137
5299. 5167,5138
5300. 5138,5165
5301. 5165,5139
5302. 5139,5168
5303. 5168,5140
5304. 5140,5142
5305. 5142,5141
5306. 5143,5144
5307. 5149,5145
5308. 5145,5151
5309. 5148,5146
5310. 5146,5150
5311. 5150,5147
5312. 5147,5149
5313. 5153,5152
5314. 5159,5153
5315. 5154,5155
5316. 5155,5156
5317. 5156,5157
5318. 5157,5158
5319. 5158,5162
5320. 5164,5160
5321. 5162,5161
5322. 5161,5163
5323. 5163,5164
5324. 5166,5167
5325. 5171,5169
5326. 5169,5170
5327. 5179,5172
5328. 5172,5177
5329. 5175,5173
5330. 5173,5179
5331. 5174,5175
5332. 5177,5178
5333. 5183,5180
5334. 5180,5186
5335. 5182,5181
5336. 5181,5184
5337. 5185,5182
5338. 5218,5183
5339. 5187,5188
5340. 5188,5189
5341. 5189,5190
5342. 5190,5191
5343. 5191,5192
5344. 5192,5193
5345. 5193,5499
5346. 5195,5194
5347. 5194,5198
5348. 5198,5196
5349. 5196,5199
5350. 5200,5197
5351. 5197,5201
5352. 5199,5200
5353. 5201,5202
5354. 5202,5227
5355. 5206,5204
5356. 5204,5205
5357. 5223,5206
5358. 5234,5208
5359. 5212,5209
5360. 5209,5214
5361. 5211,5210
5362. 5210,5213
5363. 5213,5212
5364. 5241,5215
5365. 5215,5216
5366. 5219,5217
5367. 5217,5218
5368. 5244,5220
5369. 5221,5225
5370. 5224,5222
5371. 5229,5226
5372. 5227,5228
5373. 5228,5229
5374. 5230,5522
5375. 5233,5231
5376. 5512,5232
5377. 5232,5233
5378. 5232,5238
5379. 5232,5246
5380. 5240,5236
5381. 5236,5243
5382. 5243,5237
5383. 5237,5242
5384. 5238,5239
5385. 5239,5240
5386. 5245,5244
5387. 5247,5245
5388. 5246,5248
5389. 5249,5247
5390. 5248,5249
5391. 5258,5250
5392. 5250,5251
5393. 5251,5252
5394. 5252,5256
5395. 5262,5253
5396. 5253,5257
5397. 5270,5254
5398. 5254,5259
5399. 5256,5255
5400. 5255,5261
5401. 5257,5265
5402. 5260,5258
5403. 5259,5260
5404. 5261,5263
5405. 5264,5262
5406. 5263,5264
5407. 5284,5266
5408. 5266,5267
5409. 5267,5269
5410. 5269,5268
5411. 5271,5270
5412. 5273,5274
5413. 5275,5276
5414. 5280,5277
5415. 5277,5278
5416. 5278,5318
5417. 5279,5281
5418. 5281,5280
5419. 5318,5282
5420. 5282,5317
5421. 5285,5283
5422. 5283,5286
5423. 5286,5284
5424. 5287,5285
5425. 5289,5287
5426. 5291,5288
5427. 5288,5290
5428. 5290,5289
5429. 5292,5293
5430. 5304,5294
5431. 5296,5295
5432. 5295,5304
5433. 5298,5296
5434. 5301,5297
5435. 5297,5300
5436. 5303,5298
5437. 5299,5301
5438. 5300,5302
5439. 5302,5303
5440. 5312,5305
5441. 5305,5313
5442. 5306,5308
5443. 5308,5307
5444. 5307,5311
5445. 5316,5309
5446. 5309,5310
5447. 5310,5312
5448. 5311,5316
5449. 5313,5315
5450. 5315,5314
5451. 5320,5319
5452. 5319,5321
5453. 5327,5323
5454. 5323,5326
5455. 5335,5324
5456. 5324,5327
5457. 5336,5325
5458. 5325,5331
5459. 5326,5336
5460. 5329,5328
5461. 5328,5335
5462. 5334,5329
5463. 5548,5330
5464. 5330,5333
5465. 5332,5545
5466. 5333,5334
5467. 5339,5337
5468. 5337,5338
5469. 5557,5339
5470. 5340,5341
5471. 5341,5342
5472. 5342,5346
5473. 5344,5343
5474. 5343,5345
5475. 5348,5344
5476. 5345,5349
5477. 5346,5347
5478. 5347,5348
5479. 5363,5350
5480. 5350,5356
5481. 5351,5352
5482. 5352,5353
5483. 5353,5354
5484. 5354,5355
5485. 5355,5390
5486. 5356,5357
5487. 5358,5359
5488. 5359,5360
5489. 5360,5361
5490. 5362,5364
5491. 5364,5365
5492. 5366,5367
5493. 5370,5371
5494. 5371,5372
5495. 5372,5403
5496. 5373,5374
5497. 5375,5378
5498. 5377,5376
5499. 5379,5380
5500. 5382,5383
5501. 5383,5385
5502. 5385,5456
5503. 5389,5386
5504. 5386,5388
5505. 5387,5389
5506. 5388,5471
5507. 5390,5391
5508. 5391,5392
5509. 5392,5393
5510. 5393,5394
5511. 5394,5395
5512. 5395,5396
5513. 5396,5397
5514. 5397,5477
5515. 5398,5400
5516. 5400,5399
5517. 5399,5491
5518. 5401,5402
5519. 5406,5404
5520. 5405,5406
5521. 5409,5408
5522. 5408,5412
5523. 5410,5448
5524. 5415,5411
5525. 5411,5449
5526. 5412,5413
5527. 5417,5418
5528. 5459,5419
5529. 5419,5420
5530. 5423,5421
5531. 5430,5424
5532. 5424,5426
5533. 5426,5425
5534. 5429,5428
5535. 5428,5430
5536. 5431,5433
5537. 5433,5432
5538. 5434,5435
5539. 5435,5436
5540. 5438,5437
5541. 5437,5472
5542. 5443,5439
5543. 5446,5440
5544. 5440,5444
5545. 5442,5441
5546. 5441,5443
5547. 5444,5442
5548. 5448,5447
5549. 5447,5475
5550. 5454,5450
5551. 5450,5451
5552. 5451,5457
5553. 5453,5452
5554. 5452,5454
5555. 5456,5453
5556. 5457,5455
5557. 5458,5462
5558. 5461,5459
5559. 5463,5460
5560. 5460,5461
5561. 5462,5463
5562. 5467,5464
5563. 5464,5468
5564. 5468,5465
5565. 5488,5466
5566. 5466,5467
5567. 5471,5469
5568. 5469,5470
5569. 5472,5474
5570. 5474,5473
5571. 5543,5476
5572. 5476,5478
5573. 5477,5538
5574. 5478,5479
5575. 5479,5480
5576. 5489,5481
5577. 5481,5483
5578. 5485,5482
5579. 5482,5487
5580. 5483,5488
5581. 5484,5485
5582. 5486,5489
5583. 5492,5490
5584. 5490,5494
5585. 5491,5492
5586. 5497,5493
5587. 5493,5495
5588. 5494,5497
5589. 5495,5498
5590. 5498,5496
5591. 5499,5500
5592. 5500,5501
5593. 5501,5502
5594. 5502,5503
5595. 5504,5505
5596. 5507,5508
5597. 5508,5509
5598. 5509,5510
5599. 5510,5511
5600. 5511,5512
5601. 5517,5513
5602. 5513,5515
5603. 5523,5519
5604. 5519,5520
5605. 5520,5521
5606. 5522,5523
5607. 5527,5524
5608. 5529,5525
5609. 5525,5526
5610. 5526,5528
5611. 5531,5530
5612. 5532,5533
5613. 5536,5534
5614. 5534,5535
5615. 5539,5540
5616. 5540,5541
5617. 5541,5542
5618. 5542,5543
5619. 5545,5546
5620. 5546,5547
5621. 5547,5552
5622. 5550,5548
5623. 5553,5551
5624. 5552,5553
5625. 5556,5554
5626. 5555,5558
5627. 5558,5557
5628. 5559,5560
5629. 5560,5561
5630. 5561,5563
5631. 5564,5562
5632. 5563,5564
5633. 5567,5565
5634. 5565,5566
5635. 5566,5568
5636. 5571,5567
5637. 5568,5570
5638. 5570,5569
5639. 5569,5573
5640. 5571,5575
5641. 5571,5587
5642. 5573,5572
5643. 5572,5593
5644. 5575,5574
5645. 5578,5576
5646. 5576,5579
5647. 5577,5578
5648. 5582,5580
5649. 5581,5582
5650. 5585,5583
5651. 5583,5588
5652. 5587,5584
5653. 5584,5586
5654. 5586,5585
5655. 5597,5589
5656. 5589,5594
5657. 5594,5590
5658. 5590,5591
5659. 5591,5592
5660. 5595,5596
5661. 5596,5597
5662. 5600,5598
5663. 5598,5603
5664. 5605,5599
5665. 5599,5602
5666. 5610,5600
5667. 5607,5601
5668. 5601,5604
5669. 5602,5610
5670. 5603,5606
5671. 5604,5605
5672. 5609,5607
5673. 5608,5609
5674. 5611,5615
5675. 5618,5611
5676. 5611,5622
5677. 5617,5612
5678. 5623,5612
5679. 5612,5618
5680. 5625,5613
5681. 5613,5614
5682. 5613,5620
5683. 5614,7803
5684. 5616,5617
5685. 5622,5619
5686. 5619,5621
5687. 5620,5623
5688. 5624,5626
5689. 5626,5625
5690. 5705,5627
5691. 5627,5649
5692. 5723,5627
5693. 5746,5628
5694. 5628,5750
5695. 5628,5766
5696. 5838,5629
5697. 5629,5802
5698. 5629,5820
5699. 5831,5630
5700. 5630,5835
5701. 5848,5630
5702. 5630,5850
5703. 5909,5631
5704. 5631,5903
5705. 5631,5908
5706. 5633,5632
5707. 5632,5987
5708. 5999,5632
5709. 5988,5633
5710. 5633,6004
5711. 6012,5634
5712. 5634,6010
5713. 5634,6044
5714. 6030,5635
5715. 5635,6035
5716. 5635,6050
5717. 5653,5636
5718. 5636,5643
5719. 5639,5637
5720. 5637,5651
5721. 5644,5638
5722. 5638,5641
5723. 5661,5639
5724. 5660,5640
5725. 5640,5655
5726. 5641,5648
5727. 5643,5642
5728. 5642,5660
5729. 5657,5644
5730. 5648,5645
5731. 5645,5654
5732. 5649,5646
5733. 5646,5650
5734. 5652,5647
5735. 5647,5658
5736. 5650,5659
5737. 5651,5652
5738. 5654,5653
5739. 5655,5656
5740. 5658,5657
5741. 5659,5661
5742. 5667,5662
5743. 5662,5663
5744. 5663,5665
5745. 5665,5664
5746. 5664,5666
5747. 5666,5668
5748. 5669,5667
5749. 5693,5669
5750. 5739,5670
5751. 5670,5740
5752. 5679,5671
5753. 5671,5675
5754. 5681,5672
5755. 5672,5698
5756. 5699,5673
5757. 5673,5701
5758. 5682,5674
5759. 5674,5693
5760. 5675,5678
5761. 5698,5676
5762. 5676,5703
5763. 5691,5677
5764. 5677,5699
5765. 5678,5695
5766. 5701,5679
5767. 5741,5680
5768. 5680,5697
5769. 5702,5681
5770. 5694,5682
5771. 5697,5683
5772. 5683,5688
5773. 5700,5684
5774. 5684,5696
5775. 5692,5685
5776. 5685,5691
5777. 5688,5686
5778. 5686,5687
5779. 5687,5692
5780. 5690,5689
5781. 5689,5702
5782. 5696,5690
5783. 5703,5694
5784. 5695,5700
5785. 5709,5704
5786. 5704,5719
5787. 5714,5705
5788. 5752,5706
5789. 5706,5709
5790. 5719,5707
5791. 5707,5718
5792. 5716,5708
5793. 5708,5711
5794. 5715,5710
5795. 5710,5713
5796. 5711,5715
5797. 5713,5712
5798. 5712,5714
5799. 5717,5716
5800. 5718,5717
5801. 5721,5720
5802. 5720,5724
5803. 5732,5721
5804. 5728,5722
5805. 5722,5731
5806. 5730,5723
5807. 5724,5726
5808. 5731,5725
5809. 5725,5727
5810. 5726,5728
5811. 5727,5729
5812. 5729,5730
5813. 5733,5732
5814. 5783,5733
5815. 5743,5734
5816. 5734,5735
5817. 5735,5744
5818. 5745,5736
5819. 5736,5739
5820. 5738,5737
5821. 5737,5741
5822. 5742,5738
5823. 5740,5742
5824. 5755,5743
5825. 5744,5745
5826. 5749,5746
5827. 5812,5747
5828. 5747,5748
5829. 5748,5749
5830. 5750,5751
5831. 5751,5752
5832. 5762,5753
5833. 5753,5777
5834. 5765,5754
5835. 5754,5773
5836. 5757,5755
5837. 5769,5756
5838. 5756,5757
5839. 5774,5758
5840. 5758,5765
5841. 5776,5759
5842. 5759,5771
5843. 5778,5760
5844. 5760,5761
5845. 5761,5763
5846. 5773,5762
5847. 5763,5770
5848. 5775,5764
5849. 5764,5769
5850. 5766,5767
5851. 5767,5774
5852. 5772,5768
5853. 5768,5776
5854. 5770,5775
5855. 5771,5778
5856. 5777,5772
5857. 5798,5779
5858. 5779,5780
5859. 5780,5800
5860. 5799,5781
5861. 5781,5792
5862. 5786,5782
5863. 5782,5790
5864. 5795,5783
5865. 5823,5784
5866. 5784,5797
5867. 5790,5785
5868. 5785,5794
5869. 5796,5786
5870. 5794,5787
5871. 5787,5798
5872. 5800,5788
5873. 5788,5799
5874. 5793,5789
5875. 5789,5791
5876. 5791,5795
5877. 5792,5793
5878. 5797,5796
5879. 5802,5801
5880. 5801,5808
5881. 5807,5803
5882. 5803,5806
5883. 5805,5804
5884. 5804,5807
5885. 5808,5805
5886. 5806,5809
5887. 5809,6019
5888. 5811,5810
5889. 5810,5812
5890. 5815,5811
5891. 5817,5813
5892. 5813,5814
5893. 5814,5815
5894. 6033,5816
5895. 5816,5817
5896. 5822,5818
5897. 5818,5819
5898. 5819,5827
5899. 5820,5822
5900. 5824,5821
5901. 5821,5825
5902. 5829,5823
5903. 5826,5824
5904. 5825,5828
5905. 5827,5826
5906. 5828,5829
5907. 5835,5830
5908. 5830,5836
5909. 5834,5831
5910. 5836,5832
5911. 5833,5834
5912. 5846,5837
5913. 5837,5838
5914. 5842,5839
5915. 5839,5849
5916. 5841,5840
5917. 5840,5843
5918. 5847,5841
5919. 5843,5845
5920. 5845,5844
5921. 5844,5846
5922. 5850,5847
5923. 5849,5848
5924. 5855,5851
5925. 5851,5865
5926. 5862,5852
5927. 5852,5880
5928. 5871,5853
5929. 5853,5889
5930. 5887,5854
5931. 5854,5864
5932. 5881,5855
5933. 5880,5856
5934. 5856,5883
5935. 5876,5857
5936. 5857,5861
5937. 5865,5858
5938. 5858,5910
5939. 5883,5859
5940. 5859,5882
5941. 5869,5860
5942. 5860,5888
5943. 5861,5887
5944. 5878,5862
5945. 5868,5863
5946. 5863,5873
5947. 5864,5871
5948. 5875,5866
5949. 5866,5867
5950. 5867,5874
5951. 6047,5868
5952. 5889,5869
5953. 5886,5870
5954. 5870,5881
5955. 5885,5872
5956. 5872,5886
5957. 5873,5876
5958. 5874,5884
5959. 5877,5875
5960. 5879,5877
5961. 5888,5878
5962. 5882,5879
5963. 5884,5885
5964. 5907,5890
5965. 5890,5904
5966. 5895,5891
5967. 5891,5899
5968. 5898,5892
5969. 5892,5896
5970. 5894,5893
5971. 5893,5901
5972. 5897,5894
5973. 5896,5895
5974. 5904,5897
5975. 5900,5898
5976. 5899,5906
5977. 5901,5900
5978. 5905,5902
5979. 5902,5907
5980. 5903,5905
5981. 5906,5935
5982. 5908,5920
5983. 5912,5909
5984. 5910,5911
5985. 5911,5912
5986. 5916,5913
5987. 5913,5928
5988. 5924,5914
5989. 5914,5925
5990. 5925,5915
5991. 5915,5926
5992. 5929,5916
5993. 5919,5917
5994. 5917,5933
5995. 5928,5918
5996. 5918,5952
5997. 5922,5919
5998. 5920,5922
5999. 5927,5921
6000. 5921,5930
6001. 5931,5923
6002. 5923,5924
6003. 5926,5932
6004. 5933,5927
6005. 5932,5929
6006. 5930,5931
6007. 5941,5934
6008. 5934,5944
6009. 5935,5939
6010. 5942,5936
6011. 5936,5937
6012. 5937,5951
6013. 5940,5938
6014. 5938,5945
6015. 5939,5949
6016. 5944,5940
6017. 5947,5941
6018. 5945,5942
6019. 5950,5943
6020. 5943,5946
6021. 5946,5948
6022. 5949,5947
6023. 5951,5950
6024. 5952,5979
6025. 5956,5953
6026. 5953,5957
6027. 5968,5954
6028. 5954,5980
6029. 5965,5955
6030. 5955,5973
6031. 5980,5956
6032. 5957,6005
6033. 5962,5958
6034. 5958,5972
6035. 5966,5959
6036. 5959,5961
6037. 5974,5960
6038. 5960,5970
6039. 5961,5978
6040. 5977,5962
6041. 5973,5963
6042. 5963,5971
6043. 5978,5964
6044. 5964,5969
6045. 5975,5965
6046. 5976,5966
6047. 5979,5967
6048. 5967,5981
6049. 5970,5968
6050. 5969,5982
6051. 5971,5976
6052. 5972,5983
6053. 5983,5974
6054. 5981,5975
6055. 5982,5977
6056. 5986,5984
6057. 5990,5985
6058. 5985,5989
6059. 5989,5986
6060. 5987,5990
6061. 5991,5988
6062. 6075,5991
6063. 6007,5992
6064. 5992,5999
6065. 6005,5993
6066. 5993,6001
6067. 5998,5994
6068. 5994,5995
6069. 5995,6088
6070. 6000,5996
6071. 5996,6003
6072. 6003,5997
6073. 5997,6002
6074. 6004,5998
6075. 6006,6000
6076. 6001,6006
6077. 6002,6007
6078. 6019,6008
6079. 6008,6012
6080. 6015,6009
6081. 6009,6017
6082. 6010,6023
6083. 6020,6011
6084. 6011,6026
6085. 6021,6013
6086. 6013,6022
6087. 6024,6014
6088. 6014,6021
6089. 6022,6015
6090. 6025,6016
6091. 6016,6056
6092. 6017,6020
6093. 6023,6018
6094. 6018,6024
6095. 6027,6025
6096. 6026,6027
6097. 6046,6028
6098. 6028,6037
6099. 6045,6029
6100. 6029,6041
6101. 6038,6030
6102. 6037,6031
6103. 6031,6042
6104. 6043,6032
6105. 6032,6046
6106. 6035,6033
6107. 6036,6034
6108. 6034,6045
6109. 6044,6036
6110. 6042,6038
6111. 6040,6039
6112. 6039,6043
6113. 6041,6040
6114. 6052,6047
6115. 6053,6048
6116. 6048,6051
6117. 6050,6049
6118. 6049,6053
6119. 6051,6052
6120. 6060,6054
6121. 6054,6087
6122. 6064,6055
6123. 6055,6069
6124. 6056,6062
6125. 6059,6057
6126. 6057,6058
6127. 6058,6070
6128. 6069,6059
6129. 6061,6060
6130. 6068,6061
6131. 6062,6063
6132. 6063,6065
6133. 6067,6064
6134. 6065,6067
6135. 6070,6066
6136. 6066,6068
6137. 6072,6071
6138. 6071,6086
6139. 6078,6072
6140. 6084,6073
6141. 6073,6082
6142. 6076,6074
6143. 6074,6079
6144. 6080,6075
6145. 6087,6076
6146. 6081,6077
6147. 6077,6085
6148. 6082,6078
6149. 6079,6083
6150. 6085,6080
6151. 6086,6081
6152. 6083,6084
6153. 6088,6091
6154. 6091,6089
6155. 6089,6090
6156. 6090,6094
6157. 6096,6092
6158. 6092,6099
6159. 6101,6093
6160. 6093,6106
6161. 6094,6108
6162. 6110,6095
6163. 6095,6103
6164. 6102,6096
6165. 6103,6097
6166. 6097,6107
6167. 6104,6098
6168. 6098,6105
6169. 6099,6100
6170. 6100,6104
6171. 6109,6101
6172. 6107,6102
6173. 6106,6110
6174. 6108,6109
6175. 6167,6111
6176. 6111,6160
6177. 6111,6170
6178. 6173,6112
6179. 6112,6174
6180. 6112,6180
6181. 6247,6113
6182. 6113,6187
6183. 6190,6113
6184. 6233,6114
6185. 6114,6228
6186. 6207,6114
6187. 6116,6115
6188. 6130,6116
6189. 6122,6117
6190. 6117,6118
6191. 6118,6120
6192. 6144,6119
6193. 6119,6122
6194. 6120,6121
6195. 6131,6123
6196. 6127,6124
6197. 6124,6129
6198. 6128,6125
6199. 6125,6126
6200. 6126,6130
6201. 6150,6127
6202. 6129,6128
6203. 6135,6131
6204. 6138,6132
6205. 6132,6134
6206. 6143,6133
6207. 6133,6141
6208. 6134,6139
6209. 6139,6135
6210. 6177,6136
6211. 6136,6140
6212. 6140,6137
6213. 6137,6142
6214. 6141,6138
6215. 6142,6143
6216. 6151,6144
6217. 6154,6145
6218. 6145,6149
6219. 6153,6146
6220. 6146,6150
6221. 6160,6147
6222. 6147,6148
6223. 6148,6152
6224. 6149,6153
6225. 6150,6151
6226. 6155,6151
6227. 6152,6154
6228. 6159,6155
6229. 6158,6156
6230. 6156,6157
6231. 6157,6159
6232. 6206,6158
6233. 6162,6161
6234. 6161,6164
6235. 6163,6162
6236. 6168,6163
6237. 6164,6166
6238. 6166,6165
6239. 6165,6167
6240. 6185,6168
6241. 6171,6169
6242. 6169,6224
6243. 6170,6171
6244. 6182,6172
6245. 6172,6176
6246. 6176,6173
6247. 6174,6175
6248. 6175,6189
6249. 6179,6177
6250. 6180,6178
6251. 6178,6179
6252. 6183,6181
6253. 6181,6184
6254. 6184,6182
6255. 14542,6183
6256. 6188,6185
6257. 6187,6186
6258. 6186,6188
6259. 6189,6195
6260. 6191,6190
6261. 6194,6191
6262. 6195,6192
6263. 6192,6193
6264. 6193,6194
6265. 6199,6196
6266. 6196,6201
6267. 6201,6197
6268. 6197,6198
6269. 6198,6204
6270. 6200,6199
6271. 6205,6200
6272. 6204,6202
6273. 6232,6203
6274. 6203,6205
6275. 6208,6207
6276. 6210,6208
6277. 6226,6209
6278. 6209,6210
6279. 6220,6211
6280. 6211,6212
6281. 6212,6214
6282. 6241,6213
6283. 6213,6236
6284. 6214,6217
6285. 6219,6215
6286. 6215,6216
6287. 6216,6220
6288. 6217,6241
6289. 6218,6221
6290. 6221,6219
6291. 6225,6222
6292. 6222,6226
6293. 6227,6223
6294. 6223,6225
6295. 6224,6227
6296. 6228,6230
6297. 6231,6229
6298. 6229,6234
6299. 6230,6231
6300. 6234,6232
6301. 6235,6233
6302. 6246,6235
6303. 6236,6239
6304. 6243,6237
6305. 6237,6240
6306. 6240,6238
6307. 6238,6244
6308. 6239,6243
6309. 6244,6242
6310. 6243,6245
6311. 6245,6246
6312. 6248,6247
6313. 6251,6248
6314. 6249,6250
6315. 6250,6252
6316. 6252,6251
6317. 6255,6253
6318. 6253,6257
6319. 6275,6254
6320. 6254,6255
6321. 6257,6256
6322. 6267,6258
6323. 6258,6271
6324. 6260,6259
6325. 6259,6265
6326. 6273,6260
6327. 6270,6261
6328. 6261,6266
6329. 6272,6262
6330. 6262,6270
6331. 6264,6263
6332. 6263,6326
6333. 6271,6264
6334. 6265,6267
6335. 6266,6269
6336. 6269,6268
6337. 6268,6273
6338. 6280,6274
6339. 6274,6298
6340. 6308,6275
6341. 6292,6276
6342. 6276,6305
6343. 6294,6277
6344. 6277,6295
6345. 6287,6278
6346. 6278,6289
6347. 6352,6279
6348. 6279,6285
6349. 6302,6280
6350. 6285,6281
6351. 6281,6297
6352. 6303,6282
6353. 6282,6288
6354. 6288,6283
6355. 6283,6299
6356. 6305,6284
6357. 6284,6303
6358. 6299,6286
6359. 6286,6290
6360. 6296,6287
6361. 6289,6291
6362. 6290,6308
6363. 6291,6300
6364. 6306,6292
6365. 6304,6293
6366. 6293,6306
6367. 6298,6294
6368. 6295,6301
6369. 6301,6296
6370. 6297,6307
6371. 6300,6304
6372. 6307,6302
6373. 6311,6309
6374. 6309,6323
6375. 6312,6310
6376. 6310,6315
6377. 6315,6311
6378. 6319,6312
6379. 6317,6313
6380. 6313,6320
6381. 6316,6314
6382. 6314,6317
6383. 6323,6316
6384. 6320,6318
6385. 6318,6322
6386. 6321,6319
6387. 6499,6321
6388. 6340,6324
6389. 6324,6343
6390. 6332,6325
6391. 6325,6341
6392. 6326,6335
6393. 6330,6327
6394. 6327,6331
6395. 6342,6328
6396. 6328,6337
6397. 6343,6329
6398. 6329,6334
6399. 6335,6330
6400. 6331,6338
6401. 6344,6332
6402. 6341,6333
6403. 6333,6340
6404. 6334,6336
6405. 6336,6339
6406. 6337,6376
6407. 6338,6344
6408. 6339,6342
6409. 6350,6345
6410. 6345,6346
6411. 6346,6351
6412. 6362,6347
6413. 6347,6350
6414. 6353,6348
6415. 6348,6354
6416. 6354,6349
6417. 6349,6352
6418. 6351,6353
6419. 6406,6355
6420. 6355,6359
6421. 6364,6356
6422. 6356,6366
6423. 6367,6357
6424. 6357,6361
6425. 6359,6358
6426. 6358,6919
6427. 6363,6360
6428. 6360,6362
6429. 6361,6365
6430. 6365,6363
6431. 6919,6364
6432. 6366,6367
6433. 6375,6368
6434. 6368,6373
6435. 6378,6369
6436. 6369,6375
6437. 6371,6370
6438. 6370,6374
6439. 6376,6371
6440. 6373,6372
6441. 6372,6377
6442. 6374,6378
6443. 6377,6393
6444. 6937,6379
6445. 6379,6387
6446. 6393,6380
6447. 6380,6392
6448. 6391,6381
6449. 6381,6383
6450. 6392,6382
6451. 6382,6384
6452. 6383,6386
6453. 6384,6938
6454. 6387,6385
6455. 6385,6391
6456. 6386,6389
6457. 6938,6388
6458. 6388,6390
6459. 6389,6526
6460. 6390,6937
6461. 6522,6394
6462. 6394,6398
6463. 6397,6395
6464. 6395,6396
6465. 6396,6399
6466. 6398,6397
6467. 6399,6937
6468. 6402,6400
6469. 6400,6406
6470. 6403,6401
6471. 6401,6405
6472. 6404,6402
6473. 6409,6403
6474. 6405,6404
6475. 6411,6407
6476. 6407,6413
6477. 6418,6408
6478. 6408,6420
6479. 6421,6409
6480. 6419,6410
6481. 6410,6422
6482. 6438,6411
6483. 6413,6412
6484. 6412,6418
6485. 6970,6414
6486. 6414,6415
6487. 6415,6416
6488. 6416,6417
6489. 6417,6419
6490. 6420,6970
6491. 6422,6421
6492. 6652,6423
6493. 6423,6437
6494. 6432,6424
6495. 6424,6434
6496. 6433,6425
6497. 6425,6426
6498. 6426,6978
6499. 6437,6427
6500. 6427,6430
6501. 6436,6428
6502. 6428,6435
6503. 6434,6429
6504. 6429,6436
6505. 6430,6431
6506. 6431,6432
6507. 6435,6433
6508. 6442,6438
6509. 6443,6439
6510. 6439,6440
6511. 6440,7001
6512. 6467,6441
6513. 6441,6443
6514. 7002,6442
6515. 7002,6444
6516. 6444,6455
6517. 6448,6445
6518. 6445,6450
6519. 6455,6446
6520. 6446,6453
6521. 6978,6447
6522. 6447,6452
6523. 6456,6448
6524. 6454,6449
6525. 6449,6456
6526. 6450,6457
6527. 6453,6451
6528. 6451,6460
6529. 6452,6454
6530. 6457,7001
6531. 6460,6458
6532. 6458,6459
6533. 6459,6461
6534. 6461,7004
6535. 6464,6462
6536. 6462,7005
6537. 6488,6463
6538. 6463,6464
6539. 6672,6465
6540. 6465,6471
6541. 6471,6466
6542. 6466,6472
6543. 6478,6467
6544. 6477,6468
6545. 6468,6474
6546. 6473,6469
6547. 6469,6476
6548. 6475,6470
6549. 6470,6478
6550. 6472,6473
6551. 6474,6475
6552. 6476,6477
6553. 6679,6479
6554. 6479,6483
6555. 6485,6480
6556. 6480,6491
6557. 6484,6481
6558. 6481,6482
6559. 6482,6485
6560. 6483,6484
6561. 6487,6486
6562. 6486,6489
6563. 6491,6487
6564. 6492,6488
6565. 6489,6490
6566. 6490,6492
6567. 6496,6493
6568. 6493,6494
6569. 6494,6498
6570. 6511,6495
6571. 6495,7006
6572. 6500,6496
6573. 7006,6497
6574. 6497,6503
6575. 6498,6499
6576. 6501,6500
6577. 6502,6501
6578. 6503,6502
6579. 6508,6504
6580. 6504,6507
6581. 6506,6505
6582. 6505,6508
6583. 7035,6506
6584. 6506,7025
6585. 6507,6838
6586. 6510,6509
6587. 6509,6512
6588. 6561,6510
6589. 6512,6511
6590. 6516,6513
6591. 6513,6521
6592. 6518,6514
6593. 6514,6516
6594. 6517,6515
6595. 6515,6518
6596. 6528,6517
6597. 6521,6519
6598. 6519,6520
6599. 6520,6522
6600. 6524,6523
6601. 6523,6525
6602. 6526,6524
6603. 6525,6546
6604. 6533,6527
6605. 6527,6528
6606. 6531,6529
6607. 6529,6530
6608. 6530,6533
6609. 6532,6531
6610. 7063,6532
6611. 6537,6534
6612. 6534,6538
6613. 6536,6535
6614. 6535,6537
6615. 6577,6536
6616. 6538,7063
6617. 6544,6539
6618. 6539,6540
6619. 6540,6542
6620. 6543,6541
6621. 6541,7076
6622. 6542,6543
6623. 6547,6544
6624. 6546,6545
6625. 6545,7068
6626. 7068,6547
6627. 6559,6548
6628. 6548,6566
6629. 6563,6549
6630. 6549,6562
6631. 6566,6550
6632. 6550,6557
6633. 6558,6551
6634. 6551,6554
6635. 6557,6552
6636. 6552,6553
6637. 6553,6561
6638. 6554,6564
6639. 6556,6555
6640. 6555,6565
6641. 6564,6556
6642. 6562,6558
6643. 6560,6559
6644. 6565,6560
6645. 6571,6563
6646. 6568,6567
6647. 6567,6610
6648. 6569,6568
6649. 6755,6569
6650. 6601,6570
6651. 6570,6571
6652. 6576,6572
6653. 6572,6574
6654. 6578,6573
6655. 6573,6579
6656. 6574,6578
6657. 6609,6575
6658. 6575,6576
6659. 6579,6577
6660. 6588,6580
6661. 6580,6587
6662. 7076,6581
6663. 6581,6588
6664. 6587,6582
6665. 6582,6585
6666. 6584,6583
6667. 6583,7079
6668. 6586,6584
6669. 6585,6586
6670. 7079,6589
6671. 6589,6621
6672. 6595,6590
6673. 6590,6594
6674. 6592,6591
6675. 6591,6595
6676. 6623,6592
6677. 6594,6593
6678. 6593,6705
6679. 6598,6596
6680. 6596,6597
6681. 6597,6717
6682. 6625,6598
6683. 6620,6599
6684. 6599,6603
6685. 6603,6600
6686. 6600,6604
6687. 7081,6601
6688. 6604,6602
6689. 6602,6605
6690. 6605,7080
6691. 6610,6606
6692. 6606,6607
6693. 6607,6611
6694. 6611,6608
6695. 6608,7081
6696. 7080,6609
6697. 6613,6612
6698. 6612,6619
6699. 6614,6613
6700. 6615,6614
6701. 6616,6615
6702. 6617,6616
6703. 6618,6617
6704. 7079,6618
6705. 6619,6622
6706. 6621,6620
6707. 6622,6631
6708. 7082,6623
6709. 6635,6624
6710. 6624,7082
6711. 6626,6625
6712. 6627,6626
6713. 7082,6627
6714. 6629,6628
6715. 6628,6634
6716. 6630,6629
6717. 6631,6630
6718. 6634,6632
6719. 6632,6633
6720. 6633,7085
6721. 7097,6635
6722. 7088,6635
6723. 7085,6636
6724. 6636,6637
6725. 6637,6638
6726. 6638,6639
6727. 6639,6640
6728. 6640,6641
6729. 6641,7087
6730. 7103,6642
6731. 6642,6644
6732. 6645,6643
6733. 6643,7104
6734. 6644,6658
6735. 6659,6645
6736. 6658,6646
6737. 6646,6653
6738. 7121,6647
6739. 6647,6657
6740. 6657,6648
6741. 6648,6650
6742. 6651,6649
6743. 6649,6656
6744. 6650,6654
6745. 6654,6651
6746. 6656,6652
6747. 6653,6655
6748. 6655,7121
6749. 6664,6659
6750. 6663,6660
6751. 6660,6665
6752. 6665,6661
6753. 6661,6662
6754. 6662,6664
6755. 6704,6663
6756. 6687,6666
6757. 6666,6670
6758. 6668,6667
6759. 6667,7142
6760. 6670,6668
6761. 7143,6669
6762. 6669,7144
6763. 6669,7152
6764. 7144,6671
6765. 6671,6672
6766. 6677,6673
6767. 6673,6679
6768. 6676,6674
6769. 6674,6677
6770. 7144,6675
6771. 6675,6678
6772. 7152,6675
6773. 6680,6676
6774. 6678,6680
6775. 7153,6681
6776. 6681,6684
6777. 6684,6682
6778. 6682,6689
6779. 6692,6683
6780. 6683,6685
6781. 6685,6694
6782. 6693,6686
6783. 6686,7153
6784. 6691,6687
6785. 6694,6688
6786. 6688,6690
6787. 6689,6692
6788. 6690,6691
6789. 6735,6693
6790. 6716,6695
6791. 6695,6701
6792. 6749,6696
6793. 6696,6699
6794. 6701,6697
6795. 6697,6700
6796. 6699,6698
6797. 6698,7153
6798. 6700,6745
6799. 6705,6702
6800. 6702,6706
6801. 6706,6703
6802. 6703,6704
6803. 6729,6707
6804. 6707,6715
6805. 6731,6708
6806. 6708,6724
6807. 6720,6709
6808. 6709,6727
6809. 6721,6710
6810. 6710,6722
6811. 6727,6711
6812. 6711,6726
6813. 6713,6712
6814. 6712,6714
6815. 6715,6713
6816. 6714,6723
6817. 6725,6716
6818. 6717,6731
6819. 6724,6718
6820. 6718,6728
6821. 6723,6719
6822. 6719,6730
6823. 6730,6720
6824. 6726,6721
6825. 6722,6725
6826. 6728,6729
6827. 6743,6732
6828. 6732,6737
6829. 6736,6733
6830. 6733,6739
6831. 6742,6734
6832. 6734,6736
6833. 6738,6735
6834. 6737,6742
6835. 6740,6738
6836. 6739,6740
6837. 7154,6741
6838. 6741,6743
6839. 6747,6744
6840. 6744,6749
6841. 6745,6746
6842. 6746,6748
6843. 6748,6747
6844. 6756,6750
6845. 6750,6758
6846. 6757,6751
6847. 6751,6759
6848. 6753,6752
6849. 6752,6754
6850. 6760,6753
6851. 6754,6757
6852. 6761,6755
6853. 6790,6756
6854. 6758,6760
6855. 6759,6762
6856. 6762,6761
6857. 6769,6763
6858. 6763,6770
6859. 6766,6764
6860. 6764,6768
6861. 6767,6765
6862. 6765,6769
6863. 6770,6766
6864. 7155,6767
6865. 6768,6795
6866. 6776,6771
6867. 6771,6772
6868. 6772,6774
6869. 6783,6773
6870. 6773,6775
6871. 6774,6780
6872. 6775,6776
6873. 6781,6777
6874. 6777,6783
6875. 6782,6778
6876. 6778,7155
6877. 6807,6779
6878. 6779,6781
6879. 6780,6782
6880. 6857,6784
6881. 6784,6789
6882. 6789,6785
6883. 6785,6786
6884. 6786,6788
6885. 6788,6787
6886. 6787,7157
6887. 6792,6790
6888. 7157,6791
6889. 6791,6792
6890. 6797,6793
6891. 6793,6796
6892. 6798,6794
6893. 6794,6797
6894. 6795,6798
6895. 6796,7156
6896. 6803,6799
6897. 6799,6801
6898. 6806,6800
6899. 6800,6805
6900. 6801,6806
6901. 6805,6802
6902. 6802,6804
6903. 7157,6803
6904. 6804,6807
6905. 6813,6808
6906. 6808,6875
6907. 6815,6809
6908. 6809,6812
6909. 6819,6810
6910. 6810,6818
6911. 6818,6811
6912. 6811,6815
6913. 6812,6813
6914. 6816,6814
6915. 6814,6817
6916. 7167,6816
6917. 6817,6819
6918. 6828,6820
6919. 6820,6835
6920. 6826,6821
6921. 6821,6829
6922. 6839,6822
6923. 6822,6843
6924. 6838,6823
6925. 6823,6834
6926. 6845,6824
6927. 6824,6841
6928. 6835,6825
6929. 6825,6845
6930. 6843,6826
6931. 6844,6827
6932. 6827,6833
6933. 6840,6828
6934. 6829,6830
6935. 6830,6840
6936. 6832,6831
6937. 6831,6844
6938. 6834,6832
6939. 6833,6839
6940. 6841,6836
6941. 6836,6842
6942. 6842,6837
6943. 6837,7168
6944. 6850,6846
6945. 6846,6847
6946. 6847,6854
6947. 6852,6848
6948. 6848,6851
6949. 6851,6849
6950. 6849,6850
6951. 7174,6852
6952. 6854,6853
6953. 6853,6863
6954. 6859,6855
6955. 6855,6857
6956. 6858,6856
6957. 6856,6859
6958. 6862,6858
6959. 6874,6860
6960. 6860,7174
6961. 7174,6861
6962. 6861,6862
6963. 6863,6866
6964. 6866,6864
6965. 6864,6870
6966. 6870,6865
6967. 6865,6868
6968. 6868,6867
6969. 6867,6869
6970. 6869,7175
6971. 6872,6871
6972. 6871,6873
6973. 6875,6872
6974. 6873,6876
6975. 6877,6874
6976. 6876,6877
6977. 6896,6878
6978. 6878,6892
6979. 6891,6879
6980. 6879,6883
6981. 6886,6880
6982. 6880,6885
6983. 6885,6881
6984. 6881,6882
6985. 6882,6888
6986. 6883,6896
6987. 6889,6884
6988. 6884,6891
6989. 6912,6886
6990. 6890,6887
6991. 6887,6895
6992. 6888,6893
6993. 6893,6889
6994. 6892,6890
6995. 6895,6894
6996. 6900,6897
6997. 6897,6902
6998. 6911,6898
6999. 6898,6909
7000. 6906,6899
7001. 6899,6918
7002. 6914,6900
7003. 6903,6901
7004. 6901,6904
7005. 6902,6911
7006. 6916,6903
7007. 6904,6908
7008. 6918,6905
7009. 6905,6907
7010. 6917,6906
7011. 6907,6915
7012. 6908,6910
7013. 6909,6917
7014. 6910,6912
7015. 6925,6913
7016. 6913,6914
7017. 6915,6916
7018. 6921,6919
7019. 6963,6920
7020. 6920,6922
7021. 6923,6921
7022. 6922,6923
7023. 6926,6924
7024. 6924,6925
7025. 6928,6926
7026. 6931,6927
7027. 6927,6928
7028. 6933,6929
7029. 6929,6936
7030. 6934,6930
7031. 6930,6931
7032. 6935,6932
7033. 6932,6934
7034. 6940,6933
7035. 6936,6935
7036. 6938,6939
7037. 6939,6944
7038. 6943,6940
7039. 6942,6941
7040. 6941,6945
7041. 6944,6942
7042. 6945,6943
7043. 6968,6946
7044. 6946,6955
7045. 6966,6947
7046. 6947,6969
7047. 6953,6948
7048. 6948,6968
7049. 6958,6949
7050. 6949,6956
7051. 6954,6950
7052. 6950,6962
7053. 6967,6951
7054. 6951,6954
7055. 6964,6952
7056. 6952,6960
7057. 6961,6953
7058. 6955,6964
7059. 6956,6957
7060. 6957,6961
7061. 6959,6958
7062. 6965,6959
7063. 6960,6966
7064. 6962,6965
7065. 6969,6963
7066. 6991,6967
7067. 6974,6970
7068. 6973,6971
7069. 6971,6976
7070. 6975,6972
7071. 6972,6973
7072. 6977,6974
7073. 6980,6975
7074. 6976,6977
7075. 6978,6979
7076. 6979,6980
7077. 7106,6981
7078. 6981,6988
7079. 6983,6982
7080. 6982,6985
7081. 6990,6983
7082. 6987,6984
7083. 6984,6990
7084. 6985,6986
7085. 6986,6989
7086. 6988,6987
7087. 6989,6991
7088. 6998,6992
7089. 6992,6993
7090. 6993,6994
7091. 6994,6995
7092. 6995,7000
7093. 7112,6996
7094. 6996,6999
7095. 6999,6997
7096. 6997,6998
7097. 7000,7113
7098. 7001,7003
7099. 7003,7002
7100. 7004,17508
7101. 7005,17518
7102. 7014,7006
7103. 7012,7007
7104. 7007,7010
7105. 7016,7008
7106. 7008,7014
7107. 7013,7009
7108. 7009,7015
7109. 7010,7016
7110. 7021,7011
7111. 7011,7013
7112. 7015,7012
7113. 7019,7017
7114. 7017,7022
7115. 7027,7018
7116. 7018,7026
7117. 7024,7019
7118. 7025,7020
7119. 7020,7024
7120. 7023,7021
7121. 7022,7027
7122. 7026,7023
7123. 7034,7028
7124. 7028,7045
7125. 7036,7029
7126. 7029,7039
7127. 7040,7030
7128. 7030,7031
7129. 7031,7042
7130. 7043,7032
7131. 7032,7038
7132. 7045,7033
7133. 7033,7036
7134. 7037,7034
7135. 7039,7035
7136. 7044,7037
7137. 7038,7040
7138. 7041,7043
7139. 7042,7046
7140. 7046,7044
7141. 7055,7047
7142. 7047,7052
7143. 7056,7048
7144. 7048,7051
7145. 7053,7049
7146. 7049,7055
7147. 7051,7050
7148. 7050,7053
7149. 7052,7118
7150. 7070,7054
7151. 7054,7056
7152. 7066,7057
7153. 7057,7064
7154. 7064,7058
7155. 7058,7060
7156. 7067,7059
7157. 7059,7066
7158. 7060,7061
7159. 7061,7065
7160. 7065,7062
7161. 7062,7063
7162. 7077,7067
7163. 7068,7073
7164. 7072,7069
7165. 7069,7075
7166. 7075,7070
7167. 7073,7071
7168. 7071,7074
7169. 7074,7072
7170. 7076,7078
7171. 7078,7077
7172. 7081,7080
7173. 7091,7083
7174. 7083,7084
7175. 7085,7086
7176. 7086,7094
7177. 7089,7087
7178. 7087,7098
7179. 7092,7088
7180. 7090,7089
7181. 7091,7090
7182. 7155,7091
7183. 7093,7092
7184. 7094,7093
7185. 7100,7095
7186. 7095,7096
7187. 7096,7099
7188. 7102,7097
7189. 7098,7100
7190. 7099,7101
7191. 7101,7102
7192. 7104,7103
7193. 7103,7111
7194. 7114,7104
7195. 7110,7105
7196. 7105,7108
7197. 7109,7106
7198. 7111,7107
7199. 7107,7110
7200. 7108,7109
7201. 7119,7112
7202. 7113,7117
7203. 7120,7114
7204. 7117,7115
7205. 7115,7116
7206. 7116,7120
7207. 7118,7119
7208. 7121,7134
7209. 7126,7122
7210. 7122,7127
7211. 7134,7123
7212. 7123,7133
7213. 7132,7124
7214. 7124,7130
7215. 7137,7125
7216. 7125,7132
7217. 7129,7126
7218. 7127,7135
7219. 7135,7128
7220. 7128,7136
7221. 7133,7129
7222. 7130,7131
7223. 7131,7146
7224. 7136,7138
7225. 7138,7137
7226. 7140,7139
7227. 7139,7143
7228. 7141,7140
7229. 7142,7141
7230. 7147,7142
7231. 7143,7144
7232. 7149,7145
7233. 7145,7150
7234. 7146,7149
7235. 7151,7147
7236. 7150,7148
7237. 7148,7151
7238. 15944,7154
7239. 7156,15948
7240. 7161,7158
7241. 7158,7172
7242. 7160,7159
7243. 7159,7161
7244. 7162,7167
7245. 7168,7162
7246. 7162,7163
7247. 7163,7164
7248. 7164,7165
7249. 7165,7166
7250. 7167,7168
7251. 7173,7169
7252. 7169,7181
7253. 7171,7170
7254. 7170,7173
7255. 7172,7171
7256. 7175,15765
7257. 7178,7176
7258. 7176,7179
7259. 7181,7177
7260. 7177,7180
7261. 7180,7178
7262. 7179,7182
7263. 7182,7183
7264. 7183,16157
7265. 7194,7184
7266. 7184,7186
7267. 7199,7185
7268. 7185,7193
7269. 7186,7192
7270. 7215,7187
7271. 7187,7214
7272. 7200,7188
7273. 7188,7189
7274. 7189,7195
7275. 7192,7190
7276. 7190,7203
7277. 7195,7191
7278. 7191,7194
7279. 7193,7200
7280. 7203,7196
7281. 7196,7215
7282. 7347,7197
7283. 7197,7204
7284. 7205,7198
7285. 7198,7206
7286. 7202,7199
7287. 7204,7201
7288. 7201,7464
7289. 7206,7202
7290. 7464,7205
7291. 7212,7207
7292. 7207,7208
7293. 7208,7209
7294. 7209,7220
7295. 7211,7210
7296. 7210,7212
7297. 7213,7211
7298. 7214,7213
7299. 7219,7216
7300. 7216,7485
7301. 7218,7217
7302. 7217,7219
7303. 7221,7218
7304. 7220,7221
7305. 7231,7222
7306. 7222,7237
7307. 7226,7223
7308. 7223,7486
7309. 7230,7224
7310. 7224,7225
7311. 7225,7236
7312. 7236,7226
7313. 7234,7227
7314. 7227,7228
7315. 7228,7230
7316. 7233,7229
7317. 7229,7235
7318. 7235,7231
7319. 7237,7232
7320. 7232,7234
7321. 7242,7233
7322. 7240,7238
7323. 7238,7270
7324. 7241,7239
7325. 7239,7245
7326. 7247,7240
7327. 7243,7241
7328. 7272,7242
7329. 7248,7243
7330. 7245,7244
7331. 7244,7493
7332. 7258,7246
7333. 7246,7274
7334. 7249,7247
7335. 7270,7248
7336. 7274,7249
7337. 7493,7250
7338. 7250,7251
7339. 7251,7267
7340. 7254,7252
7341. 7252,7288
7342. 7299,7253
7343. 7253,7254
7344. 7414,7255
7345. 7255,7273
7346. 7262,7256
7347. 7256,7522
7348. 7271,7257
7349. 7257,7268
7350. 7264,7258
7351. 7269,7259
7352. 7259,7275
7353. 7265,7260
7354. 7260,7261
7355. 7261,7262
7356. 7268,7263
7357. 7263,7272
7358. 7273,7264
7359. 7275,7265
7360. 7267,7266
7361. 7266,7269
7362. 7522,7271
7363. 7288,7276
7364. 7276,7286
7365. 7278,7277
7366. 7277,7522
7367. 7287,7278
7368. 7282,7279
7369. 7279,7290
7370. 7284,7280
7371. 7280,7285
7372. 7289,7281
7373. 7281,7283
7374. 7283,7282
7375. 7290,7284
7376. 7285,7287
7377. 7286,7289
7378. 7296,7291
7379. 7291,7304
7380. 7307,7292
7381. 7292,7305
7382. 7297,7293
7383. 7293,7294
7384. 7294,7306
7385. 7306,7295
7386. 7295,7302
7387. 7302,7296
7388. 7303,7297
7389. 7304,7298
7390. 7298,7307
7391. 7301,7299
7392. 7314,7300
7393. 7300,7303
7394. 7305,7301
7395. 7318,7308
7396. 7308,7333
7397. 7311,7309
7398. 7309,7317
7399. 7312,7310
7400. 7310,7320
7401. 7315,7311
7402. 7538,7312
7403. 7327,7313
7404. 7313,7319
7405. 7330,7314
7406. 7320,7315
7407. 7321,7316
7408. 7316,7332
7409. 7317,7331
7410. 7331,7318
7411. 7319,7330
7412. 7339,7321
7413. 7326,7322
7414. 7322,7340
7415. 7523,7323
7416. 7323,7324
7417. 7324,7326
7418. 7335,7325
7419. 7325,7523
7420. 7333,7327
7421. 7329,7328
7422. 7328,7538
7423. 7332,7329
7424. 7340,7334
7425. 7334,7341
7426. 7336,7335
7427. 7337,7336
7428. 7342,7337
7429. 7343,7338
7430. 7338,7344
7431. 7341,7339
7432. 7344,7342
7433. 7433,7343
7434. 7346,7345
7435. 7345,7347
7436. 7348,7346
7437. 7360,7348
7438. 7375,7349
7439. 7349,7352
7440. 7362,7350
7441. 7350,7543
7442. 7361,7351
7443. 7351,7355
7444. 7352,7361
7445. 7356,7353
7446. 7353,7358
7447. 7358,7354
7448. 7354,7363
7449. 7355,7356
7450. 7359,7357
7451. 7357,7542
7452. 7541,7359
7453. 7543,7360
7454. 7365,7362
7455. 7363,7541
7456. 7542,7364
7457. 7364,7365
7458. 7368,7366
7459. 7366,7370
7460. 7374,7367
7461. 7367,7368
7462. 7370,7369
7463. 7369,7373
7464. 7372,7371
7465. 7371,7375
7466. 7373,7372
7467. 7553,7374
7468. 7556,7376
7469. 7376,7378
7470. 7378,7377
7471. 7377,7400
7472. 7557,7379
7473. 7379,7380
7474. 7380,7554
7475. 7554,7381
7476. 7381,7556
7477. 7392,7382
7478. 7382,7389
7479. 7384,7383
7480. 7383,7391
7481. 7390,7384
7482. 7386,7385
7483. 7385,7392
7484. 7394,7386
7485. 7395,7387
7486. 7387,7393
7487. 7389,7388
7488. 7388,7390
7489. 7391,7395
7490. 7393,7413
7491. 7404,7394
7492. 7413,7396
7493. 7396,7414
7494. 7399,7397
7495. 7397,7408
7496. 7400,7398
7497. 7398,7569
7498. 7401,7399
7499. 7568,7401
7500. 7570,7402
7501. 7402,7404
7502. 7568,7403
7503. 7403,7405
7504. 7405,7570
7505. 7408,7406
7506. 7406,7412
7507. 7410,7407
7508. 7407,7409
7509. 7409,7411
7510. 7412,7410
7511. 7411,7416
7512. 7595,7415
7513. 7415,7434
7514. 7416,7419
7515. 7418,7417
7516. 7417,7595
7517. 7419,7418
7518. 7436,7420
7519. 7420,7424
7520. 7424,7421
7521. 7421,7599
7522. 7599,7422
7523. 7422,7438
7524. 7437,7423
7525. 7423,7441
7526. 7430,7425
7527. 7425,7431
7528. 7428,7426
7529. 7426,7432
7530. 7455,7427
7531. 7427,7428
7532. 7431,7429
7533. 7429,7433
7534. 7432,7430
7535. 7434,7601
7536. 7439,7435
7537. 7435,7436
7538. 7438,7437
7539. 7601,7439
7540. 7441,7440
7541. 7440,7443
7542. 7445,7442
7543. 7442,7446
7544. 7443,7445
7545. 7605,7444
7546. 7444,7606
7547. 7446,7447
7548. 7447,7605
7549. 7454,7448
7550. 7448,7449
7551. 7449,7457
7552. 7456,7450
7553. 7450,7458
7554. 7458,7451
7555. 7451,7463
7556. 7453,7452
7557. 7452,7462
7558. 7459,7453
7559. 7463,7454
7560. 7460,7455
7561. 7606,7456
7562. 7457,7461
7563. 7461,7459
7564. 7462,7460
7565. 7464,7465
7566. 7465,7466
7567. 7471,7467
7568. 7467,7477
7569. 7479,7468
7570. 7468,7483
7571. 7470,7469
7572. 7469,7473
7573. 7474,7470
7574. 7478,7471
7575. 7473,7472
7576. 7472,7478
7577. 7476,7474
7578. 7480,7475
7579. 7475,7484
7580. 7482,7476
7581. 7477,7496
7582. 7481,7479
7583. 7483,7480
7584. 7547,7481
7585. 7484,7482
7586. 7485,7486
7587. 7486,7491
7588. 7488,7487
7589. 7487,7489
7590. 7492,7488
7591. 7489,7520
7592. 7491,7490
7593. 7490,7492
7594. 7495,7493
7595. 7511,7494
7596. 7494,7509
7597. 7501,7495
7598. 7496,7504
7599. 7515,7497
7600. 7497,7518
7601. 7500,7498
7602. 7498,7503
7603. 7518,7499
7604. 7499,7510
7605. 7509,7500
7606. 7503,7501
7607. 7506,7502
7608. 7502,7516
7609. 7504,7512
7610. 7519,7505
7611. 7505,7507
7612. 7508,7506
7613. 7507,7515
7614. 7514,7508
7615. 7510,7517
7616. 7516,7511
7617. 7512,7513
7618. 7513,7519
7619. 7517,7514
7620. 7520,7521
7621. 7534,7523
7622. 7530,7524
7623. 7524,7537
7624. 7535,7525
7625. 7525,7528
7626. 7527,7526
7627. 7526,7530
7628. 7529,7527
7629. 7528,7532
7630. 7532,7529
7631. 7533,7531
7632. 7531,7536
7633. 7600,7533
7634. 7537,7534
7635. 7536,7535
7636. 7538,7540
7637. 7540,7539
7638. 7541,7548
7639. 7542,7550
7640. 7543,7546
7641. 7545,7544
7642. 7544,7547
7643. 7546,7545
7644. 7550,7549
7645. 7549,7551
7646. 7551,7552
7647. 7554,7553
7648. 7558,7553
7649. 7553,7556
7650. 7553,7560
7651. 7559,7555
7652. 7555,7557
7653. 7563,7555
7654. 7555,7565
7655. 7557,7558
7656. 18711,7559
7657. 7560,7562
7658. 7562,7561
7659. 7561,7563
7660. 7567,7564
7661. 7564,7577
7662. 7565,7566
7663. 7566,7567
7664. 7569,7568
7665. 7576,7569
7666. 7570,7571
7667. 7571,7574
7668. 7574,7572
7669. 7572,7573
7670. 7573,7585
7671. 7578,7575
7672. 7575,7576
7673. 7577,7579
7674. 7579,7578
7675. 7592,7580
7676. 7580,7586
7677. 7585,7581
7678. 7581,7592
7679. 7586,7582
7680. 7582,7591
7681. 7584,7583
7682. 7583,7594
7683. 7589,7584
7684. 7588,7587
7685. 7587,7590
7686. 7593,7588
7687. 7590,7589
7688. 7591,7593
7689. 7594,7600
7690. 7595,7596
7691. 7596,7598
7692. 7598,7597
7693. 7599,7604
7694. 7601,7603
7695. 7603,7602
7696. 7605,7610
7697. 7610,7607
7698. 7607,7609
7699. 7609,7608
7700. 7624,7611
7701. 7611,7613
7702. 7613,7612
7703. 7612,8012
7704. 7612,7785
7705. 7810,7614
7706. 7838,7614
7707. 7614,7784
7708. 7816,7615
7709. 7843,7615
7710. 7615,7840
7711. 7894,7616
7712. 7887,7616
7713. 7616,7885
7714. 7912,7617
7715. 7916,7617
7716. 7617,7914
7717. 7934,7618
7718. 7921,7618
7719. 7618,7619
7720. 7619,7920
7721. 7924,7619
7722. 7619,7928
7723. 7967,7620
7724. 7620,7970
7725. 7620,7977
7726. 7622,7621
7727. 7621,7974
7728. 7988,7621
7729. 7971,7622
7730. 7622,7986
7731. 7980,7623
7732. 7623,7981
7733. 7991,7623
7734. 7623,7988
7735. 7998,7624
7736. 8017,7624
7737. 8004,7625
7738. 7625,8005
7739. 7625,8019
7740. 8069,7626
7741. 7626,8070
7742. 8083,7626
7743. 7626,8014
7744. 7628,7627
7745. 7627,7629
7746. 8097,7628
7747. 7628,8067
7748. 7629,8098
7749. 8112,7629
7750. 8135,7630
7751. 7630,8121
7752. 7630,8149
7753. 7632,7631
7754. 7631,7633
7755. 8193,7632
7756. 8198,7632
7757. 7633,8188
7758. 7633,8197
7759. 8192,7634
7760. 7634,7636
7761. 8048,7634
7762. 7636,7635
7763. 7635,8194
7764. 7635,8203
7765. 7638,7637
7766. 7637,8220
7767. 8233,7637
7768. 8223,7638
7769. 7638,8236
7770. 7641,7639
7771. 7639,7640
7772. 7640,8306
7773. 8309,7640
7774. 8304,7641
7775. 7641,8310
7776. 7649,7642
7777. 7642,8336
7778. 7642,8341
7779. 8342,7643
7780. 7643,8375
7781. 7643,8343
7782. 7647,7644
7783. 7644,8350
7784. 7644,8354
7785. 8348,7645
7786. 7645,7647
7787. 8352,7645
7788. 8346,7646
7789. 7646,8344
7790. 8356,7646
7791. 7646,7650
7792. 7650,7648
7793. 7648,7651
7794. 7651,7649
7795. 8354,7650
7796. 8368,7652
7797. 7652,8398
7798. 8373,7652
7799. 8391,7653
7800. 7653,8393
7801. 8399,7653
7802. 7653,8397
7803. 8405,7654
7804. 7654,8406
7805. 7654,7655
7806. 8423,7655
7807. 7655,8417
7808. 8472,7656
7809. 7656,8468
7810. 7656,8473
7811. 8490,7657
7812. 7657,7658
7813. 8493,7657
7814. 7658,8488
7815. 7658,8498
7816. 8517,7659
7817. 7659,7660
7818. 8528,7659
7819. 7660,8515
7820. 7660,8527
7821. 8538,7661
7822. 7661,8536
7823. 7662,7661
7824. 7661,8546
7825. 8542,7662
7826. 7662,8548
7827. 7663,8583
7828. 8587,7663
7829. 7663,8586
7830. 7664,8589
7831. 8595,7664
7832. 7664,8602
7833. 8591,7665
7834. 7665,8590
7835. 8608,7665
7836. 7665,8603
7837. 7667,7666
7838. 7666,8597
7839. 7666,8617
7840. 8598,7667
7841. 7667,8605
7842. 8623,7668
7843. 7668,8645
7844. 7668,8627
7845. 8643,7669
7846. 7669,8644
7847. 8649,7669
7848. 7669,7670
7849. 8647,7670
7850. 7670,8646
7851. 7670,9037
7852. 8662,7671
7853. 7671,8672
7854. 8682,7671
7855. 8744,7672
7856. 7672,7673
7857. 8765,7672
7858. 7673,8748
7859. 7673,8758
7860. 7677,7674
7861. 7674,7676
7862. 8768,7675
7863. 7675,7677
7864. 8778,7675
7865. 7676,8769
7866. 7676,8779
7867. 8685,7678
7868. 8803,7678
7869. 7678,8801
7870. 7680,7679
7871. 7679,7703
7872. 7705,7680
7873. 7682,7681
7874. 7681,7683
7875. 8823,7682
7876. 8824,7682
7877. 7683,8807
7878. 7683,8825
7879. 8835,7684
7880. 7684,8836
7881. 8810,7684
7882. 8926,7685
7883. 7685,7686
7884. 8929,7685
7885. 7686,7687
7886. 7687,8927
7887. 8964,7688
7888. 7688,8959
7889. 8967,7688
7890. 8972,7689
7891. 7689,8973
7892. 7689,8988
7893. 8996,7690
7894. 7690,8997
7895. 9024,7690
7896. 9041,7691
7897. 7691,9077
7898. 7691,7692
7899. 7692,9042
7900. 7693,7692
7901. 7692,9070
7902. 9063,7693
7903. 7693,9062
7904. 9068,7693
7905. 9078,7694
7906. 7694,9102
7907. 7694,9093
7908. 9082,7695
7909. 7695,9078
7910. 9083,7695
7911. 7695,9084
7912. 7697,7696
7913. 7696,9108
7914. 7696,9119
7915. 9112,7697
7916. 7697,7698
7917. 9123,7698
7918. 7698,7700
7919. 7700,7699
7920. 7699,9126
7921. 7699,9130
7922. 9127,7701
7923. 7701,9131
7924. 9136,7701
7925. 7701,9142
7926. 9153,7702
7927. 7702,9332
7928. 7702,7719
7929. 7703,7704
7930. 7704,7706
7931. 9167,7705
7932. 9174,7705
7933. 7706,9170
7934. 7706,9175
7935. 9190,7707
7936. 7707,7708
7937. 9203,7707
7938. 7708,9189
7939. 7708,9199
7940. 7713,7709
7941. 7709,7710
7942. 7710,7712
7943. 9210,7711
7944. 7711,7713
7945. 9232,7711
7946. 7712,9205
7947. 7712,9224
7948. 9235,7714
7949. 9239,7714
7950. 7714,9208
7951. 9124,7715
7952. 7715,9255
7953. 9257,7715
7954. 9356,7716
7955. 7716,7718
7956. 7716,9314
7957. 7718,7717
7958. 7717,9304
7959. 9313,7717
7960. 9159,7719
7961. 7719,9351
7962. 9346,7720
7963. 7720,9339
7964. 7720,9355
7965. 9371,7721
7966. 7721,7722
7967. 9391,7721
7968. 7722,9373
7969. 7722,9386
7970. 7733,7723
7971. 7723,7728
7972. 7725,7724
7973. 7724,7727
7974. 7726,7725
7975. 9399,7726
7976. 9411,7726
7977. 7727,7732
7978. 7728,9398
7979. 7730,7729
7980. 7729,7731
7981. 9422,7730
7982. 9428,7730
7983. 7731,9370
7984. 7731,9427
7985. 7732,7733
7986. 9449,7734
7987. 7734,9450
7988. 7734,9456
7989. 9456,7735
7990. 9465,7735
7991. 7735,9469
7992. 9437,7736
7993. 7736,9457
7994. 7736,9462
7995. 9461,7737
7996. 7737,7742
7997. 9466,7737
7998. 7739,7738
7999. 7738,9463
8000. 7738,9548
8001. 7743,7739
8002. 7746,7740
8003. 7740,7756
8004. 9471,7741
8005. 7741,9472
8006. 9491,7741
8007. 7742,9535
8008. 9535,7743
8009. 7748,7744
8010. 7744,7745
8011. 7745,7746
8012. 9558,7747
8013. 7747,7748
8014. 9562,7747
8015. 9577,7749
8016. 9597,7749
8017. 7749,9601
8018. 9578,7750
8019. 7750,9590
8020. 9599,7750
8021. 7750,9597
8022. 9462,7751
8023. 7751,9593
8024. 9605,7751
8025. 7751,9606
8026. 9619,7752
8027. 7752,9624
8028. 9627,7752
8029. 7752,9602
8030. 9587,7753
8031. 7753,7754
8032. 7753,9640
8033. 7754,9628
8034. 9643,7754
8035. 7756,7755
8036. 7755,7757
8037. 7757,9732
8038. 7757,9737
8039. 7759,7758
8040. 7758,9726
8041. 9743,7758
8042. 9725,7759
8043. 7759,9744
8044. 9819,7760
8045. 9838,7760
8046. 7760,9831
8047. 9755,7761
8048. 7761,7763
8049. 7761,9779
8050. 7763,7762
8051. 7762,7769
8052. 7769,7764
8053. 7764,7768
8054. 7768,7765
8055. 7765,7766
8056. 7766,7767
8057. 7767,9877
8058. 9893,7767
8059. 9900,7770
8060. 7770,9904
8061. 7770,9914
8062. 9910,7771
8063. 7771,9905
8064. 9919,7771
8065. 7771,9915
8066. 7773,7772
8067. 7772,9910
8068. 7772,9897
8069. 9901,7773
8070. 9924,7773
8071. 9913,7774
8072. 7774,9919
8073. 7774,9924
8074. 9995,7775
8075. 7775,9996
8076. 10003,7775
8077. 7775,10010
8078. 10013,7776
8079. 7776,10014
8080. 10035,7776
8081. 10050,7777
8082. 7777,10047
8083. 7777,10052
8084. 7784,7778
8085. 7778,7783
8086. 7781,7779
8087. 7779,7845
8088. 7782,7780
8089. 7780,7835
8090. 7783,7781
8091. 7845,7782
8092. 7785,7786
8093. 7786,7787
8094. 7787,7788
8095. 7788,7789
8096. 7789,7790
8097. 7790,7791
8098. 7791,7800
8099. 7800,7792
8100. 7792,7793
8101. 7793,7794
8102. 7794,7795
8103. 7795,7796
8104. 7796,7799
8105. 7799,7797
8106. 7797,7798
8107. 7798,7985
8108. 7803,7801
8109. 7801,7804
8110. 7804,7802
8111. 7802,7807
8112. 7807,7805
8113. 7805,7806
8114. 7806,7991
8115. 8414,7808
8116. 7808,7809
8117. 7809,7810
8118. 7813,7811
8119. 7811,7816
8120. 7814,7812
8121. 7812,7815
8122. 7815,7813
8123. 8431,7817
8124. 7817,7818
8125. 7818,7819
8126. 7819,7820
8127. 7820,7823
8128. 7822,7821
8129. 7821,7868
8130. 7823,7822
8131. 7837,7824
8132. 7824,7825
8133. 7825,7826
8134. 7826,7827
8135. 7827,7828
8136. 7828,7829
8137. 7829,7847
8138. 7847,7830
8139. 7830,7831
8140. 7831,7874
8141. 8434,7832
8142. 7832,7833
8143. 7833,7834
8144. 7834,7846
8145. 7835,7851
8146. 7841,7836
8147. 7836,7837
8148. 7846,7838
8149. 7844,7839
8150. 7839,7843
8151. 7840,7841
8152. 7849,7842
8153. 7842,7844
8154. 7851,7848
8155. 7848,7850
8156. 7850,7849
8157. 7879,7852
8158. 7852,7853
8159. 7853,7854
8160. 7854,7855
8161. 7855,7856
8162. 7856,7857
8163. 7857,7858
8164. 7858,7863
8165. 7863,7859
8166. 7859,7860
8167. 7860,7861
8168. 7861,7865
8169. 7864,7862
8170. 7862,8089
8171. 7865,7864
8172. 7871,7866
8173. 7866,7872
8174. 7873,7867
8175. 7867,8135
8176. 7868,7870
8177. 7870,7869
8178. 7869,7871
8179. 7872,7873
8180. 7874,7882
8181. 7881,7875
8182. 7875,7876
8183. 7876,7877
8184. 7877,7878
8185. 7878,7884
8186. 7880,7879
8187. 7884,7880
8188. 7883,7881
8189. 7882,7883
8190. 7885,7888
8191. 7888,7886
8192. 7886,7889
8193. 7915,7887
8194. 7889,7927
8195. 7898,7890
8196. 7890,7891
8197. 7891,7895
8198. 7895,7892
8199. 7892,7899
8200. 7899,7893
8201. 7893,7900
8202. 7897,7894
8203. 7900,7896
8204. 7896,7897
8205. 7969,7898
8206. 7907,7901
8207. 7901,7902
8208. 7902,7903
8209. 7903,7904
8210. 7904,7905
8211. 7905,7911
8212. 7911,7906
8213. 7906,7910
8214. 7981,7907
8215. 7910,7908
8216. 7908,7909
8217. 7909,7912
8218. 7913,7916
8219. 7914,7915
8220. 7922,7917
8221. 7919,7918
8222. 7918,7922
8223. 7920,7919
8224. 7946,7921
8225. 7931,7923
8226. 7923,7961
8227. 7929,7924
8228. 7930,7925
8229. 7925,7926
8230. 7926,7931
8231. 7927,7929
8232. 7928,7930
8233. 7938,7932
8234. 7932,7940
8235. 8020,7933
8236. 7933,7939
8237. 7940,7934
8238. 7941,7935
8239. 7935,7938
8240. 7937,7936
8241. 7936,7941
8242. 7939,7937
8243. 7948,7942
8244. 7942,7951
8245. 7950,7943
8246. 7943,7944
8247. 7944,7945
8248. 7945,7947
8249. 7947,7946
8250. 7949,7948
8251. 8026,7949
8252. 7951,7950
8253. 7963,7952
8254. 7952,7953
8255. 7953,7954
8256. 7954,7955
8257. 7955,7956
8258. 7956,7957
8259. 7957,8656
8260. 7964,7958
8261. 7958,7959
8262. 7959,7962
8263. 7962,7960
8264. 7960,7963
8265. 7961,7964
8266. 7972,7965
8267. 7965,7975
8268. 7976,7966
8269. 7966,7973
8270. 7973,7967
8271. 7974,7968
8272. 7968,7969
8273. 7970,7971
8274. 8011,7972
8275. 7975,7976
8276. 7977,7978
8277. 7978,8031
8278. 7983,7979
8279. 7979,7982
8280. 7982,7980
8281. 7984,7983
8282. 7985,7984
8283. 7986,7989
8284. 7989,7987
8285. 7987,7990
8286. 7990,8042
8287. 8066,7992
8288. 7992,7993
8289. 7993,8010
8290. 8010,7994
8291. 7994,7995
8292. 7995,7996
8293. 7996,8013
8294. 8013,7997
8295. 7997,7998
8296. 8008,7999
8297. 7999,8009
8298. 8009,8000
8299. 8000,8001
8300. 8001,8002
8301. 8002,8003
8302. 8003,8004
8303. 8005,8006
8304. 8006,8007
8305. 8007,8011
8306. 8012,8008
8307. 8014,8015
8308. 8015,8016
8309. 8016,8018
8310. 8018,8017
8311. 8019,8052
8312. 8021,8020
8313. 8024,8021
8314. 8185,8022
8315. 8022,8023
8316. 8023,8024
8317. 8027,8025
8318. 8025,8026
8319. 8194,8027
8320. 8038,8028
8321. 8028,8029
8322. 8029,8030
8323. 8030,8200
8324. 8031,8032
8325. 8032,8033
8326. 8033,8034
8327. 8034,8035
8328. 8035,8036
8329. 8036,8037
8330. 8037,8038
8331. 8047,8039
8332. 8039,8040
8333. 8040,8041
8334. 8041,8048
8335. 8042,8043
8336. 8043,8044
8337. 8044,8045
8338. 8045,8046
8339. 8046,8049
8340. 8049,8047
8341. 8062,8050
8342. 8050,8063
8343. 8063,8051
8344. 8051,8228
8345. 8052,8053
8346. 8053,8054
8347. 8054,8060
8348. 8060,8055
8349. 8055,8056
8350. 8056,8064
8351. 8061,8057
8352. 8057,8058
8353. 8058,8059
8354. 8059,8062
8355. 8064,8061
8356. 8098,8065
8357. 8065,8099
8358. 8099,8066
8359. 8067,8068
8360. 8068,8069
8361. 8070,8071
8362. 8090,8072
8363. 8072,8073
8364. 8073,8074
8365. 8074,8075
8366. 8075,8076
8367. 8076,8077
8368. 8077,8078
8369. 8078,8079
8370. 8079,8080
8371. 8080,8081
8372. 8081,8082
8373. 8082,8083
8374. 8131,8084
8375. 8084,8088
8376. 8088,8085
8377. 8085,8086
8378. 8086,8087
8379. 8087,8119
8380. 8089,8091
8381. 8091,8090
8382. 8120,8092
8383. 8092,8100
8384. 8100,8093
8385. 8093,8094
8386. 8094,8095
8387. 8095,8096
8388. 8096,8097
8389. 8166,8101
8390. 8101,8102
8391. 8102,8103
8392. 8103,8104
8393. 8104,8105
8394. 8105,8106
8395. 8106,8107
8396. 8107,8108
8397. 8108,8109
8398. 8109,8110
8399. 8110,8111
8400. 8111,8112
8401. 8119,8113
8402. 8113,8114
8403. 8114,8115
8404. 8115,8116
8405. 8116,8117
8406. 8117,8118
8407. 8118,8120
8408. 8121,8122
8409. 8122,8123
8410. 8123,8124
8411. 8124,8132
8412. 8136,8125
8413. 8125,8126
8414. 8126,8133
8415. 8133,8127
8416. 8127,8128
8417. 8128,8134
8418. 8134,8129
8419. 8129,8130
8420. 8130,8131
8421. 8132,8136
8422. 8149,8137
8423. 8137,8139
8424. 8145,8138
8425. 8138,8148
8426. 8139,8147
8427. 8147,8140
8428. 8140,8141
8429. 8141,8142
8430. 8142,8143
8431. 8143,8146
8432. 8146,8144
8433. 8144,8145
8434. 8148,8181
8435. 8170,8150
8436. 8150,8168
8437. 8168,8151
8438. 8151,8172
8439. 8172,8152
8440. 8152,8153
8441. 8153,8171
8442. 8171,8154
8443. 8154,8155
8444. 8155,8167
8445. 8167,8156
8446. 8156,8157
8447. 8157,8169
8448. 8169,8158
8449. 8158,8159
8450. 8159,8160
8451. 8160,8161
8452. 8161,8162
8453. 8162,8163
8454. 8163,8164
8455. 8164,8165
8456. 8165,8166
8457. 8298,8170
8458. 8178,8173
8459. 8173,8174
8460. 8174,8179
8461. 8179,8175
8462. 8175,8180
8463. 8180,8176
8464. 8176,8177
8465. 8177,8311
8466. 8181,8178
8467. 8186,8182
8468. 8182,8185
8469. 8209,8183
8470. 8183,8184
8471. 8184,8186
8472. 8226,8187
8473. 8187,8193
8474. 8188,8189
8475. 8189,8190
8476. 8190,8195
8477. 8195,8191
8478. 8191,8192
8479. 8199,8196
8480. 8196,8198
8481. 8197,8201
8482. 8200,8199
8483. 8201,8237
8484. 8205,8202
8485. 8202,8204
8486. 8203,8205
8487. 8204,8248
8488. 8276,8206
8489. 8206,8207
8490. 8207,8214
8491. 8213,8208
8492. 8208,8210
8493. 8211,8209
8494. 8210,8212
8495. 8215,8211
8496. 8212,8215
8497. 8214,8213
8498. 8283,8216
8499. 8216,8217
8500. 8217,8218
8501. 8218,8224
8502. 8224,8219
8503. 8219,8223
8504. 8220,8225
8505. 8225,8221
8506. 8221,8227
8507. 8227,8222
8508. 8222,8226
8509. 8228,8229
8510. 8229,8235
8511. 8235,8230
8512. 8230,8233
8513. 8236,8231
8514. 8231,8232
8515. 8232,8234
8516. 8234,8250
8517. 8237,8240
8518. 8239,8238
8519. 8238,8686
8520. 8240,8239
8521. 8247,8241
8522. 8241,8242
8523. 8242,8243
8524. 8243,8244
8525. 8244,8245
8526. 8245,8246
8527. 8246,8707
8528. 8248,8247
8529. 8257,8249
8530. 8249,8258
8531. 8250,8269
8532. 8270,8251
8533. 8251,8271
8534. 8271,8252
8535. 8252,8253
8536. 8253,8254
8537. 8254,8272
8538. 8272,8255
8539. 8255,8256
8540. 8256,8257
8541. 8258,8259
8542. 8259,8260
8543. 8260,8261
8544. 8261,8262
8545. 8262,8263
8546. 8263,8264
8547. 8264,8265
8548. 8265,8266
8549. 8266,8267
8550. 8267,8268
8551. 8268,8708
8552. 8269,8270
8553. 8325,8273
8554. 8273,8275
8555. 8275,8274
8556. 8274,8276
8557. 8281,8277
8558. 8277,8285
8559. 8284,8278
8560. 8278,8279
8561. 8279,8280
8562. 8280,8286
8563. 8335,8281
8564. 8285,8282
8565. 8282,8284
8566. 8286,8283
8567. 8296,8287
8568. 8287,8297
8569. 8297,8288
8570. 8288,8289
8571. 8289,8290
8572. 8290,8291
8573. 8291,8292
8574. 8292,8293
8575. 8293,8302
8576. 8303,8294
8577. 8294,8301
8578. 8300,8295
8579. 8295,8298
8580. 8341,8296
8581. 8302,8299
8582. 8299,8303
8583. 8301,8300
8584. 8305,8304
8585. 8510,8305
8586. 8306,8364
8587. 8313,8307
8588. 8307,8308
8589. 8308,8315
8590. 8315,8309
8591. 8310,8314
8592. 8311,8312
8593. 8312,8313
8594. 8314,8369
8595. 8323,8316
8596. 8316,8317
8597. 8317,8322
8598. 8321,8318
8599. 8318,8319
8600. 8319,8320
8601. 8320,8325
8602. 8324,8321
8603. 8322,8324
8604. 8376,8323
8605. 8328,8326
8606. 8326,8329
8607. 8331,8327
8608. 8327,8723
8609. 8347,8328
8610. 8329,8330
8611. 8330,8331
8612. 8340,8332
8613. 8332,8337
8614. 8337,8333
8615. 8333,8338
8616. 8338,8334
8617. 8334,8339
8618. 8339,8335
8619. 8336,8340
8620. 8374,8342
8621. 8344,8347
8622. 8350,8345
8623. 8345,8346
8624. 8349,8348
8625. 8359,8349
8626. 8353,8351
8627. 8351,8352
8628. 8366,8353
8629. 8358,8355
8630. 8355,8356
8631. 8378,8357
8632. 8357,8358
8633. 8363,8359
8634. 8364,8360
8635. 8360,8361
8636. 8361,8365
8637. 8365,8362
8638. 8362,8363
8639. 8396,8366
8640. 8372,8367
8641. 8367,8368
8642. 8369,8370
8643. 8370,8371
8644. 8371,8372
8645. 8580,8373
8646. 8377,8374
8647. 8375,8376
8648. 8388,8377
8649. 8380,8378
8650. 8381,8379
8651. 8379,8380
8652. 8738,8381
8653. 8561,8382
8654. 8382,8390
8655. 8390,8383
8656. 8383,8389
8657. 8389,8384
8658. 8384,8385
8659. 8385,8386
8660. 8386,8387
8661. 8387,8388
8662. 8392,8391
8663. 8394,8392
8664. 8393,8395
8665. 8568,8394
8666. 8395,8396
8667. 8397,8400
8668. 8398,8401
8669. 8402,8399
8670. 8400,8763
8671. 8401,8402
8672. 8446,8403
8673. 8403,8404
8674. 8404,8405
8675. 8406,8407
8676. 8407,8413
8677. 8413,8408
8678. 8408,8409
8679. 8409,8410
8680. 8410,8412
8681. 8412,8411
8682. 8411,8414
8683. 8417,8415
8684. 8415,8416
8685. 8416,8455
8686. 8420,8418
8687. 8418,8421
8688. 8424,8419
8689. 8419,8425
8690. 8422,8420
8691. 8421,8424
8692. 8422,8429
8693. 8422,8438
8694. 8425,8423
8695. 8432,8426
8696. 8426,8427
8697. 8427,8428
8698. 8428,8431
8699. 8429,8430
8700. 8430,8433
8701. 8433,8432
8702. 8437,8434
8703. 8439,8435
8704. 8435,8436
8705. 8436,8437
8706. 8438,8439
8707. 8465,8440
8708. 8440,8441
8709. 8441,8442
8710. 8442,8443
8711. 8443,8444
8712. 8444,8445
8713. 8445,8448
8714. 8447,8446
8715. 8448,8447
8716. 8457,8449
8717. 8449,8458
8718. 8458,8450
8719. 8450,8456
8720. 8456,8451
8721. 8451,8452
8722. 8452,8470
8723. 8454,8453
8724. 8453,8457
8725. 8455,8454
8726. 8476,8459
8727. 8485,8460
8728. 8460,8466
8729. 8466,8461
8730. 8461,8462
8731. 8462,8463
8732. 8463,8464
8733. 8464,8465
8734. 8471,8467
8735. 8467,8472
8736. 8468,8469
8737. 8469,8490
8738. 8470,8471
8739. 8473,8478
8740. 8477,8474
8741. 8474,8475
8742. 8475,8476
8743. 8478,8477
8744. 8483,8479
8745. 8479,8484
8746. 8482,8480
8747. 8480,8483
8748. 8481,8482
8749. 8484,8496
8750. 8505,8485
8751. 8488,8486
8752. 8486,8487
8753. 8487,8489
8754. 8489,8508
8755. 8492,8491
8756. 8491,8501
8757. 8498,8492
8758. 8494,8493
8759. 8495,8494
8760. 8497,8495
8761. 8496,8497
8762. 8501,8499
8763. 8499,8503
8764. 8503,8500
8765. 8500,8502
8766. 8502,8532
8767. 8507,8504
8768. 8504,8505
8769. 8537,8506
8770. 8506,8507
8771. 8508,8544
8772. 8511,8509
8773. 8509,8513
8774. 8518,8510
8775. 8521,8511
8776. 8513,8512
8777. 8512,8520
8778. 8523,8514
8779. 8514,8519
8780. 8515,8516
8781. 8516,8518
8782. 8519,8517
8783. 8520,8523
8784. 8522,8521
8785. 8548,8522
8786. 8527,8524
8787. 8524,8530
8788. 8532,8525
8789. 8525,8526
8790. 8526,8528
8791. 8530,8529
8792. 8529,8531
8793. 8531,8579
8794. 8592,8533
8795. 8533,8534
8796. 8534,8535
8797. 8535,8539
8798. 8536,8537
8799. 8539,8538
8800. 8544,8540
8801. 8540,8541
8802. 8541,8542
8803. 8545,8543
8804. 8543,8601
8805. 8547,8545
8806. 8546,8547
8807. 8562,8549
8808. 8549,8550
8809. 8550,8551
8810. 8551,8552
8811. 8552,8563
8812. 8563,8553
8813. 8553,8554
8814. 8554,8555
8815. 8555,8556
8816. 8556,8557
8817. 8557,8558
8818. 8558,8559
8819. 8559,8560
8820. 8560,8561
8821. 8618,8562
8822. 8575,8564
8823. 8564,8576
8824. 8573,8565
8825. 8565,8566
8826. 8566,8571
8827. 8571,8567
8828. 8567,8572
8829. 8578,8568
8830. 8620,8569
8831. 8569,8575
8832. 8576,8570
8833. 8570,8574
8834. 8572,8577
8835. 8574,8573
8836. 8577,8578
8837. 8579,8580
8838. 8583,8581
8839. 8581,8582
8840. 8582,8618
8841. 8585,8584
8842. 8584,8619
8843. 8586,8585
8844. 8603,8587
8845. 8589,8588
8846. 8588,8623
8847. 8590,8592
8848. 8594,8591
8849. 8624,8593
8850. 8593,8594
8851. 8596,8595
8852. 8599,8596
8853. 8597,8599
8854. 8601,8598
8855. 8602,8600
8856. 8600,8630
8857. 8609,8604
8858. 8604,8606
8859. 8605,8607
8860. 8606,8608
8861. 8607,8609
8862. 8615,8610
8863. 8610,8613
8864. 8616,8611
8865. 8611,8634
8866. 8613,8612
8867. 8612,8616
8868. 8617,8614
8869. 8614,8615
8870. 8619,8620
8871. 8641,8621
8872. 8621,8622
8873. 8622,9003
8874. 8626,8624
8875. 8629,8625
8876. 8625,8628
8877. 8628,8626
8878. 8627,8629
8879. 8630,8633
8880. 8632,8631
8881. 8631,8648
8882. 8633,8632
8883. 8634,8637
8884. 8990,8635
8885. 8635,8641
8886. 8638,8636
8887. 8636,8640
8888. 8637,8638
8889. 8640,8639
8890. 8639,8642
8891. 8642,8990
8892. 8645,8643
8893. 8644,9032
8894. 8646,9033
8895. 8648,8647
8896. 8654,8650
8897. 8650,8651
8898. 8651,8655
8899. 8655,8652
8900. 8652,8653
8901. 8653,8864
8902. 8668,8654
8903. 8654,8670
8904. 8656,8657
8905. 8657,8658
8906. 8658,8659
8907. 8659,8660
8908. 8660,8661
8909. 8661,8662
8910. 8672,8663
8911. 8663,8664
8912. 8664,8665
8913. 8665,8671
8914. 8671,8666
8915. 8666,8667
8916. 8667,8668
8917. 8670,8669
8918. 8669,8872
8919. 8706,8673
8920. 8673,8674
8921. 8674,8675
8922. 8675,8676
8923. 8676,8677
8924. 8677,8678
8925. 8678,8683
8926. 8683,8679
8927. 8679,8680
8928. 8680,8681
8929. 8681,8682
8930. 8771,8684
8931. 8684,8800
8932. 8800,8685
8933. 8686,8697
8934. 8697,8687
8935. 8687,8688
8936. 8688,8701
8937. 8701,8689
8938. 8689,8698
8939. 8698,8690
8940. 8690,8699
8941. 8702,8691
8942. 8691,8692
8943. 8692,8693
8944. 8693,8694
8945. 8694,8695
8946. 8695,8696
8947. 8696,8700
8948. 8699,8702
8949. 8700,8802
8950. 8707,8703
8951. 8703,8704
8952. 8704,8705
8953. 8705,8706
8954. 8708,8711
8955. 8714,8709
8956. 8709,8713
8957. 8712,8710
8958. 8710,8727
8959. 8711,8714
8960. 8713,8712
8961. 8723,8715
8962. 8715,8716
8963. 8716,8717
8964. 8717,8724
8965. 8724,8718
8966. 8718,8719
8967. 8719,8720
8968. 8720,8726
8969. 8726,8721
8970. 8721,8725
8971. 8725,8722
8972. 8722,8766
8973. 8727,8728
8974. 8728,8731
8975. 8731,8729
8976. 8729,8733
8977. 8732,8730
8978. 8730,8774
8979. 8733,8732
8980. 8737,8734
8981. 8734,8736
8982. 8745,8735
8983. 8735,8740
8984. 8736,8746
8985. 8741,8737
8986. 8739,8738
8987. 8740,8739
8988. 8743,8741
8989. 8788,8742
8990. 8742,8749
8991. 8748,8743
8992. 8749,8744
8993. 8747,8745
8994. 8746,8747
8995. 8762,8750
8996. 8750,8751
8997. 8751,8752
8998. 8752,8757
8999. 8757,8753
9000. 8753,8756
9001. 8758,8754
9002. 8754,8759
9003. 8759,8755
9004. 8755,8798
9005. 8756,8764
9006. 8761,8760
9007. 8760,8762
9008. 8763,8761
9009. 8764,8765
9010. 8766,8767
9011. 8767,8772
9012. 8772,8768
9013. 8769,8773
9014. 8773,8770
9015. 8770,8771
9016. 8774,8775
9017. 8775,8776
9018. 8776,8782
9019. 8781,8777
9020. 8777,8778
9021. 8779,8780
9022. 8780,8815
9023. 8782,8781
9024. 8818,8783
9025. 8783,8784
9026. 8784,8790
9027. 8791,8785
9028. 8785,8786
9029. 8786,8789
9030. 8789,8787
9031. 8787,8788
9032. 8790,8791
9033. 8798,8792
9034. 8792,8793
9035. 8793,8797
9036. 8799,8794
9037. 8794,8796
9038. 8796,8795
9039. 8795,8822
9040. 8797,8799
9041. 8801,8809
9042. 8802,8803
9043. 8808,8804
9044. 8804,8805
9045. 8805,8806
9046. 8806,8848
9047. 8807,8808
9048. 8809,8811
9049. 8814,8810
9050. 8811,8812
9051. 8812,8813
9052. 8813,8814
9053. 8815,8817
9054. 8817,8816
9055. 8816,8824
9056. 9168,8818
9057. 8822,8819
9058. 8819,8820
9059. 8820,8821
9060. 8821,8823
9061. 8825,8826
9062. 8826,8834
9063. 8830,8827
9064. 8827,8850
9065. 8856,8828
9066. 8828,8829
9067. 8829,8832
9068. 8831,8830
9069. 8833,8831
9070. 8832,9174
9071. 8834,8833
9072. 8849,8835
9073. 8836,8837
9074. 8837,8838
9075. 8838,8839
9076. 8839,8840
9077. 8840,8841
9078. 8841,8842
9079. 8842,8846
9080. 8846,8843
9081. 8843,8847
9082. 8847,8844
9083. 8844,8845
9084. 8845,8897
9085. 8848,8849
9086. 8850,8858
9087. 8858,8851
9088. 8851,8852
9089. 8852,8857
9090. 8857,8853
9091. 8853,8854
9092. 8854,8855
9093. 8855,8856
9094. 8867,8859
9095. 8859,8860
9096. 8860,8861
9097. 8861,8862
9098. 8862,8863
9099. 8863,8869
9100. 8864,8865
9101. 8865,8868
9102. 8868,8866
9103. 8866,8867
9104. 8871,8870
9105. 8870,8873
9106. 8872,8871
9107. 8873,8874
9108. 8874,8875
9109. 8875,8876
9110. 8876,8896
9111. 8896,8877
9112. 8877,8878
9113. 8878,8879
9114. 8879,8880
9115. 8880,8894
9116. 8894,8881
9117. 8881,8895
9118. 8895,8882
9119. 8882,8883
9120. 8883,8884
9121. 8884,8885
9122. 8885,8886
9123. 8886,8930
9124. 8932,8887
9125. 8887,8888
9126. 8888,8889
9127. 8889,8890
9128. 8890,8893
9129. 8893,8891
9130. 8891,8892
9131. 8892,8946
9132. 8897,8898
9133. 8898,8908
9134. 8908,8899
9135. 8899,8909
9136. 8909,8900
9137. 8900,8901
9138. 8901,8902
9139. 8902,8903
9140. 8903,8904
9141. 8904,8905
9142. 8905,8906
9143. 8906,8907
9144. 8907,8928
9145. 8918,8910
9146. 8910,8939
9147. 8912,8911
9148. 8911,8918
9149. 8917,8912
9150. 8916,8913
9151. 8913,8917
9152. 8915,8914
9153. 8914,8916
9154. 9369,8915
9155. 8933,8919
9156. 8919,8920
9157. 8920,8921
9158. 8921,8922
9159. 8922,8923
9160. 8923,8924
9161. 8924,8925
9162. 8925,8926
9163. 8930,8927
9164. 8927,8931
9165. 8928,8929
9166. 8931,8932
9167. 8966,8933
9168. 8935,8934
9169. 8934,8944
9170. 8936,8935
9171. 8937,8936
9172. 8938,8937
9173. 8939,8938
9174. 8941,8940
9175. 8940,8970
9176. 8945,8941
9177. 8943,8942
9178. 8942,8945
9179. 8944,8943
9180. 8946,8947
9181. 8947,8948
9182. 8948,8949
9183. 8949,8985
9184. 8987,8950
9185. 8950,8951
9186. 8951,8956
9187. 8954,8952
9188. 8952,8953
9189. 8953,9700
9190. 8955,8954
9191. 8957,8955
9192. 8956,8957
9193. 9486,8958
9194. 8958,8964
9195. 8959,8960
9196. 8960,8965
9197. 8965,8961
9198. 8961,8962
9199. 8962,8963
9200. 8963,8966
9201. 8968,8967
9202. 8971,8968
9203. 8970,8969
9204. 8969,8971
9205. 8986,8972
9206. 8973,8974
9207. 8974,8975
9208. 8975,8976
9209. 8976,8977
9210. 8977,8978
9211. 8978,8983
9212. 8983,8979
9213. 8979,8984
9214. 8982,8980
9215. 8980,8981
9216. 8981,9678
9217. 8984,8982
9218. 8985,8986
9219. 8988,8987
9220. 8998,8989
9221. 8989,8991
9222. 8991,8999
9223. 9001,8992
9224. 8992,9006
9225. 9006,8993
9226. 8993,8994
9227. 8994,9007
9228. 9007,8995
9229. 8995,9005
9230. 9004,8996
9231. 8997,9002
9232. 9000,8998
9233. 8999,9200
9234. 9002,9000
9235. 9003,9001
9236. 9005,9004
9237. 9173,9008
9238. 9008,9029
9239. 9029,9009
9240. 9009,9010
9241. 9010,9011
9242. 9011,9027
9243. 9027,9012
9244. 9012,9022
9245. 9023,9013
9246. 9013,9014
9247. 9014,9030
9248. 9030,9015
9249. 9015,9028
9250. 9028,9016
9251. 9016,9017
9252. 9017,9026
9253. 9026,9018
9254. 9018,9019
9255. 9019,9020
9256. 9020,9025
9257. 9025,9021
9258. 9021,9024
9259. 9022,9023
9260. 9032,9031
9261. 9031,9041
9262. 9033,9036
9263. 9035,9034
9264. 9034,9063
9265. 9036,9035
9266. 9037,9038
9267. 9038,9040
9268. 9040,9039
9269. 9039,9074
9270. 9042,9049
9271. 9046,9043
9272. 9043,9050
9273. 9045,9044
9274. 9044,9046
9275. 9049,9045
9276. 9048,9047
9277. 9047,9088
9278. 9050,9048
9279. 9060,9051
9280. 9051,9053
9281. 9061,9052
9282. 9052,9058
9283. 9053,9057
9284. 9056,9054
9285. 9054,9059
9286. 9059,9055
9287. 9055,9061
9288. 9062,9056
9289. 9057,9094
9290. 9058,9060
9291. 9064,9065
9292. 9065,9067
9293. 9070,9066
9294. 9066,9099
9295. 9067,9069
9296. 9069,9068
9297. 9073,9071
9298. 9071,9138
9299. 9076,9072
9300. 9072,9075
9301. 9075,9073
9302. 9074,9076
9303. 9077,9080
9304. 9080,9079
9305. 9079,9081
9306. 9081,9082
9307. 9083,9101
9308. 9084,9085
9309. 9085,9112
9310. 9088,9086
9311. 9086,9090
9312. 9090,9087
9313. 9087,9092
9314. 9091,9089
9315. 9094,9089
9316. 9089,9095
9317. 9101,9089
9318. 9092,9091
9319. 9095,9096
9320. 9096,9105
9321. 9099,9097
9322. 9097,9100
9323. 9100,9098
9324. 9098,9122
9325. 9102,9103
9326. 9103,9143
9327. 9105,9104
9328. 9104,9106
9329. 9106,9107
9330. 9107,9156
9331. 9108,9111
9332. 9111,9109
9333. 9109,9110
9334. 9110,9113
9335. 9113,9247
9336. 9119,9114
9337. 9114,9117
9338. 9120,9115
9339. 9115,9251
9340. 9117,9116
9341. 9116,9118
9342. 9118,9120
9343. 9126,9121
9344. 9121,9125
9345. 9122,9123
9346. 9125,9124
9347. 9128,9127
9348. 9132,9128
9349. 9130,9129
9350. 9129,9132
9351. 9131,9259
9352. 9134,9133
9353. 9133,9136
9354. 9135,9134
9355. 9141,9135
9356. 9138,9137
9357. 9137,9139
9358. 9139,9141
9359. 9142,9140
9360. 9140,9264
9361. 9143,9144
9362. 9144,9145
9363. 9145,9155
9364. 9155,9146
9365. 9146,9147
9366. 9147,9148
9367. 9148,9154
9368. 9154,9149
9369. 9149,9150
9370. 9150,9151
9371. 9151,9152
9372. 9152,9153
9373. 9156,9162
9374. 9162,9157
9375. 9157,9161
9376. 9161,9158
9377. 9158,9163
9378. 9160,9159
9379. 9163,9160
9380. 9207,9164
9381. 9164,9165
9382. 9165,9166
9383. 9166,9169
9384. 9169,9167
9385. 9170,9168
9386. 9175,9171
9387. 9171,9172
9388. 9172,9173
9389. 9179,9176
9390. 9176,9178
9391. 9183,9177
9392. 9177,9185
9393. 9178,9182
9394. 9186,9179
9395. 9184,9180
9396. 9180,9183
9397. 9251,9181
9398. 9181,9186
9399. 9182,9184
9400. 9185,9237
9401. 9189,9187
9402. 9187,9193
9403. 9260,9188
9404. 9188,9192
9405. 9192,9190
9406. 9193,9191
9407. 9191,9223
9408. 9201,9194
9409. 9194,9198
9410. 9199,9195
9411. 9195,9196
9412. 9196,9202
9413. 9198,9197
9414. 9197,9203
9415. 9200,9201
9416. 9202,9245
9417. 9208,9204
9418. 9204,9210
9419. 9205,9206
9420. 9206,9209
9421. 9209,9207
9422. 9368,9211
9423. 9211,9367
9424. 9213,9212
9425. 9212,9368
9426. 9226,9213
9427. 9225,9214
9428. 9214,9226
9429. 9216,9215
9430. 9215,9225
9431. 9217,9216
9432. 9218,9217
9433. 9228,9218
9434. 9220,9219
9435. 9219,9229
9436. 9221,9220
9437. 9222,9221
9438. 9227,9222
9439. 9223,9231
9440. 9224,9227
9441. 9229,9228
9442. 9231,9230
9443. 9230,9232
9444. 9237,9233
9445. 9233,9238
9446. 9238,9234
9447. 9234,9236
9448. 9236,9235
9449. 9240,9239
9450. 9241,9240
9451. 9374,9241
9452. 9243,9242
9453. 9242,9389
9454. 9244,9243
9455. 9246,9244
9456. 9245,9246
9457. 9247,9250
9458. 9250,9248
9459. 9248,9249
9460. 9249,9269
9461. 9255,9252
9462. 9252,9253
9463. 9253,9254
9464. 9254,9270
9465. 9279,9256
9466. 9256,9258
9467. 9258,9257
9468. 9259,9260
9469. 9266,9261
9470. 9261,9290
9471. 9265,9262
9472. 9262,9266
9473. 9268,9263
9474. 9263,9265
9475. 9264,9267
9476. 9267,9268
9477. 9269,9293
9478. 9270,9271
9479. 9271,9311
9480. 9277,9272
9481. 9272,9278
9482. 9278,9273
9483. 9273,9282
9484. 9283,9274
9485. 9274,9275
9486. 9275,9281
9487. 9281,9276
9488. 9276,9280
9489. 9312,9277
9490. 9280,9279
9491. 9282,9283
9492. 9285,9284
9493. 9284,9430
9494. 9289,9285
9495. 9287,9286
9496. 9286,9292
9497. 9288,9287
9498. 9290,9288
9499. 9291,9289
9500. 9292,9291
9501. 9293,9294
9502. 9294,9295
9503. 9295,9296
9504. 9296,9297
9505. 9297,9300
9506. 9299,9298
9507. 9298,9434
9508. 9300,9299
9509. 9304,9301
9510. 9301,9303
9511. 9303,9302
9512. 9302,9305
9513. 9305,9436
9514. 9311,9306
9515. 9306,9307
9516. 9307,9309
9517. 9310,9308
9518. 9308,9440
9519. 9309,9310
9520. 9314,9312
9521. 9359,9313
9522. 9331,9315
9523. 9315,9336
9524. 9338,9316
9525. 9316,9317
9526. 9317,9325
9527. 9336,9318
9528. 9318,9320
9529. 9329,9319
9530. 9319,9338
9531. 9320,9330
9532. 9330,9321
9533. 9321,9337
9534. 9333,9322
9535. 9322,9326
9536. 9324,9323
9537. 9323,9327
9538. 9328,9324
9539. 9325,9333
9540. 9326,9335
9541. 9327,9331
9542. 9335,9328
9543. 9334,9329
9544. 9332,9334
9545. 9337,9577
9546. 9339,9345
9547. 9343,9340
9548. 9340,9353
9549. 9345,9341
9550. 9341,9348
9551. 9347,9342
9552. 9342,9344
9553. 9354,9343
9554. 9344,9349
9555. 9352,9346
9556. 9348,9347
9557. 9349,9350
9558. 9350,9578
9559. 9351,9354
9560. 9353,9352
9561. 9355,9356
9562. 9611,9357
9563. 9357,9360
9564. 9360,9358
9565. 9358,9359
9566. 9362,9361
9567. 9361,9369
9568. 9363,9362
9569. 9364,9363
9570. 9365,9364
9571. 9366,9365
9572. 9367,9366
9573. 9370,9371
9574. 9376,9372
9575. 9372,9375
9576. 9373,9376
9577. 9375,9374
9578. 9386,9377
9579. 9377,9378
9580. 9378,9379
9581. 9379,9380
9582. 9380,9381
9583. 9381,9387
9584. 9387,9382
9585. 9382,9392
9586. 9392,9383
9587. 9383,9384
9588. 9384,9385
9589. 9385,9406
9590. 9390,9388
9591. 9388,9391
9592. 9389,9390
9593. 9394,9393
9594. 9393,9503
9595. 9395,9394
9596. 9396,9395
9597. 9405,9396
9598. 9398,9397
9599. 9397,9405
9600. 9400,9399
9601. 9401,9400
9602. 9402,9401
9603. 9404,9402
9604. 9424,9403
9605. 9403,9404
9606. 9406,9416
9607. 9412,9407
9608. 9407,9408
9609. 9408,9409
9610. 9409,9414
9611. 9413,9410
9612. 9410,9411
9613. 9416,9412
9614. 9415,9413
9615. 9414,9415
9616. 9420,9417
9617. 9417,9422
9618. 9419,9418
9619. 9418,9423
9620. 9444,9419
9621. 9421,9420
9622. 9423,9421
9623. 9431,9424
9624. 9426,9425
9625. 9425,9431
9626. 9427,9426
9627. 9429,9428
9628. 9430,9429
9629. 9435,9432
9630. 9432,9433
9631. 9433,9448
9632. 9434,9435
9633. 9436,9439
9634. 9438,9437
9635. 9439,9438
9636. 9440,9441
9637. 9441,9468
9638. 9464,9442
9639. 9442,9445
9640. 9447,9443
9641. 9443,9444
9642. 9445,9446
9643. 9446,9447
9644. 9448,9449
9645. 9450,9451
9646. 9451,9454
9647. 9454,9452
9648. 9452,9455
9649. 9455,9453
9650. 9453,9529
9651. 9457,9459
9652. 9459,9458
9653. 9458,9460
9654. 9460,9461
9655. 9463,9464
9656. 9468,9465
9657. 9467,9466
9658. 9470,9467
9659. 9469,9470
9660. 9736,9471
9661. 9472,9473
9662. 9473,9488
9663. 9488,9474
9664. 9474,9475
9665. 9475,9476
9666. 9476,9477
9667. 9477,9478
9668. 9478,9479
9669. 9479,9487
9670. 9487,9480
9671. 9480,9481
9672. 9481,9490
9673. 9490,9482
9674. 9482,9489
9675. 9489,9483
9676. 9483,9484
9677. 9484,9485
9678. 9485,9486
9679. 9502,9491
9680. 9493,9492
9681. 9492,9509
9682. 9512,9493
9683. 9495,9494
9684. 9494,9512
9685. 9496,9495
9686. 9511,9496
9687. 9498,9497
9688. 9497,9511
9689. 9499,9498
9690. 9500,9499
9691. 9501,9500
9692. 9503,9501
9693. 9510,9502
9694. 9505,9504
9695. 9504,9510
9696. 9506,9505
9697. 9507,9506
9698. 9508,9507
9699. 9509,9508
9700. 9527,9513
9701. 9513,9528
9702. 9528,9514
9703. 9514,9515
9704. 9515,9516
9705. 9516,9517
9706. 9517,9518
9707. 9518,9526
9708. 9526,9519
9709. 9519,9520
9710. 9520,9521
9711. 9521,9522
9712. 9522,9523
9713. 9523,9524
9714. 9524,9549
9715. 9546,9525
9716. 9525,9527
9717. 9529,9530
9718. 9530,9612
9719. 9538,9531
9720. 9531,9532
9721. 9532,9537
9722. 9539,9533
9723. 9533,9569
9724. 9540,9534
9725. 9534,9536
9726. 9535,9540
9727. 9542,9535
9728. 9536,9538
9729. 9537,9539
9730. 9621,9541
9731. 9541,9544
9732. 9543,9542
9733. 9544,9543
9734. 9548,9545
9735. 9545,9547
9736. 9547,9546
9737. 9549,9550
9738. 9550,9560
9739. 9560,9551
9740. 9551,9552
9741. 9552,9553
9742. 9553,9554
9743. 9554,9561
9744. 9561,9555
9745. 9555,9556
9746. 9556,9557
9747. 9557,9559
9748. 9559,9558
9749. 9778,9562
9750. 9571,9563
9751. 9563,9575
9752. 9574,9564
9753. 9564,9565
9754. 9565,9566
9755. 9566,9567
9756. 9567,9570
9757. 9572,9568
9758. 9568,9745
9759. 9569,9571
9760. 9570,9576
9761. 9576,9572
9762. 9575,9573
9763. 9573,9574
9764. 9590,9579
9765. 9579,9591
9766. 9591,9580
9767. 9580,9592
9768. 9589,9581
9769. 9581,9582
9770. 9582,9583
9771. 9583,9588
9772. 9586,9584
9773. 9584,9585
9774. 9585,9587
9775. 9588,9586
9776. 9592,9589
9777. 9593,9600
9778. 9600,9594
9779. 9594,9595
9780. 9595,9596
9781. 9596,9598
9782. 9598,9599
9783. 9602,9607
9784. 9607,9603
9785. 9603,9609
9786. 9609,9604
9787. 9604,9605
9788. 9606,9608
9789. 9608,9610
9790. 9610,9611
9791. 9612,9613
9792. 9613,9614
9793. 9614,9615
9794. 9615,9618
9795. 9618,9616
9796. 9616,9617
9797. 9617,9644
9798. 9622,9619
9799. 9624,9620
9800. 9620,9623
9801. 9623,9621
9802. 9637,9622
9803. 9654,9625
9804. 9625,9626
9805. 9626,9627
9806. 9628,9629
9807. 9629,9631
9808. 9631,9630
9809. 9630,9632
9810. 9632,9633
9811. 9633,9663
9812. 9638,9634
9813. 9634,9643
9814. 9641,9635
9815. 9635,9642
9816. 9642,9636
9817. 9636,9637
9818. 9639,9638
9819. 9640,9641
9820. 9644,9650
9821. 9650,9645
9822. 9645,9646
9823. 9646,9647
9824. 9647,9648
9825. 9648,9649
9826. 9649,9841
9827. 9656,9651
9828. 9651,9655
9829. 9655,9652
9830. 9652,9657
9831. 9846,9653
9832. 9653,9656
9833. 9658,9654
9834. 9657,9658
9835. 9664,9659
9836. 9659,9665
9837. 9665,9660
9838. 9660,9661
9839. 9661,9666
9840. 9667,9662
9841. 9662,9853
9842. 9663,9668
9843. 9668,9664
9844. 9666,9667
9845. 9728,9669
9846. 9669,9676
9847. 9676,9670
9848. 9670,9795
9849. 9796,9671
9850. 9671,9675
9851. 9677,9672
9852. 9672,9673
9853. 9673,9674
9854. 9674,9797
9855. 9675,9677
9856. 9678,9679
9857. 9679,9680
9858. 9680,9681
9859. 9681,9698
9860. 9699,9682
9861. 9682,9683
9862. 9683,9684
9863. 9684,9685
9864. 9685,9696
9865. 9696,9686
9866. 9686,9687
9867. 9687,9688
9868. 9688,9689
9869. 9689,9690
9870. 9690,9691
9871. 9691,9697
9872. 9697,9692
9873. 9692,9693
9874. 9693,9694
9875. 9694,9695
9876. 9695,9739
9877. 9698,9699
9878. 9700,9701
9879. 9732,9702
9880. 9702,9730
9881. 9730,9703
9882. 9703,9704
9883. 9704,9705
9884. 9705,9706
9885. 9706,9707
9886. 9707,9708
9887. 9708,9709
9888. 9709,9710
9889. 9710,9711
9890. 9711,9712
9891. 9712,9735
9892. 9733,9713
9893. 9713,9714
9894. 9714,9715
9895. 9715,9734
9896. 9734,9716
9897. 9716,9717
9898. 9717,9718
9899. 9718,9719
9900. 9719,9720
9901. 9720,9721
9902. 9721,9722
9903. 9722,9723
9904. 9723,9724
9905. 9724,9725
9906. 9726,9727
9907. 9727,9728
9908. 9731,9729
9909. 9729,9733
9910. 9735,9731
9911. 9738,9736
9912. 9737,9738
9913. 9739,9740
9914. 9740,9741
9915. 9741,9743
9916. 9744,9742
9917. 9742,9808
9918. 9745,9756
9919. 9756,9746
9920. 9746,9747
9921. 9747,9748
9922. 9748,9749
9923. 9749,9750
9924. 9750,9751
9925. 9751,9752
9926. 9752,9753
9927. 9753,9754
9928. 9754,9757
9929. 9757,9755
9930. 9789,9758
9931. 9758,9759
9932. 9759,9760
9933. 9760,9790
9934. 9791,9761
9935. 9761,9792
9936. 9792,9762
9937. 9762,9763
9938. 9763,9764
9939. 9764,9765
9940. 9765,9766
9941. 9766,9767
9942. 9767,9783
9943. 9784,9768
9944. 9768,9769
9945. 9769,9794
9946. 9794,9770
9947. 9770,9771
9948. 9771,9772
9949. 9772,9785
9950. 9785,9773
9951. 9773,9774
9952. 9774,9775
9953. 9775,9776
9954. 9776,9777
9955. 9777,9778
9956. 9779,9788
9957. 9787,9780
9958. 9780,9781
9959. 9781,9793
9960. 9793,9782
9961. 9782,9789
9962. 9783,9784
9963. 9788,9786
9964. 9786,9787
9965. 9790,9791
9966. 9795,9796
9967. 9797,9798
9968. 9811,9799
9969. 9799,9800
9970. 9800,9801
9971. 9801,9802
9972. 9802,9803
9973. 9803,9804
9974. 9804,9813
9975. 9812,9805
9976. 9805,9806
9977. 9806,9807
9978. 9807,9821
9979. 9808,9809
9980. 9809,9810
9981. 9810,9811
9982. 9813,9812
9983. 9944,9814
9984. 9814,9820
9985. 9820,9815
9986. 9815,9816
9987. 9816,9817
9988. 9817,9818
9989. 9818,9819
9990. 9821,9822
9991. 9822,9836
9992. 9836,9823
9993. 9823,9824
9994. 9824,9825
9995. 9825,9826
9996. 9826,9840
9997. 9840,9827
9998. 9827,9828
9999. 9828,9837
10000. 9837,9829
10001. 9829,9835
10002. 9835,9830
10003. 9830,9838
10004. 9831,9839
10005. 9839,9832
10006. 9832,9833
10007. 9833,9834
10008. 9834,9949
10009. 9841,9842
10010. 9842,9843
10011. 9843,9848
10012. 9845,9844
10013. 9844,9846
10014. 9876,9845
10015. 9848,9847
10016. 9847,9849
10017. 9849,9850
10018. 9850,9851
10019. 9851,9852
10020. 9852,9895
10021. 9853,9865
10022. 9865,9854
10023. 9854,9866
10024. 9866,9855
10025. 9855,9857
10026. 9857,9856
10027. 9856,9858
10028. 9858,9859
10029. 9859,9860
10030. 9860,9861
10031. 9861,9862
10032. 9862,9867
10033. 9867,9863
10034. 9863,9925
10035. 9927,9864
10036. 9864,9868
10037. 9868,9908
10038. 9874,9869
10039. 9869,9870
10040. 9870,9871
10041. 9871,9873
10042. 9875,9872
10043. 9872,9876
10044. 9873,9875
10045. 9922,9874
10046. 9877,9884
10047. 9886,9878
10048. 9878,9879
10049. 9879,9880
10050. 9880,9881
10051. 9881,9885
10052. 9885,9882
10053. 9882,9883
10054. 9883,9946
10055. 9884,9886
10056. 9890,9887
10057. 9887,9891
10058. 9891,9888
10059. 9888,9889
10060. 9889,9894
10061. 9892,9890
10062. 9912,9892
10063. 9894,9893
10064. 9895,9896
10065. 9896,9898
10066. 9898,9897
10067. 9897,9920
10068. 9908,9899
10069. 9899,9909
10070. 9907,9900
10071. 9904,9901
10072. 9909,9902
10073. 9902,9907
10074. 9906,9903
10075. 9903,9930
10076. 9905,9906
10077. 9915,9911
10078. 9911,9916
10079. 9918,9912
10080. 9914,9913
10081. 9916,9917
10082. 9917,9918
10083. 9920,9923
10084. 9923,9921
10085. 9921,9922
10086. 9925,9926
10087. 9926,9927
10088. 9930,9928
10089. 9928,9931
10090. 9932,9929
10091. 9929,9934
10092. 9931,9932
10093. 9934,9933
10094. 9933,9966
10095. 9946,9935
10096. 9935,9948
10097. 9947,9936
10098. 9936,9937
10099. 9937,9938
10100. 9938,9945
10101. 9945,9939
10102. 9939,9940
10103. 9940,9941
10104. 9941,9942
10105. 9942,9943
10106. 9943,9944
10107. 9948,9947
10108. 9949,9950
10109. 9950,9951
10110. 9951,9952
10111. 9952,9953
10112. 9953,9954
10113. 9954,9957
10114. 9958,9955
10115. 9955,9956
10116. 9956,9968
10117. 9957,9958
10118. 9966,9959
10119. 9959,9960
10120. 9960,9965
10121. 9965,9961
10122. 9961,9962
10123. 9962,9963
10124. 9963,9967
10125. 9967,9964
10126. 9964,9991
10127. 9968,9969
10128. 9969,9970
10129. 9970,9971
10130. 9971,9972
10131. 9972,9973
10132. 9973,9974
10133. 9974,9978
10134. 9977,9975
10135. 9975,9976
10136. 9976,10011
10137. 9979,9977
10138. 9978,9979
10139. 9988,9980
10140. 9980,9989
10141. 9989,9981
10142. 9981,9982
10143. 9982,9983
10144. 9983,9984
10145. 9984,10028
10146. 10028,9985
10147. 9985,10029
10148. 10029,9986
10149. 9986,10030
10150. 9990,9987
10151. 9987,9988
10152. 10005,9990
10153. 9991,9995
10154. 9996,9992
10155. 9992,9993
10156. 9993,9994
10157. 9994,10036
10158. 10009,9997
10159. 9997,9998
10160. 9998,9999
10161. 9999,10007
10162. 10006,10000
10163. 10000,10001
10164. 10001,10008
10165. 10010,10002
10166. 10002,10005
10167. 10004,10003
10168. 10008,10004
10169. 10007,10006
10170. 10011,10012
10171. 10012,10013
10172. 10014,10015
10173. 10015,10016
10174. 10016,10017
10175. 10017,10018
10176. 10018,10027
10177. 10027,10019
10178. 10019,10020
10179. 10020,10026
10180. 10026,10021
10181. 10021,10022
10182. 10022,10023
10183. 10023,10024
10184. 10024,10025
10185. 10025,10068
10186. 10030,10031
10187. 10031,10032
10188. 10032,10033
10189. 10033,10034
10190. 10034,10035
10191. 10036,10049
10192. 10049,10037
10193. 10037,10038
10194. 10038,10039
10195. 10039,10051
10196. 10051,10040
10197. 10040,10041
10198. 10041,10048
10199. 10048,10042
10200. 10042,10043
10201. 10043,10044
10202. 10044,10045
10203. 10045,10046
10204. 10046,10050
10205. 10047,10065
10206. 10052,10053
10207. 10053,10054
10208. 10054,10055
10209. 10055,10056
10210. 10056,10057
10211. 10057,10067
10212. 10065,10058
10213. 10058,10059
10214. 10059,10066
10215. 10066,10060
10216. 10060,10061
10217. 10061,10062
10218. 10062,10063
10219. 10063,10064
10220. 10064,10080
10221. 10067,10081
10222. 10068,10072
10223. 10072,10069
10224. 10069,10070
10225. 10070,10071
10226. 10080,10073
10227. 10073,10074
10228. 10074,10075
10229. 10075,10076
10230. 10076,10077
10231. 10077,10078
10232. 10078,10079
10233. 10079,10091
10234. 10081,10082
10235. 10082,10083
10236. 10083,10084
10237. 10084,10085
10238. 10085,10086
10239. 10086,10090
10240. 10090,10087
10241. 10087,10088
10242. 10088,10089
10243. 10091,10094
10244. 10094,10092
10245. 10092,10095
10246. 10095,10093
10247. 10093,10096
10248. 10111,10097
10249. 10097,10117
10250. 10104,10098
10251. 10098,10113
10252. 10101,10099
10253. 10099,10104
10254. 10750,10100
10255. 10100,10101
10256. 10109,10102
10257. 10102,10107
10258. 10107,10103
10259. 10103,10114
10260. 10114,10105
10261. 10105,10110
10262. 10108,10106
10263. 10106,10750
10264. 10762,10108
10265. 10108,10743
10266. 10112,10109
10267. 10110,10111
10268. 10113,10112
10269. 10851,10115
10270. 10845,10115
10271. 10119,10116
10272. 10116,10121
10273. 10117,10120
10274. 10124,10118
10275. 10118,10126
10276. 10122,10119
10277. 10120,10123
10278. 10121,10125
10279. 10126,10122
10280. 10123,10124
10281. 10125,10139
10282. 10131,10127
10283. 10127,10133
10284. 10129,10128
10285. 10128,10132
10286. 10135,10129
10287. 10155,10130
10288. 10130,10135
10289. 10134,10131
10290. 10132,10136
10291. 10136,10134
10292. 10148,10137
10293. 10137,10143
10294. 10875,10138
10295. 10138,10147
10296. 10139,10140
10297. 10140,10875
10298. 10143,10141
10299. 10141,10149
10300. 10144,10142
10301. 10142,10899
10302. 10149,10144
10303. 10146,10145
10304. 10145,10148
10305. 10147,10146
10306. 10875,10150
10307. 10150,10156
10308. 10156,10151
10309. 10151,10154
10310. 10154,10152
10311. 10152,10157
10312. 10158,10153
10313. 10153,10155
10314. 10157,10876
10315. 10876,10158
10316. 10167,10159
10317. 10159,10163
10318. 10164,10160
10319. 10160,10167
10320. 10165,10161
10321. 10161,10162
10322. 10162,10169
10323. 10163,10165
10324. 10900,10164
10325. 10899,10166
10326. 10166,10900
10327. 10169,10168
10328. 10168,10242
10329. 10176,10170
10330. 10170,10173
10331. 10172,10171
10332. 10171,10195
10333. 10192,10172
10334. 10173,10900
10335. 10195,10174
10336. 10174,10193
10337. 10193,10175
10338. 10175,10190
10339. 10184,10176
10340. 10190,10177
10341. 10177,10183
10342. 10189,10178
10343. 10178,10185
10344. 10182,10179
10345. 10179,10187
10346. 10185,10180
10347. 10180,10191
10348. 10196,10181
10349. 10181,10184
10350. 10183,10182
10351. 10194,10186
10352. 10186,10189
10353. 10187,10194
10354. 10202,10188
10355. 10188,10192
10356. 10191,10196
10357. 10211,10197
10358. 10197,10910
10359. 10210,10198
10360. 10198,10203
10361. 10200,10199
10362. 10199,10202
10363. 10212,10200
10364. 10209,10201
10365. 10201,10204
10366. 10203,10212
10367. 10204,10211
10368. 10207,10205
10369. 10205,10209
10370. 10208,10206
10371. 10206,10210
10372. 10233,10207
10373. 10910,10208
10374. 10225,10213
10375. 10213,10227
10376. 10227,10214
10377. 10214,10232
10378. 10221,10215
10379. 10215,10216
10380. 10216,10219
10381. 10222,10217
10382. 10217,10229
10383. 10226,10218
10384. 10218,10225
10385. 10219,10224
10386. 10230,10220
10387. 10220,10223
10388. 10229,10221
10389. 10228,10222
10390. 10223,10228
10391. 10224,10226
10392. 10926,10230
10393. 10230,10924
10394. 12142,10231
10395. 10231,10928
10396. 10232,10235
10397. 10234,10233
10398. 10235,10234
10399. 10244,10236
10400. 10236,10238
10401. 10245,10237
10402. 10237,10266
10403. 10238,10241
10404. 10242,10239
10405. 10239,10248
10406. 10247,10240
10407. 10240,10243
10408. 10241,10247
10409. 10243,10249
10410. 10250,10244
10411. 10249,10245
10412. 10248,10246
10413. 10246,10250
10414. 10255,10251
10415. 10251,10264
10416. 10260,10252
10417. 10252,10272
10418. 10262,10253
10419. 10253,10254
10420. 10254,10265
10421. 10266,10255
10422. 10257,10256
10423. 10256,10262
10424. 10259,10257
10425. 10271,10258
10426. 10258,10267
10427. 10274,10259
10428. 10265,10260
10429. 10268,10261
10430. 10261,10271
10431. 10270,10263
10432. 10263,10273
10433. 10264,10274
10434. 10267,10270
10435. 10272,10268
10436. 10273,10269
10437. 10269,10275
10438. 10275,10281
10439. 10281,10276
10440. 10276,10288
10441. 10291,10277
10442. 10277,10280
10443. 10289,10278
10444. 10278,10287
10445. 10283,10279
10446. 10279,10976
10447. 10280,10293
10448. 10284,10282
10449. 10282,10285
10450. 10288,10283
10451. 10976,10284
10452. 10285,10290
10453. 10292,10286
10454. 10286,10977
10455. 10287,10292
10456. 10293,10289
10457. 10290,10294
10458. 10294,10291
10459. 10296,10295
10460. 10295,10298
10461. 10997,10296
10462. 10298,10297
10463. 10297,10303
10464. 10303,10299
10465. 10299,10302
10466. 10301,10300
10467. 10300,10328
10468. 10304,10301
10469. 10302,10304
10470. 10317,10305
10471. 10305,10312
10472. 10318,10306
10473. 10306,10323
10474. 10314,10307
10475. 10307,10324
10476. 10310,10308
10477. 10308,10320
10478. 10321,10309
10479. 10309,10310
10480. 11022,10311
10481. 10311,10322
10482. 10312,10318
10483. 10324,10313
10484. 10313,10316
10485. 10325,10314
10486. 10322,10315
10487. 10315,10321
10488. 10316,10326
10489. 10320,10317
10490. 10323,10319
10491. 10319,10325
10492. 10326,10333
10493. 10329,10327
10494. 10327,10356
10495. 10328,10329
10496. 10334,10330
10497. 10330,10340
10498. 10340,10331
10499. 10331,10339
10500. 10333,10332
10501. 10332,10342
10502. 10344,10334
10503. 10337,10335
10504. 10335,10338
10505. 10345,10336
10506. 10336,11024
10507. 10342,10337
10508. 10338,10341
10509. 10339,10346
10510. 10341,10344
10511. 10346,10343
10512. 10343,10345
10513. 10352,10347
10514. 10347,10362
10515. 10355,10348
10516. 10348,10358
10517. 10362,10349
10518. 10349,10354
10519. 10357,10350
10520. 10350,11023
10521. 11024,10351
10522. 10351,10360
10523. 10360,10352
10524. 11023,10353
10525. 10353,10527
10526. 10354,10361
10527. 10359,10355
10528. 10356,11024
10529. 10358,10357
10530. 10361,10359
10531. 10366,10363
10532. 10363,10379
10533. 10365,10364
10534. 10364,10369
10535. 10384,10365
10536. 10371,10366
10537. 10376,10367
10538. 10367,10388
10539. 10382,10368
10540. 10368,10372
10541. 10369,10373
10542. 10379,10370
10543. 10370,10381
10544. 10375,10371
10545. 10372,10383
10546. 10373,10380
10547. 10380,10374
10548. 10374,10376
10549. 10977,10375
10550. 10383,10377
10551. 10377,10384
10552. 10381,10378
10553. 10378,10382
10554. 10387,10385
10555. 10385,10404
10556. 10390,10386
10557. 10386,10389
10558. 10389,10387
10559. 10388,10390
10560. 10399,10391
10561. 10391,10392
10562. 10392,10397
10563. 10395,10393
10564. 10393,10394
10565. 10394,10405
10566. 10404,10395
10567. 10398,10396
10568. 10396,10406
10569. 10397,10426
10570. 10403,10398
10571. 10408,10399
10572. 10402,10400
10573. 10400,10403
10574. 10406,10401
10575. 10401,10407
10576. 11047,10402
10577. 10405,11047
10578. 10407,10408
10579. 10422,10409
10580. 10409,10416
10581. 10419,10410
10582. 10410,10415
10583. 10421,10411
10584. 10411,10420
10585. 10424,10412
10586. 10412,10450
10587. 10425,10413
10588. 10413,10414
10589. 10414,10427
10590. 10415,10422
10591. 10416,10425
10592. 10420,10417
10593. 10417,10418
10594. 10418,10424
10595. 10426,10419
10596. 10423,10421
10597. 10427,10423
10598. 10456,10428
10599. 10428,10447
10600. 10436,10429
10601. 10429,10432
10602. 10442,10430
10603. 10430,10456
10604. 10452,10431
10605. 10431,10443
10606. 10432,10446
10607. 10441,10433
10608. 10433,10453
10609. 10439,10434
10610. 10434,10441
10611. 10450,10435
10612. 10435,10440
10613. 10438,10436
10614. 10443,10437
10615. 10437,11049
10616. 10440,10438
10617. 10454,10439
10618. 10455,10442
10619. 10451,10444
10620. 10444,10454
10621. 10448,10445
10622. 10445,10485
10623. 10446,10455
10624. 10447,10449
10625. 10453,10448
10626. 10449,10452
10627. 11049,10451
10628. 10471,10457
10629. 10457,10468
10630. 10470,10458
10631. 10458,10473
10632. 10461,10459
10633. 10459,10472
10634. 10467,10460
10635. 10460,11049
10636. 11049,10461
10637. 10465,10462
10638. 10462,10470
10639. 10469,10463
10640. 10463,10471
10641. 10468,10464
10642. 10464,10520
10643. 10472,10465
10644. 10581,10466
10645. 10466,10467
10646. 10473,10469
10647. 10507,10474
10648. 10474,10475
10649. 10475,10505
10650. 10511,10476
10651. 10476,10496
10652. 10515,10477
10653. 10477,10490
10654. 10491,10478
10655. 10478,10482
10656. 10513,10479
10657. 10479,10509
10658. 10498,10480
10659. 10480,10513
10660. 10483,10481
10661. 10481,10500
10662. 10482,10512
10663. 10492,10483
10664. 10504,10484
10665. 10484,10501
10666. 10485,10514
10667. 10487,10486
10668. 10486,10511
10669. 10514,10487
10670. 10506,10488
10671. 10488,10502
10672. 10493,10489
10673. 10489,10499
10674. 10490,10491
10675. 10494,10492
10676. 10495,10493
10677. 10505,10494
10678. 10503,10495
10679. 10496,10515
10680. 10510,10497
10681. 10497,10507
10682. 10508,10498
10683. 10499,10588
10684. 10500,10504
10685. 10501,10503
10686. 10502,10508
10687. 10512,10506
10688. 10509,10510
10689. 10517,10516
10690. 10516,10521
10691. 10520,10517
10692. 10521,10518
10693. 10518,10522
10694. 10522,10519
10695. 10526,10523
10696. 10523,10543
10697. 10527,10524
10698. 10524,10525
10699. 10525,10528
10700. 10531,10526
10701. 10528,10530
10702. 10533,10529
10703. 10529,10531
10704. 10530,10532
10705. 10532,10533
10706. 10535,10534
10707. 10534,10538
10708. 11023,10535
10709. 10537,10536
10710. 10536,10539
10711. 10538,10537
10712. 10539,11050
10713. 10547,10540
10714. 10540,10562
10715. 10546,10541
10716. 10541,10550
10717. 10550,10542
10718. 10542,10548
10719. 10543,10544
10720. 10544,10549
10721. 10549,10545
10722. 10545,10546
10723. 10548,10547
10724. 10567,10551
10725. 10551,10578
10726. 10555,10552
10727. 10552,10553
10728. 10553,10565
10729. 10562,10554
10730. 10554,10555
10731. 10559,10556
10732. 10556,10560
10733. 10565,10557
10734. 10557,10563
10735. 10563,10558
10736. 10558,10559
10737. 10560,10561
10738. 10561,10564
10739. 10564,10583
10740. 11052,10566
10741. 10566,10574
10742. 10571,10567
10743. 10576,10568
10744. 10568,10575
10745. 10573,10569
10746. 10569,10576
10747. 10580,10570
10748. 10570,10573
10749. 10577,10571
10750. 10578,10572
10751. 10572,11052
10752. 10574,10579
10753. 10575,10581
10754. 11051,10577
10755. 10579,10582
10756. 10582,10580
10757. 10583,11052
10758. 10599,10584
10759. 10584,10624
10760. 10595,10585
10761. 10585,10602
10762. 10590,10586
10763. 10586,10596
10764. 10602,10587
10765. 10587,10600
10766. 10588,10595
10767. 10591,10589
10768. 10589,10594
10769. 10594,10590
10770. 10597,10591
10771. 10593,10592
10772. 10592,10598
10773. 10596,10593
10774. 10600,10597
10775. 10598,10601
10776. 10601,10599
10777. 10620,10603
10778. 10603,10625
10779. 10617,10604
10780. 10604,10629
10781. 10616,10605
10782. 10605,10607
10783. 10607,10606
10784. 10606,10621
10785. 10631,10608
10786. 10608,10612
10787. 10615,10609
10788. 10609,10617
10789. 10611,10610
10790. 10610,10631
10791. 10622,10611
10792. 10612,10615
10793. 10626,10613
10794. 10613,10618
10795. 10628,10614
10796. 10614,10616
10797. 10618,10630
10798. 10627,10619
10799. 10619,10626
10800. 11058,10620
10801. 10621,11057
10802. 10623,10622
10803. 10625,10623
10804. 10624,11058
10805. 10629,10627
10806. 10630,10628
10807. 10634,10632
10808. 10632,10633
10809. 10633,10664
10810. 11076,10634
10811. 10647,10635
10812. 10635,10655
10813. 10657,10636
10814. 10636,10653
10815. 10651,10637
10816. 10637,11083
10817. 10650,10638
10818. 10638,10658
10819. 10642,10639
10820. 10639,10656
10821. 10645,10640
10822. 10640,10651
10823. 10659,10641
10824. 10641,10643
10825. 10646,10642
10826. 10643,10649
10827. 10658,10644
10828. 10644,10659
10829. 10655,10645
10830. 10654,10646
10831. 10649,10647
10832. 10652,10648
10833. 10648,10654
10834. 11057,10650
10835. 10660,10652
10836. 10653,10660
10837. 10656,10665
10838. 11083,10657
10839. 10664,10661
10840. 10661,10663
10841. 10663,10662
10842. 10662,11083
10843. 10665,10676
10844. 10676,10666
10845. 10666,10675
10846. 10670,10667
10847. 10667,10678
10848. 10671,10668
10849. 10668,10679
10850. 10673,10669
10851. 10669,10672
10852. 10677,10670
10853. 10678,10671
10854. 10672,11089
10855. 10674,10673
10856. 10679,10674
10857. 10675,10677
10858. 11090,10680
10859. 10680,10697
10860. 11089,10681
10861. 10681,11090
10862. 10696,10682
10863. 10682,10684
10864. 10684,10683
10865. 10683,11090
10866. 10687,10685
10867. 10685,10688
10868. 10689,10686
10869. 10686,10691
10870. 11095,10687
10871. 10688,10690
10872. 10690,10689
10873. 10691,10696
10874. 11107,10692
10875. 10692,10693
10876. 10693,10694
10877. 10694,11096
10878. 10699,10695
10879. 10695,10700
10880. 10697,10699
10881. 10700,10698
10882. 10698,11107
10883. 11108,10701
10884. 10701,10702
10885. 10702,11107
10886. 10715,10703
10887. 10703,10712
10888. 10707,10704
10889. 10704,10731
10890. 10706,10705
10891. 10705,10735
10892. 10738,10706
10893. 10726,10707
10894. 10720,10708
10895. 10708,10724
10896. 10719,10709
10897. 10709,10711
10898. 10730,10710
10899. 10710,10729
10900. 10711,10726
10901. 10712,10734
10902. 10723,10713
10903. 10713,10733
10904. 10725,10714
10905. 10714,10737
10906. 10722,10715
10907. 10718,10716
10908. 10716,10728
10909. 10779,10717
10910. 10717,10723
10911. 10736,10718
10912. 10732,10719
10913. 10721,10720
10914. 10734,10721
10915. 10737,10722
10916. 10724,10738
10917. 10727,10725
10918. 10729,10727
10919. 10728,10760
10920. 10731,10730
10921. 10733,10732
10922. 10735,10736
10923. 10748,10739
10924. 10739,10747
10925. 10742,10740
10926. 10740,10745
10927. 10749,10741
10928. 10741,10752
10929. 10746,10742
10930. 10743,10746
10931. 10752,10744
10932. 10744,10748
10933. 10745,10751
10934. 10753,10749
10935. 10750,10757
10936. 10751,10753
10937. 10759,10754
10938. 10754,10755
10939. 10755,10758
10940. 10758,10756
10941. 10756,10819
10942. 10757,10759
10943. 10760,10761
10944. 10761,10765
10945. 10764,10762
10946. 10767,10763
10947. 10763,10768
10948. 10769,10764
10949. 10765,10766
10950. 10766,10767
10951. 10768,10769
10952. 10773,10770
10953. 10770,10771
10954. 10771,10772
10955. 10772,10777
10956. 10782,10773
10957. 10784,10774
10958. 10774,10786
10959. 10778,10775
10960. 10775,10776
10961. 10776,10784
10962. 10777,10780
10963. 10785,10778
10964. 10787,10779
10965. 10780,10783
10966. 10788,10781
10967. 10781,10782
10968. 10783,10785
10969. 10786,10787
10970. 17476,10788
10971. 10798,10789
10972. 10789,10812
10973. 10800,10790
10974. 10790,10830
10975. 10814,10791
10976. 10791,10810
10977. 10825,10792
10978. 10792,10826
10979. 10796,10793
10980. 10793,10817
10981. 10807,10794
10982. 10794,10797
10983. 10812,10795
10984. 10795,10823
10985. 10824,10796
10986. 10797,10815
10987. 10803,10798
10988. 10822,10799
10989. 10799,10803
10990. 10821,10800
10991. 10810,10801
10992. 10801,10813
10993. 10820,10802
10994. 10802,10822
10995. 10819,10804
10996. 10804,10825
10997. 10830,10805
10998. 10805,10816
10999. 10813,10806
11000. 10806,10828
11001. 10817,10807
11002. 10816,10808
11003. 10808,10811
11004. 10827,10809
11005. 10809,10821
11006. 10811,10818
11007. 10815,10814
11008. 10818,10820
11009. 10823,10829
11010. 10829,10824
11011. 10826,10827
11012. 10828,10869
11013. 10839,10831
11014. 10831,10836
11015. 10840,10832
11016. 10832,10833
11017. 10833,10844
11018. 10842,10834
11019. 10834,10846
11020. 10836,10835
11021. 10835,10847
11022. 10844,10837
11023. 10837,10839
11024. 10841,10838
11025. 10838,10842
11026. 10866,10840
11027. 10843,10841
11028. 10847,10843
11029. 10846,10845
11030. 10865,10848
11031. 10848,10853
11032. 10857,10849
11033. 10849,10854
11034. 10862,10850
11035. 10850,10864
11036. 10859,10851
11037. 10861,10852
11038. 10852,10857
11039. 10853,10862
11040. 10854,10858
11041. 10864,10855
11042. 10855,10860
11043. 10925,10856
11044. 10856,10865
11045. 10858,10863
11046. 10863,10859
11047. 10860,10861
11048. 10873,10866
11049. 10868,10867
11050. 10867,10874
11051. 10870,10868
11052. 10869,10872
11053. 10872,10870
11054. 10874,10871
11055. 10871,10873
11056. 10876,10885
11057. 10878,10877
11058. 10877,10886
11059. 10885,10878
11060. 10880,10879
11061. 10879,10884
11062. 10881,10880
11063. 10886,10881
11064. 10883,10882
11065. 10884,10883
11066. 10888,10887
11067. 10887,10891
11068. 10952,10888
11069. 10895,10889
11070. 10889,10896
11071. 10891,10890
11072. 10890,10892
11073. 10892,10895
11074. 10897,10893
11075. 10893,10894
11076. 10894,10898
11077. 10896,10897
11078. 10899,10909
11079. 10902,10901
11080. 10901,10906
11081. 10908,10902
11082. 10905,10903
11083. 10903,10904
11084. 10904,10949
11085. 10907,10905
11086. 10906,10907
11087. 10909,10908
11088. 10912,10910
11089. 10920,10911
11090. 10911,10913
11091. 10915,10912
11092. 10913,10915
11093. 10916,10914
11094. 10914,10921
11095. 10918,10916
11096. 10958,10917
11097. 10917,10918
11098. 10922,10919
11099. 10919,10920
11100. 10921,10922
11101. 10924,10923
11102. 10923,10925
11103. 11764,10926
11104. 10930,10927
11105. 10927,10931
11106. 10928,10929
11107. 10929,10930
11108. 10931,10946
11109. 10947,10932
11110. 10932,10936
11111. 10945,10933
11112. 10933,10941
11113. 10943,10934
11114. 10934,10947
11115. 10939,10935
11116. 10935,10938
11117. 10936,10999
11118. 10942,10937
11119. 10937,10940
11120. 10938,10945
11121. 10946,10939
11122. 10940,10944
11123. 10941,10942
11124. 10944,10943
11125. 10949,10948
11126. 10948,10950
11127. 10950,10951
11128. 10951,10952
11129. 10968,10953
11130. 10953,10956
11131. 10955,10954
11132. 10954,10973
11133. 10974,10955
11134. 10956,10975
11135. 10969,10957
11136. 10957,10959
11137. 10971,10958
11138. 10959,10965
11139. 10972,10960
11140. 10960,10971
11141. 10966,10961
11142. 10961,10969
11143. 10965,10962
11144. 10962,10972
11145. 10964,10963
11146. 10963,10970
11147. 10967,10964
11148. 10975,10966
11149. 10979,10967
11150. 10973,10968
11151. 10970,10974
11152. 10976,10978
11153. 10983,10977
11154. 10978,10981
11155. 10982,10979
11156. 10981,10980
11157. 10980,10982
11158. 10987,10983
11159. 10988,10984
11160. 10984,10986
11161. 11012,10985
11162. 10985,10988
11163. 10986,10989
11164. 10989,10987
11165. 10994,10990
11166. 10990,10993
11167. 10993,10991
11168. 10991,11021
11169. 11814,10992
11170. 10992,10995
11171. 10995,10994
11172. 11835,10996
11173. 10996,10997
11174. 10998,10997
11175. 11000,10998
11176. 10999,11000
11177. 11016,11001
11178. 11001,11007
11179. 11021,11002
11180. 11002,11005
11181. 11018,11003
11182. 11003,11017
11183. 11005,11004
11184. 11004,11011
11185. 11015,11006
11186. 11006,11019
11187. 11007,11018
11188. 11019,11008
11189. 11008,11020
11190. 11011,11009
11191. 11009,11013
11192. 11014,11010
11193. 11010,11015
11194. 11017,11012
11195. 11013,11014
11196. 11020,11016
11197. 22696,11022
11198. 11041,11025
11199. 11025,11037
11200. 11037,11026
11201. 11026,11027
11202. 11027,11031
11203. 11039,11028
11204. 11028,11029
11205. 11029,11034
11206. 11033,11030
11207. 11030,11048
11208. 11031,11032
11209. 11032,11038
11210. 11034,11033
11211. 11043,11035
11212. 11035,11041
11213. 11933,11036
11214. 11036,11040
11215. 11038,11039
11216. 11040,11042
11217. 11042,11044
11218. 11045,11043
11219. 11044,11046
11220. 11046,11045
11221. 11048,11047
11222. 23264,11050
11223. 23437,11051
11224. 11054,11053
11225. 11053,11071
11226. 11055,11054
11227. 23743,11055
11228. 11061,11056
11229. 11057,11088
11230. 11058,11062
11231. 11062,11059
11232. 11059,11060
11233. 11060,11063
11234. 11063,11061
11235. 11071,11064
11236. 11064,11067
11237. 11069,11065
11238. 11065,11070
11239. 11068,11066
11240. 11066,11069
11241. 11067,11068
11242. 11070,11074
11243. 11074,11072
11244. 11072,11080
11245. 11082,11073
11246. 11073,11076
11247. 11079,11075
11248. 11075,11082
11249. 11080,11077
11250. 11077,11081
11251. 11081,11078
11252. 11078,11079
11253. 11088,11084
11254. 11084,11086
11255. 11086,11085
11256. 11085,11087
11257. 11089,11093
11258. 11093,11091
11259. 11091,11092
11260. 11092,11094
11261. 11094,11099
11262. 19487,11095
11263. 11096,14596
11264. 11106,11097
11265. 11097,11111
11266. 11099,11098
11267. 11098,11104
11268. 11105,11100
11269. 11100,11101
11270. 11101,11106
11271. 11104,11102
11272. 11102,11103
11273. 11103,11105
11274. 14599,11108
11275. 11110,11109
11276. 11109,18240
11277. 11111,11110
11278. 11196,11112
11279. 11112,11462
11280. 11504,11112
11281. 11116,11113
11282. 11113,11115
11283. 11113,11465
11284. 11115,11114
11285. 11118,11114
11286. 11114,11117
11287. 11464,11115
11288. 11515,11116
11289. 11120,11116
11290. 11117,11463
11291. 11117,11123
11292. 11462,11118
11293. 11118,11468
11294. 11464,11119
11295. 11119,11515
11296. 11218,11119
11297. 11124,11120
11298. 11120,11126
11299. 11122,11121
11300. 11121,11137
11301. 11125,11121
11302. 11136,11122
11303. 11122,11128
11304. 11469,11123
11305. 11123,11471
11306. 11256,11124
11307. 11124,11129
11308. 11127,11125
11309. 11465,11125
11310. 11126,11472
11311. 11126,11474
11312. 11472,11127
11313. 11473,11127
11314. 11128,11473
11315. 11136,11128
11316. 11474,11129
11317. 11129,11254
11318. 11132,11130
11319. 11130,11131
11320. 11130,11190
11321. 11133,11131
11322. 11131,11134
11323. 11164,11132
11324. 11132,11135
11325. 11494,11133
11326. 11190,11133
11327. 11134,11470
11328. 11471,11134
11329. 11135,11188
11330. 11176,11135
11331. 11139,11136
11332. 11151,11137
11333. 11137,11146
11334. 11254,11138
11335. 11138,11139
11336. 11138,11154
11337. 11139,11165
11338. 11150,11140
11339. 11140,11142
11340. 11140,11166
11341. 11143,11141
11342. 11141,11150
11343. 11167,11141
11344. 11142,11145
11345. 11142,11168
11346. 11144,11143
11347. 11162,11143
11348. 11148,11144
11349. 11144,11160
11350. 11145,11146
11351. 11145,11164
11352. 11146,11471
11353. 11171,11147
11354. 11147,11149
11355. 11156,11147
11356. 11149,11148
11357. 11148,11159
11358. 11149,11492
11359. 11150,11162
11360. 11153,11151
11361. 11151,11166
11362. 11155,11152
11363. 11152,11153
11364. 11477,11152
11365. 11156,11153
11366. 11154,11155
11367. 11544,11154
11368. 11165,11155
11369. 11175,11156
11370. 11157,11176
11371. 11158,11157
11372. 11157,11184
11373. 11159,11158
11374. 11492,11158
11375. 11159,11160
11376. 11160,11161
11377. 11163,11161
11378. 11161,11164
11379. 11162,11163
11380. 11168,11162
11381. 11168,11163
11382. 11165,11477
11383. 11166,11167
11384. 11167,11476
11385. 11170,11169
11386. 11169,11171
11387. 11169,11175
11388. 11314,11170
11389. 11170,11186
11390. 11171,11490
11391. 11419,11172
11392. 11485,11172
11393. 11172,11636
11394. 11319,11173
11395. 11322,11173
11396. 11173,11175
11397. 11435,11174
11398. 11174,11419
11399. 11174,11617
11400. 11176,11177
11401. 11493,11177
11402. 11177,11187
11403. 11479,11178
11404. 11178,11478
11405. 11496,11178
11406. 11181,11179
11407. 11179,11479
11408. 11179,11495
11409. 11182,11180
11410. 11184,11180
11411. 11180,11185
11412. 11349,11181
11413. 11186,11181
11414. 11478,11182
11415. 11491,11182
11416. 11185,11183
11417. 11183,11483
11418. 11183,11497
11419. 11184,11498
11420. 11185,11493
11421. 11186,11349
11422. 11187,11494
11423. 11189,11187
11424. 11188,11189
11425. 11188,11190
11426. 11190,11189
11427. 11221,11191
11428. 11191,11500
11429. 11191,11208
11430. 11499,11192
11431. 11206,11192
11432. 11192,11198
11433. 11194,11193
11434. 11193,11195
11435. 11193,11505
11436. 11213,11194
11437. 11202,11194
11438. 11195,11196
11439. 11203,11195
11440. 11461,11196
11441. 11199,11197
11442. 11197,11200
11443. 11197,11202
11444. 11200,11198
11445. 11198,11205
11446. 11201,11199
11447. 11499,11199
11448. 11499,11200
11449. 11200,11212
11450. 11213,11201
11451. 11201,11500
11452. 11214,11201
11453. 11202,11211
11454. 11204,11203
11455. 11211,11203
11456. 11207,11204
11457. 11204,11461
11458. 11205,11209
11459. 11205,11212
11460. 11501,11206
11461. 11500,11206
11462. 11209,11207
11463. 11502,11207
11464. 11208,11501
11465. 11210,11208
11466. 11502,11209
11467. 11223,11210
11468. 11229,11210
11469. 11502,11211
11470. 11212,11502
11471. 11220,11213
11472. 11215,11214
11473. 11225,11214
11474. 11216,11215
11475. 11215,11503
11476. 11228,11216
11477. 11227,11216
11478. 11514,11217
11479. 11217,11220
11480. 11503,11217
11481. 11217,11515
11482. 11219,11218
11483. 11218,11506
11484. 11220,11219
11485. 11223,11221
11486. 11225,11221
11487. 11507,11222
11488. 11222,11224
11489. 11222,11229
11490. 11224,11223
11491. 11224,11227
11492. 11227,11225
11493. 11240,11226
11494. 11226,11227
11495. 11507,11226
11496. 11226,11228
11497. 11248,11228
11498. 11229,11508
11499. 11231,11230
11500. 11230,11255
11501. 11230,11515
11502. 11513,11231
11503. 11231,11234
11504. 11238,11232
11505. 11232,11513
11506. 11233,11232
11507. 11252,11233
11508. 11233,11514
11509. 11247,11233
11510. 11250,11234
11511. 11234,11255
11512. 11237,11235
11513. 11235,11238
11514. 11235,11250
11515. 11263,11236
11516. 11236,11239
11517. 11236,11269
11518. 11239,11237
11519. 11237,11250
11520. 11252,11238
11521. 11269,11239
11522. 11239,11253
11523. 11242,11240
11524. 11240,11507
11525. 11244,11241
11526. 11241,11245
11527. 11241,11249
11528. 11245,11242
11529. 11242,11248
11530. 11246,11243
11531. 11243,11244
11532. 11251,11243
11533. 11244,11517
11534. 11245,11519
11535. 11276,11246
11536. 11246,11253
11537. 11263,11246
11538. 11249,11247
11539. 11247,11248
11540. 11249,11524
11541. 11250,11268
11542. 11516,11251
11543. 11276,11251
11544. 11253,11252
11545. 11524,11252
11546. 11257,11254
11547. 11255,11256
11548. 11256,11257
11549. 11289,11257
11550. 11268,11258
11551. 11258,11259
11552. 11258,11525
11553. 11545,11259
11554. 11259,11269
11555. 11259,11546
11556. 11260,11261
11557. 11531,11260
11558. 11260,11266
11559. 11261,11527
11560. 11283,11261
11561. 11261,11282
11562. 11527,11262
11563. 11262,11303
11564. 11262,11278
11565. 11267,11263
11566. 11529,11264
11567. 11264,11267
11568. 11287,11264
11569. 11528,11265
11570. 11265,11529
11571. 11274,11265
11572. 11266,11530
11573. 11266,11272
11574. 11267,11276
11575. 11269,11268
11576. 11277,11270
11577. 11270,11276
11578. 11270,11516
11579. 11543,11271
11580. 11271,11277
11581. 11534,11271
11582. 11271,11528
11583. 11272,11275
11584. 11272,11279
11585. 11275,11273
11586. 11273,11274
11587. 11273,11284
11588. 11528,11274
11589. 11274,11285
11590. 11275,11286
11591. 11277,11536
11592. 11278,11295
11593. 11278,11282
11594. 11279,11296
11595. 11282,11279
11596. 11281,11280
11597. 11280,11537
11598. 11284,11280
11599. 11296,11281
11600. 11286,11281
11601. 11282,11548
11602. 11531,11283
11603. 11283,11542
11604. 11286,11284
11605. 11284,11285
11606. 11285,11287
11607. 11287,11540
11608. 11290,11288
11609. 11288,11289
11610. 11526,11288
11611. 11289,11544
11612. 11291,11290
11613. 11292,11290
11614. 11578,11291
11615. 11291,11545
11616. 11293,11291
11617. 11292,11564
11618. 11324,11292
11619. 11345,11293
11620. 11293,11297
11621. 11295,11294
11622. 11294,11552
11623. 11303,11294
11624. 11541,11295
11625. 11297,11551
11626. 11550,11297
11627. 11301,11298
11628. 11298,11300
11629. 11298,11308
11630. 11302,11299
11631. 11299,11301
11632. 11299,11306
11633. 11300,11376
11634. 11300,11555
11635. 11301,11306
11636. 11303,11302
11637. 11302,11554
11638. 11307,11304
11639. 11304,11305
11640. 11309,11304
11641. 11305,11381
11642. 11309,11305
11643. 11306,11307
11644. 11307,11312
11645. 11308,11309
11646. 11555,11308
11647. 11554,11310
11648. 11310,11553
11649. 11310,11556
11650. 11553,11311
11651. 11311,11312
11652. 11556,11311
11653. 11312,11313
11654. 11381,11313
11655. 11315,11314
11656. 11319,11314
11657. 11558,11315
11658. 11315,11349
11659. 11559,11316
11660. 11316,11558
11661. 11563,11316
11662. 11334,11317
11663. 11317,11318
11664. 11317,11562
11665. 11318,11559
11666. 11321,11318
11667. 11318,11560
11668. 11320,11319
11669. 11322,11319
11670. 11558,11320
11671. 11320,11323
11672. 11561,11321
11673. 11321,11567
11674. 11323,11322
11675. 11564,11323
11676. 11562,11324
11677. 11324,11563
11678. 11378,11325
11679. 11325,11569
11680. 11325,11390
11681. 11333,11326
11682. 11326,11335
11683. 11337,11326
11684. 11570,11327
11685. 11327,11330
11686. 11327,11572
11687. 11328,11570
11688. 11328,11347
11689. 11331,11329
11690. 11329,11333
11691. 11329,11577
11692. 11330,11332
11693. 11340,11330
11694. 11332,11331
11695. 11343,11331
11696. 11332,11337
11697. 11333,11345
11698. 11335,11334
11699. 11334,11575
11700. 11579,11335
11701. 11335,11578
11702. 11571,11336
11703. 11336,11386
11704. 11596,11336
11705. 11336,11338
11706. 11572,11337
11707. 11337,11344
11708. 11570,11338
11709. 11338,11571
11710. 11338,11573
11711. 11583,11339
11712. 11339,11574
11713. 11346,11339
11714. 11341,11340
11715. 11348,11340
11716. 11342,11341
11717. 11341,11547
11718. 11557,11342
11719. 11342,11348
11720. 11547,11343
11721. 11343,11345
11722. 11594,11344
11723. 11344,11579
11724. 11344,11361
11725. 11575,11346
11726. 11346,11576
11727. 11348,11347
11728. 11347,11570
11729. 11569,11350
11730. 11350,11385
11731. 11350,11590
11732. 11354,11351
11733. 11351,11353
11734. 11351,11370
11735. 11353,11352
11736. 11352,11581
11737. 11358,11352
11738. 11353,11587
11739. 11367,11354
11740. 11354,11592
11741. 11356,11355
11742. 11355,11358
11743. 11355,11359
11744. 11357,11356
11745. 11363,11356
11746. 11356,11614
11747. 11582,11357
11748. 11357,11407
11749. 11369,11358
11750. 11359,11403
11751. 11581,11359
11752. 11371,11360
11753. 11360,11406
11754. 11398,11360
11755. 11360,11583
11756. 11361,11362
11757. 11361,11368
11758. 11362,11583
11759. 11588,11362
11760. 11364,11363
11761. 11363,11369
11762. 11366,11364
11763. 11370,11364
11764. 11367,11365
11765. 11365,11366
11766. 11373,11365
11767. 11366,11370
11768. 11375,11367
11769. 11584,11368
11770. 11368,11586
11771. 11370,11369
11772. 11593,11371
11773. 11581,11371
11774. 11371,11588
11775. 11589,11372
11776. 11372,11373
11777. 11374,11372
11778. 11372,11591
11779. 11389,11373
11780. 11590,11374
11781. 11375,11374
11782. 11569,11375
11783. 11376,11379
11784. 11376,11600
11785. 11379,11377
11786. 11377,11596
11787. 11386,11377
11788. 11596,11378
11789. 11378,11608
11790. 11379,11393
11791. 11381,11380
11792. 11380,11384
11793. 11380,11393
11794. 11597,11382
11795. 11382,11383
11796. 11388,11382
11797. 11383,11598
11798. 11383,11605
11799. 11384,11597
11800. 11384,11388
11801. 11385,11599
11802. 11390,11385
11803. 11600,11386
11804. 11601,11387
11805. 11387,11388
11806. 11387,11609
11807. 11603,11389
11808. 11389,11582
11809. 11609,11389
11810. 11390,11606
11811. 11606,11391
11812. 11391,11599
11813. 11607,11391
11814. 11608,11392
11815. 11392,11607
11816. 11394,11392
11817. 11393,11394
11818. 11596,11394
11819. 11395,11396
11820. 11402,11395
11821. 11395,11610
11822. 11396,11645
11823. 11396,11610
11824. 11399,11397
11825. 11397,11400
11826. 11611,11397
11827. 11581,11398
11828. 11398,11399
11829. 11613,11399
11830. 11399,11406
11831. 11400,11402
11832. 11615,11400
11833. 11610,11401
11834. 11401,11432
11835. 11401,11409
11836. 11402,11410
11837. 11403,11611
11838. 11614,11403
11839. 11403,11613
11840. 11583,11404
11841. 11404,11612
11842. 11404,11580
11843. 11612,11405
11844. 11410,11405
11845. 11405,11618
11846. 11406,11410
11847. 11582,11407
11848. 11407,11408
11849. 11408,11615
11850. 11408,11630
11851. 11409,11616
11852. 11618,11409
11853. 11410,11620
11854. 11626,11411
11855. 11411,11412
11856. 11411,11633
11857. 11412,11628
11858. 11434,11413
11859. 11413,11414
11860. 11420,11413
11861. 11418,11414
11862. 11414,11644
11863. 11418,11415
11864. 11415,11416
11865. 11415,11419
11866. 11416,11634
11867. 11416,11637
11868. 11634,11417
11869. 11417,11635
11870. 11417,11642
11871. 11434,11418
11872. 11419,11635
11873. 11440,11420
11874. 11420,11424
11875. 11638,11421
11876. 11642,11421
11877. 11421,11643
11878. 11422,11639
11879. 11424,11422
11880. 11422,11423
11881. 11423,11641
11882. 11436,11423
11883. 11644,11424
11884. 11424,11440
11885. 11645,11425
11886. 11425,11427
11887. 11425,11442
11888. 11427,11426
11889. 11426,11428
11890. 11426,11648
11891. 11427,11649
11892. 11428,11452
11893. 11428,11652
11894. 11432,11429
11895. 11429,11430
11896. 11444,11429
11897. 11430,11433
11898. 11430,11647
11899. 11433,11431
11900. 11431,11646
11901. 11431,11441
11902. 11442,11432
11903. 11443,11433
11904. 11445,11434
11905. 11646,11434
11906. 11647,11435
11907. 11616,11435
11908. 11438,11436
11909. 11436,11440
11910. 11666,11437
11911. 11437,11438
11912. 11441,11437
11913. 11641,11438
11914. 11665,11439
11915. 11439,11666
11916. 11652,11439
11917. 11440,11445
11918. 11443,11441
11919. 11441,11653
11920. 11621,11442
11921. 11442,11444
11922. 11444,11443
11923. 11648,11443
11924. 11653,11445
11925. 11628,11446
11926. 11446,11447
11927. 11446,11450
11928. 11447,11654
11929. 11447,11662
11930. 11650,11448
11931. 11619,11448
11932. 11448,11449
11933. 11449,11457
11934. 11449,11657
11935. 11658,11450
11936. 11450,11660
11937. 11452,11451
11938. 11451,11664
11939. 11451,11455
11940. 11452,11665
11941. 11664,11453
11942. 11455,11453
11943. 11453,11667
11944. 11668,11454
11945. 11454,11455
11946. 11456,11454
11947. 11669,11456
11948. 11651,11456
11949. 11460,11457
11950. 11457,11651
11951. 11655,11458
11952. 11458,11670
11953. 11659,11458
11954. 11670,11459
11955. 11459,11668
11956. 11459,11460
11957. 11460,11669
11958. 11462,11464
11959. 11462,11466
11960. 11463,11469
11961. 11506,11464
11962. 11466,11467
11963. 11475,11472
11964. 11474,11475
11965. 11483,11480
11966. 11480,11484
11967. 11484,11481
11968. 11481,11486
11969. 11488,11482
11970. 11482,11487
11971. 11487,11485
11972. 11486,11488
11973. 11490,11489
11974. 11489,11491
11975. 11495,11496
11976. 11500,11499
11977. 11514,11503
11978. 11505,11504
11979. 11507,11508
11980. 11509,11508
11981. 11518,11509
11982. 11509,11510
11983. 11510,11511
11984. 11510,11512
11985. 11513,11514
11986. 11519,11518
11987. 11518,11520
11988. 11520,11522
11989. 11523,11521
11990. 11522,11523
11991. 11525,11526
11992. 11532,11528
11993. 11530,11532
11994. 11531,11543
11995. 11533,11534
11996. 11536,11535
11997. 11540,11538
11998. 11538,11539
11999. 11539,11549
12000. 11542,11541
12001. 11551,11550
12002. 11552,11557
12003. 11560,11558
12004. 11574,11561
12005. 11576,11565
12006. 11568,11566
12007. 11567,11568
12008. 11571,11569
12009. 11573,11570
12010. 11571,11594
12011. 11587,11584
12012. 11584,11588
12013. 11586,11585
12014. 11592,11593
12015. 11595,11592
12016. 11594,11595
12017. 11598,11627
12018. 11599,11602
12019. 11599,11603
12020. 11602,11601
12021. 11605,11604
12022. 11604,11629
12023. 11620,11610
12024. 11610,11621
12025. 11615,11619
12026. 11623,11622
12027. 11622,11626
12028. 11625,11623
12029. 11627,11624
12030. 11624,11625
12031. 11630,11631
12032. 11633,11632
12033. 11636,11635
12034. 11637,11638
12035. 11639,11640
12036. 11649,11650
12037. 11654,11655
12038. 11657,11656
12039. 11656,11658
12040. 11660,11659
12041. 11662,11661
12042. 11661,11663
12043. 11675,11671
12044. 11671,11672
12045. 11672,11673
12046. 11673,11676
12047. 11676,11674
12048. 11674,11681
12049. 11936,11675
12050. 11686,11677
12051. 11677,11678
12052. 11678,11685
12053. 11687,11679
12054. 11679,11690
12055. 11681,11680
12056. 11680,11937
12057. 11690,11682
12058. 11682,11684
12059. 11937,11683
12060. 11683,11686
12061. 11684,11700
12062. 11685,11688
12063. 11691,11687
12064. 11688,11689
12065. 11689,11691
12066. 11716,11692
12067. 11692,11693
12068. 11693,11695
12069. 11695,11694
12070. 11694,11937
12071. 11702,11696
12072. 11696,11698
12073. 11705,11697
12074. 11697,11722
12075. 11698,11701
12076. 11706,11699
12077. 11699,11709
12078. 11700,11708
12079. 11701,11706
12080. 11938,11702
12081. 11708,11703
12082. 11703,11938
12083. 11709,11704
12084. 11704,11707
12085. 11710,11705
12086. 11707,11939
12087. 11939,11710
12088. 11715,11711
12089. 11711,11961
12090. 11711,11957
12091. 11713,11712
12092. 11712,11714
12093. 11961,11713
12094. 11714,11717
12095. 22933,11715
12096. 11719,11716
12097. 11717,11718
12098. 11718,11719
12099. 12004,11720
12100. 11720,12003
12101. 12009,11720
12102. 12011,11721
12103. 11721,11733
12104. 11722,11732
12105. 11725,11723
12106. 11723,11730
12107. 11728,11724
12108. 11724,11725
12109. 11732,11726
12110. 11726,11734
12111. 11733,11727
12112. 11727,11729
12113. 11729,11728
12114. 11730,12187
12115. 11734,11731
12116. 11731,12011
12117. 11738,11735
12118. 11735,12022
12119. 12022,11736
12120. 11736,11741
12121. 11739,11737
12122. 11737,11738
12123. 11740,11739
12124. 12011,11740
12125. 11741,12028
12126. 12019,11741
12127. 12053,11742
12128. 11742,12056
12129. 11742,12069
12130. 12059,11743
12131. 12066,11743
12132. 11743,12064
12133. 12071,11744
12134. 11744,12096
12135. 11912,11745
12136. 11745,12071
12137. 11748,11746
12138. 11746,11747
12139. 11747,12080
12140. 12087,11747
12141. 12102,11748
12142. 11748,12071
12143. 11750,11749
12144. 11749,12095
12145. 12096,11750
12146. 12095,11751
12147. 11751,12094
12148. 12101,11752
12149. 11752,12099
12150. 12111,11752
12151. 12105,11753
12152. 11753,12113
12153. 11753,12086
12154. 11755,11754
12155. 11754,11759
12156. 11763,11755
12157. 11759,11756
12158. 11756,11765
12159. 11760,11757
12160. 11757,11762
12161. 11761,11758
12162. 11758,12114
12163. 11765,11760
12164. 11770,11761
12165. 11762,11764
12166. 12114,11763
12167. 12115,11766
12168. 11766,12118
12169. 11766,12121
12170. 11779,11767
12171. 11767,11782
12172. 11781,11768
12173. 11768,11785
12174. 11774,11769
12175. 11769,11784
12176. 11786,11770
12177. 11777,11771
12178. 11771,11778
12179. 11784,11772
12180. 11772,11780
12181. 11783,11773
12182. 11773,11817
12183. 11775,11774
12184. 11778,11775
12185. 12159,11776
12186. 11776,11779
12187. 11785,11777
12188. 11780,11783
12189. 12159,11781
12190. 11782,11786
12191. 11798,11787
12192. 11787,11793
12193. 11793,11788
12194. 11788,11797
12195. 11794,11789
12196. 11789,11798
12197. 11792,11790
12198. 11790,11799
12199. 11795,11791
12200. 11791,11800
12201. 11797,11792
12202. 12164,11794
12203. 11825,11795
12204. 11799,11796
12205. 11796,12163
12206. 11800,12163
12207. 11805,11801
12208. 11801,11807
12209. 11812,11802
12210. 11802,12175
12211. 11809,11803
12212. 11803,11808
12213. 12175,11804
12214. 11804,11810
12215. 11813,11805
12216. 11811,11806
12217. 11806,11809
12218. 11807,11812
12219. 11808,11814
12220. 11810,11811
12221. 11861,11813
12222. 11816,11815
12223. 11815,11831
12224. 11817,11816
12225. 11821,11818
12226. 11818,11820
12227. 11824,11819
12228. 11819,11821
12229. 11820,11825
12230. 12181,11822
12231. 11822,11857
12232. 12181,11823
12233. 11823,11824
12234. 11827,11826
12235. 11826,12181
12236. 11828,11827
12237. 12182,11828
12238. 11830,11829
12239. 11829,11832
12240. 11831,11830
12241. 11832,11833
12242. 11833,12182
12243. 11836,11834
12244. 11834,11845
12245. 11844,11835
12246. 11839,11836
12247. 12163,11837
12248. 11837,11843
12249. 11842,11838
12250. 11838,11840
12251. 11843,11839
12252. 11840,11841
12253. 11841,11844
12254. 11845,11842
12255. 11851,11846
12256. 11846,11856
12257. 11857,11847
12258. 11847,11853
12259. 11853,11848
12260. 11848,11851
12261. 11856,11849
12262. 11849,11855
12263. 11854,11850
12264. 11850,11867
12265. 11855,11852
12266. 11852,11854
12267. 11862,11858
12268. 11858,11863
12269. 12183,11859
12270. 11859,11862
12271. 11863,11860
12272. 11860,11861
12273. 11866,11864
12274. 11864,11935
12275. 11874,11865
12276. 11865,11866
12277. 11867,11876
12278. 11879,11868
12279. 11868,11872
12280. 11876,11869
12281. 11869,11873
12282. 11873,11870
12283. 11870,11875
12284. 11877,11871
12285. 11871,11879
12286. 11872,11878
12287. 11878,11874
12288. 11875,11880
12289. 11880,11877
12290. 12187,11881
12291. 11881,11891
12292. 12210,11882
12293. 11882,12196
12294. 12206,11882
12295. 11894,11883
12296. 11883,11893
12297. 11895,11884
12298. 11884,11896
12299. 11888,11885
12300. 11885,11897
12301. 11893,11886
12302. 11886,11895
12303. 11898,11887
12304. 11887,11899
12305. 11896,11888
12306. 11899,11889
12307. 11889,11907
12308. 11897,11890
12309. 11890,11892
12310. 11891,12209
12311. 11892,11898
12312. 12208,11894
12313. 11903,11900
12314. 11900,11901
12315. 11901,11908
12316. 11906,11902
12317. 11902,11904
12318. 12223,11903
12319. 11904,11905
12320. 11905,12222
12321. 11907,11906
12322. 11908,11909
12323. 11909,11910
12324. 11910,11911
12325. 11911,11912
12326. 12233,11913
12327. 11913,11919
12328. 11916,11914
12329. 11914,12233
12330. 12234,11915
12331. 11915,11918
12332. 11927,11916
12333. 11925,11917
12334. 11917,11924
12335. 11918,11927
12336. 11919,11925
12337. 11921,11920
12338. 11920,11928
12339. 11924,11921
12340. 11928,11922
12341. 11922,11926
12342. 11926,11923
12343. 11923,12094
12344. 11932,11929
12345. 11929,11931
12346. 11934,11930
12347. 11930,11932
12348. 11931,11933
12349. 11935,11934
12350. 17084,11936
12351. 11940,11938
12352. 11939,11953
12353. 11947,11940
12354. 11946,11941
12355. 11941,11943
12356. 11945,11942
12357. 11942,11946
12358. 11943,11944
12359. 11944,11947
12360. 11948,11945
12361. 12024,11948
12362. 11953,11949
12363. 11949,11952
12364. 11952,11950
12365. 11950,11951
12366. 11951,12010
12367. 11958,11954
12368. 11954,11955
12369. 11985,11956
12370. 11956,11964
12371. 11957,11959
12372. 11963,11958
12373. 11959,11960
12374. 11960,11962
12375. 11964,11961
12376. 11962,11963
12377. 11986,11965
12378. 11965,11972
12379. 11969,11966
12380. 11966,11970
12381. 11988,11967
12382. 11967,11986
12383. 11977,11968
12384. 11968,11975
12385. 12002,11969
12386. 11970,11979
12387. 11984,11971
12388. 11971,11980
12389. 11972,11973
12390. 11973,11983
12391. 11981,11974
12392. 11974,11985
12393. 11975,11976
12394. 11976,11987
12395. 11980,11977
12396. 11982,11978
12397. 11978,11988
12398. 11979,11982
12399. 11987,11981
12400. 11983,11984
12401. 12001,11989
12402. 11989,12000
12403. 11997,11990
12404. 11990,12002
12405. 11993,11991
12406. 11991,12004
12407. 12005,11992
12408. 11992,11995
12409. 12007,11993
12410. 11998,11994
12411. 11994,11997
12412. 11995,11999
12413. 12003,11996
12414. 11996,12005
12415. 12000,11998
12416. 11999,12001
12417. 12195,12006
12418. 12006,12007
12419. 12010,12008
12420. 12008,12009
12421. 12013,12012
12422. 12012,12016
12423. 12015,12013
12424. 12023,12014
12425. 12014,12019
12426. 12018,12015
12427. 12016,12023
12428. 12021,12017
12429. 12017,12018
12430. 12034,12020
12431. 12020,12021
12432. 12022,12026
12433. 12025,12024
12434. 12027,12025
12435. 12026,12027
12436. 12041,12029
12437. 12029,12040
12438. 12031,12030
12439. 12030,12043
12440. 12036,12031
12441. 12040,12032
12442. 12032,12038
12443. 12039,12033
12444. 12033,12041
12445. 12037,12034
12446. 12042,12035
12447. 12035,12036
12448. 12043,12037
12449. 12038,12042
12450. 12049,12039
12451. 12046,12044
12452. 12044,12055
12453. 12051,12045
12454. 12045,12050
12455. 12075,12046
12456. 12048,12047
12457. 12047,12052
12458. 12054,12048
12459. 12052,12049
12460. 12050,12053
12461. 12055,12051
12462. 12056,12054
12463. 12060,12057
12464. 12057,12059
12465. 12085,12058
12466. 12058,12061
12467. 12061,12060
12468. 12063,12062
12469. 12062,12066
12470. 12065,12063
12471. 12064,12070
12472. 12069,12065
12473. 12070,12067
12474. 12067,12068
12475. 12068,12227
12476. 12076,12072
12477. 12072,12075
12478. 12099,12073
12479. 12073,12077
12480. 12077,12074
12481. 12074,12076
12482. 12081,12078
12483. 12078,12084
12484. 12084,12079
12485. 12079,12085
12486. 12080,12083
12487. 12082,12081
12488. 12083,12082
12489. 12086,12088
12490. 12088,12087
12491. 12091,12089
12492. 12089,12090
12493. 12090,12100
12494. 12119,12091
12495. 12098,12092
12496. 12092,12139
12497. 12097,12093
12498. 12093,12098
12499. 12094,12097
12500. 12095,12107
12501. 12096,12102
12502. 12100,12101
12503. 12113,12103
12504. 12103,12109
12505. 12112,12104
12506. 12104,12111
12507. 12110,12105
12508. 12108,12106
12509. 12106,12110
12510. 12107,12108
12511. 12109,12112
12512. 12124,12114
12513. 12156,12115
12514. 12117,12116
12515. 12116,12119
12516. 12118,12117
12517. 12127,12120
12518. 12120,12126
12519. 12121,12127
12520. 12129,12122
12521. 12122,12128
12522. 12125,12123
12523. 12123,12124
12524. 12128,12125
12525. 12126,12130
12526. 12130,12129
12527. 12139,12131
12528. 12131,12140
12529. 12143,12132
12530. 12132,12144
12531. 12142,12133
12532. 12133,12138
12533. 12137,12134
12534. 12134,12145
12535. 12140,12135
12536. 12135,12141
12537. 12141,12136
12538. 12136,12143
12539. 12144,12137
12540. 12138,12158
12541. 12145,12142
12542. 12150,12146
12543. 12146,12147
12544. 12147,12149
12545. 12149,12148
12546. 12148,12168
12547. 12158,12150
12548. 12157,12151
12549. 12151,12155
12550. 12153,12152
12551. 12152,12157
12552. 12154,12153
12553. 12170,12154
12554. 12155,12156
12555. 12173,12159
12556. 12165,12160
12557. 12160,12166
12558. 12166,12161
12559. 12161,12162
12560. 12162,12164
12561. 12162,12171
12562. 12164,12174
12563. 12167,12165
12564. 12169,12167
12565. 12168,12169
12566. 12171,12170
12567. 12174,12172
12568. 12172,12173
12569. 12178,12175
12570. 12186,12176
12571. 12176,12179
12572. 12179,12177
12573. 12177,12180
12574. 12180,12178
12575. 12182,12183
12576. 12183,12184
12577. 12184,12185
12578. 12185,12186
12579. 12187,12204
12580. 12191,12188
12581. 12188,12190
12582. 12198,12189
12583. 12189,12193
12584. 12190,12201
12585. 12200,12191
12586. 12196,12192
12587. 12192,12200
12588. 12193,12195
12589. 12201,12194
12590. 12194,12202
12591. 12202,12197
12592. 12197,12199
12593. 12199,12198
12594. 12207,12203
12595. 12203,12206
12596. 12204,12205
12597. 12205,12207
12598. 12209,12208
12599. 12208,12217
12600. 12209,12210
12601. 12217,12211
12602. 12211,12212
12603. 12212,12215
12604. 12219,12213
12605. 12213,12214
12606. 12214,12216
12607. 12215,12219
12608. 12216,12218
12609. 12224,12220
12610. 12220,12221
12611. 12221,12223
12612. 12222,12224
12613. 12230,12222
12614. 12223,12231
12615. 12226,12225
12616. 12225,12228
12617. 12232,12226
12618. 12227,12229
12619. 12228,12230
12620. 12229,12232
12621. 12231,12235
12622. 12241,12233
12623. 22520,12234
12624. 12235,12238
12625. 12242,12236
12626. 12236,12237
12627. 12237,12243
12628. 12238,12242
12629. 12243,12239
12630. 12239,12240
12631. 12240,12241
12632. 12297,12244
12633. 12244,12283
12634. 12293,12245
12635. 12245,12296
12636. 12245,12286
12637. 12295,12246
12638. 12246,12291
12639. 12246,12287
12640. 12282,12247
12641. 12247,12290
12642. 12247,12288
12643. 12254,12248
12644. 12248,12340
12645. 12248,12298
12646. 12300,12249
12647. 12249,12250
12648. 12249,12252
12649. 12250,12299
12650. 12305,12250
12651. 12250,12252
12652. 12312,12251
12653. 12251,12255
12654. 12251,12300
12655. 12252,12301
12656. 12256,12253
12657. 12253,12307
12658. 12253,12303
12659. 12308,12254
12660. 12302,12254
12661. 12255,12310
12662. 12255,12304
12663. 12256,12309
12664. 12314,12257
12665. 12257,12262
12666. 12257,12275
12667. 12260,12258
12668. 12258,12261
12669. 12258,12317
12670. 12285,12259
12671. 12259,12315
12672. 12259,12318
12673. 12313,12260
12674. 12286,12260
12675. 12261,12314
12676. 12298,12261
12677. 12281,12262
12678. 12262,12279
12679. 12272,12263
12680. 12263,12269
12681. 12263,12280
12682. 12328,12264
12683. 12264,12265
12684. 12280,12264
12685. 12265,12327
12686. 12265,12329
12687. 12327,12266
12688. 12266,12322
12689. 12329,12266
12690. 12326,12267
12691. 12267,12324
12692. 12267,12330
12693. 12324,12268
12694. 12268,12325
12695. 12268,12331
12696. 12269,12270
12697. 12269,12334
12698. 12270,12323
12699. 12336,12270
12700. 12342,12271
12701. 12271,12274
12702. 12325,12271
12703. 12274,12272
12704. 12278,12273
12705. 12273,12341
12706. 12273,12333
12707. 12332,12274
12708. 12277,12275
12709. 12275,12276
12710. 12276,12321
12711. 12337,12276
12712. 12278,12277
12713. 12277,12337
12714. 12279,12278
12715. 12279,12338
12716. 12280,12339
12717. 12340,12281
12718. 12281,12343
12719. 12306,12282
12720. 12283,12284
12721. 12284,12285
12722. 12291,12289
12723. 12289,12294
12724. 12290,12293
12725. 12296,12292
12726. 12292,12295
12727. 12294,12297
12728. 12303,12302
12729. 12304,12305
12730. 12307,12306
12731. 12309,12308
12732. 12311,12312
12733. 12316,12313
12734. 12315,12316
12735. 12318,12319
12736. 12319,12320
12737. 12322,12326
12738. 12323,12328
12739. 12333,12332
12740. 12334,12335
12741. 12335,12336
12742. 12347,12342
12743. 12343,12346
12744. 12346,12344
12745. 12344,12345
12746. 12345,12347
12747. 12350,12348
12748. 12348,12753
12749. 12352,12349
12750. 12349,12351
12751. 12355,12350
12752. 12351,12361
12753. 12753,12352
12754. 12360,12353
12755. 12353,12357
12756. 12362,12354
12757. 12354,12355
12758. 12358,12356
12759. 12356,12359
12760. 12361,12358
12761. 12359,12360
12762. 12376,12362
12763. 12366,12363
12764. 12363,12368
12765. 12371,12364
12766. 12364,12367
12767. 12369,12365
12768. 12365,12373
12769. 12372,12366
12770. 12367,12369
12771. 12368,12370
12772. 12370,12375
12773. 12374,12371
12774. 12378,12372
12775. 12373,12376
12776. 12375,12374
12777. 12757,12377
12778. 12377,12384
12779. 12382,12378
12780. 12389,12379
12781. 12379,12385
12782. 12386,12380
12783. 12380,12387
12784. 12384,12381
12785. 12381,12390
12786. 12383,12382
12787. 12390,12383
12788. 12385,12756
12789. 12412,12386
12790. 12387,12388
12791. 12388,12389
12792. 12410,12391
12793. 12391,12411
12794. 12394,12392
12795. 12392,12407
12796. 12401,12393
12797. 12393,12402
12798. 12404,12394
12799. 12407,12395
12800. 12395,12399
12801. 12409,12396
12802. 12396,12397
12803. 12397,12410
12804. 12406,12398
12805. 12398,12414
12806. 12399,12408
12807. 12413,12400
12808. 12400,12401
12809. 12402,12403
12810. 12403,12412
12811. 12414,12404
12812. 12417,12405
12813. 12405,12763
12814. 12763,12406
12815. 12408,12409
12816. 12411,12413
12817. 12440,12415
12818. 12415,12763
12819. 12418,12416
12820. 12416,12417
12821. 12448,12418
12822. 12433,12419
12823. 12419,12440
12824. 12443,12420
12825. 12420,12437
12826. 12423,12421
12827. 12421,12764
12828. 12425,12422
12829. 12422,12429
12830. 12765,12423
12831. 12441,12424
12832. 12424,12433
12833. 12431,12425
12834. 12442,12426
12835. 12426,12430
12836. 12439,12427
12837. 12427,12443
12838. 12479,12428
12839. 12428,12438
12840. 12429,12432
12841. 12430,12436
12842. 12438,12431
12843. 12432,12765
12844. 12435,12434
12845. 12434,12439
12846. 12436,12435
12847. 12437,12441
12848. 12764,12442
12849. 12450,12444
12850. 12444,12445
12851. 12445,12449
12852. 12449,12446
12853. 12446,12447
12854. 12447,12448
12855. 12457,12450
12856. 12456,12451
12857. 12451,12455
12858. 12454,12452
12859. 12452,12456
12860. 12455,12453
12861. 12453,12457
12862. 12460,12454
12863. 12461,12458
12864. 12458,12481
12865. 12480,12459
12866. 12459,12467
12867. 12465,12460
12868. 12464,12461
12869. 12807,12462
12870. 12462,12466
12871. 12799,12463
12872. 12463,12464
12873. 12468,12465
12874. 12466,12468
12875. 12467,12808
12876. 12471,12469
12877. 12469,12496
12878. 12807,12470
12879. 12470,12471
12880. 12476,12472
12881. 12472,12473
12882. 12473,12475
12883. 12477,12474
12884. 12474,12476
12885. 12475,12479
12886. 12478,12477
12887. 12830,12478
12888. 12482,12480
12889. 12481,12485
12890. 12483,12482
12891. 12484,12483
12892. 12485,12484
12893. 12499,12486
12894. 12486,12487
12895. 12487,12489
12896. 12501,12488
12897. 12488,12494
12898. 12489,12516
12899. 12493,12490
12900. 12490,12508
12901. 12497,12491
12902. 12491,12509
12903. 12500,12492
12904. 12492,12499
12905. 12509,12493
12906. 12494,12505
12907. 12503,12495
12908. 12495,12502
12909. 12496,12498
12910. 12504,12497
12911. 12498,12503
12912. 12508,12500
12913. 12502,12501
12914. 12507,12504
12915. 12505,12506
12916. 12506,12507
12917. 12512,12510
12918. 12510,12513
12919. 12539,12511
12920. 12511,12512
12921. 12521,12514
12922. 12514,12515
12923. 12515,12522
12924. 12516,12528
12925. 12522,12517
12926. 12517,12526
12927. 12523,12518
12928. 12518,12519
12929. 12519,12524
12930. 12525,12520
12931. 12520,12548
12932. 12524,12521
12933. 12527,12523
12934. 12526,12525
12935. 12528,12527
12936. 12541,12529
12937. 12529,12530
12938. 12530,12532
12939. 12543,12531
12940. 12531,12542
12941. 12532,12543
12942. 12537,12533
12943. 12533,12534
12944. 12534,12540
12945. 12551,12535
12946. 12535,12536
12947. 12536,12541
12948. 12853,12537
12949. 12540,12538
12950. 12538,12539
12951. 12542,12853
12952. 12548,12544
12953. 12544,12549
12954. 12546,12545
12955. 12545,12547
12956. 12549,12546
12957. 12547,12853
12958. 12557,12550
12959. 12550,12552
12960. 12558,12551
12961. 12552,12554
12962. 12609,12553
12963. 12553,12559
12964. 12554,12558
12965. 12559,12555
12966. 12555,12556
12967. 12556,12557
12968. 12570,12560
12969. 12560,12563
12970. 12580,12561
12971. 12561,12579
12972. 12577,12562
12973. 12562,12570
12974. 12563,12566
12975. 12578,12564
12976. 12564,12577
12977. 12865,12565
12978. 12565,12572
12979. 12566,12573
12980. 12571,12567
12981. 12567,12910
12982. 12574,12568
12983. 12568,12582
12984. 12575,12569
12985. 12569,12571
12986. 12572,12581
12987. 12573,12646
12988. 12910,12574
12989. 12579,12575
12990. 12582,12576
12991. 12576,12578
12992. 12581,12580
12993. 12588,12583
12994. 12583,12596
12995. 12601,12584
12996. 12584,12602
12997. 12592,12585
12998. 12585,12597
12999. 12587,12586
13000. 12586,12590
13001. 12596,12587
13002. 12593,12588
13003. 12594,12589
13004. 12589,12600
13005. 12590,12595
13006. 12595,12591
13007. 12591,12594
13008. 12634,12592
13009. 12597,12593
13010. 12600,12598
13011. 12598,12603
13012. 12603,12599
13013. 12599,12601
13014. 12602,12931
13015. 12608,12604
13016. 12604,12606
13017. 12615,12605
13018. 12605,12610
13019. 12606,12609
13020. 12930,12607
13021. 12607,12611
13022. 12610,12608
13023. 12611,12614
13024. 12613,12612
13025. 12612,12615
13026. 12614,12613
13027. 12931,12616
13028. 12616,12926
13029. 12620,12617
13030. 12617,12618
13031. 12618,12632
13032. 12621,12619
13033. 12619,12627
13034. 12622,12620
13035. 12628,12621
13036. 12626,12622
13037. 12651,12623
13038. 12623,12633
13039. 12637,12624
13040. 12624,12626
13041. 12636,12625
13042. 12625,12630
13043. 12627,12629
13044. 12633,12628
13045. 12629,12636
13046. 12630,12637
13047. 12632,12631
13048. 12631,12635
13049. 12635,12634
13050. 12642,12638
13051. 12638,12649
13052. 12646,12639
13053. 12639,12640
13054. 12640,12938
13055. 12648,12641
13056. 12641,12642
13057. 12938,12643
13058. 12643,12647
13059. 12649,12644
13060. 12647,12645
13061. 12645,12650
13062. 12650,12648
13063. 12664,12651
13064. 12659,12652
13065. 12652,12665
13066. 12655,12653
13067. 12653,12660
13068. 12661,12654
13069. 12654,12668
13070. 12656,12655
13071. 12662,12656
13072. 12666,12657
13073. 12657,12659
13074. 12660,12658
13075. 12658,12666
13076. 12667,12661
13077. 12670,12662
13078. 12668,12663
13079. 12663,12664
13080. 12665,12669
13081. 12669,12667
13082. 12941,12670
13083. 12691,12671
13084. 12671,12677
13085. 12674,12672
13086. 12672,12719
13087. 12675,12673
13088. 12673,12676
13089. 12677,12674
13090. 12941,12675
13091. 12676,12688
13092. 12681,12678
13093. 12678,12682
13094. 12699,12679
13095. 12679,12743
13096. 12743,12680
13097. 12680,12681
13098. 12682,12943
13099. 12694,12683
13100. 12683,12690
13101. 12686,12684
13102. 12684,12685
13103. 12685,12692
13104. 12693,12686
13105. 12692,12687
13106. 12687,12689
13107. 12688,12694
13108. 12689,12691
13109. 12690,12693
13110. 12715,12695
13111. 12695,12696
13112. 12696,12959
13113. 12702,12697
13114. 12697,12700
13115. 12708,12698
13116. 12698,12702
13117. 12700,12699
13118. 12712,12701
13119. 12701,12705
13120. 12705,12703
13121. 12703,12709
13122. 12711,12704
13123. 12704,12707
13124. 12707,12706
13125. 12706,12712
13126. 12709,12708
13127. 12959,12710
13128. 12710,12711
13129. 12744,12713
13130. 12713,12716
13131. 12717,12714
13132. 12714,12715
13133. 12716,12717
13134. 12733,12718
13135. 12718,12727
13136. 12719,12723
13137. 12737,12720
13138. 12720,12725
13139. 12728,12721
13140. 12721,12739
13141. 12727,12722
13142. 12722,12731
13143. 12723,12729
13144. 12734,12724
13145. 12724,12728
13146. 12725,12732
13147. 12741,12726
13148. 12726,12742
13149. 12729,12737
13150. 12731,12730
13151. 12730,12741
13152. 12732,12735
13153. 12739,12733
13154. 12736,12734
13155. 12735,12736
13156. 12740,12738
13157. 12742,12740
13158. 12745,12744
13159. 12752,12745
13160. 12749,12746
13161. 12746,12747
13162. 12747,12748
13163. 12748,12750
13164. 12960,12749
13165. 12750,12751
13166. 12751,12752
13167. 12753,12754
13168. 12754,12755
13169. 12755,22915
13170. 12756,12757
13171. 12756,12762
13172. 12760,12757
13173. 12761,12758
13174. 12758,12759
13175. 12762,12761
13176. 12764,12767
13177. 12773,12765
13178. 12767,12766
13179. 12766,12768
13180. 12784,12769
13181. 12769,12772
13182. 12772,12770
13183. 12770,12771
13184. 12771,12773
13185. 12779,12774
13186. 12774,12775
13187. 12775,12827
13188. 12778,12776
13189. 12776,12777
13190. 12777,12779
13191. 12802,12778
13192. 12782,12780
13193. 12780,12783
13194. 12785,12781
13195. 12781,12787
13196. 12812,12782
13197. 12783,12786
13198. 12787,12784
13199. 12786,12785
13200. 12791,12788
13201. 12788,12789
13202. 12789,12801
13203. 12803,12790
13204. 12790,12797
13205. 12794,12791
13206. 12804,12792
13207. 12792,12802
13208. 12800,12793
13209. 12793,12804
13210. 12797,12794
13211. 12796,12795
13212. 12795,12803
13213. 12799,12796
13214. 12805,12798
13215. 12798,12800
13216. 12798,12809
13217. 12849,12799
13218. 12801,12806
13219. 12801,12815
13220. 12806,12805
13221. 12808,12807
13222. 12818,12808
13223. 12809,12810
13224. 12810,12811
13225. 12811,12813
13226. 12813,12812
13227. 12821,12814
13228. 12814,12817
13229. 12815,12820
13230. 12820,12816
13231. 12816,12821
13232. 12817,12819
13233. 12819,12818
13234. 12828,12822
13235. 12822,12839
13236. 12834,12823
13237. 12823,12832
13238. 12826,12824
13239. 12824,12831
13240. 12829,12825
13241. 12825,12828
13242. 12839,12826
13243. 12827,12841
13244. 12832,12829
13245. 12831,12830
13246. 12830,12844
13247. 12840,12833
13248. 12833,12836
13249. 12837,12834
13250. 12844,12835
13251. 12835,12843
13252. 12836,12837
13253. 12842,12838
13254. 12838,12840
13255. 12841,12842
13256. 12847,12845
13257. 12845,12851
13258. 12883,12846
13259. 12846,12847
13260. 12851,12848
13261. 12848,12850
13262. 12850,12849
13263. 12902,12852
13264. 12852,12904
13265. 12861,12854
13266. 12854,12856
13267. 12856,12855
13268. 12855,12857
13269. 12857,12863
13270. 12859,12858
13271. 12858,12860
13272. 12928,12859
13273. 12860,12862
13274. 12862,12861
13275. 12863,12864
13276. 12864,12868
13277. 12871,12865
13278. 12865,12869
13279. 12869,12866
13280. 12866,12902
13281. 12870,12867
13282. 12867,12871
13283. 12868,12870
13284. 12880,12872
13285. 12872,12881
13286. 12886,12873
13287. 12873,12878
13288. 12877,12874
13289. 12874,12884
13290. 12884,12875
13291. 12875,12886
13292. 12878,12876
13293. 12876,12885
13294. 12908,12877
13295. 12887,12879
13296. 12879,12882
13297. 12879,12892
13298. 12882,12880
13299. 12881,12883
13300. 12885,12887
13301. 12899,12888
13302. 12888,12901
13303. 12896,12889
13304. 12889,12895
13305. 12891,12890
13306. 12890,12899
13307. 12893,12891
13308. 12892,12900
13309. 12900,12893
13310. 12895,12894
13311. 12894,12915
13312. 12897,12896
13313. 12898,12897
13314. 12901,12898
13315. 12905,12903
13316. 12903,12908
13317. 12904,12909
13318. 12907,12905
13319. 12909,12906
13320. 12906,12907
13321. 12912,12910
13322. 12919,12911
13323. 12911,12917
13324. 12913,12912
13325. 12916,12913
13326. 12915,12914
13327. 12914,12922
13328. 12923,12916
13329. 12917,12923
13330. 12922,12918
13331. 12918,12924
13332. 12920,12919
13333. 12921,12920
13334. 12924,12921
13335. 12927,12925
13336. 12925,12928
13337. 12935,12925
13338. 12926,12927
13339. 12926,12930
13340. 12936,12929
13341. 12929,12932
13342. 12933,12930
13343. 12930,12934
13344. 12931,12936
13345. 12937,12931
13346. 12932,12933
13347. 12934,12935
13348. 12938,12939
13349. 12939,12940
13350. 12942,12941
13351. 12948,12942
13352. 12943,19015
13353. 12945,12944
13354. 12944,12949
13355. 12947,12945
13356. 12949,12946
13357. 12946,12955
13358. 12957,12947
13359. 12953,12948
13360. 12956,12950
13361. 12950,12952
13362. 12955,12951
13363. 12951,12956
13364. 12952,12954
13365. 12954,12953
13366. 12958,12957
13367. 12959,12958
13368. 19081,12960
13369. 13122,12961
13370. 12961,13121
13371. 12961,12963
13372. 13118,12962
13373. 12962,12964
13374. 13133,12962
13375. 12962,13116
13376. 12995,12963
13377. 12963,13119
13378. 12963,13117
13379. 12964,13145
13380. 12964,12977
13381. 12965,12967
13382. 13124,12965
13383. 12965,13129
13384. 13123,12966
13385. 12972,12966
13386. 12967,13123
13387. 13143,12967
13388. 12970,12968
13389. 12968,12972
13390. 12968,13132
13391. 13127,12969
13392. 12969,13125
13393. 13135,12969
13394. 13128,12970
13395. 12970,13135
13396. 13145,12971
13397. 12971,13146
13398. 12971,13124
13399. 13147,12972
13400. 12972,12976
13401. 12976,12973
13402. 12973,13130
13403. 12973,12974
13404. 12974,12975
13405. 12974,13137
13406. 12976,12975
13407. 12975,13148
13408. 13132,12976
13409. 12977,13139
13410. 12977,13142
13411. 13149,12978
13412. 12978,13253
13413. 12978,13252
13414. 13163,12979
13415. 12979,12980
13416. 13155,12979
13417. 12979,13162
13418. 12980,13150
13419. 13167,12980
13420. 12980,13151
13421. 12997,12981
13422. 12981,12998
13423. 12981,12982
13424. 12998,12982
13425. 12982,12983
13426. 12982,13169
13427. 12983,12984
13428. 12983,13001
13429. 12984,13193
13430. 12984,13171
13431. 13173,12985
13432. 12985,12986
13433. 12985,13176
13434. 12986,12987
13435. 12986,12993
13436. 13197,12987
13437. 12987,13198
13438. 13186,12988
13439. 12988,12999
13440. 12988,13172
13441. 12992,12989
13442. 12989,13174
13443. 12989,13205
13444. 13174,12990
13445. 12990,12991
13446. 12990,13178
13447. 12992,12991
13448. 12991,13185
13449. 13000,12992
13450. 13194,12993
13451. 12993,13195
13452. 12993,13177
13453. 13179,12994
13454. 12994,13138
13455. 12995,12994
13456. 12994,13207
13457. 13187,12995
13458. 12996,12995
13459. 12996,13122
13460. 12997,13188
13461. 12998,13181
13462. 12999,13189
13463. 12999,13197
13464. 13191,13000
13465. 13000,13185
13466. 13198,13000
13467. 13001,13203
13468. 13171,13001
13469. 13215,13002
13470. 13002,13031
13471. 13002,13218
13472. 13182,13003
13473. 13003,13222
13474. 13221,13003
13475. 13222,13004
13476. 13004,13005
13477. 13006,13004
13478. 13004,13225
13479. 13005,13215
13480. 13005,13007
13481. 13007,13006
13482. 13006,13223
13483. 13007,13224
13484. 13230,13008
13485. 13008,13229
13486. 13008,13233
13487. 13011,13009
13488. 13009,13056
13489. 13012,13009
13490. 13010,13011
13491. 13219,13010
13492. 13010,13015
13493. 13011,13240
13494. 13017,13012
13495. 13012,13013
13496. 13022,13012
13497. 13013,13057
13498. 13023,13013
13499. 13015,13014
13500. 13014,13016
13501. 13014,13018
13502. 13236,13015
13503. 13016,13017
13504. 13240,13016
13505. 13017,13018
13506. 13018,13024
13507. 13031,13019
13508. 13019,13026
13509. 13019,13236
13510. 13024,13020
13511. 13020,13022
13512. 13020,13027
13513. 13022,13021
13514. 13021,13023
13515. 13029,13021
13516. 13023,13025
13517. 13238,13024
13518. 13025,13057
13519. 13025,13306
13520. 13026,13247
13521. 13026,13239
13522. 13244,13027
13523. 13027,13029
13524. 13027,13241
13525. 13248,13028
13526. 13028,13249
13527. 13241,13028
13528. 13029,13314
13529. 13242,13029
13530. 13250,13030
13531. 13030,13315
13532. 13030,13242
13533. 13031,13243
13534. 13268,13032
13535. 13032,13039
13536. 13032,13255
13537. 13151,13033
13538. 13033,13034
13539. 13033,13258
13540. 13034,13267
13541. 13257,13034
13542. 13259,13035
13543. 13035,13260
13544. 13035,13038
13545. 13262,13036
13546. 13036,13264
13547. 13036,13259
13548. 13265,13037
13549. 13037,13263
13550. 13260,13037
13551. 13266,13038
13552. 13038,13265
13553. 13039,13269
13554. 13039,13261
13555. 13108,13040
13556. 13281,13040
13557. 13040,13280
13558. 13042,13041
13559. 13041,13279
13560. 13041,13290
13561. 13043,13042
13562. 13042,13398
13563. 13279,13043
13564. 13043,13281
13565. 13276,13044
13566. 13044,13298
13567. 13045,13044
13568. 13044,13284
13569. 13293,13045
13570. 13045,13278
13571. 13047,13046
13572. 13046,13287
13573. 13289,13046
13574. 13048,13047
13575. 13047,13293
13576. 13296,13048
13577. 13048,13289
13578. 13278,13049
13579. 13049,13279
13580. 13049,13277
13581. 13342,13050
13582. 13050,13053
13583. 13050,13299
13584. 13300,13051
13585. 13051,13052
13586. 13051,13302
13587. 13305,13052
13588. 13053,13305
13589. 13053,13301
13590. 13056,13054
13591. 13054,13055
13592. 13061,13054
13593. 13055,13345
13594. 13065,13055
13595. 13058,13056
13596. 13057,13058
13597. 13058,13309
13598. 13306,13059
13599. 13059,13060
13600. 13309,13059
13601. 13315,13060
13602. 13060,13063
13603. 13062,13061
13604. 13064,13061
13605. 13314,13062
13606. 13062,13313
13607. 13307,13062
13608. 13063,13068
13609. 13063,13308
13610. 13065,13064
13611. 13312,13064
13612. 13066,13065
13613. 13086,13066
13614. 13310,13066
13615. 13316,13067
13616. 13067,13317
13617. 13067,13311
13618. 13068,13316
13619. 13068,13312
13620. 13335,13069
13621. 13069,13336
13622. 13069,13337
13623. 13269,13070
13624. 13070,13071
13625. 13338,13070
13626. 13071,13371
13627. 13071,13341
13628. 13098,13072
13629. 13072,13318
13630. 13072,13355
13631. 13345,13073
13632. 13073,13074
13633. 13073,13076
13634. 13087,13074
13635. 13074,13349
13636. 13346,13075
13637. 13075,13076
13638. 13075,13086
13639. 13076,13078
13640. 13348,13077
13641. 13077,13079
13642. 13077,13088
13643. 13078,13348
13644. 13078,13351
13645. 13079,13081
13646. 13079,13089
13647. 13081,13080
13648. 13080,13082
13649. 13353,13080
13650. 13354,13081
13651. 13082,13098
13652. 13082,13090
13653. 13084,13083
13654. 13083,13347
13655. 13083,13086
13656. 13313,13084
13657. 13084,13356
13658. 13085,13084
13659. 13317,13085
13660. 13085,13360
13661. 13088,13087
13662. 13351,13087
13663. 13088,13354
13664. 13089,13352
13665. 13089,13353
13666. 13090,13319
13667. 13355,13090
13668. 13373,13091
13669. 13091,13335
13670. 13091,13092
13671. 13093,13092
13672. 13092,13326
13673. 13106,13093
13674. 13093,13364
13675. 13364,13094
13676. 13094,13365
13677. 13094,13096
13678. 13097,13095
13679. 13095,13114
13680. 13365,13095
13681. 13096,13327
13682. 13368,13096
13683. 13370,13097
13684. 13097,13369
13685. 13098,13376
13686. 13101,13099
13687. 13099,13372
13688. 13099,13102
13689. 13102,13100
13690. 13100,13101
13691. 13322,13100
13692. 13101,13375
13693. 13385,13102
13694. 13105,13103
13695. 13103,13104
13696. 13103,13106
13697. 13104,13373
13698. 13104,13106
13699. 13383,13105
13700. 13105,13396
13701. 13106,13380
13702. 13382,13107
13703. 13107,13383
13704. 13107,13384
13705. 13387,13108
13706. 13108,13386
13707. 13391,13109
13708. 13109,13390
13709. 13109,13387
13710. 13114,13110
13711. 13110,13394
13712. 13388,13110
13713. 13110,13111
13714. 13114,13111
13715. 13111,13112
13716. 13389,13112
13717. 13112,13113
13718. 13394,13113
13719. 13113,13393
13720. 13395,13115
13721. 13393,13115
13722. 13117,13134
13723. 13120,13118
13724. 13119,13120
13725. 13125,13126
13726. 13126,13128
13727. 13129,13127
13728. 13130,13131
13729. 13131,13230
13730. 13134,13133
13731. 13137,13136
13732. 13139,13140
13733. 13144,13141
13734. 13141,13143
13735. 13142,13144
13736. 13146,13147
13737. 13148,13164
13738. 13150,13149
13739. 13151,13251
13740. 13153,13152
13741. 13152,13154
13742. 13160,13155
13743. 13162,13156
13744. 13156,13161
13745. 13158,13157
13746. 13157,13159
13747. 13161,13158
13748. 13166,13163
13749. 13164,13165
13750. 13165,13166
13751. 13168,13167
13752. 13169,13170
13753. 13170,13202
13754. 13172,13173
13755. 13176,13175
13756. 13175,13204
13757. 13178,13179
13758. 13181,13180
13759. 13180,13182
13760. 13184,13183
13761. 13183,13186
13762. 13188,13184
13763. 13189,13185
13764. 13185,13187
13765. 13185,13196
13766. 13193,13190
13767. 13190,13192
13768. 13195,13191
13769. 13192,13194
13770. 13212,13199
13771. 13202,13200
13772. 13200,13201
13773. 13201,13221
13774. 13205,13206
13775. 13210,13208
13776. 13208,13213
13777. 13213,13209
13778. 13209,13212
13779. 13211,13210
13780. 13216,13214
13781. 13224,13215
13782. 13215,13216
13783. 13220,13217
13784. 13217,13219
13785. 13218,13220
13786. 13227,13226
13787. 13228,13227
13788. 13229,13228
13789. 13233,13231
13790. 13231,13235
13791. 13235,13232
13792. 13232,13234
13793. 13239,13237
13794. 13237,13238
13795. 13243,13244
13796. 13247,13245
13797. 13245,13248
13798. 13249,13246
13799. 13246,13250
13800. 13251,13252
13801. 13252,13253
13802. 13253,13262
13803. 13256,13254
13804. 13254,13362
13805. 13255,13256
13806. 13258,13257
13807. 13261,13339
13808. 13263,13294
13809. 13264,13266
13810. 13267,13268
13811. 13271,13270
13812. 13270,13277
13813. 13272,13271
13814. 13275,13272
13815. 13386,13273
13816. 13273,13274
13817. 13280,13273
13818. 13274,13275
13819. 13274,13283
13820. 13282,13275
13821. 13277,13276
13822. 13276,13278
13823. 13279,13282
13824. 13284,13286
13825. 13286,13285
13826. 13287,13288
13827. 13290,13291
13828. 13295,13292
13829. 13292,13297
13830. 13294,13295
13831. 13297,13296
13832. 13301,13300
13833. 13302,13303
13834. 13303,13304
13835. 13308,13307
13836. 13311,13310
13837. 13319,13318
13838. 13318,13320
13839. 13320,13321
13840. 13320,13330
13841. 13321,13324
13842. 13378,13321
13843. 13323,13322
13844. 13322,13325
13845. 13324,13323
13846. 13331,13323
13847. 13324,13332
13848. 13325,13374
13849. 13326,13327
13850. 13326,13338
13851. 13327,13328
13852. 13328,13361
13853. 13341,13328
13854. 13330,13329
13855. 13332,13331
13856. 13336,13333
13857. 13333,13334
13858. 13339,13340
13859. 13344,13342
13860. 13374,13343
13861. 13343,13344
13862. 13347,13346
13863. 13349,13350
13864. 13356,13352
13865. 13352,13397
13866. 13357,13352
13867. 13359,13357
13868. 13360,13358
13869. 13358,13359
13870. 13361,13363
13871. 13363,13362
13872. 13362,13386
13873. 13371,13363
13874. 13363,13370
13875. 13380,13366
13876. 13366,13367
13877. 13367,13388
13878. 13369,13368
13879. 13375,13372
13880. 13372,13373
13881. 13375,13374
13882. 13377,13379
13883. 13379,13378
13884. 13397,13381
13885. 13381,13382
13886. 13384,13385
13887. 13392,13389
13888. 13390,13392
13889. 13398,13391
13890. 13396,13395
13891. 13566,13399
13892. 13581,13399
13893. 13399,13574
13894. 13639,13400
13895. 13400,13582
13896. 13584,13400
13897. 13403,13401
13898. 13401,13614
13899. 13614,13402
13900. 13402,13615
13901. 13659,13403
13902. 13675,13404
13903. 13404,13659
13904. 13404,13621
13905. 13423,13405
13906. 13405,13411
13907. 13407,13406
13908. 13406,13458
13909. 13409,13407
13910. 13638,13408
13911. 13408,13409
13912. 13411,13410
13913. 13410,13637
13914. 13637,13412
13915. 13412,13644
13916. 13412,13646
13917. 13654,13413
13918. 13658,13413
13919. 13413,13655
13920. 13416,13414
13921. 13414,13415
13922. 13415,13659
13923. 13417,13416
13924. 13431,13417
13925. 13419,13418
13926. 13418,13682
13927. 13442,13419
13928. 13676,13420
13929. 13420,13674
13930. 13420,13652
13931. 13422,13421
13932. 13421,13426
13933. 13682,13422
13934. 13424,13423
13935. 13425,13424
13936. 13426,13425
13937. 13710,13427
13938. 13719,13427
13939. 13427,13721
13940. 13720,13428
13941. 13428,13718
13942. 13428,13724
13943. 13434,13429
13944. 13429,13437
13945. 13437,13430
13946. 13430,13435
13947. 13751,13431
13948. 13443,13432
13949. 13432,13433
13950. 13433,13434
13951. 13435,13436
13952. 13436,13751
13953. 13440,13438
13954. 13438,13439
13955. 13439,13442
13956. 13441,13440
13957. 13444,13441
13958. 13782,13443
13959. 13445,13444
13960. 13783,13445
13961. 13447,13446
13962. 13446,13482
13963. 13813,13447
13964. 13477,13448
13965. 13448,13452
13966. 13457,13449
13967. 13449,13815
13968. 13451,13450
13969. 13450,13455
13970. 13453,13451
13971. 13452,13453
13972. 13455,13454
13973. 13454,13456
13974. 13456,13457
13975. 13458,13460
13976. 13466,13459
13977. 13459,13467
13978. 13460,13838
13979. 13469,13461
13980. 13461,13464
13981. 13838,13462
13982. 13462,13469
13983. 13839,13463
13984. 13463,13468
13985. 13464,13466
13986. 13837,13465
13987. 13465,13839
13988. 13467,13837
13989. 13471,13470
13990. 13470,13869
13991. 13473,13471
13992. 13869,13472
13993. 13472,13856
13994. 13524,13473
13995. 13870,13474
13996. 13474,13478
13997. 13478,13475
13998. 13475,13476
13999. 13476,13477
14000. 13480,13479
14001. 13479,13488
14002. 13908,13480
14003. 13896,13480
14004. 13915,13481
14005. 13481,13917
14006. 13482,13915
14007. 13916,13483
14008. 13483,13490
14009. 13918,13484
14010. 13923,13484
14011. 13484,13485
14012. 13485,13486
14013. 13929,13485
14014. 13486,13925
14015. 13486,13931
14016. 13932,13487
14017. 13487,13495
14018. 13487,13937
14019. 13488,13941
14020. 13488,13947
14021. 13491,13489
14022. 13489,13493
14023. 13490,13492
14024. 13956,13491
14025. 13492,13955
14026. 13493,13501
14027. 13951,13494
14028. 13494,13957
14029. 13494,13952
14030. 13495,13964
14031. 13968,13495
14032. 13501,13496
14033. 13496,13500
14034. 13499,13497
14035. 13497,13514
14036. 13504,13498
14037. 13498,13973
14038. 13502,13499
14039. 13500,13503
14040. 13974,13502
14041. 13503,13504
14042. 13511,13505
14043. 13505,13508
14044. 13509,13506
14045. 13506,13549
14046. 13973,13507
14047. 13507,13510
14048. 13508,13513
14049. 13975,13509
14050. 13510,13511
14051. 13513,13512
14052. 13512,13975
14053. 13514,13515
14054. 13515,13517
14055. 13517,13516
14056. 13521,13518
14057. 13518,13523
14058. 13525,13519
14059. 13519,13521
14060. 13527,13520
14061. 13520,13526
14062. 13523,13522
14063. 13522,14005
14064. 14005,13524
14065. 13526,13525
14066. 13531,13527
14067. 14031,13528
14068. 13528,14032
14069. 14036,13528
14070. 13553,13529
14071. 13529,13530
14072. 13530,14039
14073. 13536,13531
14074. 13538,13532
14075. 13532,13537
14076. 14039,13533
14077. 13533,13538
14078. 13537,13534
14079. 13534,13535
14080. 13535,13536
14081. 13544,13539
14082. 13539,13543
14083. 13545,13540
14084. 13540,13552
14085. 13551,13541
14086. 13541,13548
14087. 14040,13542
14088. 13542,13544
14089. 13543,13547
14090. 13547,13545
14091. 13548,13546
14092. 13546,14040
14093. 13549,13550
14094. 13550,13551
14095. 13552,13553
14096. 13558,13554
14097. 13564,13555
14098. 13555,13556
14099. 13556,13557
14100. 13557,14049
14101. 14049,13558
14102. 13559,13562
14103. 13563,13560
14104. 13560,13561
14105. 13561,13564
14106. 13562,13563
14107. 13577,13565
14108. 13569,13566
14109. 13594,13567
14110. 13567,13568
14111. 13568,13569
14112. 13588,13570
14113. 13570,13593
14114. 13593,13571
14115. 13571,13572
14116. 13572,13573
14117. 13574,13579
14118. 13578,13575
14119. 13575,13576
14120. 13576,13577
14121. 13579,13578
14122. 13600,13580
14123. 13580,13581
14124. 13585,13583
14125. 13583,13584
14126. 13587,13585
14127. 13655,13586
14128. 13586,13587
14129. 13591,13588
14130. 13592,13589
14131. 13589,13590
14132. 13590,13591
14133. 13629,13592
14134. 13597,13594
14135. 13617,13595
14136. 13595,13596
14137. 13596,13616
14138. 13616,13597
14139. 13681,13598
14140. 13598,13617
14141. 13604,13599
14142. 13599,13602
14143. 13602,13600
14144. 13721,13601
14145. 13601,13605
14146. 13605,13603
14147. 13603,13604
14148. 13608,13606
14149. 13606,13607
14150. 13607,13609
14151. 13612,13608
14152. 13609,13695
14153. 13723,13610
14154. 13610,13613
14155. 13613,13611
14156. 13611,13612
14157. 13614,13634
14158. 17887,13615
14159. 13619,13618
14160. 13618,13624
14161. 13620,13619
14162. 13626,13620
14163. 13621,13622
14164. 13622,13623
14165. 13623,13625
14166. 13624,13656
14167. 13625,13626
14168. 13630,13627
14169. 13627,13632
14170. 13635,13628
14171. 13628,13633
14172. 13631,13629
14173. 13636,13630
14174. 13632,13631
14175. 13633,13636
14176. 13634,13635
14177. 13637,13638
14178. 13641,13638
14179. 13643,13639
14180. 13644,13640
14181. 13640,13642
14182. 13690,13641
14183. 13642,13643
14184. 13650,13645
14185. 13645,13649
14186. 13646,13650
14187. 13648,13647
14188. 13647,13833
14189. 13831,13648
14190. 13649,13831
14191. 13653,13651
14192. 13651,13654
14193. 13652,13653
14194. 13656,13657
14195. 13657,13658
14196. 13659,13678
14197. 13670,13660
14198. 13660,13672
14199. 13673,13661
14200. 13661,13666
14201. 13663,13662
14202. 13662,13681
14203. 13679,13663
14204. 13671,13664
14205. 13664,13667
14206. 13669,13665
14207. 13665,13680
14208. 13666,13671
14209. 13667,13677
14210. 13678,13668
14211. 13668,13669
14212. 13674,13670
14213. 13672,13673
14214. 13677,13675
14215. 13694,13676
14216. 13680,13679
14217. 13682,13694
14218. 13759,13683
14219. 13683,13684
14220. 13684,13685
14221. 13685,13843
14222. 13689,13686
14223. 13686,13691
14224. 13688,13687
14225. 13687,13693
14226. 13765,13688
14227. 13692,13689
14228. 13691,13690
14229. 13693,13692
14230. 13695,13697
14231. 13698,13696
14232. 13696,13733
14233. 13697,13698
14234. 13704,13699
14235. 13699,13742
14236. 13739,13700
14237. 13700,13705
14238. 13746,13701
14239. 13701,13703
14240. 13705,13702
14241. 13702,13738
14242. 13703,13704
14243. 13704,13717
14244. 13716,13706
14245. 13706,13711
14246. 13708,13707
14247. 13707,13712
14248. 13715,13708
14249. 13711,13709
14250. 13709,13715
14251. 13714,13710
14252. 13712,13714
14253. 13752,13713
14254. 13713,13716
14255. 13717,13720
14256. 13718,13722
14257. 13722,13719
14258. 13724,13723
14259. 13735,13725
14260. 13725,13727
14261. 13733,13726
14262. 13726,13732
14263. 13727,13729
14264. 13734,13728
14265. 13728,13736
14266. 13729,13730
14267. 13730,13899
14268. 13732,13731
14269. 13731,13734
14270. 13902,13735
14271. 13736,13902
14272. 13742,13737
14273. 13737,13740
14274. 13738,13744
14275. 13743,13739
14276. 13740,13741
14277. 13741,13745
14278. 13790,13743
14279. 13744,13747
14280. 13745,13748
14281. 13749,13746
14282. 13747,13750
14283. 13748,13876
14284. 13750,13749
14285. 13751,13753
14286. 13753,13752
14287. 13762,13754
14288. 13754,13764
14289. 13764,13755
14290. 13755,13763
14291. 13763,13756
14292. 13756,13759
14293. 13758,13757
14294. 13757,13761
14295. 13760,13758
14296. 13822,13760
14297. 13761,13762
14298. 13767,13765
14299. 13829,13766
14300. 13766,13771
14301. 13768,13767
14302. 13770,13768
14303. 13771,13769
14304. 13769,13770
14305. 13779,13772
14306. 13772,13780
14307. 13774,13773
14308. 13773,13776
14309. 13783,13774
14310. 13782,13775
14311. 13775,13783
14312. 13776,13777
14313. 13777,13778
14314. 13778,13779
14315. 13780,13781
14316. 13781,13784
14317. 13796,13782
14318. 13784,13811
14319. 13784,13809
14320. 13786,13785
14321. 13785,13799
14322. 13787,13786
14323. 13795,13787
14324. 13793,13788
14325. 13788,13792
14326. 13798,13789
14327. 13789,13797
14328. 13791,13790
14329. 13792,13791
14330. 13797,13793
14331. 13800,13794
14332. 13794,13795
14333. 13799,13796
14334. 13800,13798
14335. 13800,13806
14336. 13802,13801
14337. 13801,13912
14338. 13805,13802
14339. 13806,13803
14340. 13803,13804
14341. 13804,13807
14342. 13807,13805
14343. 13809,13808
14344. 13808,13913
14345. 13811,13810
14346. 13810,13814
14347. 13814,13812
14348. 13812,13813
14349. 13815,13813
14350. 13814,13828
14351. 13815,13819
14352. 13819,13816
14353. 13816,13818
14354. 13821,13817
14355. 13817,13823
14356. 13818,13821
14357. 13826,13820
14358. 13820,13825
14359. 13825,13822
14360. 13823,13824
14361. 13824,13826
14362. 13828,13827
14363. 13827,13829
14364. 13835,13830
14365. 13830,13836
14366. 13833,13832
14367. 13832,13853
14368. 13836,13834
14369. 13834,13849
14370. 13853,13835
14371. 13841,13837
14372. 13842,13838
14373. 13852,13839
14374. 13867,13840
14375. 13840,13841
14376. 13843,13842
14377. 13849,13844
14378. 13844,13850
14379. 13851,13845
14380. 13845,13846
14381. 13846,13847
14382. 13847,13848
14383. 13848,13852
14384. 13850,13851
14385. 13855,13854
14386. 13854,13856
14387. 14003,13855
14388. 13856,13870
14389. 13870,13857
14390. 13857,13864
14391. 13865,13858
14392. 13858,13860
14393. 13868,13859
14394. 13859,13866
14395. 13860,13863
14396. 13864,13861
14397. 13861,13862
14398. 13862,13865
14399. 13863,13871
14400. 13866,13867
14401. 13871,13868
14402. 13872,13869
14403. 14016,13872
14404. 13884,13873
14405. 13873,13881
14406. 13885,13874
14407. 13874,13880
14408. 13881,13875
14409. 13875,13882
14410. 13876,13884
14411. 13882,13877
14412. 13877,13885
14413. 13880,13878
14414. 13878,13883
14415. 13883,13879
14416. 13879,13886
14417. 13904,13883
14418. 13884,13889
14419. 13886,13887
14420. 16400,13887
14421. 13898,13888
14422. 13888,13897
14423. 13889,13893
14424. 13891,13890
14425. 13890,13895
14426. 13893,13891
14427. 13894,13892
14428. 13892,13898
14429. 13895,13894
14430. 13897,13896
14431. 13899,13900
14432. 13900,13901
14433. 13901,13903
14434. 13903,13904
14435. 13911,13905
14436. 13905,13908
14437. 13912,13906
14438. 13906,13910
14439. 13909,13907
14440. 13907,13911
14441. 13910,13909
14442. 13913,13914
14443. 13914,13921
14444. 13915,13935
14445. 13917,13916
14446. 13922,13916
14447. 13917,13920
14448. 13961,13918
14449. 13924,13919
14450. 13919,14004
14451. 13920,13926
14452. 13921,13922
14453. 13927,13923
14454. 13925,13924
14455. 13926,13927
14456. 13934,13928
14457. 13928,13930
14458. 13933,13929
14459. 13930,13933
14460. 13931,13936
14461. 13936,13932
14462. 13935,13934
14463. 13937,13939
14464. 13940,13938
14465. 13938,14017
14466. 13939,13940
14467. 13947,13942
14468. 13942,13946
14469. 13950,13943
14470. 13943,13951
14471. 13945,13944
14472. 13944,13950
14473. 13948,13945
14474. 13946,13949
14475. 13949,13948
14476. 13952,13963
14477. 13954,13953
14478. 13953,13981
14479. 13963,13954
14480. 13955,13956
14481. 13959,13955
14482. 13956,13962
14483. 13957,13959
14484. 13962,13958
14485. 13958,13960
14486. 13960,13961
14487. 13964,13965
14488. 13965,14035
14489. 13971,13966
14490. 13966,13968
14491. 13972,13967
14492. 13967,13971
14493. 13970,13969
14494. 13969,13972
14495. 13975,13970
14496. 13973,13974
14497. 13974,13982
14498. 13978,13976
14499. 13976,13979
14500. 13979,13977
14501. 13977,13986
14502. 13980,13978
14503. 13981,13980
14504. 13982,13983
14505. 13983,14000
14506. 13986,13984
14507. 13984,13993
14508. 13996,13985
14509. 13985,13990
14510. 13992,13987
14511. 13987,14058
14512. 13990,13988
14513. 13988,13994
14514. 13995,13989
14515. 13989,13996
14516. 13993,13991
14517. 13991,13995
14518. 13994,13992
14519. 14001,13997
14520. 13997,13998
14521. 13998,14057
14522. 14000,13999
14523. 13999,14002
14524. 14002,14001
14525. 14004,14003
14526. 14008,14005
14527. 14030,14006
14528. 14006,14028
14529. 14028,14007
14530. 14007,14009
14531. 14010,14008
14532. 14009,14011
14533. 14011,14010
14534. 14013,14012
14535. 14012,14020
14536. 14018,14013
14537. 14015,14014
14538. 14014,14019
14539. 14021,14015
14540. 14019,14016
14541. 14017,14022
14542. 14023,14018
14543. 14020,14021
14544. 14022,14023
14545. 14026,14024
14546. 14024,14030
14547. 14032,14025
14548. 14025,14026
14549. 14029,14027
14550. 14027,14031
14551. 14041,14029
14552. 14035,14033
14553. 14033,14034
14554. 14034,14036
14555. 14048,14037
14556. 14037,14038
14557. 14038,14039
14558. 14040,14041
14559. 14049,14042
14560. 14042,14043
14561. 14043,14046
14562. 14045,14044
14563. 14044,14048
14564. 14047,14045
14565. 14046,14047
14566. 14052,14050
14567. 14050,14056
14568. 14057,14051
14569. 14051,14053
14570. 14055,14052
14571. 14053,14054
14572. 14054,14055
14573. 14083,14059
14574. 14059,14060
14575. 14101,14059
14576. 14059,14103
14577. 14060,14098
14578. 14060,14104
14579. 14139,14061
14580. 14061,14134
14581. 14061,14141
14582. 14186,14062
14583. 14062,14173
14584. 14062,14174
14585. 14173,14063
14586. 14063,14171
14587. 14175,14063
14588. 14218,14064
14589. 14064,14221
14590. 14223,14064
14591. 14316,14065
14592. 14065,14066
14593. 14335,14065
14594. 14066,14312
14595. 14066,14068
14596. 14327,14067
14597. 14067,14326
14598. 14067,14332
14599. 14068,14333
14600. 14068,14337
14601. 14344,14069
14602. 14069,14342
14603. 14069,14345
14604. 14076,14070
14605. 14070,14078
14606. 14347,14071
14607. 14071,14353
14608. 14080,14071
14609. 14071,14379
14610. 14078,14072
14611. 14072,14073
14612. 14073,14074
14613. 14074,14355
14614. 14074,14364
14615. 14349,14075
14616. 14075,14354
14617. 14075,14360
14618. 14077,14076
14619. 14362,14079
14620. 14372,14079
14621. 14079,14305
14622. 14377,14080
14623. 14080,14369
14624. 14390,14081
14625. 14081,14387
14626. 14400,14081
14627. 14081,14402
14628. 14396,14082
14629. 14402,14082
14630. 14082,14407
14631. 14095,14083
14632. 14088,14084
14633. 14084,14091
14634. 14093,14085
14635. 14085,14088
14636. 14096,14086
14637. 14086,14099
14638. 14089,14087
14639. 14087,14095
14640. 14099,14089
14641. 14094,14090
14642. 14090,14097
14643. 14091,14094
14644. 14098,14092
14645. 14092,14182
14646. 14125,14093
14647. 14097,14096
14648. 14102,14100
14649. 14100,14101
14650. 14198,14102
14651. 14104,14206
14652. 14112,14105
14653. 14105,14119
14654. 14120,14106
14655. 14106,14113
14656. 14115,14107
14657. 14107,14118
14658. 14111,14108
14659. 14108,14129
14660. 14116,14109
14661. 14109,14112
14662. 14117,14110
14663. 14110,14115
14664. 14121,14111
14665. 14113,14116
14666. 14124,14114
14667. 14114,14122
14668. 14129,14117
14669. 14118,14124
14670. 14119,14123
14671. 14127,14120
14672. 14128,14121
14673. 14122,14126
14674. 14123,14125
14675. 14126,14127
14676. 14136,14128
14677. 14133,14130
14678. 14130,14140
14679. 14140,14131
14680. 14131,14137
14681. 14137,14132
14682. 14132,14139
14683. 14162,14133
14684. 14134,14135
14685. 14135,14138
14686. 14138,14136
14687. 14141,14142
14688. 14142,14143
14689. 14158,14144
14690. 14144,14149
14691. 14154,14145
14692. 14145,14162
14693. 14147,14146
14694. 14146,14157
14695. 14166,14147
14696. 14152,14148
14697. 14148,14160
14698. 14149,14153
14699. 14155,14150
14700. 14150,14154
14701. 14153,14151
14702. 14151,14165
14703. 14163,14152
14704. 14159,14155
14705. 14160,14156
14706. 14156,14166
14707. 14157,14168
14708. 14274,14158
14709. 14161,14159
14710. 14167,14161
14711. 14165,14163
14712. 14169,14164
14713. 14164,14170
14714. 14170,14167
14715. 14168,14169
14716. 14171,14172
14717. 14172,14227
14718. 14174,14178
14719. 14179,14175
14720. 14178,14176
14721. 14176,14177
14722. 14177,14179
14723. 14191,14180
14724. 14180,14192
14725. 14189,14181
14726. 14181,14185
14727. 14182,14193
14728. 14184,14183
14729. 14183,14187
14730. 14192,14184
14731. 14185,14186
14732. 14187,14188
14733. 14188,14194
14734. 14194,14189
14735. 14193,14190
14736. 14190,14191
14737. 14251,14195
14738. 14195,14201
14739. 14201,14196
14740. 14196,14199
14741. 14200,14197
14742. 14197,14198
14743. 14199,14200
14744. 14212,14202
14745. 14202,14208
14746. 14208,14203
14747. 14203,14211
14748. 14209,14204
14749. 14204,14205
14750. 14205,14212
14751. 14206,14210
14752. 14211,14207
14753. 14207,14236
14754. 14210,14209
14755. 14231,14213
14756. 14213,14216
14757. 14219,14214
14758. 14214,14217
14759. 14222,14215
14760. 14215,14220
14761. 14216,14219
14762. 14217,14222
14763. 14220,14218
14764. 14224,14223
14765. 14228,14224
14766. 14226,14225
14767. 14225,14228
14768. 14227,14226
14769. 14230,14229
14770. 14229,14232
14771. 14386,14230
14772. 14232,14231
14773. 14237,14233
14774. 14233,14242
14775. 14235,14234
14776. 14234,14241
14777. 14238,14235
14778. 14236,14239
14779. 14240,14237
14780. 14243,14238
14781. 14239,14240
14782. 14241,14398
14783. 14242,14243
14784. 14246,14244
14785. 14244,14254
14786. 14255,14245
14787. 14245,14252
14788. 14258,14246
14789. 14256,14247
14790. 14247,14250
14791. 14257,14248
14792. 14248,14255
14793. 14253,14249
14794. 14249,14257
14795. 14250,14258
14796. 14254,14251
14797. 14252,14256
14798. 14277,14253
14799. 14264,14259
14800. 14259,14297
14801. 14298,14260
14802. 14260,14264
14803. 14296,14261
14804. 14261,14265
14805. 14265,14262
14806. 14262,14263
14807. 14263,14266
14808. 14341,14267
14809. 14267,14269
14810. 14269,14268
14811. 14268,14271
14812. 14271,14270
14813. 14270,14272
14814. 14272,14273
14815. 14273,14274
14816. 14285,14275
14817. 14275,14281
14818. 14281,14276
14819. 14276,14290
14820. 14278,14277
14821. 14280,14278
14822. 14329,14279
14823. 14279,14324
14824. 14291,14280
14825. 14287,14282
14826. 14282,14289
14827. 14284,14283
14828. 14283,14287
14829. 14328,14284
14830. 14288,14285
14831. 14289,14286
14832. 14286,14288
14833. 14290,14291
14834. 14295,14292
14835. 14292,14445
14836. 14294,14293
14837. 14293,14295
14838. 14311,14294
14839. 14299,14296
14840. 14297,14299
14841. 14346,14298
14842. 14304,14300
14843. 14300,14319
14844. 14310,14301
14845. 14301,14316
14846. 14309,14302
14847. 14302,14308
14848. 14317,14303
14849. 14303,14309
14850. 14307,14304
14851. 14305,14314
14852. 14312,14306
14853. 14306,14317
14854. 14313,14307
14855. 14308,14320
14856. 14318,14310
14857. 14320,14311
14858. 14315,14313
14859. 14314,14315
14860. 14319,14318
14861. 14345,14321
14862. 14321,14329
14863. 14325,14322
14864. 14322,14327
14865. 14324,14323
14866. 14323,14325
14867. 14326,14328
14868. 14332,14330
14869. 14330,14336
14870. 14336,14331
14871. 14331,14334
14872. 14333,14449
14873. 14334,14335
14874. 14337,14338
14875. 14338,14339
14876. 14339,14464
14877. 14378,14340
14878. 14340,14344
14879. 14343,14341
14880. 14342,14343
14881. 14354,14346
14882. 14352,14347
14883. 14356,14348
14884. 14348,14357
14885. 14353,14349
14886. 14357,14350
14887. 14350,14358
14888. 14359,14351
14889. 14351,14352
14890. 14355,14356
14891. 14358,14359
14892. 14360,14361
14893. 14361,14362
14894. 14369,14363
14895. 14363,14366
14896. 14364,14370
14897. 14368,14365
14898. 14365,14371
14899. 14366,14367
14900. 14367,14375
14901. 14373,14368
14902. 14370,14374
14903. 14371,14376
14904. 14375,14372
14905. 14374,14373
14906. 14376,14377
14907. 14380,14378
14908. 14379,14380
14909. 14389,14381
14910. 14381,14390
14911. 14387,14382
14912. 14382,14388
14913. 14391,14383
14914. 14383,14386
14915. 14388,14384
14916. 14384,14391
14917. 14438,14385
14918. 14385,14389
14919. 14395,14392
14920. 14392,14394
14921. 14421,14393
14922. 14393,14395
14923. 14394,14396
14924. 14398,14397
14925. 14397,14400
14926. 14405,14399
14927. 14399,14404
14928. 14407,14401
14929. 14401,14406
14930. 14406,14403
14931. 14403,14405
14932. 14404,14430
14933. 14413,14408
14934. 14408,14416
14935. 14415,14409
14936. 14409,14411
14937. 14412,14410
14938. 14410,14413
14939. 14411,14414
14940. 14427,14412
14941. 14414,14522
14942. 14416,14415
14943. 14422,14417
14944. 14417,14418
14945. 14418,14479
14946. 14420,14419
14947. 14419,14424
14948. 14489,14420
14949. 14423,14421
14950. 14491,14422
14951. 14424,14423
14952. 14431,14425
14953. 14425,14426
14954. 14426,14428
14955. 14428,14427
14956. 14432,14429
14957. 14429,14431
14958. 14430,14433
14959. 14433,14432
14960. 14439,14434
14961. 14434,14443
14962. 14445,14435
14963. 14435,14444
14964. 14443,14436
14965. 14436,14438
14966. 14440,14437
14967. 14437,14439
14968. 14442,14440
14969. 14444,14441
14970. 14441,14442
14971. 14466,14446
14972. 14452,14447
14973. 14447,14450
14974. 14456,14448
14975. 14448,14451
14976. 14449,14454
14977. 14450,14453
14978. 14451,14457
14979. 14455,14452
14980. 14453,14456
14981. 14454,14455
14982. 14459,14458
14983. 14458,14499
14984. 14470,14460
14985. 14460,14469
14986. 14469,14461
14987. 14461,14465
14988. 14471,14462
14989. 14462,14466
14990. 14468,14463
14991. 14463,14471
14992. 14464,14467
14993. 14465,14468
14994. 14467,14470
14995. 14485,14472
14996. 14472,14494
14997. 14493,14473
14998. 14473,14474
14999. 14474,14487
15000. 14476,14475
15001. 14475,14493
15002. 14482,14476
15003. 14484,14477
15004. 14477,14485
15005. 14523,14478
15006. 14478,14483
15007. 14479,14489
15008. 14494,14480
15009. 14480,14490
15010. 14492,14481
15011. 14481,14486
15012. 14483,14482
15013. 14487,14484
15014. 14486,14491
15015. 14490,14488
15016. 14488,14492
15017. 14495,14517
15018. 14502,14496
15019. 14496,14498
15020. 14509,14497
15021. 14497,14508
15022. 14498,14505
15023. 14499,14509
15024. 14507,14500
15025. 14500,14506
15026. 14506,14501
15027. 14501,14504
15028. 14503,14502
15029. 14508,14503
15030. 14504,14541
15031. 14505,14507
15032. 14518,14506
15033. 14513,14510
15034. 14510,14515
15035. 14520,14511
15036. 14511,14519
15037. 14519,14512
15038. 14512,14513
15039. 14515,14514
15040. 14514,14518
15041. 14517,14516
15042. 14516,14520
15043. 14522,14521
15044. 14524,14523
15045. 14537,14524
15046. 14526,14525
15047. 14525,14534
15048. 14529,14526
15049. 14539,14527
15050. 14527,14537
15051. 14530,14528
15052. 14528,14529
15053. 14535,14530
15054. 14536,14531
15055. 14531,14539
15056. 14533,14532
15057. 14532,14538
15058. 14534,14533
15059. 14548,14535
15060. 14540,14536
15061. 14538,14540
15062. 14541,14544
15063. 14545,14542
15064. 14546,14543
15065. 14543,14545
15066. 14544,14546
15067. 14544,14547
15068. 14547,14548
15069. 14560,14549
15070. 14549,14550
15071. 14550,14561
15072. 14563,14551
15073. 14551,14562
15074. 14561,14552
15075. 14552,14563
15076. 14553,14556
15077. 14553,14574
15078. 14553,14586
15079. 14559,14554
15080. 14554,14558
15081. 14557,14555
15082. 14555,14560
15083. 14556,14559
15084. 14558,14557
15085. 14580,14564
15086. 14564,14567
15087. 14566,14565
15088. 14565,14580
15089. 14581,14566
15090. 14567,14578
15091. 14570,14568
15092. 14568,14581
15093. 14571,14569
15094. 14569,14570
15095. 14576,14571
15096. 14575,14572
15097. 14572,14576
15098. 14574,14573
15099. 14573,14575
15100. 14578,14577
15101. 14577,14579
15102. 14584,14582
15103. 14582,14587
15104. 14585,14583
15105. 14583,14584
15106. 14586,14585
15107. 14587,14588
15108. 14590,14589
15109. 14589,14682
15110. 14589,14691
15111. 14591,14590
15112. 14590,14702
15113. 14723,14591
15114. 14730,14591
15115. 14681,14592
15116. 14592,14679
15117. 14592,14693
15118. 14704,14593
15119. 19521,14593
15120. 14595,14594
15121. 14594,14705
15122. 14596,14595
15123. 14598,14597
15124. 14597,14744
15125. 14705,14598
15126. 14600,14599
15127. 14626,14600
15128. 14605,14601
15129. 14601,14705
15130. 14604,14602
15131. 14602,14603
15132. 14603,14605
15133. 14677,14604
15134. 14709,14606
15135. 14695,14606
15136. 14606,14718
15137. 14715,14607
15138. 14607,14714
15139. 14718,14607
15140. 14722,14608
15141. 14608,14724
15142. 14608,14732
15143. 14742,14609
15144. 14609,14614
15145. 14620,14610
15146. 14610,14611
15147. 14611,14741
15148. 14741,14612
15149. 14612,14613
15150. 14613,14752
15151. 14614,14615
15152. 14615,14740
15153. 14740,14616
15154. 14616,14617
15155. 14617,14618
15156. 14618,14619
15157. 14619,14620
15158. 14622,14621
15159. 14621,14623
15160. 14632,14622
15161. 14623,14744
15162. 14625,14624
15163. 14624,14626
15164. 14745,14625
15165. 14647,14627
15166. 14627,14746
15167. 14629,14628
15168. 14628,14652
15169. 14746,14629
15170. 14631,14630
15171. 14630,14659
15172. 14745,14631
15173. 14749,14632
15174. 14751,14633
15175. 14633,14635
15176. 14635,14634
15177. 14634,14750
15178. 14748,14636
15179. 14636,14751
15180. 14638,14637
15181. 14637,14647
15182. 14750,14638
15183. 14640,14639
15184. 14639,14641
15185. 14752,14640
15186. 14641,14748
15187. 14642,14781
15188. 14643,14642
15189. 14642,14748
15190. 14643,14645
15191. 14646,14643
15192. 14753,14644
15193. 14755,14644
15194. 14644,14759
15195. 14645,14784
15196. 14646,14645
15197. 14762,14646
15198. 14768,14648
15199. 14648,14767
15200. 14773,14648
15201. 14649,14779
15202. 14782,14649
15203. 14649,14783
15204. 14787,14650
15205. 19679,14650
15206. 14789,14651
15207. 14651,14668
15208. 14652,14790
15209. 14655,14653
15210. 14653,14657
15211. 14657,14654
15212. 14654,14789
15213. 14656,14655
15214. 14790,14656
15215. 14665,14658
15216. 14792,14658
15217. 14658,14797
15218. 14659,14790
15219. 14806,14660
15220. 14660,14794
15221. 14834,14660
15222. 14818,14661
15223. 14661,14878
15224. 14821,14661
15225. 14822,14662
15226. 14662,14663
15227. 14662,14667
15228. 14663,14837
15229. 14836,14663
15230. 14829,14664
15231. 14664,14832
15232. 14664,14873
15233. 14831,14665
15234. 14665,14876
15235. 14666,14825
15236. 14667,14666
15237. 14666,14813
15238. 14667,14835
15239. 14668,14669
15240. 14669,14670
15241. 14670,14848
15242. 14841,14671
15243. 14671,14858
15244. 14671,14871
15245. 14858,14672
15246. 14672,14856
15247. 14672,14875
15248. 14867,14673
15249. 14673,14868
15250. 14874,14673
15251. 14870,14674
15252. 14674,14850
15253. 14853,14674
15254. 14674,14877
15255. 14692,14675
15256. 14675,14676
15257. 14676,14677
15258. 14678,14677
15259. 19505,14678
15260. 14679,14687
15261. 14685,14680
15262. 14680,14684
15263. 14686,14681
15264. 14682,14685
15265. 14684,14683
15266. 14683,14686
15267. 14689,14688
15268. 14688,14710
15269. 14690,14689
15270. 14691,14690
15271. 14706,14692
15272. 14693,14698
15273. 14697,14694
15274. 14694,14696
15275. 14696,14695
15276. 14698,14697
15277. 14700,14699
15278. 14699,14704
15279. 14701,14700
15280. 14703,14701
15281. 14702,14703
15282. 14713,14706
15283. 14712,14707
15284. 14707,14711
15285. 14710,14708
15286. 14708,14712
15287. 14711,14709
15288. 14717,14713
15289. 14714,14717
15290. 14716,14715
15291. 14735,14716
15292. 14726,14719
15293. 14719,14723
15294. 14725,14720
15295. 14720,14721
15296. 14721,14727
15297. 14727,14722
15298. 14724,14726
15299. 14739,14725
15300. 14729,14728
15301. 14728,14731
15302. 14732,14729
15303. 14731,14730
15304. 14737,14733
15305. 14733,14734
15306. 14734,14736
15307. 14736,14735
15308. 14738,14737
15309. 14749,14738
15310. 14740,14739
15311. 14741,14743
15312. 18076,14742
15313. 14743,14756
15314. 14744,14745
15315. 14746,14747
15316. 14747,14796
15317. 14750,14749
15318. 14751,14768
15319. 14752,14765
15320. 14783,14753
15321. 14760,14754
15322. 14754,14761
15323. 14758,14755
15324. 14756,14757
15325. 14757,14760
15326. 14761,14758
15327. 14759,14785
15328. 14763,14762
15329. 14764,14763
15330. 14765,14764
15331. 14772,14766
15332. 14766,14769
15333. 14767,14770
15334. 14769,14802
15335. 14770,14771
15336. 14771,14772
15337. 14774,14773
15338. 14781,14774
15339. 14776,14775
15340. 14775,14777
15341. 14779,14776
15342. 14777,14780
15343. 14780,14778
15344. 14778,14817
15345. 14784,14782
15346. 14785,14786
15347. 14786,14788
15348. 14788,14787
15349. 14799,14789
15350. 14793,14791
15351. 14791,14795
15352. 14794,14792
15353. 14797,14793
15354. 14795,14798
15355. 14796,14807
15356. 14798,14799
15357. 14801,14800
15358. 14800,14805
15359. 14803,14801
15360. 14802,14804
15361. 14804,14803
15362. 14805,14822
15363. 14809,14806
15364. 14807,14808
15365. 14808,14809
15366. 14813,14810
15367. 14810,14815
15368. 14812,14811
15369. 14811,14816
15370. 14814,14812
15371. 14815,14814
15372. 14816,14834
15373. 14817,14820
15374. 14819,14818
15375. 14820,14819
15376. 14847,14821
15377. 14827,14823
15378. 14823,14831
15379. 14825,14824
15380. 14824,14829
15381. 14830,14826
15382. 14826,14828
15383. 14833,14827
15384. 14828,14833
15385. 14832,14830
15386. 14835,14836
15387. 14837,14839
15388. 14840,14838
15389. 14838,14842
15390. 14839,14843
15391. 14843,14840
15392. 14842,14841
15393. 14846,14844
15394. 14844,14847
15395. 14875,14845
15396. 14845,14846
15397. 14848,14849
15398. 14851,14848
15399. 14849,19851
15400. 14850,14851
15401. 14876,14852
15402. 14852,14853
15403. 14877,14854
15404. 14857,14855
15405. 14855,14859
15406. 14856,14857
15407. 14863,14860
15408. 14860,14870
15409. 14869,14861
15410. 14861,14863
15411. 14871,14862
15412. 14862,14864
15413. 14864,14866
15414. 14868,14865
15415. 14865,14869
15416. 14866,14867
15417. 14873,14872
15418. 14872,14874
15419. 14880,14879
15420. 14879,14947
15421. 14950,14880
15422. 14959,14880
15423. 14969,14881
15424. 14881,14970
15425. 14881,14984
15426. 15007,14882
15427. 14882,14968
15428. 14978,14882
15429. 14882,14972
15430. 14977,14883
15431. 14883,14974
15432. 14982,14883
15433. 14883,14983
15434. 14884,14985
15435. 14992,14884
15436. 14884,14991
15437. 14885,14949
15438. 15004,14885
15439. 14885,15005
15440. 14886,14986
15441. 14886,15013
15442. 14888,14887
15443. 14887,14988
15444. 14887,14990
15445. 14888,15001
15446. 15047,14889
15447. 14889,14890
15448. 15064,14889
15449. 14890,15051
15450. 14890,15071
15451. 15074,14891
15452. 14891,15086
15453. 14891,15159
15454. 15108,14892
15455. 14892,15110
15456. 14892,15112
15457. 14895,14893
15458. 14893,14894
15459. 14894,14900
15460. 14896,14895
15461. 15115,14896
15462. 15128,14896
15463. 15132,14897
15464. 15149,14897
15465. 14897,15146
15466. 14900,14898
15467. 14898,14901
15468. 14901,14899
15469. 14899,15134
15470. 14899,15149
15471. 15140,14902
15472. 14902,14903
15473. 15153,14902
15474. 14903,15136
15475. 14903,15158
15476. 15182,14904
15477. 14904,15176
15478. 14904,15220
15479. 15189,14905
15480. 14905,15192
15481. 15201,14905
15482. 14905,15187
15483. 15226,14906
15484. 14906,15222
15485. 14906,15231
15486. 15241,14907
15487. 14907,15239
15488. 15249,14907
15489. 14907,15244
15490. 14909,14908
15491. 14908,14920
15492. 15256,14909
15493. 14909,15265
15494. 15268,14910
15495. 14910,15269
15496. 15272,14910
15497. 15270,14911
15498. 14911,14912
15499. 15278,14911
15500. 14912,15266
15501. 14912,15276
15502. 15275,14913
15503. 14913,15271
15504. 15282,14913
15505. 14913,15283
15506. 15303,14914
15507. 14914,15291
15508. 14915,14914
15509. 14914,15320
15510. 15296,14915
15511. 14915,15299
15512. 14917,14916
15513. 14916,15309
15514. 15316,14916
15515. 15310,14917
15516. 14917,14918
15517. 15314,14918
15518. 14918,14919
15519. 14919,15312
15520. 14919,15352
15521. 14920,15343
15522. 15345,14920
15523. 15367,14921
15524. 14921,14922
15525. 15375,14921
15526. 14922,15370
15527. 14922,15376
15528. 15280,14923
15529. 14923,15375
15530. 15379,14923
15531. 14923,15418
15532. 15381,14924
15533. 14924,15384
15534. 14924,15386
15535. 15389,14925
15536. 15390,14925
15537. 14925,15399
15538. 14928,14926
15539. 14926,14927
15540. 14927,15394
15541. 15402,14927
15542. 15396,14928
15543. 14928,15525
15544. 15435,14929
15545. 14929,15437
15546. 15442,14929
15547. 14929,15443
15548. 15451,14930
15549. 14930,15448
15550. 14930,14931
15551. 14931,15457
15552. 14931,15460
15553. 15476,14932
15554. 14932,15477
15555. 15482,14932
15556. 14932,15480
15557. 15382,14933
15558. 14933,15492
15559. 15496,14933
15560. 14933,15391
15561. 15516,14934
15562. 14934,15512
15563. 15524,14934
15564. 15549,14935
15565. 14935,15544
15566. 14935,15556
15567. 15544,14936
15568. 14936,15538
15569. 14936,15559
15570. 15548,14937
15571. 14937,15539
15572. 15554,14937
15573. 15493,14938
15574. 14938,15564
15575. 15565,14938
15576. 14940,14939
15577. 14939,15563
15578. 14939,15575
15579. 15564,14940
15580. 15577,14940
15581. 14942,14941
15582. 14941,15603
15583. 15618,14941
15584. 15605,14942
15585. 14942,15610
15586. 15622,14943
15587. 15624,14943
15588. 14943,15623
15589. 15675,14944
15590. 14944,15673
15591. 14944,15679
15592. 15635,14945
15593. 14945,15674
15594. 14945,15680
15595. 15601,14946
15596. 14946,15720
15597. 15730,14946
15598. 14947,15067
15599. 14952,14948
15600. 14948,14953
15601. 14949,14952
15602. 14954,14950
15603. 14953,14951
15604. 14951,14954
15605. 15002,14955
15606. 14955,14956
15607. 14956,14957
15608. 14957,15055
15609. 14963,14958
15610. 14958,14960
15611. 14960,14959
15612. 15005,14961
15613. 14961,14962
15614. 14962,14963
15615. 14967,14964
15616. 14964,15021
15617. 14966,14965
15618. 14965,14967
15619. 14986,14966
15620. 14968,14969
15621. 14970,15009
15622. 14974,14971
15623. 14972,14976
15624. 14976,14973
15625. 14973,14975
15626. 14975,14977
15627. 15012,14978
15628. 14983,14979
15629. 14984,14980
15630. 14980,14981
15631. 14981,14982
15632. 14985,15033
15633. 14988,14987
15634. 14987,15037
15635. 14991,14989
15636. 14989,15044
15637. 14990,14992
15638. 14998,14993
15639. 14993,14994
15640. 14994,15000
15641. 15000,14995
15642. 14995,14999
15643. 14997,14996
15644. 14996,15002
15645. 14999,14997
15646. 15001,14998
15647. 15008,15003
15648. 15003,15004
15649. 15009,15006
15650. 15006,15008
15651. 15011,15010
15652. 15010,15014
15653. 15013,15011
15654. 15014,15012
15655. 15020,15015
15656. 15015,15016
15657. 15016,15017
15658. 15017,15018
15659. 15018,15019
15660. 15019,15160
15661. 15021,15028
15662. 15026,15022
15663. 15022,15029
15664. 15024,15023
15665. 15023,15026
15666. 15025,15024
15667. 15028,15025
15668. 15030,15027
15669. 15027,15166
15670. 15029,15030
15671. 15037,15031
15672. 15031,15042
15673. 15033,15032
15674. 15032,15100
15675. 15038,15034
15676. 15034,15039
15677. 15042,15035
15678. 15035,15038
15679. 15041,15036
15680. 15036,15040
15681. 15039,15041
15682. 15040,15185
15683. 15044,15043
15684. 15043,15106
15685. 15058,15045
15686. 15045,15046
15687. 15046,15054
15688. 15056,15047
15689. 15053,15048
15690. 15048,15059
15691. 15059,15049
15692. 15049,15076
15693. 15057,15050
15694. 15050,15058
15695. 15051,15057
15696. 15054,15052
15697. 15052,15053
15698. 15055,15056
15699. 15062,15060
15700. 15060,15072
15701. 15063,15061
15702. 15061,15065
15703. 15069,15062
15704. 15066,15063
15705. 15070,15064
15706. 15065,15127
15707. 15071,15066
15708. 15067,15069
15709. 15072,15068
15710. 15068,15070
15711. 15135,15073
15712. 15079,15074
15713. 15086,15075
15714. 15075,15083
15715. 15076,15077
15716. 15077,15080
15717. 15082,15078
15718. 15078,15085
15719. 15085,15079
15720. 15080,15081
15721. 15081,15084
15722. 15084,15082
15723. 15083,15135
15724. 15100,15087
15725. 15087,15094
15726. 15093,15088
15727. 15088,15089
15728. 15089,15095
15729. 15098,15090
15730. 15090,15104
15731. 15097,15091
15732. 15091,15102
15733. 15104,15092
15734. 15092,15130
15735. 15103,15093
15736. 15094,15101
15737. 15095,15099
15738. 15102,15096
15739. 15096,15103
15740. 15101,15097
15741. 15099,15098
15742. 15111,15105
15743. 15105,15108
15744. 15106,15107
15745. 15107,15111
15746. 15110,15109
15747. 15109,15227
15748. 15112,15114
15749. 15116,15113
15750. 15113,15119
15751. 15114,15118
15752. 15120,15115
15753. 15121,15116
15754. 15119,15117
15755. 15117,15120
15756. 15118,15121
15757. 15123,15122
15758. 15122,15126
15759. 15124,15123
15760. 15129,15124
15761. 15126,15125
15762. 15125,15128
15763. 15127,15129
15764. 15130,15131
15765. 15131,15132
15766. 15134,15133
15767. 15133,15238
15768. 15136,15142
15769. 15145,15137
15770. 15137,15138
15771. 15138,15147
15772. 15141,15139
15773. 15139,15143
15774. 15143,15140
15775. 15144,15141
15776. 15142,15148
15777. 15146,15144
15778. 15148,15145
15779. 15151,15150
15780. 15150,15251
15781. 15158,15151
15782. 15157,15152
15783. 15152,15154
15784. 15156,15153
15785. 15154,15156
15786. 15159,15155
15787. 15155,15157
15788. 15160,15161
15789. 15161,15162
15790. 15162,15163
15791. 15163,15170
15792. 15166,15164
15793. 15164,15165
15794. 15165,15167
15795. 15167,15175
15796. 15171,15168
15797. 15168,15190
15798. 15170,15169
15799. 15169,15171
15800. 15175,15172
15801. 15172,15174
15802. 15174,15173
15803. 15173,15198
15804. 15176,15181
15805. 15178,15177
15806. 15177,15183
15807. 15184,15178
15808. 15181,15179
15809. 15179,15211
15810. 15185,15180
15811. 15180,15184
15812. 15183,15182
15813. 15187,15186
15814. 15186,15188
15815. 15188,15302
15816. 15191,15189
15817. 15190,15196
15818. 15194,15191
15819. 15192,15195
15820. 15196,15193
15821. 15193,15194
15822. 15195,15303
15823. 15199,15197
15824. 15197,15200
15825. 15198,15202
15826. 15203,15199
15827. 15200,15201
15828. 15202,15203
15829. 15208,15204
15830. 15204,15305
15831. 15209,15205
15832. 15205,15206
15833. 15206,15208
15834. 15207,15209
15835. 15212,15210
15836. 15210,15215
15837. 15211,15212
15838. 15215,15213
15839. 15213,15216
15840. 15216,15214
15841. 15214,15313
15842. 15218,15217
15843. 15217,15221
15844. 15219,15218
15845. 15220,15219
15846. 15221,15261
15847. 15222,15235
15848. 15224,15223
15849. 15223,15228
15850. 15225,15224
15851. 15227,15225
15852. 15229,15226
15853. 15228,15229
15854. 15231,15230
15855. 15230,15232
15856. 15232,15254
15857. 15236,15233
15858. 15233,15234
15859. 15234,15237
15860. 15235,15236
15861. 15237,15268
15862. 15238,15241
15863. 15239,15243
15864. 15242,15240
15865. 15240,15409
15866. 15243,15242
15867. 15244,15245
15868. 15245,15248
15869. 15248,15246
15870. 15246,15252
15871. 15253,15247
15872. 15247,15279
15873. 15251,15249
15874. 15252,15250
15875. 15250,15253
15876. 15254,15255
15877. 15255,15284
15878. 15257,15256
15879. 15264,15257
15880. 15262,15258
15881. 15258,15264
15882. 15260,15259
15883. 15259,15263
15884. 15261,15260
15885. 15263,15262
15886. 15265,15274
15887. 15266,15267
15888. 15267,15407
15889. 15269,15270
15890. 15271,15273
15891. 15273,15272
15892. 15274,15275
15893. 15276,15280
15894. 15279,15277
15895. 15277,15278
15896. 15287,15281
15897. 15281,15285
15898. 15284,15282
15899. 15283,15286
15900. 15285,15380
15901. 15286,15287
15902. 15291,15288
15903. 15288,15292
15904. 15290,15289
15905. 15289,15327
15906. 15292,15290
15907. 15295,15293
15908. 15293,15300
15909. 15299,15294
15910. 15294,15297
15911. 15298,15295
15912. 15302,15296
15913. 15297,15298
15914. 15300,15301
15915. 15301,15335
15916. 15308,15304
15917. 15304,15307
15918. 15305,15308
15919. 15307,15306
15920. 15306,15310
15921. 15309,15339
15922. 15313,15311
15923. 15311,15314
15924. 15312,15341
15925. 15321,15315
15926. 15315,15318
15927. 15322,15316
15928. 15319,15317
15929. 15317,15322
15930. 15318,15323
15931. 15323,15319
15932. 15320,15321
15933. 15325,15324
15934. 15324,15427
15935. 15328,15325
15936. 15327,15326
15937. 15326,15328
15938. 15336,15329
15939. 15329,15330
15940. 15330,15332
15941. 15333,15331
15942. 15331,15432
15943. 15332,15334
15944. 15334,15333
15945. 15335,15336
15946. 15339,15337
15947. 15337,15338
15948. 15338,15436
15949. 15342,15340
15950. 15340,15385
15951. 15341,15342
15952. 15343,15369
15953. 15351,15344
15954. 15344,15355
15955. 15354,15345
15956. 15352,15346
15957. 15346,15350
15958. 15350,15347
15959. 15347,15358
15960. 15356,15348
15961. 15348,15351
15962. 15357,15349
15963. 15349,15353
15964. 15353,15356
15965. 15355,15354
15966. 15358,15357
15967. 15365,15359
15968. 15359,15367
15969. 15362,15360
15970. 15360,15371
15971. 15364,15361
15972. 15361,15365
15973. 15368,15362
15974. 15366,15363
15975. 15363,15372
15976. 15371,15364
15977. 15369,15366
15978. 15372,15368
15979. 15370,15373
15980. 15373,15406
15981. 15378,15374
15982. 15374,15377
15983. 15376,15378
15984. 15377,15403
15985. 15380,15379
15986. 15383,15381
15987. 15384,15382
15988. 15385,15383
15989. 15386,15387
15990. 15387,15388
15991. 15388,15389
15992. 15391,15390
15993. 15399,15392
15994. 15392,15397
15995. 15394,15393
15996. 15393,15400
15997. 15400,15395
15998. 15395,15415
15999. 15398,15396
16000. 15397,15398
16001. 15403,15401
16002. 15401,15404
16003. 15405,15402
16004. 15404,15405
16005. 15407,15408
16006. 15409,15410
16007. 15412,15411
16008. 15411,15416
16009. 15413,15412
16010. 15414,15413
16011. 15415,15414
16012. 15522,15417
16013. 15418,15419
16014. 15419,15420
16015. 15420,15421
16016. 15428,15422
16017. 15422,15423
16018. 15423,15444
16019. 15425,15424
16020. 15424,15426
16021. 15427,15425
16022. 15426,15428
16023. 15430,15429
16024. 15429,15433
16025. 15431,15430
16026. 15432,15431
16027. 15433,15446
16028. 15456,15434
16029. 15434,15441
16030. 15436,15435
16031. 15437,15476
16032. 15443,15438
16033. 15438,15439
16034. 15439,15497
16035. 15441,15440
16036. 15440,15442
16037. 15444,15463
16038. 15453,15445
16039. 15445,15450
16040. 15446,15453
16041. 15450,15447
16042. 15447,15451
16043. 15448,15454
16044. 15452,15449
16045. 15449,15472
16046. 15455,15452
16047. 15454,15455
16048. 15457,15456
16049. 15459,15458
16050. 15458,15485
16051. 15461,15459
16052. 15460,15461
16053. 15465,15462
16054. 15462,15467
16055. 15463,15468
16056. 15467,15464
16057. 15464,15466
16058. 15470,15465
16059. 15466,15532
16060. 15468,15469
16061. 15469,15470
16062. 15472,15471
16063. 15471,15473
16064. 15473,15537
16065. 15478,15474
16066. 15474,15475
16067. 15475,15479
16068. 15477,15478
16069. 15479,15553
16070. 15480,15509
16071. 15484,15481
16072. 15481,15486
16073. 15486,15482
16074. 15485,15483
16075. 15483,15484
16076. 15492,15487
16077. 15487,15489
16078. 15489,15488
16079. 15488,15491
16080. 15494,15490
16081. 15490,15493
16082. 15491,15494
16083. 15497,15495
16084. 15495,15496
16085. 15503,15498
16086. 15498,15508
16087. 15508,15499
16088. 15499,15506
16089. 15502,15500
16090. 15500,15565
16091. 15510,15501
16092. 15501,15504
16093. 15504,15502
16094. 15507,15503
16095. 15506,15505
16096. 15505,15510
16097. 15509,15507
16098. 15512,15511
16099. 15511,15522
16100. 15514,15513
16101. 15513,15519
16102. 15520,15514
16103. 15521,15515
16104. 15515,15517
16105. 15519,15516
16106. 15517,15520
16107. 15575,15518
16108. 15518,15521
16109. 15526,15523
16110. 15523,15524
16111. 15525,15526
16112. 15528,15527
16113. 15527,15534
16114. 15531,15528
16115. 15534,15529
16116. 15529,15530
16117. 15530,15535
16118. 15533,15531
16119. 15532,15533
16120. 15535,15536
16121. 15536,15629
16122. 15537,15545
16123. 15538,15541
16124. 15539,15543
16125. 15545,15540
16126. 15540,15548
16127. 15541,15547
16128. 15543,15542
16129. 15542,15549
16130. 15550,15546
16131. 15546,15637
16132. 15547,15550
16133. 15552,15551
16134. 15551,15554
16135. 15553,15552
16136. 15556,15555
16137. 15555,15569
16138. 15560,15557
16139. 15557,15558
16140. 15558,15592
16141. 15559,15560
16142. 15562,15561
16143. 15561,15608
16144. 15563,15562
16145. 15572,15566
16146. 15566,15574
16147. 15578,15567
16148. 15567,15579
16149. 15570,15568
16150. 15568,15577
16151. 15569,15571
16152. 15576,15570
16153. 15571,15580
16154. 15581,15572
16155. 15574,15573
16156. 15573,15578
16157. 15579,15576
16158. 15580,15581
16159. 15587,15582
16160. 15582,15585
16161. 15588,15583
16162. 15583,15584
16163. 15584,15586
16164. 15585,15591
16165. 15586,15590
16166. 15589,15587
16167. 15597,15588
16168. 15593,15589
16169. 15590,15617
16170. 15591,15682
16171. 15592,15594
16172. 15594,15593
16173. 15682,15595
16174. 15595,15596
16175. 15596,15684
16176. 15686,15597
16177. 15608,15598
16178. 15598,15599
16179. 15599,15605
16180. 15602,15600
16181. 15600,15601
16182. 15606,15602
16183. 15603,15607
16184. 15607,15604
16185. 15604,15606
16186. 15611,15609
16187. 15609,15615
16188. 15610,15614
16189. 15612,15611
16190. 15614,15612
16191. 15620,15613
16192. 15613,15619
16193. 15615,15620
16194. 15617,15616
16195. 15616,15618
16196. 15658,15621
16197. 15621,15622
16198. 15623,15625
16199. 15671,15624
16200. 15628,15626
16201. 15626,15627
16202. 15627,15653
16203. 15632,15628
16204. 15629,15630
16205. 15630,15631
16206. 15631,15632
16207. 15636,15633
16208. 15633,15634
16209. 15634,15635
16210. 15638,15636
16211. 15637,15639
16212. 15640,15638
16213. 15639,15640
16214. 15642,15641
16215. 15641,15649
16216. 15644,15642
16217. 15645,15643
16218. 15643,15651
16219. 15651,15644
16220. 15652,15645
16221. 15649,15646
16222. 15646,15650
16223. 15648,15647
16224. 15647,15652
16225. 15681,15648
16226. 15650,15693
16227. 15653,15663
16228. 15657,15654
16229. 15654,15661
16230. 15660,15655
16231. 15655,15658
16232. 15663,15656
16233. 15656,15659
16234. 15662,15657
16235. 15659,15662
16236. 15661,15660
16237. 15665,15664
16238. 15664,15669
16239. 15670,15665
16240. 15669,15666
16241. 15666,15668
16242. 15668,15667
16243. 15667,15671
16244. 15672,15670
16245. 15673,15672
16246. 15674,15675
16247. 15677,15676
16248. 15676,15718
16249. 15678,15677
16250. 15679,15678
16251. 15680,15681
16252. 15684,15683
16253. 15683,15685
16254. 15685,15686
16255. 15709,15687
16256. 15687,15704
16257. 15690,15688
16258. 15688,15696
16259. 15704,15689
16260. 15689,15703
16261. 15698,15690
16262. 15693,15691
16263. 15691,15705
16264. 15702,15692
16265. 15692,15694
16266. 15694,15706
16267. 15705,15695
16268. 15695,15699
16269. 15696,15697
16270. 15697,15708
16271. 15699,15698
16272. 15703,15700
16273. 15700,15701
16274. 15701,15702
16275. 15706,15728
16276. 15708,15707
16277. 15707,15709
16278. 15711,15710
16279. 15710,15717
16280. 15713,15711
16281. 15714,15712
16282. 15712,15713
16283. 15719,15714
16284. 15716,15715
16285. 15715,15719
16286. 15718,15716
16287. 15717,15742
16288. 15731,15721
16289. 15721,15729
16290. 15724,15722
16291. 15722,15730
16292. 15725,15723
16293. 15723,15731
16294. 15726,15724
16295. 15728,15725
16296. 15727,15726
16297. 15732,15727
16298. 15729,15732
16299. 15736,15733
16300. 15733,15737
16301. 15738,15734
16302. 15734,15743
16303. 15749,15735
16304. 15735,15736
16305. 15737,15747
16306. 15750,15738
16307. 15744,15739
16308. 15739,15745
16309. 15751,15740
16310. 15740,15750
16311. 15742,15741
16312. 15741,15748
16313. 15743,15749
16314. 15746,15744
16315. 15745,15751
16316. 15748,15746
16317. 15747,15752
16318. 15752,15760
16319. 15754,15753
16320. 15753,15758
16321. 15757,15754
16322. 15758,15755
16323. 15755,15762
16324. 15762,15756
16325. 15756,15759
16326. 15763,15757
16327. 15759,15764
16328. 15760,15761
16329. 15761,15763
16330. 15765,16021
16331. 16087,15766
16332. 15766,16075
16333. 16092,15766
16334. 15771,15767
16335. 15767,15768
16336. 15768,15770
16337. 15783,15769
16338. 15769,15771
16339. 15770,15775
16340. 15779,15772
16341. 15772,15777
16342. 15781,15773
16343. 15773,15779
16344. 15782,15774
16345. 15774,15778
16346. 15775,15782
16347. 15777,15776
16348. 15776,15791
16349. 15778,15780
16350. 15780,15784
16351. 15784,15781
16352. 16118,15783
16353. 15786,15785
16354. 15785,15792
16355. 15791,15786
16356. 15793,15787
16357. 15787,16234
16358. 15789,15788
16359. 15788,15793
16360. 15790,15789
16361. 15792,15790
16362. 16335,15794
16363. 15794,16331
16364. 15794,16341
16365. 16346,15795
16366. 15795,15797
16367. 15797,15796
16368. 15796,16347
16369. 15802,15798
16370. 15803,15799
16371. 15799,15800
16372. 15800,15801
16373. 15801,15802
16374. 16402,15803
16375. 16407,15804
16376. 15804,15814
16377. 15817,15805
16378. 15805,16407
16379. 15807,15806
16380. 15806,15811
16381. 15813,15807
16382. 15810,15808
16383. 15808,15812
16384. 15815,15809
16385. 15809,16346
16386. 15814,15810
16387. 15811,15815
16388. 15812,15813
16389. 16459,15816
16390. 15816,15822
16391. 15820,15817
16392. 16460,15818
16393. 15818,15820
16394. 15821,15819
16395. 15819,16460
16396. 15823,15821
16397. 15822,15823
16398. 16539,15824
16399. 15824,16536
16400. 16544,15824
16401. 15824,16562
16402. 15830,15825
16403. 15825,15832
16404. 15828,15826
16405. 15826,15834
16406. 15829,15827
16407. 15827,15830
16408. 15831,15828
16409. 15833,15829
16410. 16599,15831
16411. 15832,16600
16412. 15834,15833
16413. 15837,15835
16414. 15835,15836
16415. 15836,15838
16416. 16600,15837
16417. 15838,15858
16418. 16605,15839
16419. 15839,15842
16420. 15846,15840
16421. 15840,15841
16422. 15841,15854
16423. 15842,15847
16424. 15849,15843
16425. 15843,15850
16426. 15852,15844
16427. 15844,15853
16428. 15854,15845
16429. 15845,15848
16430. 15851,15846
16431. 15847,15851
16432. 15848,15849
16433. 15850,16606
16434. 16603,15852
16435. 15853,16605
16436. 15860,15855
16437. 15855,15859
16438. 15858,15856
16439. 15856,15857
16440. 15857,15860
16441. 15859,16603
16442. 16660,15861
16443. 15861,16662
16444. 15861,16669
16445. 16703,15862
16446. 15862,16704
16447. 16711,15862
16448. 15862,16707
16449. 15863,16689
16450. 15863,16715
16451. 15864,16690
16452. 16714,15864
16453. 15864,16713
16454. 16791,15865
16455. 15865,16788
16456. 16265,15865
16457. 15865,16802
16458. 15871,15866
16459. 15866,15868
16460. 15868,15867
16461. 15867,17065
16462. 15873,15869
16463. 15869,15871
16464. 15872,15870
16465. 15870,15873
16466. 15885,15872
16467. 15878,15874
16468. 15874,15880
16469. 15900,15875
16470. 15875,15878
16471. 15879,15876
16472. 15876,15882
16473. 15880,15877
16474. 15877,15879
16475. 15882,15881
16476. 15881,15886
16477. 15884,15883
16478. 15883,15887
16479. 15891,15884
16480. 15888,15885
16481. 15886,15889
16482. 15887,17086
16483. 15893,15888
16484. 15889,15891
16485. 17086,15890
16486. 15890,15892
16487. 15892,15893
16488. 15908,15894
16489. 15894,15896
16490. 15910,15895
16491. 15895,15909
16492. 15896,15897
16493. 15897,15900
16494. 15907,15898
16495. 15898,15903
16496. 15905,15899
16497. 15899,15902
16498. 15903,15901
16499. 15901,15910
16500. 15902,15904
16501. 15904,15908
16502. 15909,15905
16503. 17213,15906
16504. 15906,15907
16505. 17220,15911
16506. 15911,17218
16507. 17220,15912
16508. 15912,17218
16509. 17243,15912
16510. 17269,15913
16511. 15913,17275
16512. 15913,17277
16513. 17291,15914
16514. 15914,17296
16515. 17300,15914
16516. 15918,15915
16517. 15915,17392
16518. 17393,15916
16519. 15916,15920
16520. 15919,15917
16521. 15917,15922
16522. 15920,15918
16523. 15933,15919
16524. 15922,15921
16525. 15921,17393
16526. 15926,15923
16527. 15923,15924
16528. 15924,15935
16529. 15927,15925
16530. 15925,15928
16531. 15929,15926
16532. 17393,15927
16533. 15928,15929
16534. 17452,15930
16535. 15930,15931
16536. 15931,15932
16537. 15932,15933
16538. 15935,15934
16539. 15934,15938
16540. 15938,15936
16541. 15936,15937
16542. 15943,15939
16543. 15939,15946
16544. 15941,15940
16545. 15940,15942
16546. 15945,15941
16547. 15942,15944
16548. 15955,15943
16549. 15946,15945
16550. 15950,15947
16551. 15947,15951
16552. 15948,15950
16553. 15951,15949
16554. 15949,16018
16555. 15957,15952
16556. 15952,15963
16557. 15963,15953
16558. 15953,15959
16559. 15958,15954
16560. 15954,15964
16561. 15959,15955
16562. 15964,15956
16563. 15956,15967
16564. 15960,15957
16565. 15961,15958
16566. 15966,15960
16567. 15962,15961
16568. 15965,15962
16569. 15988,15965
16570. 15967,15966
16571. 15966,15980
16572. 15974,15967
16573. 15981,15968
16574. 15968,15977
16575. 15984,15969
16576. 15969,15974
16577. 15990,15970
16578. 15970,15979
16579. 15983,15971
16580. 15971,15984
16581. 15975,15972
16582. 15972,15982
16583. 15987,15973
16584. 15973,15983
16585. 15980,15975
16586. 15999,15976
16587. 15976,15994
16588. 15977,15986
16589. 15979,15978
16590. 15978,15981
16591. 15986,15985
16592. 15985,15987
16593. 15989,15988
16594. 16355,15989
16595. 16003,15989
16596. 15994,15990
16597. 16000,15991
16598. 15991,15997
16599. 16101,15992
16600. 15992,16000
16601. 15996,15993
16602. 15993,15999
16603. 15998,15995
16604. 15995,15996
16605. 15997,15998
16606. 16007,16001
16607. 16001,16006
16608. 16008,16002
16609. 16002,16005
16610. 16004,16003
16611. 16010,16004
16612. 16005,16007
16613. 16006,16010
16614. 16009,16008
16615. 16102,16009
16616. 16012,16011
16617. 16011,16015
16618. 16014,16012
16619. 16015,16013
16620. 16013,16017
16621. 16030,16014
16622. 16017,16016
16623. 16018,16019
16624. 16019,16036
16625. 16021,16020
16626. 16022,16020
16627. 16020,16027
16628. 16021,16032
16629. 16025,16022
16630. 16027,16023
16631. 16023,16062
16632. 16052,16024
16633. 16024,16026
16634. 16026,16025
16635. 16031,16028
16636. 16028,16030
16637. 16032,16029
16638. 16029,16031
16639. 16036,16033
16640. 16033,16034
16641. 16034,16042
16642. 16039,16035
16643. 16035,16040
16644. 16043,16037
16645. 16037,16039
16646. 16042,16038
16647. 16038,16041
16648. 16040,16069
16649. 16041,16044
16650. 16044,16043
16651. 16044,16055
16652. 16050,16045
16653. 16045,16052
16654. 16049,16046
16655. 16046,16047
16656. 16047,16048
16657. 16048,16054
16658. 16053,16049
16659. 16054,16050
16660. 16055,16051
16661. 16051,16053
16662. 16058,16056
16663. 16056,16169
16664. 16066,16057
16665. 16057,16058
16666. 16063,16059
16667. 16059,16061
16668. 16064,16060
16669. 16060,16066
16670. 16061,16064
16671. 16062,16065
16672. 16065,16063
16673. 16070,16067
16674. 16067,16072
16675. 16071,16068
16676. 16068,16073
16677. 16069,16071
16678. 16073,16070
16679. 16072,16126
16680. 16086,16074
16681. 16074,16089
16682. 16075,16086
16683. 16085,16076
16684. 16076,16083
16685. 16126,16077
16686. 16077,16088
16687. 16088,16078
16688. 16078,16082
16689. 16091,16079
16690. 16079,16087
16691. 16083,16080
16692. 16080,16090
16693. 16090,16081
16694. 16081,16100
16695. 16082,16091
16696. 16089,16084
16697. 16084,16085
16698. 16099,16092
16699. 16095,16093
16700. 16093,16096
16701. 16096,16094
16702. 16094,16099
16703. 16097,16095
16704. 16098,16097
16705. 16127,16098
16706. 16100,16101
16707. 16108,16102
16708. 16104,16103
16709. 16103,16106
16710. 16109,16104
16711. 16106,16105
16712. 16105,16108
16713. 16110,16107
16714. 16107,16109
16715. 16413,16110
16716. 16112,16111
16717. 16111,16156
16718. 16115,16112
16719. 16117,16113
16720. 16113,16115
16721. 16116,16114
16722. 16114,16117
16723. 16139,16116
16724. 16124,16118
16725. 16118,16209
16726. 16121,16119
16727. 16119,16123
16728. 16125,16120
16729. 16120,16122
16730. 16126,16121
16731. 16122,16124
16732. 16123,16125
16733. 16128,16127
16734. 16134,16128
16735. 16132,16129
16736. 16129,16130
16737. 16130,16134
16738. 16146,16131
16739. 16131,16133
16740. 16133,16132
16741. 16150,16135
16742. 16135,16138
16743. 16142,16136
16744. 16136,16152
16745. 16138,16137
16746. 16137,16140
16747. 16155,16139
16748. 16140,16143
16749. 16153,16141
16750. 16141,16144
16751. 16156,16142
16752. 16143,16153
16753. 16144,16148
16754. 16147,16145
16755. 16145,16146
16756. 16149,16147
16757. 16148,16149
16758. 16154,16150
16759. 16484,16151
16760. 16151,16155
16761. 16152,16154
16762. 16157,16160
16763. 16160,16158
16764. 16158,16162
16765. 16161,16159
16766. 16159,16172
16767. 16162,16161
16768. 16167,16163
16769. 16163,16165
16770. 16165,16164
16771. 16164,16166
16772. 16166,16194
16773. 16197,16166
16774. 16170,16167
16775. 16171,16168
16776. 16168,16170
16777. 16169,16171
16778. 16172,16180
16779. 16177,16173
16780. 16173,16188
16781. 16176,16174
16782. 16174,16183
16783. 16179,16175
16784. 16175,16187
16785. 16178,16176
16786. 16189,16177
16787. 16181,16178
16788. 16180,16179
16789. 16188,16181
16790. 16185,16182
16791. 16182,16186
16792. 16183,16190
16793. 16187,16184
16794. 16184,16189
16795. 16191,16185
16796. 16186,16642
16797. 16190,16191
16798. 16193,16190
16799. 16194,16192
16800. 16192,16195
16801. 16195,16193
16802. 16194,16198
16803. 16198,16196
16804. 16196,16199
16805. 16200,16197
16806. 16199,16200
16807. 16207,16201
16808. 16201,16208
16809. 16208,16202
16810. 16202,16203
16811. 16203,16212
16812. 16209,16204
16813. 16204,16211
16814. 16212,16205
16815. 16205,16206
16816. 16206,16213
16817. 16210,16207
16818. 16211,16210
16819. 16213,16242
16820. 16221,16214
16821. 16214,16224
16822. 16223,16215
16823. 16215,16216
16824. 16216,16220
16825. 16224,16217
16826. 16217,16229
16827. 16229,16218
16828. 16218,16518
16829. 16231,16219
16830. 16219,16232
16831. 16220,16227
16832. 16232,16221
16833. 16249,16222
16834. 16222,16233
16835. 16226,16223
16836. 16234,16225
16837. 16225,16228
16838. 16228,16226
16839. 16227,16230
16840. 16230,16231
16841. 16233,16234
16842. 16239,16235
16843. 16235,16244
16844. 16242,16236
16845. 16236,16241
16846. 16245,16237
16847. 16237,16240
16848. 16244,16238
16849. 16238,16761
16850. 16243,16239
16851. 16240,16243
16852. 16241,16245
16853. 16251,16246
16854. 16246,16248
16855. 16248,16247
16856. 16247,16252
16857. 16250,16249
16858. 16252,16250
16859. 16782,16251
16860. 16251,16266
16861. 16256,16253
16862. 16253,16255
16863. 16260,16254
16864. 16254,16256
16865. 16255,16264
16866. 16258,16257
16867. 16257,16260
16868. 16790,16258
16869. 16262,16259
16870. 16259,16555
16871. 16263,16261
16872. 16261,16262
16873. 16264,16263
16874. 16266,16265
16875. 16268,16267
16876. 16267,16269
16877. 16282,16268
16878. 16269,16271
16879. 16275,16270
16880. 16270,16274
16881. 16271,16283
16882. 16273,16272
16883. 16272,16284
16884. 16280,16273
16885. 16274,16282
16886. 16281,16275
16887. 16278,16276
16888. 16276,16281
16889. 16283,16277
16890. 16277,16280
16891. 16279,16278
16892. 16321,16279
16893. 16287,16283
16894. 16284,17826
16895. 16288,16285
16896. 16285,16289
16897. 16289,16286
16898. 16286,16287
16899. 16329,16288
16900. 16294,16290
16901. 16290,16291
16902. 16291,16292
16903. 16292,16302
16904. 16341,16293
16905. 16293,16294
16906. 16296,16295
16907. 16295,16304
16908. 16308,16296
16909. 16305,16297
16910. 16297,16307
16911. 16302,16298
16912. 16298,16303
16913. 16303,16299
16914. 16299,16306
16915. 16307,16300
16916. 16300,16301
16917. 16301,16308
16918. 16304,16309
16919. 16306,16305
16920. 16309,16310
16921. 16379,16311
16922. 16311,16325
16923. 16318,16312
16924. 16312,16324
16925. 16322,16313
16926. 16313,16317
16927. 16315,16314
16928. 16314,16319
16929. 16324,16315
16930. 16323,16316
16931. 16316,16322
16932. 16317,16321
16933. 16327,16318
16934. 16319,16326
16935. 16326,16320
16936. 16320,16323
16937. 16325,16327
16938. 16396,16328
16939. 16328,16332
16940. 16336,16329
16941. 16339,16330
16942. 16330,16333
16943. 16331,16336
16944. 16332,16334
16945. 16333,16340
16946. 16334,16337
16947. 16340,16335
16948. 16337,16338
16949. 16338,16339
16950. 16346,16342
16951. 16342,16344
16952. 16345,16343
16953. 16343,16347
16954. 16344,16345
16955. 16351,16346
16956. 16347,16354
16957. 16354,16348
16958. 16348,16357
16959. 16356,16349
16960. 16349,16352
16961. 16350,16351
16962. 16352,16353
16963. 16353,16358
16964. 16358,16355
16965. 16357,16356
16966. 16362,16359
16967. 16359,16363
16968. 16366,16360
16969. 16408,16361
16970. 16361,16367
16971. 16368,16362
16972. 16363,16366
16973. 16365,16364
16974. 16364,16368
16975. 16367,16365
16976. 16380,16369
16977. 16369,16374
16978. 16372,16370
16979. 16370,16377
16980. 16378,16371
16981. 16371,16376
16982. 16415,16372
16983. 16374,16373
16984. 16373,16375
16985. 16375,16378
16986. 16376,16379
16987. 16377,16380
16988. 16380,16390
16989. 16385,16381
16990. 16381,16384
16991. 16383,16382
16992. 16382,16385
16993. 16432,16383
16994. 16384,16405
16995. 16388,16386
16996. 16386,16391
16997. 16390,16387
16998. 16387,16389
16999. 16389,16388
17000. 16391,16444
17001. 16395,16392
17002. 16392,16393
17003. 16393,16394
17004. 16394,16396
17005. 16406,16395
17006. 16401,16397
17007. 16397,16398
17008. 16398,16399
17009. 16399,16400
17010. 16403,16401
17011. 16404,16402
17012. 16402,16403
17013. 16403,16406
17014. 16405,16404
17015. 16407,16409
17016. 16446,16408
17017. 16409,16414
17018. 16412,16410
17019. 16410,16411
17020. 16411,16413
17021. 16414,16412
17022. 16416,16415
17023. 16417,16416
17024. 16422,16417
17025. 16417,16419
17026. 16430,16418
17027. 16418,16423
17028. 16419,16426
17029. 16436,16420
17030. 16420,16433
17031. 16423,16421
17032. 16421,16431
17033. 16427,16422
17034. 16437,16424
17035. 16424,16427
17036. 16433,16425
17037. 16425,16429
17038. 16426,16432
17039. 16487,16428
17040. 16428,16434
17041. 16429,16437
17042. 16435,16430
17043. 16431,16436
17044. 16434,16435
17045. 16439,16437
17046. 16442,16438
17047. 16438,16441
17048. 16440,16439
17049. 16441,16440
17050. 16493,16442
17051. 16445,16443
17052. 16443,16458
17053. 16444,16445
17054. 16456,16446
17055. 16455,16447
17056. 16447,16452
17057. 16451,16448
17058. 16448,16457
17059. 16453,16449
17060. 16449,16456
17061. 16452,16450
17062. 16450,16453
17063. 16458,16451
17064. 16457,16454
17065. 16454,16455
17066. 16482,16459
17067. 16459,16467
17068. 16460,16485
17069. 16481,16461
17070. 16461,16472
17071. 16473,16462
17072. 16462,16481
17073. 16520,16463
17074. 16463,16473
17075. 16469,16464
17076. 16464,16480
17077. 16479,16465
17078. 16465,16470
17079. 16474,16466
17080. 16466,16469
17081. 16467,16471
17082. 16471,16468
17083. 16468,16474
17084. 16470,16477
17085. 16472,16482
17086. 16478,16475
17087. 16475,16476
17088. 16476,16488
17089. 16477,16478
17090. 16480,16479
17091. 16483,16481
17092. 16521,16483
17093. 16486,16484
17094. 16485,16486
17095. 16489,16487
17096. 16488,16490
17097. 16490,16489
17098. 16495,16491
17099. 16491,16492
17100. 16492,16493
17101. 16504,16494
17102. 16494,16508
17103. 16503,16495
17104. 16501,16496
17105. 16496,16498
17106. 16499,16497
17107. 16497,16503
17108. 16498,16499
17109. 16502,16500
17110. 16500,16501
17111. 16513,16502
17112. 16503,16506
17113. 16507,16504
17114. 16508,16505
17115. 16505,16509
17116. 16506,16507
17117. 16511,16510
17118. 16510,16513
17119. 16512,16511
17120. 16514,16512
17121. 16515,16514
17122. 16596,16515
17123. 16517,16516
17124. 16516,16519
17125. 16518,16517
17126. 16519,16520
17127. 16522,16521
17128. 16526,16522
17129. 16528,16523
17130. 16523,16527
17131. 16525,16524
17132. 16524,16529
17133. 16534,16525
17134. 16527,16526
17135. 16529,16528
17136. 16532,16530
17137. 16530,16534
17138. 16535,16531
17139. 16531,16538
17140. 16536,16532
17141. 16541,16533
17142. 16533,16542
17143. 16542,16535
17144. 16538,16537
17145. 16537,16540
17146. 16540,16539
17147. 17270,16541
17148. 16554,16543
17149. 16543,16544
17150. 16560,16545
17151. 16545,16553
17152. 16552,16546
17153. 16546,16548
17154. 16556,16547
17155. 16547,16558
17156. 16548,16549
17157. 16549,16556
17158. 16561,16550
17159. 16550,16563
17160. 16555,16551
17161. 16551,16559
17162. 16559,16552
17163. 16553,16587
17164. 16558,16554
17165. 16563,16557
17166. 16557,16560
17167. 16562,16561
17168. 16575,16564
17169. 16564,16573
17170. 16576,16565
17171. 16565,16572
17172. 16577,16566
17173. 16566,16582
17174. 16570,16567
17175. 16567,16576
17176. 16578,16568
17177. 16568,16583
17178. 16587,16569
17179. 16569,16585
17180. 16580,16570
17181. 16586,16571
17182. 16571,16579
17183. 16572,16574
17184. 16573,16581
17185. 16574,16586
17186. 16579,16575
17187. 16585,16577
17188. 16581,16578
17189. 16584,16580
17190. 16582,16584
17191. 16583,16629
17192. 16592,16588
17193. 16588,16593
17194. 16591,16589
17195. 16589,16596
17196. 16595,16590
17197. 16590,16594
17198. 16593,16591
17199. 16594,16592
17200. 16597,16595
17201. 16598,16597
17202. 16599,16598
17203. 16604,16599
17204. 16602,16601
17205. 16601,16608
17206. 16621,16602
17207. 16606,16604
17208. 16609,16605
17209. 16607,16606
17210. 16608,16607
17211. 16634,16609
17212. 16619,16610
17213. 16610,16622
17214. 16617,16611
17215. 16611,16616
17216. 16618,16612
17217. 16612,16621
17218. 16620,16613
17219. 16613,16615
17220. 17339,16614
17221. 16614,16620
17222. 16615,16617
17223. 16616,16619
17224. 16623,16618
17225. 16622,16623
17226. 16638,16622
17227. 16623,16624
17228. 16624,16628
17229. 16629,16625
17230. 16625,16632
17231. 16633,16626
17232. 16626,16638
17233. 16636,16627
17234. 16627,16631
17235. 16628,16635
17236. 16631,16630
17237. 16630,16633
17238. 16632,16636
17239. 16637,16634
17240. 16635,16637
17241. 16646,16639
17242. 16639,16644
17243. 16645,16640
17244. 16640,16643
17245. 16644,16641
17246. 16641,16645
17247. 16642,16647
17248. 16643,16678
17249. 16647,16646
17250. 16655,16648
17251. 16648,16650
17252. 16720,16649
17253. 16649,16656
17254. 16650,16651
17255. 16651,16658
17256. 16654,16652
17257. 16652,16659
17258. 16657,16653
17259. 16653,16748
17260. 16658,16654
17261. 16656,16655
17262. 16659,16657
17263. 16665,16660
17264. 16663,16661
17265. 16661,16665
17266. 16664,16663
17267. 16712,16664
17268. 16669,16666
17269. 16666,16668
17270. 16668,16667
17271. 16667,16680
17272. 16673,16670
17273. 16670,16719
17274. 16672,16671
17275. 16671,16673
17276. 16684,16672
17277. 16677,16672
17278. 16678,16674
17279. 16674,16675
17280. 16675,16676
17281. 16676,16677
17282. 16679,16678
17283. 16680,16679
17284. 16688,16681
17285. 16681,16684
17286. 16689,16682
17287. 16682,16686
17288. 16685,16683
17289. 16683,16688
17290. 16687,16685
17291. 16686,16690
17292. 16690,16687
17293. 16689,16695
17294. 16690,16708
17295. 16696,16691
17296. 16691,16700
17297. 16700,16692
17298. 16692,16829
17299. 16697,16693
17300. 16693,16698
17301. 16698,16694
17302. 16694,16696
17303. 16695,16699
17304. 16699,16697
17305. 16706,16697
17306. 16707,16698
17307. 16698,16709
17308. 16699,16703
17309. 16704,16701
17310. 16701,16705
17311. 16705,16702
17312. 16709,16706
17313. 16708,16710
17314. 16710,16711
17315. 16713,16712
17316. 16715,16714
17317. 16726,16716
17318. 16716,16723
17319. 16728,16717
17320. 16717,16729
17321. 16725,16718
17322. 16718,16726
17323. 16719,16725
17324. 16722,16720
17325. 16729,16721
17326. 16721,16722
17327. 16723,16724
17328. 16724,16727
17329. 16727,16728
17330. 16727,16737
17331. 16731,16730
17332. 16730,16734
17333. 16738,16731
17334. 16735,16732
17335. 16732,16733
17336. 16733,16845
17337. 16734,16736
17338. 16736,16735
17339. 16737,16738
17340. 16754,16739
17341. 16739,16751
17342. 16749,16740
17343. 16740,16743
17344. 16755,16741
17345. 16741,16742
17346. 16742,16745
17347. 16743,16759
17348. 16750,16744
17349. 16744,16747
17350. 16745,16753
17351. 16753,16746
17352. 16746,16750
17353. 16747,16779
17354. 16748,16749
17355. 16751,16756
17356. 16756,16752
17357. 16752,16757
17358. 16759,16754
17359. 16758,16755
17360. 16757,16758
17361. 16767,16757
17362. 16758,16770
17363. 16763,16760
17364. 16760,16769
17365. 16761,16765
17366. 16774,16762
17367. 16762,16768
17368. 16766,16763
17369. 16771,16764
17370. 16764,16818
17371. 16765,16766
17372. 16768,16767
17373. 16769,16774
17374. 16770,16773
17375. 16772,16771
17376. 16773,16772
17377. 16779,16775
17378. 16775,16777
17379. 16785,16776
17380. 16776,16783
17381. 16777,16785
17382. 16783,16778
17383. 16778,16781
17384. 16781,16780
17385. 16780,16784
17386. 16786,16782
17387. 16784,16786
17388. 16786,16787
17389. 16787,16793
17390. 16788,16789
17391. 16789,16792
17392. 16792,16790
17393. 16793,16791
17394. 16796,16794
17395. 16794,16795
17396. 16795,16798
17397. 16800,16796
17398. 16803,16797
17399. 16797,16799
17400. 16798,16804
17401. 16799,16822
17402. 16801,16800
17403. 16802,16801
17404. 16805,16803
17405. 16804,16805
17406. 16809,16806
17407. 16806,16821
17408. 16819,16807
17409. 16807,16817
17410. 16821,16808
17411. 16808,16820
17412. 16813,16809
17413. 16815,16810
17414. 16810,16813
17415. 16812,16811
17416. 16811,16814
17417. 16820,16812
17418. 16814,16905
17419. 16816,16815
17420. 16817,16816
17421. 16818,16819
17422. 16822,16823
17423. 16823,17299
17424. 16832,16824
17425. 16824,16836
17426. 16830,16825
17427. 16825,16832
17428. 16828,16826
17429. 16826,16831
17430. 16834,16827
17431. 16827,16838
17432. 16833,16828
17433. 16829,16837
17434. 16837,16830
17435. 16831,16835
17436. 16836,16833
17437. 16835,16834
17438. 16838,16868
17439. 16848,16839
17440. 16839,16847
17441. 16849,16840
17442. 16840,16841
17443. 16841,16887
17444. 16850,16842
17445. 16842,16852
17446. 16846,16843
17447. 16843,16849
17448. 16854,16844
17449. 16844,16848
17450. 16845,16851
17451. 16847,16846
17452. 16851,16850
17453. 16852,16853
17454. 16853,16855
17455. 16855,16854
17456. 16855,16858
17457. 16861,16856
17458. 16856,16860
17459. 16860,16857
17460. 16857,16885
17461. 16858,16859
17462. 16859,16861
17463. 16868,16862
17464. 16862,16870
17465. 16869,16863
17466. 16863,16864
17467. 16864,16872
17468. 16867,16865
17469. 16865,16871
17470. 16871,16866
17471. 16866,16869
17472. 16870,16867
17473. 16872,16998
17474. 16884,16873
17475. 16873,16877
17476. 16880,16874
17477. 16874,17000
17478. 16886,16875
17479. 16875,16884
17480. 16883,16876
17481. 16876,16880
17482. 16877,16883
17483. 16879,16878
17484. 16878,16886
17485. 16882,16879
17486. 16885,16881
17487. 16881,16882
17488. 16887,16901
17489. 16895,16888
17490. 16888,16898
17491. 16897,16889
17492. 16889,16894
17493. 16891,16890
17494. 16890,16896
17495. 16894,16891
17496. 16901,16892
17497. 16892,16899
17498. 16900,16893
17499. 16893,16897
17500. 16896,16895
17501. 16898,16927
17502. 16899,16900
17503. 16904,16902
17504. 16902,16909
17505. 16917,16903
17506. 16903,16919
17507. 16907,16904
17508. 16905,16921
17509. 16920,16906
17510. 16906,16916
17511. 16916,16907
17512. 16911,16908
17513. 16908,16912
17514. 16909,16910
17515. 16910,16922
17516. 16921,16911
17517. 16912,16920
17518. 16918,16913
17519. 16913,16937
17520. 16922,16914
17521. 16914,16917
17522. 16919,16915
17523. 16915,16918
17524. 16933,16923
17525. 16923,16926
17526. 16931,16924
17527. 16924,16925
17528. 16925,17049
17529. 16926,16928
17530. 16927,16934
17531. 16928,16930
17532. 16930,16929
17533. 16929,16931
17534. 16931,16940
17535. 16934,16932
17536. 16932,16933
17537. 16935,16932
17538. 16936,16935
17539. 16937,16936
17540. 16939,16938
17541. 16938,16942
17542. 16941,16939
17543. 16940,16941
17544. 16942,17032
17545. 16963,16943
17546. 16943,16960
17547. 16972,16944
17548. 16944,16952
17549. 16960,16945
17550. 16945,16970
17551. 16976,16946
17552. 16946,16974
17553. 16980,16947
17554. 16947,16972
17555. 16978,16948
17556. 16948,16982
17557. 16966,16949
17558. 16949,16973
17559. 16958,16950
17560. 16950,16978
17561. 16953,16951
17562. 16951,16976
17563. 16952,16981
17564. 16965,16953
17565. 16969,16954
17566. 16954,16971
17567. 16974,16955
17568. 16955,16979
17569. 16979,16956
17570. 16956,16967
17571. 16962,16957
17572. 16957,16969
17573. 16961,16958
17574. 16973,16959
17575. 16959,16977
17576. 16970,16961
17577. 16968,16962
17578. 16971,16963
17579. 16977,16964
17580. 16964,16968
17581. 16982,16965
17582. 16995,16966
17583. 16967,16980
17584. 16981,16975
17585. 16982,16984
17586. 16985,16983
17587. 16983,17118
17588. 16984,16986
17589. 16986,16985
17590. 16998,16987
17591. 16987,16990
17592. 16990,16988
17593. 16988,16994
17594. 16992,16989
17595. 16989,16996
17596. 16997,16991
17597. 16991,16995
17598. 16993,16992
17599. 16999,16993
17600. 16994,16999
17601. 16996,16997
17602. 17000,17017
17603. 17004,17001
17604. 17001,17069
17605. 17019,17002
17606. 17002,17010
17607. 17012,17003
17608. 17003,17016
17609. 17007,17004
17610. 17011,17005
17611. 17005,17022
17612. 17022,17006
17613. 17006,17009
17614. 17015,17007
17615. 17018,17008
17616. 17008,17012
17617. 17009,17015
17618. 17010,17021
17619. 17020,17011
17620. 17017,17013
17621. 17013,17018
17622. 17021,17014
17623. 17014,17020
17624. 17016,17019
17625. 17031,17023
17626. 17023,17024
17627. 17024,17028
17628. 17033,17025
17629. 17025,17034
17630. 17034,17026
17631. 17026,17027
17632. 17027,17037
17633. 17028,17029
17634. 17029,17030
17635. 17030,17033
17636. 17036,17031
17637. 17032,17035
17638. 17035,17038
17639. 17038,17036
17640. 17053,17039
17641. 17039,17065
17642. 17046,17040
17643. 17040,17057
17644. 17044,17041
17645. 17041,17064
17646. 17054,17042
17647. 17042,17056
17648. 17059,17043
17649. 17043,17044
17650. 17061,17045
17651. 17045,17060
17652. 17066,17046
17653. 17057,17047
17654. 17047,17063
17655. 17050,17048
17656. 17048,17059
17657. 17049,17062
17658. 17063,17050
17659. 17062,17051
17660. 17051,17055
17661. 17065,17052
17662. 17052,17066
17663. 17060,17053
17664. 17064,17054
17665. 17055,17061
17666. 17056,17058
17667. 17058,17417
17668. 17071,17067
17669. 17067,17068
17670. 17068,17179
17671. 17069,17081
17672. 17080,17070
17673. 17070,17079
17674. 17074,17071
17675. 17075,17072
17676. 17072,17074
17677. 17077,17073
17678. 17073,17076
17679. 17076,17075
17680. 17079,17077
17681. 17081,17078
17682. 17078,17080
17683. 17453,17082
17684. 17082,17085
17685. 17085,17083
17686. 17083,17084
17687. 17085,17091
17688. 17086,17096
17689. 17088,17087
17690. 17087,17089
17691. 17090,17088
17692. 17091,17090
17693. 17098,17092
17694. 17092,17108
17695. 17109,17093
17696. 17093,17097
17697. 17108,17094
17698. 17094,17102
17699. 17103,17095
17700. 17095,17101
17701. 17096,17110
17702. 17097,17208
17703. 17106,17098
17704. 17107,17099
17705. 17099,17100
17706. 17100,17103
17707. 17101,17105
17708. 17102,17109
17709. 17105,17104
17710. 17104,17106
17711. 17110,17107
17712. 17117,17111
17713. 17111,17115
17714. 17119,17112
17715. 17112,17136
17716. 17116,17113
17717. 17113,17114
17718. 17114,17117
17719. 17115,17119
17720. 17118,17116
17721. 17122,17120
17722. 17120,17121
17723. 17121,17124
17724. 17123,17122
17725. 17125,17123
17726. 17124,17477
17727. 17131,17125
17728. 17125,17127
17729. 17139,17126
17730. 17126,17132
17731. 17127,17133
17732. 17132,17128
17733. 17128,17140
17734. 17138,17129
17735. 17129,17134
17736. 17135,17130
17737. 17130,17138
17738. 17140,17131
17739. 17133,17135
17740. 17134,17151
17741. 17136,17137
17742. 17137,17139
17743. 17168,17141
17744. 17141,17162
17745. 17162,17142
17746. 17142,17146
17747. 17163,17143
17748. 17143,17152
17749. 17167,17144
17750. 17144,17150
17751. 17158,17145
17752. 17145,17164
17753. 17146,17169
17754. 17152,17147
17755. 17147,17148
17756. 17148,17157
17757. 17164,17149
17758. 17149,17156
17759. 17150,17158
17760. 17151,17167
17761. 17160,17153
17762. 17153,17219
17763. 17169,17154
17764. 17154,17155
17765. 17155,17165
17766. 17156,17166
17767. 17157,17159
17768. 17159,17161
17769. 17161,17160
17770. 17165,17163
17771. 17166,17168
17772. 17173,17170
17773. 17170,17177
17774. 17172,17171
17775. 17171,17217
17776. 17176,17172
17777. 17175,17173
17778. 17177,17174
17779. 17174,17176
17780. 17235,17175
17781. 17190,17178
17782. 17178,17185
17783. 17179,17180
17784. 17180,17184
17785. 17182,17181
17786. 17181,17190
17787. 17187,17182
17788. 17185,17183
17789. 17183,17243
17790. 17184,17186
17791. 17186,17189
17792. 17191,17187
17793. 17189,17188
17794. 17188,17191
17795. 17193,17192
17796. 17192,17199
17797. 17207,17193
17798. 17201,17194
17799. 17194,17211
17800. 17205,17195
17801. 17195,17198
17802. 17210,17196
17803. 17196,17205
17804. 17203,17197
17805. 17197,17202
17806. 17198,17206
17807. 17199,17212
17808. 17208,17200
17809. 17200,17210
17810. 17202,17201
17811. 17206,17203
17812. 17211,17204
17813. 17204,17207
17814. 17212,17209
17815. 17214,17213
17816. 17213,17242
17817. 17218,17214
17818. 17238,17215
17819. 17215,17220
17820. 17236,17216
17821. 17216,17232
17822. 17217,17221
17823. 17219,17226
17824. 17221,17222
17825. 17222,17238
17826. 17224,17223
17827. 17223,17225
17828. 17226,17224
17829. 17225,17227
17830. 17227,17231
17831. 17233,17228
17832. 17228,17266
17833. 17230,17229
17834. 17229,17237
17835. 17231,17230
17836. 17232,17240
17837. 17240,17233
17838. 17241,17234
17839. 17234,17239
17840. 17237,17235
17841. 17239,17236
17842. 17242,17241
17843. 17242,17250
17844. 17248,17244
17845. 17244,17246
17846. 17250,17245
17847. 17245,17252
17848. 17246,17251
17849. 17252,17247
17850. 17247,17249
17851. 17249,17248
17852. 17251,17478
17853. 17265,17253
17854. 17253,17255
17855. 17256,17254
17856. 17254,17262
17857. 17255,17258
17858. 17257,17256
17859. 17268,17257
17860. 17258,17259
17861. 17259,17267
17862. 17262,17260
17863. 17260,17264
17864. 17267,17261
17865. 17261,17263
17866. 17263,17268
17867. 17264,17485
17868. 17266,17265
17869. 17274,17269
17870. 17275,17270
17871. 17273,17271
17872. 17271,17274
17873. 17290,17272
17874. 17272,17273
17875. 17278,17276
17876. 17276,17279
17877. 17277,17278
17878. 17279,17286
17879. 17337,17280
17880. 17280,17281
17881. 17281,17335
17882. 17285,17282
17883. 17282,17283
17884. 17283,17284
17885. 17284,17337
17886. 17312,17285
17887. 17286,17288
17888. 17288,17287
17889. 17287,17326
17890. 17297,17289
17891. 17289,17298
17892. 17295,17290
17893. 17348,17291
17894. 17293,17292
17895. 17292,17295
17896. 17298,17293
17897. 17296,17294
17898. 17294,17297
17899. 17299,17303
17900. 17304,17300
17901. 17302,17301
17902. 17301,17305
17903. 17303,17302
17904. 17305,17304
17905. 17309,17306
17906. 17306,17307
17907. 17307,17312
17908. 17340,17308
17909. 17308,17310
17910. 17311,17309
17911. 17310,17311
17912. 17325,17312
17913. 17324,17313
17914. 17313,17322
17915. 17318,17314
17916. 17314,17329
17917. 17327,17315
17918. 17315,17324
17919. 17323,17316
17920. 17316,17325
17921. 17326,17317
17922. 17317,17321
17923. 17322,17318
17924. 17329,17319
17925. 17319,17323
17926. 17321,17320
17927. 17320,17328
17928. 17328,17327
17929. 17331,17330
17930. 17330,17338
17931. 17336,17331
17932. 17338,17332
17933. 17332,17334
17934. 17334,17333
17935. 17333,17339
17936. 17335,17336
17937. 17341,17340
17938. 17342,17341
17939. 17343,17342
17940. 17344,17343
17941. 17394,17344
17942. 17349,17345
17943. 17345,17348
17944. 17352,17346
17945. 17346,17350
17946. 17367,17347
17947. 17347,17351
17948. 17350,17349
17949. 17351,17352
17950. 17376,17353
17951. 17353,17355
17952. 17360,17354
17953. 17354,17357
17954. 17355,17356
17955. 17356,17360
17956. 17357,17359
17957. 17359,17358
17958. 17358,17395
17959. 17363,17361
17960. 17361,17370
17961. 17373,17362
17962. 17362,17365
17963. 17369,17363
17964. 17431,17364
17965. 17364,17373
17966. 17365,17368
17967. 17371,17366
17968. 17366,17374
17969. 17374,17367
17970. 17368,17369
17971. 17370,17372
17972. 17372,17371
17973. 17386,17375
17974. 17375,17390
17975. 17385,17376
17976. 17392,17377
17977. 17377,17389
17978. 17387,17378
17979. 17378,17380
17980. 17383,17379
17981. 17379,17387
17982. 17380,17382
17983. 17390,17381
17984. 17381,17391
17985. 17382,17386
17986. 17444,17383
17987. 17389,17384
17988. 17384,17388
17989. 17388,17385
17990. 17391,17392
17991. 17395,17394
17992. 17400,17396
17993. 17396,17398
17994. 17399,17397
17995. 17397,17401
17996. 17398,17454
17997. 17402,17399
17998. 17401,17400
17999. 17406,17402
18000. 17402,17422
18001. 17416,17403
18002. 17403,17404
18003. 17404,17418
18004. 17419,17405
18005. 17405,17408
18006. 17411,17406
18007. 17409,17407
18008. 17407,17411
18009. 17408,17412
18010. 17417,17409
18011. 17415,17410
18012. 17410,17414
18013. 17412,17413
18014. 17413,17416
18015. 17414,17420
18016. 17421,17415
18017. 17418,17462
18018. 17420,17419
18019. 17422,17421
18020. 17421,17441
18021. 17425,17423
18022. 17423,17424
18023. 17424,17447
18024. 17426,17425
18025. 17427,17426
18026. 17468,17427
18027. 17442,17428
18028. 17428,17431
18029. 17436,17429
18030. 17429,17439
18031. 17435,17430
18032. 17430,17433
18033. 17434,17432
18034. 17432,17443
18035. 17433,17434
18036. 17440,17435
18037. 17443,17436
18038. 17438,17437
18039. 17437,17442
18040. 17439,17438
18041. 17441,17440
18042. 17448,17444
18043. 17447,17445
18044. 17445,17449
18045. 17451,17446
18046. 17446,17450
18047. 17450,17448
18048. 17449,17451
18049. 22398,17452
18050. 17456,17453
18051. 17454,17455
18052. 17455,17457
18053. 17457,17456
18054. 17459,17458
18055. 17458,17460
18056. 17473,17459
18057. 17460,17461
18058. 17461,17474
18059. 17462,17463
18060. 17463,17464
18061. 17464,17465
18062. 17464,17471
18063. 17465,17466
18064. 17465,17470
18065. 17466,22923
18066. 17469,17467
18067. 17467,17468
18068. 17470,17469
18069. 17471,17472
18070. 17472,17473
18071. 17477,17475
18072. 17475,17476
18073. 17478,17483
18074. 17483,17479
18075. 17479,17480
18076. 17480,17482
18077. 17482,17481
18078. 17481,17484
18079. 17485,17487
18080. 17490,17486
18081. 17486,17489
18082. 17487,17488
18083. 17488,17490
18084. 17494,17491
18085. 17491,17562
18086. 17496,17492
18087. 17492,17495
18088. 17503,17493
18089. 17493,17496
18090. 17495,17494
18091. 17507,17497
18092. 17497,17506
18093. 17501,17498
18094. 17498,17504
18095. 17506,17499
18096. 17499,17503
18097. 17510,17500
18098. 17500,17501
18099. 17504,17502
18100. 17502,17505
18101. 17505,17692
18102. 17692,17507
18103. 17508,17509
18104. 17509,17702
18105. 17702,17510
18106. 17515,17511
18107. 17511,17703
18108. 17514,17512
18109. 17512,17513
18110. 17513,17566
18111. 17703,17514
18112. 17516,17515
18113. 17702,17516
18114. 17518,17517
18115. 17517,17703
18116. 17526,17519
18117. 17519,17524
18118. 17527,17520
18119. 17520,17529
18120. 17528,17521
18121. 17521,17525
18122. 17525,17522
18123. 17522,17527
18124. 17524,17523
18125. 17523,17528
18126. 17547,17526
18127. 17534,17530
18128. 17530,17539
18129. 17536,17531
18130. 17531,17532
18131. 17532,17704
18132. 17539,17533
18133. 17533,17537
18134. 17538,17534
18135. 17558,17535
18136. 17535,17540
18137. 17541,17536
18138. 17537,17541
18139. 17540,17538
18140. 17544,17542
18141. 17542,17547
18142. 17546,17543
18143. 17543,17548
18144. 17548,17544
18145. 17704,17545
18146. 17545,17549
18147. 17549,17546
18148. 17562,17550
18149. 17550,17553
18150. 17561,17551
18151. 17551,17559
18152. 17564,17552
18153. 17552,17557
18154. 17553,17712
18155. 17557,17554
18156. 17554,17561
18157. 17559,17555
18158. 17555,17556
18159. 17556,17558
18160. 17563,17560
18161. 17560,17564
18162. 17712,17563
18163. 17576,17565
18164. 17565,17574
18165. 17566,17568
18166. 17572,17567
18167. 17567,17573
18168. 17568,17571
18169. 17570,17569
18170. 17569,17575
18171. 17578,17570
18172. 17571,17572
18173. 17573,17577
18174. 17574,17587
18175. 17575,17576
18176. 17577,17578
18177. 17582,17579
18178. 17579,17585
18179. 17583,17580
18180. 17580,17581
18181. 17581,17593
18182. 17586,17582
18183. 17591,17583
18184. 17587,17584
18185. 17584,17586
18186. 17585,17591
18187. 17765,17588
18188. 17588,17592
18189. 17592,17589
18190. 17589,17603
18191. 17765,17590
18192. 17590,17770
18193. 17764,17590
18194. 17593,17759
18195. 17593,17766
18196. 17760,17594
18197. 17594,17595
18198. 17594,17752
18199. 17595,17772
18200. 17595,17757
18201. 17618,17596
18202. 17596,17621
18203. 17615,17597
18204. 17597,17599
18205. 17624,17598
18206. 17598,17623
18207. 17599,17613
18208. 17609,17600
18209. 17600,17624
18210. 17616,17601
18211. 17601,17612
18212. 17613,17602
18213. 17602,17639
18214. 17603,17609
18215. 17620,17604
18216. 17604,17614
18217. 17611,17605
18218. 17605,17610
18219. 17610,17606
18220. 17606,17620
18221. 17612,17607
18222. 17607,17618
18223. 17619,17608
18224. 17608,17611
18225. 17614,17616
18226. 17621,17615
18227. 17622,17617
18228. 17617,17619
18229. 17623,17622
18230. 17647,17625
18231. 17625,17643
18232. 17633,17626
18233. 17626,17634
18234. 17642,17627
18235. 17627,17638
18236. 17634,17628
18237. 17628,17650
18238. 17649,17629
18239. 17629,17637
18240. 17637,17630
18241. 17630,17652
18242. 17652,17631
18243. 17631,17642
18244. 17644,17632
18245. 17632,17645
18246. 17648,17633
18247. 17646,17635
18248. 17635,17648
18249. 17643,17636
18250. 17636,17646
18251. 17638,17640
18252. 17639,17647
18253. 17640,17641
18254. 17641,17791
18255. 17839,17644
18256. 17644,17790
18257. 17645,17651
18258. 17651,17649
18259. 17650,17791
18260. 17811,17653
18261. 17653,17809
18262. 17816,17653
18263. 17856,17654
18264. 17654,17858
18265. 17654,17838
18266. 17681,17655
18267. 17655,17656
18268. 17656,17660
18269. 17665,17657
18270. 17657,17659
18271. 17663,17658
18272. 17658,17661
18273. 17659,17662
18274. 17660,17665
18275. 17661,17666
18276. 17662,17664
18277. 17664,17663
18278. 17666,17672
18279. 17690,17667
18280. 17667,17684
18281. 17686,17668
18282. 17668,17676
18283. 17682,17669
18284. 17669,17688
18285. 17684,17670
18286. 17670,17682
18287. 17680,17671
18288. 17671,17681
18289. 17672,17685
18290. 17688,17673
18291. 17673,17678
18292. 17694,17674
18293. 17674,17677
18294. 17678,17675
18295. 17675,17687
18296. 17676,17683
18297. 17677,17690
18298. 17689,17679
18299. 17679,17686
18300. 17687,17680
18301. 17683,17713
18302. 17685,17691
18303. 17691,17689
18304. 17692,17698
18305. 17695,17693
18306. 17693,17700
18307. 17697,17694
18308. 17699,17695
18309. 17698,17696
18310. 17696,17699
18311. 17701,17697
18312. 17700,17701
18313. 17706,17704
18314. 17709,17705
18315. 17705,17706
18316. 17710,17707
18317. 17707,17708
18318. 17708,17709
18319. 17711,17710
18320. 17726,17711
18321. 17714,17712
18322. 17713,17714
18323. 17716,17715
18324. 17715,17725
18325. 17724,17716
18326. 17725,17717
18327. 17717,17719
18328. 17721,17718
18329. 17718,17722
18330. 17719,17723
18331. 17723,17720
18332. 17720,17721
18333. 17722,17726
18334. 17739,17724
18335. 17728,17727
18336. 17742,17728
18337. 17730,17729
18338. 17729,17733
18339. 17736,17730
18340. 17738,17731
18341. 17731,17737
18342. 17751,17732
18343. 17732,17734
18344. 17733,17735
18345. 17734,17736
18346. 17735,17738
18347. 17737,17739
18348. 17746,17740
18349. 17740,17749
18350. 17744,17741
18351. 17741,17747
18352. 17745,17742
18353. 17748,17743
18354. 17743,17746
18355. 17750,17744
18356. 17747,17745
18357. 17782,17748
18358. 17749,17750
18359. 17753,17751
18360. 17752,17753
18361. 17758,17754
18362. 17754,17756
18363. 17757,17755
18364. 17755,17758
18365. 17756,17780
18366. 17759,17763
18367. 17762,17760
18368. 17763,17761
18369. 17761,17762
18370. 17767,17764
18371. 17765,17773
18372. 17772,17765
18373. 17766,17767
18374. 17769,17768
18375. 17768,17789
18376. 17771,17769
18377. 17770,17771
18378. 17773,17776
18379. 17776,17774
18380. 17774,17775
18381. 17779,17777
18382. 17777,17785
18383. 17784,17778
18384. 17778,17782
18385. 17786,17779
18386. 17780,17781
18387. 17781,17786
18388. 17785,17783
18389. 17783,17784
18390. 17789,17787
18391. 17787,17788
18392. 17788,17802
18393. 17790,17793
18394. 17794,17792
18395. 17793,17830
18396. 17830,17794
18397. 17806,17795
18398. 17795,17805
18399. 17805,17796
18400. 17796,17808
18401. 17798,17797
18402. 17797,17859
18403. 17808,17798
18404. 17801,17799
18405. 17799,17811
18406. 17804,17800
18407. 17800,17810
18408. 17807,17801
18409. 17802,17803
18410. 17803,17807
18411. 17812,17804
18412. 17810,17806
18413. 17809,17812
18414. 17821,17813
18415. 17813,17823
18416. 17818,17814
18417. 17814,17820
18418. 17819,17815
18419. 17815,17818
18420. 17817,17816
18421. 17820,17817
18422. 17823,17819
18423. 17822,17821
18424. 17825,17822
18425. 17827,17824
18426. 17824,17829
18427. 17828,17825
18428. 17826,17827
18429. 17829,17828
18430. 17844,17831
18431. 17831,17840
18432. 17845,17832
18433. 17832,17844
18434. 17837,17833
18435. 17833,17841
18436. 17841,17834
18437. 17834,17835
18438. 17835,17836
18439. 17836,17848
18440. 17842,17837
18441. 17838,17849
18442. 17840,17839
18443. 17847,17842
18444. 17849,17843
18445. 17843,17846
18446. 17848,17845
18447. 17846,17847
18448. 17859,17850
18449. 17850,17853
18450. 17858,17851
18451. 17851,17860
18452. 17853,17852
18453. 17852,17854
18454. 17854,17857
18455. 17860,17855
18456. 17855,17864
18457. 17857,17856
18458. 17866,17861
18459. 17861,17867
18460. 17864,17862
18461. 17862,17863
18462. 17863,17865
18463. 17865,17866
18464. 17867,17868
18465. 17868,17869
18466. 17869,17886
18467. 17874,17870
18468. 17870,17884
18469. 17872,17871
18470. 17871,17878
18471. 17885,17872
18472. 17877,17873
18473. 17873,17882
18474. 17879,17874
18475. 17883,17875
18476. 17875,17877
18477. 17886,17876
18478. 17876,17885
18479. 17878,17880
18480. 17882,17879
18481. 17880,17883
18482. 17884,17881
18483. 17881,17887
18484. 17890,17888
18485. 17888,17891
18486. 17892,17889
18487. 17889,19285
18488. 17894,17890
18489. 17891,17893
18490. 17893,17892
18491. 17907,17894
18492. 17906,17895
18493. 17895,17909
18494. 17902,17896
18495. 17896,17907
18496. 17899,17897
18497. 17897,17898
18498. 17898,17904
18499. 17900,17899
18500. 17909,17900
18501. 17912,17901
18502. 17901,17908
18503. 17905,17902
18504. 17908,17903
18505. 17903,17906
18506. 17904,17905
18507. 18046,17910
18508. 17910,17941
18509. 17915,17911
18510. 17911,17914
18511. 17914,17912
18512. 17916,17913
18513. 17913,19303
18514. 19303,17915
18515. 17924,17916
18516. 17921,17917
18517. 17917,18002
18518. 17922,17918
18519. 17918,17920
18520. 17928,17919
18521. 17919,17922
18522. 17920,17921
18523. 17925,17923
18524. 17923,17924
18525. 17936,17925
18526. 17927,17926
18527. 17926,19315
18528. 17926,19310
18529. 19306,17927
18530. 19323,17927
18531. 17932,17928
18532. 17934,17929
18533. 17929,17933
18534. 19329,17930
18535. 17930,17935
18536. 17998,17931
18537. 17931,17934
18538. 19319,17932
18539. 17933,19320
18540. 17935,18004
18541. 19330,17936
18542. 17949,17937
18543. 17937,17944
18544. 17940,17938
18545. 17938,17950
18546. 17945,17939
18547. 17939,17947
18548. 17946,17940
18549. 17941,17948
18550. 17950,17942
18551. 17942,17943
18552. 17943,18022
18553. 17944,17945
18554. 17952,17946
18555. 17947,17951
18556. 17948,17949
18557. 17951,17952
18558. 19382,17953
18559. 17953,19329
18560. 17953,19330
18561. 17956,17954
18562. 17954,17955
18563. 17955,17960
18564. 17958,17956
18565. 17959,17957
18566. 17957,17990
18567. 17996,17958
18568. 17960,17959
18569. 17961,19332
18570. 19334,17961
18571. 17961,19336
18572. 17979,17962
18573. 17962,17985
18574. 17978,17963
18575. 17963,17984
18576. 17974,17964
18577. 17964,17967
18578. 17969,17965
18579. 17965,17991
18580. 17984,17966
18581. 17966,17977
18582. 17967,17970
18583. 17982,17968
18584. 17968,17974
18585. 17972,17969
18586. 17970,17972
18587. 17977,17971
18588. 17971,17979
18589. 17981,17973
18590. 17973,17975
18591. 17975,17978
18592. 17990,17976
18593. 17976,17980
18594. 17980,17983
18595. 17983,17981
18596. 17988,17982
18597. 17985,17987
18598. 17987,17986
18599. 17986,17988
18600. 17991,17989
18601. 17989,18069
18602. 17994,17992
18603. 17992,17995
18604. 19367,17993
18605. 17993,17994
18606. 19361,17993
18607. 17995,17996
18608. 18005,17997
18609. 17997,18000
18610. 18003,17998
18611. 18001,17999
18612. 17999,18005
18613. 18000,18003
18614. 18004,18001
18615. 18002,19368
18616. 18002,19366
18617. 18016,18006
18618. 18006,18010
18619. 18010,18007
18620. 18007,19371
18621. 18017,18008
18622. 18008,18014
18623. 18014,18009
18624. 18009,18018
18625. 18018,18011
18626. 18011,18019
18627. 19372,18012
18628. 18012,19329
18629. 18015,18013
18630. 18013,18016
18631. 18037,18015
18632. 18021,18017
18633. 18019,18020
18634. 18020,19372
18635. 19371,18021
18636. 18022,18027
18637. 19371,18023
18638. 18023,18024
18639. 18024,18030
18640. 18031,18025
18641. 18025,18028
18642. 18028,18026
18643. 18026,19371
18644. 18027,18031
18645. 18030,18029
18646. 18029,18044
18647. 18034,18032
18648. 18032,19406
18649. 18032,19420
18650. 19405,18033
18651. 18033,18034
18652. 19414,18033
18653. 18041,18035
18654. 18035,19432
18655. 18039,18036
18656. 18036,18040
18657. 18042,18037
18658. 18108,18038
18659. 18038,18039
18660. 18040,18041
18661. 19432,18042
18662. 19440,18043
18663. 18043,18103
18664. 18044,18045
18665. 18045,19441
18666. 18047,18046
18667. 18048,18047
18668. 18049,18387
18669. 18052,18050
18670. 18050,18053
18671. 18063,18051
18672. 18051,18052
18673. 18053,19487
18674. 18055,18054
18675. 18054,18064
18676. 18062,18055
18677. 18064,18056
18678. 18056,19492
18679. 19491,18057
18680. 18057,18060
18681. 19492,18058
18682. 18058,18059
18683. 18059,18063
18684. 18060,18061
18685. 18061,18062
18686. 18070,18065
18687. 18065,19491
18688. 18065,19494
18689. 18068,18066
18690. 18066,18071
18691. 18071,18067
18692. 18067,18070
18693. 18069,18068
18694. 18070,19501
18695. 18073,18072
18696. 18072,18074
18697. 19509,18073
18698. 19520,18073
18699. 18074,19510
18700. 18074,19515
18701. 18152,18075
18702. 18075,18076
18703. 18078,18077
18704. 18077,18079
18705. 18080,18078
18706. 18079,19491
18707. 19536,18080
18708. 19582,18081
18709. 18081,18087
18710. 18092,18082
18711. 18082,19582
18712. 19598,18083
18713. 18083,18088
18714. 18091,18084
18715. 18084,18086
18716. 18089,18085
18717. 18085,18090
18718. 18086,19565
18719. 18087,18091
18720. 18088,18089
18721. 18090,18092
18722. 18094,18093
18723. 18093,18161
18724. 19598,18094
18725. 18102,18095
18726. 18095,18097
18727. 18100,18096
18728. 18096,18102
18729. 18097,18104
18730. 18101,18098
18731. 18098,18124
18732. 18104,18099
18733. 18099,18101
18734. 18103,18100
18735. 19595,18105
18736. 18105,18106
18737. 18106,18107
18738. 18107,18108
18739. 20045,18109
18740. 18109,18110
18741. 18110,18111
18742. 18111,19595
18743. 18113,18112
18744. 18112,18117
18745. 18116,18113
18746. 18118,18114
18747. 18114,18119
18748. 18123,18115
18749. 18115,19596
18750. 19596,18116
18751. 18117,19597
18752. 19603,18118
18753. 18119,18120
18754. 18120,18121
18755. 18121,18122
18756. 18122,18123
18757. 18124,18127
18758. 18126,18125
18759. 18125,19598
18760. 19599,18126
18761. 18127,19599
18762. 18129,18128
18763. 18128,18130
18764. 18181,18129
18765. 18130,19596
18766. 18138,18131
18767. 18131,18132
18768. 18132,18133
18769. 18133,19603
18770. 19609,18134
18771. 18134,18135
18772. 18135,18136
18773. 18136,19610
18774. 18141,18137
18775. 18137,18138
18776. 19610,18139
18777. 18139,18140
18778. 18140,18141
18779. 18142,19624
18780. 19625,18142
18781. 18142,20063
18782. 19628,18143
18783. 18143,19603
18784. 18143,19631
18785. 18401,18144
18786. 18144,18145
18787. 18145,18146
18788. 18146,18147
18789. 18147,19632
18790. 19632,18148
18791. 18148,18149
18792. 18149,19608
18793. 19637,18150
18794. 18150,19640
18795. 19641,18150
18796. 18157,18151
18797. 18151,18158
18798. 18155,18152
18799. 18158,18153
18800. 18153,18155
18801. 18164,18154
18802. 18154,19645
18803. 19646,18156
18804. 18156,18157
18805. 18162,18159
18806. 18159,18172
18807. 19653,18160
18808. 18160,18162
18809. 18161,19653
18810. 18176,18163
18811. 18163,18164
18812. 19657,18165
18813. 18165,19658
18814. 18165,19668
18815. 19657,18166
18816. 18166,19659
18817. 19670,18166
18818. 19674,18167
18819. 18167,19676
18820. 19684,18167
18821. 18167,19680
18822. 18169,18168
18823. 18168,18171
18824. 18170,18169
18825. 18302,18170
18826. 18171,19689
18827. 18172,19693
18828. 19803,18173
18829. 18173,18178
18830. 18175,18174
18831. 18174,19696
18832. 18177,18175
18833. 19695,18176
18834. 18178,18177
18835. 18186,18179
18836. 18179,18180
18837. 18180,18181
18838. 18183,18182
18839. 18182,18184
18840. 18199,18183
18841. 18184,19713
18842. 19714,18185
18843. 18185,18186
18844. 18189,18187
18845. 18187,19765
18846. 18187,19719
18847. 19714,18188
18848. 18188,18189
18849. 19713,18188
18850. 19721,18190
18851. 18190,20106
18852. 20117,18190
18853. 18190,19742
18854. 19725,18191
18855. 18191,18199
18856. 19722,18192
18857. 18192,18193
18858. 18193,18194
18859. 18194,19723
18860. 19723,18195
18861. 18195,18196
18862. 18196,19724
18863. 19724,18197
18864. 18197,18198
18865. 18198,19725
18866. 19634,18200
18867. 18200,19726
18868. 19745,18200
18869. 18200,19637
18870. 19726,18201
18871. 18201,19727
18872. 18201,19734
18873. 19729,18202
18874. 18202,19730
18875. 19740,18202
18876. 18202,19737
18877. 19774,18203
18878. 18203,19757
18879. 19757,18204
18880. 18204,18235
18881. 19763,18205
18882. 18205,19759
18883. 19766,18205
18884. 18205,19757
18885. 18209,18206
18886. 18206,19768
18887. 18234,18207
18888. 18207,18208
18889. 18208,18209
18890. 19768,18210
18891. 18210,18211
18892. 18211,19772
18893. 19773,18212
18894. 18212,18213
18895. 18213,18214
18896. 18214,19774
18897. 19731,18215
18898. 18215,19775
18899. 19791,18215
18900. 18215,19793
18901. 19724,18216
18902. 18216,19781
18903. 19787,18216
18904. 18216,19792
18905. 19782,18217
18906. 18217,18218
18907. 19725,18217
18908. 18218,19794
18909. 18218,19798
18910. 18235,18219
18911. 18219,19800
18912. 18224,18220
18913. 18220,18225
18914. 18223,18221
18915. 18221,19801
18916. 19800,18222
18917. 18222,18223
18918. 18226,18224
18919. 18225,18227
18920. 18228,18226
18921. 18227,19802
18922. 19801,18228
18923. 19809,18229
18924. 18229,19806
18925. 19710,18229
18926. 18229,19800
18927. 19707,18230
18928. 18230,19802
18929. 18230,19815
18930. 19821,18231
18931. 18231,19822
18932. 18315,18232
18933. 18232,18233
18934. 18233,19821
18935. 19823,18234
18936. 19828,18236
18937. 18236,19830
18938. 19822,18236
18939. 18236,19836
18940. 19827,18237
18941. 18237,19826
18942. 19849,18237
18943. 18237,19842
18944. 18239,18238
18945. 18238,19835
18946. 19846,18238
18947. 19838,18239
18948. 18239,19848
18949. 18240,18241
18950. 18241,18245
18951. 18244,18242
18952. 18242,18248
18953. 18246,18243
18954. 18243,18277
18955. 18245,18244
18956. 18247,18246
18957. 18248,18247
18958. 18250,18249
18959. 18249,19852
18960. 18251,18250
18961. 18254,18251
18962. 18253,18252
18963. 18252,19850
18964. 18281,18253
18965. 19850,18254
18966. 18262,18255
18967. 18255,18259
18968. 18258,18256
18969. 18256,18265
18970. 18267,18257
18971. 18257,18258
18972. 18259,18296
18973. 18263,18260
18974. 18260,18264
18975. 19852,18261
18976. 18261,18266
18977. 18265,18262
18978. 18266,18263
18979. 18264,18268
18980. 18268,18267
18981. 18278,18269
18982. 18269,18272
18983. 18276,18270
18984. 18270,18274
18985. 18274,18271
18986. 18271,18295
18987. 18272,18273
18988. 18273,18276
18989. 18277,18275
18990. 18275,18278
18991. 18283,18279
18992. 18279,18284
18993. 18287,18280
18994. 18280,18282
18995. 19853,18281
18996. 18282,18283
18997. 18284,19853
18998. 19862,18285
18999. 18285,18286
19000. 18285,19859
19001. 18286,19855
19002. 19861,18286
19003. 18288,18287
19004. 18290,18288
19005. 18514,18289
19006. 18289,19885
19007. 19885,18290
19008. 18294,18291
19009. 18291,18292
19010. 18292,18293
19011. 18293,19885
19012. 18295,18294
19013. 18296,18301
19014. 18304,18297
19015. 18297,18300
19016. 19899,18298
19017. 18298,18303
19018. 18303,18299
19019. 18299,18304
19020. 18300,18305
19021. 18301,19900
19022. 18305,18302
19023. 19914,18306
19024. 18306,19913
19025. 19918,18306
19026. 19905,18307
19027. 18307,19904
19028. 19929,18307
19029. 19811,18308
19030. 18308,18309
19031. 18308,19701
19032. 18309,19931
19033. 19932,18309
19034. 19934,18310
19035. 18310,19935
19036. 18312,18310
19037. 18311,19937
19038. 19939,18311
19039. 18311,19932
19040. 18312,19938
19041. 19941,18312
19042. 19945,18313
19043. 18313,18314
19044. 18314,18315
19045. 19944,18316
19046. 18316,19968
19047. 19961,18316
19048. 19945,18317
19049. 19956,18317
19050. 18317,19961
19051. 18319,18318
19052. 18318,19944
19053. 19965,18319
19054. 18321,18320
19055. 18320,18322
19056. 19966,18321
19057. 18321,19970
19058. 18322,19967
19059. 19972,18322
19060. 19979,18323
19061. 18323,18331
19062. 18323,18324
19063. 18324,20011
19064. 18324,19988
19065. 19991,18325
19066. 18325,18326
19067. 18325,20000
19068. 18326,19994
19069. 20001,18326
19070. 18328,18327
19071. 18327,18330
19072. 18329,18328
19073. 18331,18329
19074. 18330,20004
19075. 20008,18330
19076. 20016,18332
19077. 18332,20631
19078. 18332,20636
19079. 18340,18333
19080. 18333,18338
19081. 18335,18334
19082. 18334,18341
19083. 18342,18335
19084. 18338,18336
19085. 18336,18339
19086. 18339,18337
19087. 18337,19965
19088. 18341,18340
19089. 18577,18342
19090. 20021,18343
19091. 18343,20020
19092. 20039,18343
19093. 18343,20041
19094. 18357,18344
19095. 18344,18345
19096. 18345,18346
19097. 18346,20045
19098. 18384,18347
19099. 18347,18349
19100. 18349,18348
19101. 18348,18350
19102. 18350,20050
19103. 20050,18351
19104. 18351,18367
19105. 18365,18352
19106. 18352,18353
19107. 18353,18354
19108. 18354,18355
19109. 18355,18356
19110. 18356,18357
19111. 20053,18358
19112. 18358,19632
19113. 20060,18358
19114. 18358,20062
19115. 18360,18359
19116. 18359,18372
19117. 18362,18360
19118. 18363,18361
19119. 18361,18364
19120. 18364,18362
19121. 18419,18363
19122. 18366,18365
19123. 18369,18366
19124. 18367,18368
19125. 18368,20065
19126. 20065,18369
19127. 18373,18370
19128. 18370,18371
19129. 18371,20068
19130. 18372,18373
19131. 20068,18374
19132. 18374,18375
19133. 18375,20065
19134. 18391,18376
19135. 18376,20084
19136. 18379,18377
19137. 18377,18382
19138. 20082,18378
19139. 18378,18383
19140. 18383,18379
19141. 18382,18380
19142. 18380,18381
19143. 18381,18391
19144. 20084,18384
19145. 18387,18385
19146. 18385,18389
19147. 18389,18386
19148. 18386,18388
19149. 18388,20083
19150. 18396,18390
19151. 20092,18392
19152. 18392,20093
19153. 20094,18392
19154. 18392,20317
19155. 18457,18393
19156. 18393,18394
19157. 18394,18397
19158. 18398,18395
19159. 18395,18396
19160. 18397,18399
19161. 20100,18398
19162. 18399,20100
19163. 18406,18400
19164. 18400,20104
19165. 20104,18401
19166. 20105,18402
19167. 18402,18403
19168. 18403,18404
19169. 18404,18405
19170. 18405,18406
19171. 20108,18407
19172. 18407,20110
19173. 18407,20119
19174. 18414,18408
19175. 18408,18409
19176. 18409,18413
19177. 18415,18410
19178. 18410,18414
19179. 18412,18411
19180. 18411,20115
19181. 18413,18412
19182. 20105,18415
19183. 20210,18416
19184. 18416,20136
19185. 20204,18416
19186. 18420,18417
19187. 18417,20137
19188. 20137,18418
19189. 18418,18419
19190. 20115,18420
19191. 20142,18421
19192. 18421,20141
19193. 20144,18421
19194. 18421,20145
19195. 20153,18422
19196. 18422,18423
19197. 18423,18424
19198. 18424,20154
19199. 20154,18425
19200. 18425,20155
19201. 20163,18426
19202. 18426,20161
19203. 18426,18427
19204. 18427,20169
19205. 18427,20181
19206. 18434,18428
19207. 18428,20192
19208. 20234,18429
19209. 18429,20196
19210. 20200,18429
19211. 18429,20197
19212. 20282,18430
19213. 18430,20208
19214. 18432,18430
19215. 18430,20271
19216. 20216,18431
19217. 18431,18432
19218. 20219,18431
19219. 18432,20220
19220. 20221,18433
19221. 18433,18434
19222. 20259,18435
19223. 18435,20221
19224. 18439,18436
19225. 18436,18438
19226. 20240,18437
19227. 20249,18437
19228. 18437,18445
19229. 18438,20239
19230. 18438,20246
19231. 20237,18439
19232. 20261,18439
19233. 20239,18440
19234. 18440,20240
19235. 18444,18440
19236. 18440,20257
19237. 18442,18441
19238. 18441,20244
19239. 18441,20245
19240. 19837,18442
19241. 20248,18442
19242. 20241,18443
19243. 18443,20321
19244. 20252,18443
19245. 18443,20331
19246. 18445,18444
19247. 18444,20241
19248. 20334,18444
19249. 18446,18445
19250. 20243,18446
19251. 18446,20340
19252. 18448,18447
19253. 18447,20259
19254. 18462,18448
19255. 20268,18449
19256. 18449,18450
19257. 20276,18449
19258. 18449,20347
19259. 18450,20264
19260. 18450,20278
19261. 20285,18451
19262. 18451,20291
19263. 20309,18451
19264. 18455,18452
19265. 18452,18460
19266. 18460,18453
19267. 18453,18456
19268. 18501,18454
19269. 18454,18459
19270. 18458,18455
19271. 18456,18457
19272. 18459,18458
19273. 18470,18461
19274. 18461,20318
19275. 20318,18462
19276. 20319,18463
19277. 18464,18463
19278. 18463,20318
19279. 20323,18464
19280. 20336,18464
19281. 20329,18465
19282. 18465,20328
19283. 20333,18465
19284. 18465,20335
19285. 20327,18466
19286. 18466,20330
19287. 20338,18466
19288. 18466,20337
19289. 18468,18467
19290. 18467,18469
19291. 18474,18468
19292. 18469,18470
19293. 20355,18471
19294. 18471,18473
19295. 20362,18471
19296. 18473,18472
19297. 18472,20356
19298. 18472,20418
19299. 18485,18474
19300. 20376,18475
19301. 18475,20375
19302. 18480,18475
19303. 18475,20408
19304. 20386,18476
19305. 18476,20342
19306. 20396,18476
19307. 18476,20397
19308. 20392,18477
19309. 18477,18479
19310. 18477,20404
19311. 18479,18478
19312. 18478,20434
19313. 20445,18478
19314. 20398,18480
19315. 18480,20345
19316. 20406,18481
19317. 18481,18483
19318. 20410,18482
19319. 18482,18485
19320. 18483,20407
19321. 18693,18484
19322. 18484,20406
19323. 20410,18486
19324. 18486,20411
19325. 20433,18486
19326. 18488,18487
19327. 18487,20447
19328. 18487,20457
19329. 20453,18488
19330. 20455,18488
19331. 18491,18489
19332. 18489,18490
19333. 18489,18492
19334. 18490,20461
19335. 20466,18490
19336. 20462,18491
19337. 18491,18493
19338. 18492,18493
19339. 18492,20421
19340. 18493,20468
19341. 18497,18494
19342. 18494,18495
19343. 18495,18496
19344. 18496,20471
19345. 18496,20473
19346. 20454,18497
19347. 20478,18497
19348. 20492,18498
19349. 18498,20485
19350. 18498,20495
19351. 18503,18499
19352. 18499,20492
19353. 18502,18500
19354. 18500,18503
19355. 20492,18501
19356. 18510,18502
19357. 18749,18504
19358. 18504,20520
19359. 18512,18505
19360. 18505,18508
19361. 18508,18506
19362. 18506,18511
19363. 18511,18507
19364. 18507,18509
19365. 18509,18510
19366. 20520,18512
19367. 20532,18513
19368. 18513,20536
19369. 20540,18513
19370. 18513,20505
19371. 18515,18514
19372. 18520,18515
19373. 18518,18516
19374. 18516,18519
19375. 18519,18517
19376. 18517,18520
19377. 18531,18518
19378. 18523,18521
19379. 18521,18538
19380. 18524,18522
19381. 18522,18523
19382. 20549,18524
19383. 20553,18524
19384. 18532,18525
19385. 18525,18531
19386. 18530,18526
19387. 18526,18527
19388. 18527,18532
19389. 18529,18528
19390. 18528,18530
19391. 18533,18529
19392. 20562,18533
19393. 18538,18534
19394. 18534,18535
19395. 18535,20576
19396. 18539,18536
19397. 18536,18543
19398. 18542,18537
19399. 18537,18540
19400. 18540,18539
19401. 20576,18541
19402. 18541,18542
19403. 18543,20575
19404. 18543,20577
19405. 18555,18544
19406. 18544,18556
19407. 18556,18545
19408. 18545,18557
19409. 18547,18546
19410. 18546,18555
19411. 20587,18547
19412. 18559,18548
19413. 18548,18549
19414. 18549,18560
19415. 18628,18550
19416. 18550,18551
19417. 18551,18552
19418. 18552,18553
19419. 18553,18554
19420. 18554,20587
19421. 18557,20588
19422. 20588,18558
19423. 18558,18559
19424. 18560,20562
19425. 20005,18561
19426. 18561,18562
19427. 18561,20624
19428. 18562,20613
19429. 20637,18562
19430. 18565,18563
19431. 18563,18564
19432. 18564,18579
19433. 18567,18565
19434. 18569,18566
19435. 18566,20648
19436. 20648,18567
19437. 18570,18568
19438. 18568,18569
19439. 18609,18570
19440. 18572,18571
19441. 18571,18587
19442. 18581,18572
19443. 20659,18573
19444. 18573,18583
19445. 18579,18574
19446. 18574,18582
19447. 18587,18575
19448. 18575,18578
19449. 18585,18576
19450. 18576,18580
19451. 18584,18577
19452. 18578,18586
19453. 18580,20659
19454. 18582,18581
19455. 18583,18584
19456. 18586,18585
19457. 18597,18588
19458. 18588,18589
19459. 18589,18590
19460. 18590,18592
19461. 20660,18591
19462. 18591,20659
19463. 18592,20660
19464. 20667,18593
19465. 18593,18597
19466. 18684,18594
19467. 18594,20665
19468. 20666,18595
19469. 18595,18602
19470. 18601,18596
19471. 18596,18599
19472. 18600,18598
19473. 18598,18601
19474. 18599,20667
19475. 18602,18600
19476. 20698,18603
19477. 18603,18604
19478. 18603,20715
19479. 18604,20699
19480. 20720,18604
19481. 18608,18605
19482. 18605,20721
19483. 18607,18606
19484. 18606,18613
19485. 18611,18607
19486. 18615,18608
19487. 20721,18609
19488. 18612,18610
19489. 18610,18611
19490. 18618,18612
19491. 18613,18614
19492. 18614,18615
19493. 18671,18616
19494. 18616,18621
19495. 18623,18617
19496. 18617,18620
19497. 18627,18618
19498. 18622,18619
19499. 18619,18623
19500. 18620,18624
19501. 18621,18622
19502. 18624,18625
19503. 18625,18626
19504. 18626,18627
19505. 18637,18628
19506. 20747,18629
19507. 18629,18630
19508. 18630,18631
19509. 18631,18632
19510. 18632,18633
19511. 18633,18634
19512. 18634,18635
19513. 18635,18636
19514. 18636,18637
19515. 18644,18638
19516. 18638,18639
19517. 18639,18640
19518. 18640,18641
19519. 18641,18642
19520. 18642,18643
19521. 18643,20747
19522. 18669,18645
19523. 18645,18670
19524. 18668,18646
19525. 18646,18669
19526. 18657,18647
19527. 18647,18658
19528. 18653,18648
19529. 18648,18654
19530. 20747,18649
19531. 18649,18650
19532. 18650,18651
19533. 18651,18652
19534. 18652,18653
19535. 18654,18655
19536. 18655,18656
19537. 18656,18657
19538. 18658,18659
19539. 18659,18660
19540. 18660,18661
19541. 18661,18662
19542. 18662,18663
19543. 18663,18664
19544. 18664,18665
19545. 18665,18666
19546. 18666,20748
19547. 20748,18667
19548. 18667,18668
19549. 18670,18671
19550. 18679,18672
19551. 18672,18680
19552. 18676,18673
19553. 18673,18677
19554. 18682,18674
19555. 18674,18676
19556. 18680,18675
19557. 18675,18678
19558. 18677,18679
19559. 18678,20793
19560. 18678,20799
19561. 20810,18681
19562. 18681,20813
19563. 20821,18681
19564. 20866,18682
19565. 20854,18682
19566. 20901,18683
19567. 18683,18686
19568. 18685,18684
19569. 18689,18685
19570. 18686,18690
19571. 18688,18687
19572. 18687,20899
19573. 18697,18688
19574. 18690,18689
19575. 20906,18691
19576. 18691,18694
19577. 18699,18692
19578. 18692,20906
19579. 18695,18693
19580. 18694,18695
19581. 18703,18696
19582. 18696,18697
19583. 18705,18698
19584. 18698,18701
19585. 20923,18699
19586. 18701,18700
19587. 18700,18702
19588. 18702,20923
19589. 18704,18703
19590. 20923,18704
19591. 18706,18705
19592. 18718,18706
19593. 18707,20934
19594. 20941,18707
19595. 18707,20939
19596. 20915,18708
19597. 18708,20949
19598. 20921,18708
19599. 18717,18709
19600. 18709,18713
19601. 20953,18710
19602. 18710,18711
19603. 18716,18712
19604. 18712,18714
19605. 18713,20957
19606. 18714,18717
19607. 18742,18715
19608. 18715,18716
19609. 18729,18718
19610. 18728,18719
19611. 18719,18729
19612. 18809,18720
19613. 18720,18721
19614. 18721,18722
19615. 18722,18723
19616. 18723,20963
19617. 20963,18724
19618. 18724,20964
19619. 20965,18725
19620. 18725,18726
19621. 18726,18727
19622. 18727,20966
19623. 20966,18728
19624. 18734,18730
19625. 18730,18742
19626. 18735,18731
19627. 18731,20964
19628. 18733,18732
19629. 18732,18736
19630. 18744,18733
19631. 18737,18734
19632. 18736,18735
19633. 18738,18737
19634. 18743,18738
19635. 18741,18739
19636. 18739,18743
19637. 20965,18740
19638. 18740,18746
19639. 18745,18741
19640. 20972,18744
19641. 18746,18745
19642. 18750,18747
19643. 18747,18749
19644. 18758,18748
19645. 18748,18750
19646. 18765,18751
19647. 18751,20987
19648. 18754,18752
19649. 18752,18774
19650. 18756,18753
19651. 18753,18755
19652. 18755,18754
19653. 20986,18756
19654. 20987,18757
19655. 18757,20985
19656. 18761,18758
19657. 18762,18759
19658. 18759,18761
19659. 18782,18760
19660. 18760,20988
19661. 18763,18762
19662. 20989,18763
19663. 18766,18764
19664. 18764,18768
19665. 18768,18765
19666. 18769,18766
19667. 18772,18767
19668. 18767,18770
19669. 18770,18769
19670. 18794,18771
19671. 18771,18773
19672. 18773,18772
19673. 18774,18775
19674. 18775,18780
19675. 18781,18776
19676. 18776,18778
19677. 18778,18777
19678. 18777,20972
19679. 18780,18779
19680. 18779,18781
19681. 18785,18782
19682. 18791,18783
19683. 18783,18788
19684. 18787,18784
19685. 18784,18789
19686. 18790,18785
19687. 18788,18786
19688. 18786,18787
19689. 18789,18790
19690. 18825,18791
19691. 18793,18792
19692. 18792,18799
19693. 18796,18793
19694. 18801,18794
19695. 18798,18795
19696. 18795,18801
19697. 19051,18796
19698. 18799,18797
19699. 18797,18800
19700. 18800,18798
19701. 18808,18802
19702. 18802,18809
19703. 18820,18803
19704. 18803,18805
19705. 18811,18804
19706. 18804,18807
19707. 18805,18810
19708. 18807,18806
19709. 18806,18808
19710. 18810,18811
19711. 21032,18812
19712. 18812,21031
19713. 21038,18812
19714. 18818,18813
19715. 18813,18817
19716. 18845,18814
19717. 18814,18815
19718. 18815,18819
19719. 18819,18816
19720. 18816,18818
19721. 18817,18821
19722. 18821,18820
19723. 21060,18822
19724. 18822,18823
19725. 18822,21047
19726. 18823,21058
19727. 21070,18823
19728. 18826,18824
19729. 18824,18828
19730. 18827,18825
19731. 18840,18826
19732. 18828,18827
19733. 18831,18829
19734. 18829,18836
19735. 18835,18830
19736. 18830,18832
19737. 19082,18831
19738. 18832,18834
19739. 18837,18833
19740. 18833,18835
19741. 18834,18860
19742. 18836,18837
19743. 18867,18838
19744. 18838,18841
19745. 18841,18839
19746. 18839,18843
19747. 18842,18840
19748. 18843,18842
19749. 18847,18844
19750. 18844,18846
19751. 18848,18845
19752. 18846,21091
19753. 18895,18847
19754. 18849,18848
19755. 18850,18849
19756. 21092,18850
19757. 18908,18851
19758. 18851,18852
19759. 18852,21091
19760. 18855,18853
19761. 18853,18913
19762. 21093,18854
19763. 18854,18856
19764. 18856,18855
19765. 18863,18857
19766. 18857,18862
19767. 18865,18858
19768. 18858,18861
19769. 21113,18859
19770. 18859,18865
19771. 18860,18864
19772. 18861,21093
19773. 18862,21112
19774. 18864,18863
19775. 21112,18866
19776. 18866,18871
19777. 18871,18867
19778. 18873,18868
19779. 18868,18872
19780. 18933,18869
19781. 18869,18870
19782. 18870,18873
19783. 18872,21113
19784. 21198,18874
19785. 18874,21193
19786. 21202,18874
19787. 18874,21186
19788. 18876,18875
19789. 18875,21265
19790. 21275,18875
19791. 21266,18876
19792. 18876,21276
19793. 18879,18877
19794. 18877,18878
19795. 18878,18880
19796. 21325,18879
19797. 18879,21337
19798. 18880,21324
19799. 18882,18880
19800. 21273,18881
19801. 21354,18881
19802. 18881,21343
19803. 21335,18882
19804. 18882,21358
19805. 18892,18883
19806. 18883,18889
19807. 18886,18884
19808. 18884,18891
19809. 18888,18885
19810. 18885,18887
19811. 21365,18886
19812. 18887,18971
19813. 18891,18888
19814. 18889,21366
19815. 18949,18890
19816. 18890,18893
19817. 18893,18892
19818. 18902,18894
19819. 18894,18898
19820. 18901,18895
19821. 18898,18896
19822. 18896,18897
19823. 18897,18899
19824. 18899,18900
19825. 18900,18901
19826. 18903,18902
19827. 18925,18903
19828. 18906,18904
19829. 18904,18909
19830. 18907,18905
19831. 18905,18908
19832. 21391,18906
19833. 18909,18907
19834. 18922,18910
19835. 18910,18918
19836. 18920,18911
19837. 18911,18915
19838. 18918,18912
19839. 18912,18921
19840. 18913,18916
19841. 21390,18914
19842. 18914,18917
19843. 18915,18922
19844. 18916,18923
19845. 18917,18948
19846. 18924,18919
19847. 18919,18920
19848. 18921,21391
19849. 18923,18924
19850. 18926,18925
19851. 18928,18926
19852. 18955,18927
19853. 18927,18928
19854. 18939,18929
19855. 18929,18930
19856. 18930,18934
19857. 18934,18931
19858. 18931,18938
19859. 18936,18932
19860. 18932,21397
19861. 18935,18933
19862. 18938,18935
19863. 18937,18936
19864. 18959,18937
19865. 21397,18939
19866. 18945,18940
19867. 18940,18947
19868. 21412,18941
19869. 18941,18942
19870. 18942,18943
19871. 18943,18945
19872. 18946,18944
19873. 18944,21413
19874. 19009,18946
19875. 18947,21409
19876. 18947,21421
19877. 18948,18950
19878. 18951,18949
19879. 18950,18951
19880. 21441,18952
19881. 18952,18954
19882. 18954,18953
19883. 18953,21442
19884. 21442,18955
19885. 18958,18956
19886. 18956,18957
19887. 18957,18959
19888. 21441,18958
19889. 21464,18960
19890. 18960,21459
19891. 21482,18960
19892. 18964,18961
19893. 18961,18962
19894. 18962,21550
19895. 18962,21529
19896. 21545,18963
19897. 18963,18964
19898. 21551,18963
19899. 18970,18965
19900. 18965,18967
19901. 18967,18966
19902. 18966,21573
19903. 18969,18968
19904. 18968,18970
19905. 18971,18969
19906. 18973,18972
19907. 18972,21582
19908. 21591,18972
19909. 21579,18973
19910. 18973,21596
19911. 18980,18974
19912. 18974,18976
19913. 18976,18975
19914. 18975,18977
19915. 18977,18985
19916. 21600,18978
19917. 18978,18979
19918. 18979,18980
19919. 21621,18981
19920. 21643,18981
19921. 18981,21633
19922. 18984,18982
19923. 18982,18983
19924. 18983,21656
19925. 21670,18983
19926. 21659,18984
19927. 18984,21661
19928. 18985,18987
19929. 18994,18986
19930. 18986,18990
19931. 18987,18995
19932. 18993,18988
19933. 18988,18994
19934. 18990,18989
19935. 18989,18991
19936. 18991,18996
19937. 18996,18992
19938. 18992,19002
19939. 18997,18993
19940. 18995,18997
19941. 19237,18998
19942. 18998,19001
19943. 19001,18999
19944. 18999,21690
19945. 21690,19000
19946. 19000,21688
19947. 21691,19000
19948. 19000,21681
19949. 19002,19006
19950. 19004,19003
19951. 19003,21691
19952. 19007,19004
19953. 19008,19005
19954. 19005,19007
19955. 19006,19008
19956. 19010,19009
19957. 19011,19010
19958. 19012,19011
19959. 21696,19012
19960. 21736,19012
19961. 21697,19013
19962. 19013,21699
19963. 19013,21711
19964. 19244,19014
19965. 19014,21755
19966. 19014,21784
19967. 19015,19049
19968. 19025,19016
19969. 19016,19031
19970. 19024,19017
19971. 19017,19027
19972. 19030,19018
19973. 19018,19021
19974. 19026,19019
19975. 19019,19020
19976. 19020,19066
19977. 19021,19032
19978. 19029,19022
19979. 19022,19026
19980. 19037,19023
19981. 19023,19030
19982. 19036,19024
19983. 19038,19025
19984. 19027,19028
19985. 19028,19034
19986. 19031,19029
19987. 19032,19035
19988. 19044,19033
19989. 19033,19040
19990. 19034,19037
19991. 19035,19038
19992. 19039,19036
19993. 21832,19039
19994. 19040,21831
19995. 19047,19041
19996. 19041,19050
19997. 19043,19042
19998. 19042,19045
19999. 19050,19043
20000. 19046,19044
20001. 19045,19046
20002. 19048,19047
20003. 19049,19048
20004. 19053,19051
20005. 19055,19052
20006. 19052,19054
20007. 19054,19053
20008. 19056,19055
20009. 21862,19056
20010. 19059,19057
20011. 19057,19061
20012. 19066,19058
20013. 19058,21862
20014. 21862,19059
20015. 19061,19060
20016. 19060,19062
20017. 19062,19064
20018. 19064,19063
20019. 19063,19065
20020. 19065,19082
20021. 19075,19067
20022. 19067,19078
20023. 19069,19068
20024. 19068,19070
20025. 19106,19069
20026. 19070,19071
20027. 19071,19076
20028. 19079,19072
20029. 19072,19074
20030. 19077,19073
20031. 19073,19081
20032. 19074,19077
20033. 19080,19075
20034. 19076,19080
20035. 19078,19079
20036. 19087,19083
20037. 19083,19096
20038. 19109,19084
20039. 19084,19104
20040. 19091,19085
20041. 19085,19103
20042. 19098,19086
20043. 19086,19097
20044. 19092,19087
20045. 19089,19088
20046. 19088,19095
20047. 19094,19089
20048. 19096,19090
20049. 19090,19108
20050. 19097,19091
20051. 19102,19092
20052. 19101,19093
20053. 19093,19098
20054. 19099,19094
20055. 19095,19107
20056. 19100,19099
20057. 19131,19100
20058. 19108,19101
20059. 19107,19102
20060. 19103,19109
20061. 19104,19105
20062. 19105,19106
20063. 19183,19110
20064. 19110,19123
20065. 19115,19111
20066. 19111,19132
20067. 19113,19112
20068. 19112,19134
20069. 19124,19113
20070. 19120,19114
20071. 19114,19128
20072. 19119,19115
20073. 19121,19116
20074. 19116,19127
20075. 19118,19117
20076. 19117,19133
20077. 19122,19118
20078. 19126,19119
20079. 19132,19120
20080. 19134,19121
20081. 19127,19122
20082. 19123,19124
20083. 19133,19125
20084. 19125,19130
20085. 19129,19126
20086. 19128,19131
20087. 19130,19129
20088. 19154,19135
20089. 19135,19140
20090. 19144,19136
20091. 19136,21716
20092. 19142,19137
20093. 19137,19147
20094. 19141,19138
20095. 19138,19143
20096. 19143,19139
20097. 19139,19144
20098. 19140,19148
20099. 19146,19141
20100. 19145,19142
20101. 19148,19145
20102. 19147,19146
20103. 19152,19149
20104. 19149,19154
20105. 19151,19150
20106. 19150,19155
20107. 19171,19151
20108. 19153,19152
20109. 19155,19153
20110. 19159,19156
20111. 19156,19160
20112. 19161,19157
20113. 19157,19163
20114. 19255,19158
20115. 19158,19159
20116. 19160,19161
20117. 19163,19162
20118. 19162,21970
20119. 21993,19162
20120. 19167,19164
20121. 19164,19174
20122. 19213,19165
20123. 19165,19173
20124. 19172,19166
20125. 19166,19169
20126. 19177,19167
20127. 19170,19168
20128. 19168,19178
20129. 19169,19180
20130. 19173,19170
20131. 19180,19171
20132. 19179,19172
20133. 19174,19175
20134. 19175,19179
20135. 19178,19176
20136. 19176,21995
20137. 21995,19177
20138. 22002,19181
20139. 19181,19182
20140. 19182,19187
20141. 19186,19183
20142. 19193,19184
20143. 19184,19192
20144. 19200,19185
20145. 19185,19193
20146. 19190,19186
20147. 19187,19194
20148. 19194,19188
20149. 19188,19191
20150. 19191,19189
20151. 19189,19190
20152. 19192,22002
20153. 22005,19195
20154. 19195,22008
20155. 22015,19195
20156. 19195,22010
20157. 22029,19196
20158. 19196,19228
20159. 19196,22019
20160. 22061,19197
20161. 19197,19198
20162. 19198,19201
20163. 19202,19199
20164. 19199,19200
20165. 19201,19202
20166. 19209,19203
20167. 19203,19205
20168. 19206,19204
20169. 19204,19216
20170. 19205,19218
20171. 19207,19206
20172. 19217,19207
20173. 19215,19208
20174. 19208,19210
20175. 22042,19209
20176. 19210,19217
20177. 19212,19211
20178. 19211,19215
20179. 19214,19212
20180. 19218,19213
20181. 19269,19214
20182. 19216,22041
20183. 19219,22043
20184. 22055,19219
20185. 19219,22056
20186. 19279,19220
20187. 19220,19221
20188. 19221,19225
20189. 19223,19222
20190. 19222,22060
20191. 19226,19223
20192. 19225,19224
20193. 19224,19226
20194. 22053,19227
20195. 19227,22068
20196. 22072,19227
20197. 19227,22073
20198. 19228,22066
20199. 22038,19228
20200. 22070,19229
20201. 19229,22071
20202. 19229,22077
20203. 19236,19230
20204. 19230,19237
20205. 22089,19231
20206. 19231,22090
20207. 22098,19231
20208. 19231,22100
20209. 22090,19232
20210. 19232,19233
20211. 19232,22102
20212. 19233,19234
20213. 19234,19235
20214. 19235,19236
20215. 22109,19238
20216. 19238,22108
20217. 22134,19238
20218. 19238,22136
20219. 19251,19239
20220. 19239,19240
20221. 19240,19242
20222. 19245,19241
20223. 19241,19246
20224. 19242,19245
20225. 19246,19243
20226. 19243,19244
20227. 19249,19247
20228. 19247,19250
20229. 19254,19248
20230. 19248,19253
20231. 19253,19249
20232. 19250,22203
20233. 22203,19251
20234. 22157,19252
20235. 19252,19254
20236. 19256,19255
20237. 22203,19256
20238. 22204,19257
20239. 19257,22212
20240. 22214,19257
20241. 22236,19258
20242. 19258,22235
20243. 19258,22243
20244. 22263,19259
20245. 19259,22262
20246. 22274,19259
20247. 19274,19260
20248. 19260,19261
20249. 19261,19262
20250. 19262,19263
20251. 19263,19264
20252. 19264,19265
20253. 19265,19266
20254. 19266,19267
20255. 19267,22280
20256. 22281,19268
20257. 19268,19269
20258. 19276,19270
20259. 19270,22293
20260. 22293,19271
20261. 19271,19272
20262. 19272,19273
20263. 19273,19274
20264. 22292,19275
20265. 19275,22294
20266. 22294,19276
20267. 22293,19277
20268. 19277,19278
20269. 19278,19279
20270. 22305,19280
20271. 19280,22311
20272. 22317,19280
20273. 19280,22313
20274. 19282,19281
20275. 19281,19283
20276. 22346,19282
20277. 19282,22365
20278. 19283,22340
20279. 22355,19283
20280. 22365,19284
20281. 19284,22358
20282. 22366,19284
20283. 23754,19285
20284. 19287,19286
20285. 19286,19289
20286. 19295,19287
20287. 19289,19288
20288. 19288,19290
20289. 19299,19291
20290. 19291,19293
20291. 19297,19292
20292. 19292,19296
20293. 19293,19297
20294. 19310,19294
20295. 19294,19298
20296. 19300,19295
20297. 19296,19302
20298. 19298,19299
20299. 19301,19300
20300. 19302,19301
20301. 19303,19305
20302. 19305,19304
20303. 19304,19309
20304. 19308,19306
20305. 19309,19307
20306. 19307,19308
20307. 19312,19311
20308. 19311,19349
20309. 19313,19312
20310. 19318,19313
20311. 19317,19314
20312. 19314,19320
20313. 19315,19317
20314. 19319,19316
20315. 19316,19321
20316. 19321,19318
20317. 19320,19319
20318. 19325,19322
20319. 19322,19326
20320. 19324,19323
20321. 19327,19324
20322. 19328,19325
20323. 19326,19327
20324. 19330,19328
20325. 19329,19330
20326. 19332,19331
20327. 19331,19361
20328. 19362,19333
20329. 19333,19334
20330. 19336,19335
20331. 19341,19337
20332. 19337,19347
20333. 19351,19338
20334. 19338,19339
20335. 19339,19341
20336. 19345,19340
20337. 19340,19342
20338. 19342,19346
20339. 19346,19343
20340. 19343,19344
20341. 19344,19350
20342. 19348,19345
20343. 19347,19389
20344. 19349,19348
20345. 19350,19351
20346. 19354,19352
20347. 19352,19359
20348. 19356,19353
20349. 19353,19357
20350. 19355,19354
20351. 19358,19355
20352. 19360,19356
20353. 19357,19358
20354. 19359,19400
20355. 19377,19360
20356. 19365,19362
20357. 19364,19363
20358. 19363,19365
20359. 19366,19364
20360. 19370,19367
20361. 19368,19369
20362. 19369,19370
20363. 19380,19372
20364. 19372,19379
20365. 19479,19373
20366. 19373,19471
20367. 19471,19374
20368. 19374,19376
20369. 19376,19375
20370. 19375,19458
20371. 19381,19377
20372. 19379,19378
20373. 19378,19381
20374. 19383,19382
20375. 19391,19384
20376. 19384,19403
20377. 19389,19385
20378. 19385,19390
20379. 19388,19386
20380. 19386,19387
20381. 19387,19391
20382. 19390,19388
20383. 19396,19392
20384. 19392,19395
20385. 19394,19393
20386. 19393,19397
20387. 19395,19394
20388. 19398,19396
20389. 19397,19417
20390. 19399,19398
20391. 19401,19399
20392. 19400,19401
20393. 19406,19402
20394. 19402,19549
20395. 19403,19404
20396. 19404,19405
20397. 19423,19407
20398. 19407,19416
20399. 19411,19408
20400. 19408,19421
20401. 19425,19409
20402. 19409,19413
20403. 19415,19410
20404. 19410,19552
20405. 19422,19411
20406. 19426,19412
20407. 19412,19424
20408. 19413,19426
20409. 19418,19414
20410. 19427,19415
20411. 19416,19422
20412. 19417,19418
20413. 19424,19419
20414. 19419,19427
20415. 19420,19423
20416. 19421,19425
20417. 19431,19428
20418. 19428,19556
20419. 19452,19429
20420. 19429,19430
20421. 19430,19431
20422. 19460,19432
20423. 19432,19450
20424. 19442,19433
20425. 19433,19436
20426. 19441,19434
20427. 19434,19437
20428. 19437,19435
20429. 19435,19439
20430. 19436,19438
20431. 19438,19440
20432. 19439,19442
20433. 19444,19440
20434. 19440,19459
20435. 19448,19441
20436. 19447,19443
20437. 19443,19445
20438. 19446,19444
20439. 19445,19446
20440. 19590,19447
20441. 19456,19448
20442. 19454,19449
20443. 19449,19457
20444. 19450,19451
20445. 19451,19462
20446. 19459,19452
20447. 19458,19453
20448. 19453,19460
20449. 19461,19454
20450. 19457,19455
20451. 19455,19456
20452. 19462,19461
20453. 19465,19463
20454. 19463,19473
20455. 19468,19464
20456. 19464,19466
20457. 19467,19465
20458. 19466,19467
20459. 19474,19469
20460. 19469,19476
20461. 19476,19470
20462. 19470,19475
20463. 19478,19472
20464. 19472,19477
20465. 19473,19478
20466. 19477,19474
20467. 19475,19479
20468. 19481,19480
20469. 19480,19486
20470. 19482,19481
20471. 19483,19482
20472. 19485,19484
20473. 19484,20089
20474. 19486,19485
20475. 19487,19488
20476. 19488,19489
20477. 19489,19490
20478. 19490,19506
20479. 19493,19491
20480. 19495,19492
20481. 19550,19493
20482. 19497,19495
20483. 19511,19496
20484. 19496,19497
20485. 19500,19498
20486. 19498,19520
20487. 19502,19499
20488. 19499,19500
20489. 19501,19503
20490. 19504,19502
20491. 19503,19504
20492. 19508,19505
20493. 19506,19507
20494. 19507,19508
20495. 19571,19509
20496. 19510,19513
20497. 19512,19511
20498. 19513,19512
20499. 19516,19514
20500. 19514,19521
20501. 19515,19518
20502. 19517,19516
20503. 19519,19517
20504. 19518,19519
20505. 19528,19522
20506. 19522,19525
20507. 19537,19523
20508. 19523,19534
20509. 19531,19524
20510. 19524,19532
20511. 19525,19536
20512. 19529,19526
20513. 19526,19535
20514. 19538,19527
20515. 19527,19530
20516. 19535,19528
20517. 19533,19529
20518. 19530,19531
20519. 19532,19533
20520. 19534,19538
20521. 19534,19545
20522. 19540,19536
20523. 19565,19537
20524. 19542,19539
20525. 19539,19544
20526. 19541,19540
20527. 19543,19541
20528. 19546,19542
20529. 19547,19543
20530. 19544,19547
20531. 19545,19546
20532. 19548,19546
20533. 19549,19548
20534. 19551,19550
20535. 19552,19551
20536. 19561,19553
20537. 19553,19559
20538. 19557,19554
20539. 19554,19586
20540. 19556,19555
20541. 19555,19564
20542. 19558,19557
20543. 19560,19558
20544. 19559,19560
20545. 19563,19561
20546. 19564,19562
20547. 19562,19563
20548. 19565,19568
20549. 19567,19566
20550. 19566,19589
20551. 19568,19567
20552. 19570,19569
20553. 19569,19572
20554. 19575,19570
20555. 19578,19571
20556. 19572,19579
20557. 19574,19573
20558. 19573,19575
20559. 19581,19574
20560. 19579,19576
20561. 19576,19578
20562. 19652,19577
20563. 19577,19580
20564. 19580,19581
20565. 19586,19582
20566. 19582,19583
20567. 19583,19584
20568. 19584,19585
20569. 19585,19587
20570. 19587,19656
20571. 19589,19588
20572. 19588,19662
20573. 19592,19590
20574. 19593,19591
20575. 19591,19594
20576. 19594,19592
20577. 19604,19593
20578. 19612,19595
20579. 19597,19598
20580. 19599,19597
20581. 19597,19601
20582. 19601,19600
20583. 19600,19602
20584. 19602,19705
20585. 19603,19606
20586. 19605,19604
20587. 19606,19605
20588. 19611,19607
20589. 19607,19612
20590. 19608,19609
20591. 19618,19608
20592. 19608,19635
20593. 19609,19620
20594. 19610,19611
20595. 19632,19613
20596. 19613,19614
20597. 19614,19615
20598. 19615,19616
20599. 19616,19617
20600. 19619,19618
20601. 19620,19642
20602. 19623,19621
20603. 19621,20059
20604. 19624,19622
20605. 19622,19623
20606. 19639,19626
20607. 19626,19627
20608. 19627,19629
20609. 19629,19628
20610. 19631,19630
20611. 19630,19715
20612. 19635,19633
20613. 19633,19636
20614. 19636,19634
20615. 19640,19638
20616. 19638,19639
20617. 19640,19717
20618. 19640,19751
20619. 19643,19641
20620. 19642,19643
20621. 19645,19644
20622. 19644,19646
20623. 19650,19645
20624. 19646,19647
20625. 19647,19649
20626. 19649,19648
20627. 19648,19677
20628. 19655,19650
20629. 19669,19651
20630. 19651,19652
20631. 19671,19653
20632. 19653,19667
20633. 19656,19654
20634. 19654,19657
20635. 19658,19655
20636. 19662,19657
20637. 19659,19661
20638. 19664,19660
20639. 19660,19698
20640. 19661,19663
20641. 19663,19664
20642. 19812,19665
20643. 19665,19671
20644. 19667,19666
20645. 19666,19670
20646. 19668,19669
20647. 19677,19672
20648. 19672,19673
20649. 19673,19674
20650. 19676,19675
20651. 19675,19925
20652. 19703,19678
20653. 19678,19685
20654. 19683,19679
20655. 19680,19683
20656. 19686,19681
20657. 19681,19682
20658. 19682,19688
20659. 19687,19684
20660. 19685,19686
20661. 19688,19687
20662. 19694,19689
20663. 19689,19690
20664. 19690,19691
20665. 19691,19692
20666. 19692,19912
20667. 19693,19694
20668. 19693,19697
20669. 19696,19694
20670. 19697,19695
20671. 19699,19695
20672. 19700,19696
20673. 19697,19702
20674. 19698,19699
20675. 19701,19700
20676. 19702,19703
20677. 19706,19704
20678. 19704,19707
20679. 19705,19706
20680. 19718,19708
20681. 19708,19711
20682. 19712,19709
20683. 19709,19710
20684. 19711,19712
20685. 19713,19714
20686. 19716,19713
20687. 19715,19714
20688. 19717,19716
20689. 19719,19718
20690. 19771,19720
20691. 19720,19721
20692. 19720,19722
20693. 19720,20111
20694. 19739,19722
20695. 19730,19723
20696. 19723,19731
20697. 19736,19724
20698. 19753,19725
20699. 19727,19728
20700. 19728,19729
20701. 19734,19732
20702. 19732,19735
20703. 19735,19733
20704. 19733,19736
20705. 19737,19738
20706. 19738,19739
20707. 19749,19741
20708. 19741,19748
20709. 19742,19744
20710. 19750,19743
20711. 19743,19749
20712. 19744,19747
20713. 19746,19745
20714. 19748,19746
20715. 19747,19750
20716. 19751,19754
20717. 19754,19752
20718. 19752,19756
20719. 19755,19753
20720. 19756,19755
20721. 19757,19767
20722. 19759,19758
20723. 19758,19761
20724. 19764,19760
20725. 19760,19763
20726. 19761,19762
20727. 19762,19832
20728. 19795,19764
20729. 19765,19766
20730. 19767,19838
20731. 19768,19769
20732. 20155,19768
20733. 19769,19770
20734. 20155,19769
20735. 19770,19771
20736. 19772,19773
20737. 19776,19772
20738. 19772,19778
20739. 19781,19773
20740. 19773,19780
20741. 19799,19774
20742. 19774,19797
20743. 19775,19776
20744. 19778,19777
20745. 19780,19779
20746. 19779,19831
20747. 19792,19782
20748. 19784,19783
20749. 19783,19785
20750. 20171,19784
20751. 19785,19786
20752. 19786,19789
20753. 19793,19787
20754. 19790,19788
20755. 19788,19791
20756. 19789,19790
20757. 19794,19795
20758. 19798,19796
20759. 19796,19799
20760. 19797,19846
20761. 19800,19819
20762. 19808,19801
20763. 19802,19805
20764. 19802,19804
20765. 19804,19803
20766. 19803,19811
20767. 19805,19804
20768. 19816,19804
20769. 19806,19810
20770. 19832,19807
20771. 19807,19809
20772. 19810,19808
20773. 19815,19812
20774. 19937,19813
20775. 19813,19814
20776. 19814,19816
20777. 19818,19817
20778. 19817,19942
20779. 19820,19818
20780. 19819,19820
20781. 19830,19821
20782. 19821,19827
20783. 19822,19823
20784. 19835,19822
20785. 19829,19823
20786. 19823,19828
20787. 19826,19824
20788. 19824,19947
20789. 19831,19825
20790. 19825,19829
20791. 19836,19833
20792. 19833,19839
20793. 19839,19834
20794. 19834,19840
20795. 19840,19837
20796. 19848,19841
20797. 19841,19843
20798. 19842,19845
20799. 19843,19844
20800. 19844,19847
20801. 19845,19951
20802. 19847,19849
20803. 19851,19850
20804. 19852,19862
20805. 19860,19853
20806. 19856,19854
20807. 19854,19857
20808. 19855,19856
20809. 19857,19887
20810. 19859,19858
20811. 19858,19860
20812. 19871,19861
20813. 19868,19863
20814. 19863,19870
20815. 20013,19864
20816. 19864,19869
20817. 19867,19865
20818. 19865,19874
20819. 19878,19866
20820. 19866,19879
20821. 19873,19867
20822. 19881,19868
20823. 19869,19884
20824. 19870,19872
20825. 19879,19871
20826. 19872,19877
20827. 19882,19873
20828. 19874,19878
20829. 19884,19875
20830. 19875,19880
20831. 19883,19876
20832. 19876,19882
20833. 19877,19883
20834. 19880,19881
20835. 19890,19886
20836. 19886,19895
20837. 19887,19896
20838. 19898,19888
20839. 19888,19890
20840. 19896,19889
20841. 19889,19898
20842. 19893,19891
20843. 19891,19892
20844. 19892,20544
20845. 20006,19893
20846. 19897,19894
20847. 19894,20556
20848. 19895,19897
20849. 19903,19899
20850. 19925,19899
20851. 19900,19901
20852. 19900,19924
20853. 19901,19902
20854. 19902,19903
20855. 19904,19911
20856. 19906,19905
20857. 19907,19906
20858. 19910,19907
20859. 19909,19908
20860. 19908,19914
20861. 19911,19909
20862. 19912,19910
20863. 19913,19992
20864. 19917,19915
20865. 19915,19916
20866. 19916,19918
20867. 19962,19917
20868. 19926,19919
20869. 19919,19922
20870. 19921,19920
20871. 19920,19923
20872. 19922,19921
20873. 19923,19978
20874. 19924,19926
20875. 19931,19927
20876. 19927,19930
20877. 19930,19928
20878. 19928,19929
20879. 19935,19933
20880. 19933,19962
20881. 19936,19934
20882. 19946,19936
20883. 19938,19939
20884. 19943,19940
20885. 19940,19941
20886. 19942,19943
20887. 19944,19945
20888. 19952,19945
20889. 19947,19946
20890. 19953,19948
20891. 19948,19954
20892. 19954,19949
20893. 19949,19952
20894. 19951,19950
20895. 19950,19953
20896. 19960,19955
20897. 19955,19957
20898. 19957,19956
20899. 19959,19958
20900. 19958,19960
20901. 20324,19959
20902. 19964,19963
20903. 19963,20033
20904. 19965,19964
20905. 19970,19965
20906. 19968,19966
20907. 19967,20023
20908. 20356,19969
20909. 19969,19971
20910. 19971,19972
20911. 19981,19973
20912. 19973,19977
20913. 19977,19974
20914. 19974,19975
20915. 19975,19982
20916. 19982,19976
20917. 19976,19980
20918. 19978,19981
20919. 19983,19979
20920. 19980,19983
20921. 19987,19984
20922. 19984,19986
20923. 19997,19985
20924. 19985,19987
20925. 19986,20009
20926. 19988,20014
20927. 20014,19989
20928. 19989,20013
20929. 19993,19990
20930. 19990,19991
20931. 19992,19993
20932. 19994,20017
20933. 20002,19995
20934. 19995,19999
20935. 19998,19996
20936. 19996,20001
20937. 20000,19997
20938. 19999,19998
20939. 20030,20002
20940. 20004,20003
20941. 20003,20005
20942. 20010,20006
20943. 20009,20007
20944. 20007,20008
20945. 20012,20010
20946. 20011,20012
20947. 20018,20015
20948. 20015,20016
20949. 20017,20018
20950. 20023,20019
20951. 20019,20027
20952. 20020,20024
20953. 20022,20021
20954. 20027,20022
20955. 20024,20025
20956. 20025,20026
20957. 20026,20670
20958. 20032,20028
20959. 20028,20029
20960. 20029,20030
20961. 20034,20031
20962. 20031,20032
20963. 20033,20035
20964. 20035,20034
20965. 20043,20036
20966. 20036,20039
20967. 20041,20037
20968. 20037,20040
20969. 20044,20038
20970. 20038,20675
20971. 20040,20044
20972. 20419,20042
20973. 20042,20043
20974. 20064,20045
20975. 20045,20046
20976. 20046,20047
20977. 20047,20048
20978. 20048,20049
20979. 20050,20081
20980. 20052,20051
20981. 20051,20053
20982. 20109,20052
20983. 20055,20054
20984. 20054,20060
20985. 20056,20055
20986. 20059,20056
20987. 20062,20057
20988. 20057,20058
20989. 20058,20061
20990. 20061,20131
20991. 20063,20064
20992. 20065,20067
20993. 20067,20066
20994. 20068,20070
20995. 20073,20069
20996. 20069,20214
20997. 20070,20074
20998. 20072,20071
20999. 20071,20075
21000. 20074,20072
21001. 20075,20073
21002. 20079,20076
21003. 20076,20078
21004. 20081,20077
21005. 20077,20080
21006. 20078,20092
21007. 20080,20079
21008. 20083,20082
21009. 20085,20082
21010. 20083,20087
21011. 20084,20097
21012. 20086,20085
21013. 20090,20086
21014. 20087,20088
21015. 20088,20091
21016. 20089,20090
21017. 20091,20103
21018. 20093,20311
21019. 20099,20094
21020. 20098,20095
21021. 20095,20099
21022. 20097,20096
21023. 20096,20098
21024. 20102,20100
21025. 20103,20101
21026. 20101,20102
21027. 20107,20104
21028. 20152,20105
21029. 20162,20105
21030. 20106,20107
21031. 20139,20108
21032. 20110,20109
21033. 20111,20113
21034. 20114,20112
21035. 20112,20159
21036. 20113,20114
21037. 20122,20115
21038. 20115,20120
21039. 20118,20116
21040. 20116,20117
21041. 20119,20123
21042. 20120,20143
21043. 20123,20121
21044. 20121,20122
21045. 20128,20124
21046. 20124,20125
21047. 20125,20126
21048. 20126,20127
21049. 20127,20146
21050. 20178,20128
21051. 20132,20129
21052. 20129,20130
21053. 20131,20133
21054. 20133,20132
21055. 20137,20134
21056. 20134,20138
21057. 20140,20135
21058. 20135,20137
21059. 20136,20140
21060. 20138,20139
21061. 20141,20198
21062. 20143,20142
21063. 20146,20144
21064. 20145,20147
21065. 20147,20148
21066. 20148,20203
21067. 20184,20149
21068. 20149,20150
21069. 20149,20153
21070. 20151,20149
21071. 20150,20151
21072. 20151,20152
21073. 20153,20183
21074. 20187,20154
21075. 20154,20182
21076. 20158,20155
21077. 20156,20157
21078. 20157,20158
21079. 20159,20164
21080. 20164,20160
21081. 20160,20165
21082. 20161,20162
21083. 20165,20163
21084. 20174,20166
21085. 20166,20171
21086. 20172,20167
21087. 20167,20176
21088. 20175,20168
21089. 20168,20173
21090. 20169,20175
21091. 20173,20170
21092. 20170,20172
21093. 20176,20174
21094. 20179,20177
21095. 20177,20180
21096. 20180,20178
21097. 20181,20179
21098. 20183,20189
21099. 20192,20184
21100. 20226,20185
21101. 20185,20186
21102. 20186,20187
21103. 20189,20188
21104. 20188,20191
21105. 20191,20190
21106. 20190,20230
21107. 20194,20192
21108. 20196,20193
21109. 20193,20195
21110. 20195,20194
21111. 20197,20235
21112. 20198,20199
21113. 20199,20200
21114. 20202,20201
21115. 20201,20204
21116. 20205,20202
21117. 20203,20205
21118. 20207,20206
21119. 20206,20210
21120. 20211,20207
21121. 20208,20213
21122. 20213,20209
21123. 20209,20212
21124. 20212,20211
21125. 20214,20215
21126. 20215,20216
21127. 20317,20217
21128. 20217,20218
21129. 20218,20219
21130. 20220,20273
21131. 20236,20221
21132. 20221,20238
21133. 20225,20222
21134. 20222,20226
21135. 20256,20223
21136. 20223,20224
21137. 20224,20225
21138. 20228,20227
21139. 20227,20258
21140. 20231,20228
21141. 20230,20229
21142. 20229,20231
21143. 20233,20232
21144. 20232,20234
21145. 20265,20233
21146. 20235,20236
21147. 20238,20237
21148. 20244,20242
21149. 20242,20243
21150. 20245,20324
21151. 20246,20251
21152. 20250,20247
21153. 20247,20248
21154. 20251,20249
21155. 20249,20250
21156. 20257,20249
21157. 20249,20253
21158. 20258,20249
21159. 20259,20252
21160. 20253,20254
21161. 20254,20255
21162. 20255,20256
21163. 20262,20260
21164. 20260,20261
21165. 20277,20262
21166. 20266,20263
21167. 20263,20267
21168. 20264,20266
21169. 20267,20265
21170. 20269,20268
21171. 20344,20269
21172. 20271,20270
21173. 20270,20304
21174. 20273,20272
21175. 20272,20274
21176. 20274,20275
21177. 20275,20276
21178. 20278,20277
21179. 20283,20279
21180. 20279,20295
21181. 20287,20280
21182. 20280,20289
21183. 20294,20281
21184. 20281,20285
21185. 20286,20282
21186. 20284,20283
21187. 20301,20284
21188. 20289,20286
21189. 20298,20287
21190. 20300,20288
21191. 20288,20293
21192. 20292,20290
21193. 20290,20299
21194. 20291,20292
21195. 20293,20297
21196. 20303,20294
21197. 20295,20303
21198. 20391,20296
21199. 20296,20302
21200. 20297,20298
21201. 20299,20300
21202. 20302,20301
21203. 20304,20305
21204. 20305,20306
21205. 20306,20395
21206. 20311,20307
21207. 20307,20310
21208. 20312,20308
21209. 20308,20309
21210. 20310,20314
21211. 20313,20312
21212. 20316,20313
21213. 20314,20315
21214. 20315,20316
21215. 20318,20333
21216. 20320,20319
21217. 20321,20320
21218. 20350,20322
21219. 20322,20323
21220. 20328,20325
21221. 20325,20327
21222. 20330,20326
21223. 20326,20361
21224. 20331,20329
21225. 20335,20332
21226. 20332,20334
21227. 20353,20336
21228. 20337,20364
21229. 20339,20338
21230. 20340,20339
21231. 20343,20341
21232. 20341,20344
21233. 20342,20343
21234. 20345,20394
21235. 20347,20346
21236. 20346,20349
21237. 20351,20348
21238. 20348,20350
21239. 20349,20351
21240. 20354,20352
21241. 20352,20353
21242. 20373,20354
21243. 20357,20355
21244. 20358,20357
21245. 20359,20358
21246. 20416,20359
21247. 20361,20360
21248. 20360,20362
21249. 20368,20363
21250. 20363,20371
21251. 20364,20369
21252. 20370,20365
21253. 20365,20366
21254. 20366,20367
21255. 20367,20368
21256. 20369,20370
21257. 20371,20372
21258. 20372,20432
21259. 20377,20373
21260. 20403,20374
21261. 20374,20376
21262. 20375,20377
21263. 20383,20378
21264. 20378,20390
21265. 20387,20379
21266. 20379,20383
21267. 20385,20380
21268. 20380,20389
21269. 20451,20381
21270. 20381,20385
21271. 20384,20382
21272. 20382,20386
21273. 20390,20384
21274. 20388,20387
21275. 20389,20388
21276. 20480,20391
21277. 20394,20392
21278. 20397,20393
21279. 20393,20399
21280. 20395,20396
21281. 20399,20398
21282. 20402,20400
21283. 20400,20455
21284. 20496,20401
21285. 20401,20402
21286. 20404,20403
21287. 20408,20405
21288. 20405,20409
21289. 20425,20406
21290. 20406,20910
21291. 20407,20408
21292. 20415,20407
21293. 20408,20665
21294. 20409,20410
21295. 20411,20417
21296. 20414,20412
21297. 20412,20415
21298. 20468,20413
21299. 20413,20414
21300. 20417,20416
21301. 20418,20419
21302. 20423,20420
21303. 20420,20425
21304. 20421,20424
21305. 20424,20422
21306. 20422,20423
21307. 20429,20426
21308. 20426,20428
21309. 20430,20427
21310. 20428,20431
21311. 20912,20429
21312. 20431,20430
21313. 20432,20433
21314. 20434,20438
21315. 20439,20435
21316. 20435,20436
21317. 20436,20463
21318. 20438,20437
21319. 20437,20439
21320. 20473,20440
21321. 20440,20441
21322. 20441,20443
21323. 20443,20442
21324. 20442,20444
21325. 20444,20445
21326. 20452,20446
21327. 20446,20450
21328. 20447,20449
21329. 20449,20448
21330. 20448,20451
21331. 20450,20453
21332. 20517,20452
21333. 20456,20454
21334. 20457,20456
21335. 20459,20458
21336. 20458,20909
21337. 20460,20459
21338. 20464,20460
21339. 20461,20464
21340. 20463,20462
21341. 20470,20465
21342. 20465,20469
21343. 20467,20466
21344. 20469,20467
21345. 20471,20470
21346. 20475,20472
21347. 20472,20476
21348. 20479,20474
21349. 20474,20475
21350. 20476,20477
21351. 20477,20478
21352. 20937,20479
21353. 20487,20480
21354. 20490,20481
21355. 20481,20489
21356. 20497,20482
21357. 20482,20493
21358. 20488,20483
21359. 20483,20494
21360. 20486,20484
21361. 20484,20491
21362. 20485,20486
21363. 20491,20487
21364. 20489,20488
21365. 20493,20490
21366. 20494,20492
21367. 20495,20496
21368. 20499,20497
21369. 20536,20498
21370. 20498,20499
21371. 20501,20500
21372. 20500,21793
21373. 20507,20501
21374. 20503,20502
21375. 20502,20513
21376. 20506,20503
21377. 20513,20504
21378. 20504,20509
21379. 20505,20511
21380. 20510,20506
21381. 20512,20507
21382. 20511,20508
21383. 20508,20510
21384. 20509,20512
21385. 20523,20514
21386. 20514,20515
21387. 20515,20516
21388. 20516,20521
21389. 20518,20517
21390. 20522,20518
21391. 20520,20519
21392. 20519,20523
21393. 20521,20522
21394. 20527,20524
21395. 20524,20535
21396. 21837,20525
21397. 20525,20533
21398. 20535,20526
21399. 20526,20530
21400. 20538,20527
21401. 20529,20528
21402. 20528,20531
21403. 20534,20529
21404. 20530,20537
21405. 20531,20532
21406. 20533,20538
21407. 20537,20534
21408. 20541,20539
21409. 20539,20542
21410. 20542,20540
21411. 21006,20541
21412. 20546,20543
21413. 20543,20548
21414. 20544,20547
21415. 20547,20545
21416. 20545,20546
21417. 20548,20549
21418. 20554,20550
21419. 20550,20553
21420. 20556,20551
21421. 20551,20552
21422. 20552,20555
21423. 20555,20554
21424. 20627,20557
21425. 20557,20559
21426. 20561,20558
21427. 20558,20560
21428. 20559,20561
21429. 20560,20584
21430. 20574,20562
21431. 20562,20565
21432. 20564,20563
21433. 20563,20566
21434. 20575,20564
21435. 20565,20568
21436. 20566,20569
21437. 20571,20567
21438. 20568,20571
21439. 20569,20570
21440. 20570,20573
21441. 20573,20572
21442. 20572,20574
21443. 20583,20576
21444. 20577,20590
21445. 20580,20578
21446. 20578,20586
21447. 20586,20579
21448. 20579,20581
21449. 20584,20580
21450. 20581,20582
21451. 20582,20585
21452. 20585,20583
21453. 20609,20587
21454. 20595,20588
21455. 20593,20589
21456. 20589,20592
21457. 20590,20593
21458. 20592,20591
21459. 20591,20594
21460. 20594,20595
21461. 20606,20596
21462. 20596,20605
21463. 20719,20597
21464. 20597,20600
21465. 20608,20598
21466. 20598,20607
21467. 20600,20599
21468. 20599,20602
21469. 20605,20601
21470. 20601,20609
21471. 20602,20603
21472. 20603,20604
21473. 20604,20608
21474. 20607,20606
21475. 20612,20610
21476. 20610,20614
21477. 20614,20611
21478. 20611,20639
21479. 20613,20612
21480. 20619,20615
21481. 20615,20629
21482. 20622,20616
21483. 20616,20625
21484. 20629,20617
21485. 20617,20620
21486. 20621,20618
21487. 20618,20619
21488. 20620,20622
21489. 20624,20621
21490. 20626,20623
21491. 20623,20628
21492. 20625,20626
21493. 20628,20627
21494. 20634,20630
21495. 20630,20633
21496. 20631,20634
21497. 20635,20632
21498. 20632,20649
21499. 20633,20635
21500. 20636,20638
21501. 20638,20637
21502. 20639,20646
21503. 20646,20640
21504. 20640,20645
21505. 20645,20641
21506. 20641,20643
21507. 20644,20642
21508. 20642,20647
21509. 20643,20644
21510. 20647,20696
21511. 20653,20648
21512. 20649,20650
21513. 20650,20651
21514. 20651,20652
21515. 20652,20653
21516. 20656,20654
21517. 20654,20655
21518. 20655,20727
21519. 20657,20656
21520. 20725,20657
21521. 20684,20658
21522. 20658,20721
21523. 20660,20663
21524. 20664,20661
21525. 20661,20662
21526. 20662,20677
21527. 20663,20664
21528. 20665,20666
21529. 20665,20668
21530. 20670,20666
21531. 20672,20667
21532. 20667,20676
21533. 20668,20669
21534. 20669,20671
21535. 20671,20688
21536. 20675,20672
21537. 20676,20673
21538. 20673,20674
21539. 20674,20693
21540. 20677,20679
21541. 20683,20678
21542. 20678,20685
21543. 20679,20680
21544. 20680,20683
21545. 20685,20681
21546. 20681,20682
21547. 20682,20684
21548. 20687,20686
21549. 20686,20690
21550. 20688,20687
21551. 20690,20689
21552. 20689,20691
21553. 20691,20917
21554. 20693,20692
21555. 20695,20694
21556. 20694,20698
21557. 20697,20695
21558. 20696,20700
21559. 20700,20697
21560. 20699,20732
21561. 20704,20701
21562. 20701,20710
21563. 20708,20702
21564. 20702,20712
21565. 20705,20703
21566. 20703,20719
21567. 20709,20704
21568. 20712,20705
21569. 20717,20706
21570. 20706,20716
21571. 20714,20707
21572. 20707,20720
21573. 20716,20708
21574. 20711,20709
21575. 20710,20714
21576. 20718,20711
21577. 20715,20713
21578. 20713,20717
21579. 20728,20718
21580. 20721,20730
21581. 20724,20722
21582. 20722,20728
21583. 20726,20723
21584. 20723,20724
21585. 20730,20725
21586. 20729,20726
21587. 20727,20729
21588. 20733,20731
21589. 20731,20737
21590. 20732,20734
21591. 20738,20733
21592. 20734,20738
21593. 20736,20735
21594. 20735,20739
21595. 20737,20736
21596. 20739,20742
21597. 20743,20740
21598. 20740,20749
21599. 20742,20741
21600. 20741,20743
21601. 20774,20744
21602. 20744,20745
21603. 20745,20746
21604. 20746,20747
21605. 20750,20748
21606. 20749,20751
21607. 20751,20750
21608. 20760,20752
21609. 20752,20758
21610. 20755,20753
21611. 20753,20756
21612. 20757,20754
21613. 20754,20760
21614. 20759,20755
21615. 20756,20762
21616. 20777,20757
21617. 20758,20759
21618. 20762,20761
21619. 20788,20763
21620. 20763,20766
21621. 20765,20764
21622. 20764,20767
21623. 20766,20765
21624. 20767,20768
21625. 20768,20769
21626. 20769,20770
21627. 20770,20771
21628. 20771,20772
21629. 20772,20773
21630. 20773,20774
21631. 20783,20775
21632. 20775,20776
21633. 20776,20777
21634. 20779,20778
21635. 20778,20781
21636. 20784,20779
21637. 20801,20780
21638. 20780,20782
21639. 20781,20783
21640. 20782,20785
21641. 20785,20784
21642. 20792,20786
21643. 20786,20787
21644. 20787,20788
21645. 20812,20789
21646. 20789,20790
21647. 20790,20791
21648. 20791,20792
21649. 20793,20797
21650. 20796,20794
21651. 20794,20824
21652. 20797,20795
21653. 20795,20796
21654. 20807,20798
21655. 20798,20805
21656. 20799,20800
21657. 20800,20806
21658. 20809,20801
21659. 20808,20802
21660. 20802,20807
21661. 20805,20803
21662. 20803,20809
21663. 20806,20804
21664. 20804,20808
21665. 20814,20810
21666. 20816,20811
21667. 20811,20815
21668. 20813,20812
21669. 20815,20814
21670. 20817,20816
21671. 20830,20817
21672. 20823,20818
21673. 20818,20819
21674. 20819,20820
21675. 20820,20821
21676. 21129,20822
21677. 20822,20823
21678. 20824,20828
21679. 20831,20825
21680. 20825,20830
21681. 20829,20826
21682. 20826,20831
21683. 20828,20827
21684. 20827,20832
21685. 20832,20829
21686. 21118,20833
21687. 20833,20845
21688. 20845,20834
21689. 20834,20835
21690. 20835,20839
21691. 20839,20836
21692. 20836,20841
21693. 20840,20837
21694. 20837,20838
21695. 20838,20843
21696. 20844,20840
21697. 20841,20842
21698. 20842,20844
21699. 20843,21121
21700. 20853,20846
21701. 20846,20852
21702. 20852,20847
21703. 20847,20849
21704. 20849,20848
21705. 20848,20850
21706. 20850,20851
21707. 20851,20854
21708. 20860,20853
21709. 20856,20855
21710. 20855,20861
21711. 20862,20856
21712. 20859,20857
21713. 20857,20858
21714. 20858,20862
21715. 20894,20859
21716. 20861,20860
21717. 20879,20863
21718. 20863,20878
21719. 20878,20864
21720. 20864,20875
21721. 20882,20865
21722. 20865,20866
21723. 20875,20867
21724. 20867,20870
21725. 21141,20868
21726. 20868,20872
21727. 20871,20869
21728. 20869,20877
21729. 20870,20873
21730. 20881,20871
21731. 20872,20883
21732. 20873,20874
21733. 20874,20884
21734. 20877,20876
21735. 20876,20882
21736. 20880,20879
21737. 20883,20880
21738. 20884,20881
21739. 20897,20885
21740. 20885,20896
21741. 20893,20886
21742. 20886,20897
21743. 20889,20887
21744. 20887,20893
21745. 21156,20888
21746. 20888,20890
21747. 20892,20889
21748. 20890,20895
21749. 20895,20891
21750. 20891,20892
21751. 20896,20894
21752. 20899,20898
21753. 20898,20900
21754. 20905,20899
21755. 20900,20901
21756. 20901,20904
21757. 20903,20902
21758. 20902,20905
21759. 20910,20903
21760. 20904,20919
21761. 20906,20911
21762. 20909,20907
21763. 20907,20908
21764. 20908,20932
21765. 20911,20913
21766. 20914,20912
21767. 20913,20914
21768. 20916,20915
21769. 20917,20916
21770. 20920,20918
21771. 20918,20921
21772. 20919,20922
21773. 20922,20920
21774. 20926,20924
21775. 20924,20933
21776. 20927,20925
21777. 20925,20973
21778. 20928,20926
21779. 20929,20927
21780. 20930,20928
21781. 20931,20929
21782. 20932,20930
21783. 20933,20931
21784. 20934,20935
21785. 20935,20936
21786. 20936,20937
21787. 20939,20938
21788. 20938,20996
21789. 20977,20940
21790. 20940,20942
21791. 20942,20941
21792. 20952,20943
21793. 20943,20948
21794. 20946,20944
21795. 20944,20951
21796. 20951,20945
21797. 20945,20952
21798. 20947,20946
21799. 20950,20947
21800. 20948,20954
21801. 20949,20950
21802. 20956,20953
21803. 20954,20953
21804. 20957,20955
21805. 20955,20956
21806. 20957,20958
21807. 20958,20960
21808. 20962,20959
21809. 20959,21013
21810. 20960,20961
21811. 20961,20962
21812. 20967,20963
21813. 20964,20965
21814. 20965,20975
21815. 20974,20966
21816. 20970,20967
21817. 20971,20968
21818. 20968,20969
21819. 20969,20970
21820. 21029,20971
21821. 20972,21008
21822. 20973,20974
21823. 20975,20976
21824. 20976,20977
21825. 20984,20978
21826. 20978,20981
21827. 21004,20979
21828. 20979,20984
21829. 20982,20980
21830. 20980,21007
21831. 20981,20983
21832. 20983,20982
21833. 20985,20986
21834. 20985,20989
21835. 20988,20986
21836. 20993,20987
21837. 20987,20991
21838. 20988,20993
21839. 20998,20989
21840. 20992,20990
21841. 20990,21002
21842. 20991,20992
21843. 21000,20994
21844. 20994,20995
21845. 20995,20997
21846. 20996,21000
21847. 20997,20999
21848. 20999,20998
21849. 21003,21001
21850. 21001,21005
21851. 21002,21003
21852. 21005,21004
21853. 21007,21006
21854. 21008,21011
21855. 21010,21009
21856. 21009,21083
21857. 21011,21010
21858. 21016,21012
21859. 21012,21017
21860. 21013,21014
21861. 21014,21015
21862. 21015,21016
21863. 21017,21020
21864. 21019,21018
21865. 21018,21037
21866. 21020,21019
21867. 21023,21021
21868. 21021,21022
21869. 21022,21025
21870. 21027,21023
21871. 21025,21024
21872. 21024,21030
21873. 21028,21026
21874. 21026,21027
21875. 21059,21028
21876. 21030,21029
21877. 21031,21057
21878. 21041,21032
21879. 21034,21033
21880. 21033,21036
21881. 21035,21034
21882. 21037,21035
21883. 21036,21038
21884. 21044,21039
21885. 21039,21043
21886. 21252,21040
21887. 21040,21042
21888. 21058,21041
21889. 21042,21044
21890. 21043,21060
21891. 21054,21045
21892. 21045,21051
21893. 21051,21046
21894. 21046,21056
21895. 21047,21049
21896. 21056,21048
21897. 21048,21244
21898. 21049,21052
21899. 21052,21050
21900. 21050,21055
21901. 21055,21053
21902. 21053,21054
21903. 21057,21059
21904. 21078,21061
21905. 21061,21073
21906. 21076,21062
21907. 21062,21074
21908. 21069,21063
21909. 21063,21079
21910. 21071,21064
21911. 21064,21075
21912. 21107,21065
21913. 21065,21067
21914. 21073,21066
21915. 21066,21077
21916. 21067,21078
21917. 21072,21068
21918. 21068,21318
21919. 21320,21069
21920. 21075,21070
21921. 21079,21071
21922. 21074,21072
21923. 21077,21076
21924. 21081,21080
21925. 21080,21085
21926. 21082,21081
21927. 21089,21082
21928. 21083,21089
21929. 21088,21084
21930. 21084,21097
21931. 21085,21087
21932. 21090,21086
21933. 21086,21088
21934. 21087,21090
21935. 21091,21092
21936. 21092,21111
21937. 21098,21093
21938. 21095,21094
21939. 21094,21106
21940. 21102,21095
21941. 21105,21096
21942. 21096,21103
21943. 21097,21102
21944. 21104,21098
21945. 21106,21099
21946. 21099,21101
21947. 21101,21100
21948. 21100,21105
21949. 21103,21104
21950. 21108,21107
21951. 21109,21108
21952. 21110,21109
21953. 21111,21110
21954. 21112,21113
21955. 21177,21114
21956. 21114,21122
21957. 21178,21115
21958. 21115,21177
21959. 21123,21116
21960. 21116,21119
21961. 21121,21117
21962. 21117,21125
21963. 21124,21118
21964. 21119,21128
21965. 21174,21120
21966. 21120,21178
21967. 21122,21127
21968. 21125,21123
21969. 21150,21124
21970. 21128,21126
21971. 21126,21129
21972. 21127,21180
21973. 21132,21130
21974. 21130,21136
21975. 21142,21131
21976. 21131,21135
21977. 21139,21132
21978. 21136,21133
21979. 21133,21134
21980. 21134,21138
21981. 21135,21140
21982. 21138,21137
21983. 21137,21141
21984. 21143,21139
21985. 21140,21143
21986. 21153,21142
21987. 21151,21144
21988. 21144,21152
21989. 21146,21145
21990. 21145,21151
21991. 21148,21146
21992. 21180,21147
21993. 21147,21148
21994. 21152,21149
21995. 21149,21150
21996. 21190,21153
21997. 21264,21154
21998. 21154,21162
21999. 21165,21155
22000. 21155,21161
22001. 21157,21156
22002. 21160,21157
22003. 21164,21158
22004. 21158,21160
22005. 21161,21159
22006. 21159,21163
22007. 21162,21165
22008. 21163,21164
22009. 21169,21166
22010. 21166,21167
22011. 21167,21168
22012. 21168,21192
22013. 21170,21169
22014. 21196,21170
22015. 21186,21171
22016. 21171,21183
22017. 21181,21172
22018. 21172,21182
22019. 21183,21173
22020. 21173,21184
22021. 21187,21174
22022. 21185,21175
22023. 21175,21188
22024. 21184,21176
22025. 21176,21179
22026. 21179,21181
22027. 21182,21185
22028. 21188,21187
22029. 21192,21189
22030. 21189,21191
22031. 21197,21190
22032. 21191,21197
22033. 21193,21196
22034. 21195,21194
22035. 21194,21198
22036. 21225,21195
22037. 21201,21199
22038. 21199,21204
22039. 21204,21200
22040. 21200,21203
22041. 21227,21201
22042. 21203,21202
22043. 21211,21205
22044. 21205,21225
22045. 21220,21206
22046. 21206,21215
22047. 21214,21207
22048. 21207,21221
22049. 21213,21208
22050. 21208,21211
22051. 21210,21209
22052. 21209,21219
22053. 21212,21210
22054. 21223,21212
22055. 21222,21213
22056. 21216,21214
22057. 21215,21217
22058. 21217,21216
22059. 21219,21218
22060. 21218,21222
22061. 21224,21220
22062. 21221,21223
22063. 21465,21224
22064. 21229,21226
22065. 21226,21227
22066. 21343,21228
22067. 21228,21229
22068. 21238,21230
22069. 21230,21240
22070. 21242,21231
22071. 21231,21248
22072. 21239,21232
22073. 21232,21237
22074. 21248,21233
22075. 21233,21238
22076. 21246,21234
22077. 21234,21241
22078. 21236,21235
22079. 21235,21239
22080. 21247,21236
22081. 21237,21275
22082. 21240,21245
22083. 21241,21243
22084. 21249,21242
22085. 21243,21247
22086. 21244,21249
22087. 21245,21246
22088. 21251,21250
22089. 21250,21256
22090. 21294,21251
22091. 21253,21252
22092. 21255,21253
22093. 21256,21254
22094. 21254,21255
22095. 21263,21257
22096. 21257,21269
22097. 21262,21258
22098. 21258,21261
22099. 21268,21259
22100. 21259,21267
22101. 21265,21260
22102. 21260,21268
22103. 21261,21266
22104. 21269,21262
22105. 21291,21263
22106. 21267,21264
22107. 21276,21270
22108. 21270,21274
22109. 21272,21271
22110. 21271,21273
22111. 21274,21272
22112. 21289,21277
22113. 21277,21285
22114. 21285,21278
22115. 21278,21282
22116. 21280,21279
22117. 21279,21288
22118. 21286,21280
22119. 21292,21281
22120. 21281,21291
22121. 21282,21287
22122. 21288,21283
22123. 21283,21290
22124. 21290,21284
22125. 21284,21289
22126. 21311,21286
22127. 21287,21292
22128. 21296,21293
22129. 21293,21295
22130. 21298,21294
22131. 21295,21298
22132. 21297,21296
22133. 21330,21297
22134. 21317,21299
22135. 21299,21309
22136. 21393,21300
22137. 21300,21317
22138. 21309,21301
22139. 21301,21306
22140. 21312,21302
22141. 21302,21307
22142. 21307,21303
22143. 21303,21314
22144. 21313,21304
22145. 21304,21312
22146. 21308,21305
22147. 21305,21311
22148. 21306,21313
22149. 21316,21308
22150. 21315,21310
22151. 21310,21316
22152. 21314,21315
22153. 21318,21319
22154. 21319,21321
22155. 21321,21320
22156. 21323,21322
22157. 21322,21325
22158. 21326,21323
22159. 21324,21327
22160. 21334,21326
22161. 21327,21328
22162. 21328,21330
22163. 21332,21329
22164. 21329,21333
22165. 21486,21331
22166. 21331,21332
22167. 21333,21334
22168. 21338,21335
22169. 21346,21336
22170. 21336,21348
22171. 21337,21353
22172. 21377,21338
22173. 21348,21339
22174. 21339,21355
22175. 21344,21340
22176. 21340,21351
22177. 21347,21341
22178. 21341,21354
22179. 21353,21342
22180. 21342,21350
22181. 21355,21344
22182. 21352,21345
22183. 21345,21346
22184. 21349,21347
22185. 21351,21349
22186. 21350,21352
22187. 21359,21356
22188. 21356,21362
22189. 21362,21357
22190. 21357,21360
22191. 21358,21359
22192. 21360,21361
22193. 21361,21490
22194. 21364,21363
22195. 21363,21365
22196. 21366,21364
22197. 21365,21369
22198. 21370,21366
22199. 21369,21367
22200. 21367,21382
22201. 21381,21368
22202. 21368,21379
22203. 21373,21370
22204. 21386,21371
22205. 21371,21380
22206. 21380,21372
22207. 21372,21385
22208. 21417,21373
22209. 21376,21374
22210. 21374,21378
22211. 21384,21375
22212. 21375,21376
22213. 21379,21377
22214. 21378,21386
22215. 21383,21381
22216. 21382,21384
22217. 21385,21383
22218. 21389,21387
22219. 21387,21391
22220. 21414,21388
22221. 21388,21390
22222. 21392,21389
22223. 21390,21392
22224. 21396,21393
22225. 21395,21394
22226. 21394,21396
22227. 21403,21397
22228. 21397,21407
22229. 21404,21398
22230. 21398,21403
22231. 21400,21399
22232. 21399,21404
22233. 21408,21400
22234. 21402,21401
22235. 21401,21408
22236. 21405,21402
22237. 21406,21405
22238. 21933,21406
22239. 21407,21451
22240. 21409,21410
22241. 21410,21411
22242. 21411,21414
22243. 21413,21412
22244. 21427,21412
22245. 21413,21432
22246. 21421,21415
22247. 21415,21422
22248. 21422,21416
22249. 21416,21418
22250. 21423,21417
22251. 21418,21419
22252. 21419,21424
22253. 21424,21420
22254. 21420,21423
22255. 21428,21425
22256. 21425,21435
22257. 21434,21426
22258. 21426,21431
22259. 21431,21427
22260. 21453,21428
22261. 21430,21429
22262. 21429,21434
22263. 21435,21430
22264. 21432,21433
22265. 21433,21697
22266. 21438,21436
22267. 21436,21446
22268. 21444,21437
22269. 21437,21441
22270. 21443,21438
22271. 21446,21439
22272. 21439,21440
22273. 21440,21445
22274. 21451,21442
22275. 21442,21454
22276. 21447,21443
22277. 21445,21444
22278. 21717,21447
22279. 21455,21448
22280. 21448,21453
22281. 21454,21449
22282. 21449,21450
22283. 21450,21452
22284. 21452,21455
22285. 21516,21456
22286. 21456,21458
22287. 21462,21457
22288. 21457,21463
22289. 21458,21464
22290. 21459,21461
22291. 21466,21460
22292. 21460,21465
22293. 21461,21462
22294. 21463,21466
22295. 21473,21467
22296. 21467,21471
22297. 21522,21468
22298. 21468,21475
22299. 21475,21469
22300. 21469,21470
22301. 21470,21472
22302. 21471,21484
22303. 21472,21474
22304. 21474,21473
22305. 21479,21476
22306. 21476,21481
22307. 21478,21477
22308. 21477,21479
22309. 21483,21478
22310. 21481,21480
22311. 21480,21482
22312. 21527,21483
22313. 21484,21487
22314. 21487,21485
22315. 21485,21486
22316. 21494,21488
22317. 21488,21491
22318. 21496,21489
22319. 21489,21570
22320. 21490,21495
22321. 21491,21496
22322. 21495,21492
22323. 21492,21493
22324. 21493,21494
22325. 21506,21497
22326. 21497,21507
22327. 21508,21498
22328. 21498,21509
22329. 21513,21499
22330. 21499,21514
22331. 21501,21500
22332. 21500,21516
22333. 21504,21501
22334. 21503,21502
22335. 21502,21504
22336. 21514,21503
22337. 21507,21505
22338. 21505,21508
22339. 21515,21506
22340. 21509,21510
22341. 21510,21511
22342. 21511,21512
22343. 21511,21526
22344. 21541,21511
22345. 21512,21513
22346. 21550,21515
22347. 21524,21517
22348. 21517,21522
22349. 21523,21518
22350. 21518,21520
22351. 21521,21519
22352. 21519,21523
22353. 21520,21524
22354. 21525,21521
22355. 21526,21525
22356. 21528,21527
22357. 21529,21528
22358. 21647,21530
22359. 21530,21537
22360. 21538,21531
22361. 21531,21534
22362. 21534,21532
22363. 21532,21533
22364. 21533,21535
22365. 21535,21539
22366. 21540,21536
22367. 21536,21538
22368. 21537,21540
22369. 21539,21541
22370. 21549,21542
22371. 21542,21546
22372. 21544,21543
22373. 21543,21549
22374. 21607,21544
22375. 21548,21545
22376. 21546,21547
22377. 21547,21548
22378. 21552,21551
22379. 21564,21552
22380. 21554,21553
22381. 21553,21558
22382. 21587,21554
22383. 21560,21555
22384. 21555,21559
22385. 21559,21556
22386. 21556,21564
22387. 21562,21557
22388. 21557,21561
22389. 21558,21563
22390. 21561,21560
22391. 21563,21562
22392. 21568,21565
22393. 21565,21566
22394. 21566,21581
22395. 21575,21567
22396. 21567,21569
22397. 21569,21568
22398. 21570,21571
22399. 21571,21595
22400. 21573,21572
22401. 21572,21599
22402. 21573,21574
22403. 21574,21575
22404. 21577,21576
22405. 21576,21601
22406. 21578,21577
22407. 21698,21578
22408. 21585,21579
22409. 21581,21580
22410. 21580,21588
22411. 21582,21587
22412. 21589,21583
22413. 21583,21584
22414. 21584,21585
22415. 21588,21586
22416. 21586,21589
22417. 21598,21590
22418. 21590,21597
22419. 21595,21591
22420. 21596,21592
22421. 21592,21598
22422. 21597,21593
22423. 21593,21594
22424. 21594,21667
22425. 21599,21600
22426. 21602,21600
22427. 21601,21603
22428. 21604,21602
22429. 21603,21606
22430. 21605,21604
22431. 21606,21605
22432. 21616,21607
22433. 21614,21608
22434. 21608,21616
22435. 21617,21609
22436. 21609,21619
22437. 21615,21610
22438. 21610,21618
22439. 21656,21611
22440. 21611,21615
22441. 21619,21612
22442. 21612,21613
22443. 21613,21620
22444. 21620,21614
22445. 21618,21617
22446. 21625,21621
22447. 21663,21622
22448. 21622,21623
22449. 21623,21624
22450. 21624,21625
22451. 21630,21626
22452. 21626,21638
22453. 21651,21627
22454. 21627,21641
22455. 21638,21628
22456. 21628,21631
22457. 21634,21629
22458. 21629,21636
22459. 21646,21630
22460. 21631,21644
22461. 21644,21632
22462. 21632,21648
22463. 21633,21649
22464. 21635,21634
22465. 21642,21635
22466. 21636,21651
22467. 21645,21637
22468. 21637,21640
22469. 21650,21639
22470. 21639,21642
22471. 21640,21652
22472. 21641,21646
22473. 21687,21643
22474. 21648,21645
22475. 21652,21647
22476. 21649,21650
22477. 21658,21653
22478. 21653,21655
22479. 21673,21654
22480. 21654,21658
22481. 21655,21657
22482. 21657,21659
22483. 21669,21660
22484. 21660,21670
22485. 21661,21666
22486. 21667,21662
22487. 21662,21665
22488. 21666,21663
22489. 21668,21664
22490. 21664,21669
22491. 21665,21668
22492. 21675,21671
22493. 21671,21672
22494. 21672,21673
22495. 21689,21674
22496. 21674,21675
22497. 21684,21676
22498. 21676,21682
22499. 21681,21677
22500. 21677,21683
22501. 21686,21678
22502. 21678,21680
22503. 21680,21679
22504. 21679,21684
22505. 21682,21685
22506. 21683,21686
22507. 21685,21687
22508. 21688,21689
22509. 21691,21690
22510. 21693,21692
22511. 21692,21694
22512. 21748,21693
22513. 21694,22096
22514. 21722,21695
22515. 21695,21696
22516. 21702,21698
22517. 21699,21701
22518. 21701,21700
22519. 21700,21704
22520. 21703,21702
22521. 21704,21703
22522. 21709,21705
22523. 21705,21712
22524. 21713,21706
22525. 21706,21742
22526. 21712,21707
22527. 21707,21713
22528. 21711,21708
22529. 21708,21710
22530. 21710,21709
22531. 21716,21714
22532. 21714,21715
22533. 21715,21717
22534. 21727,21716
22535. 21717,21737
22536. 21721,21718
22537. 21718,21720
22538. 21720,21719
22539. 21719,21722
22540. 21761,21721
22541. 21726,21723
22542. 21723,21729
22543. 21729,21724
22544. 21724,21728
22545. 21728,21725
22546. 21725,21727
22547. 21776,21726
22548. 21735,21730
22549. 21730,21734
22550. 21738,21731
22551. 21731,21733
22552. 21737,21732
22553. 21732,21738
22554. 21733,21735
22555. 21734,21736
22556. 21744,21739
22557. 21739,21748
22558. 21746,21740
22559. 21740,21745
22560. 21749,21741
22561. 21741,21747
22562. 21742,21749
22563. 21745,21743
22564. 21743,21744
22565. 21747,21746
22566. 21763,21750
22567. 21750,21770
22568. 21759,21751
22569. 21751,21765
22570. 21754,21752
22571. 21752,21766
22572. 21760,21753
22573. 21753,21759
22574. 21767,21754
22575. 21755,21764
22576. 21757,21756
22577. 21756,21762
22578. 21766,21757
22579. 21770,21758
22580. 21758,21760
22581. 21762,21761
22582. 21768,21763
22583. 21764,21769
22584. 21765,21767
22585. 21769,21768
22586. 21780,21771
22587. 21771,21773
22588. 21775,21772
22589. 21772,21777
22590. 21773,21779
22591. 21972,21774
22592. 21774,21778
22593. 21779,21775
22594. 21778,21776
22595. 21777,21974
22596. 21968,21780
22597. 21782,21781
22598. 21781,22177
22599. 21783,21782
22600. 21784,21783
22601. 21801,21785
22602. 21785,21789
22603. 21787,21786
22604. 21786,21806
22605. 21802,21787
22606. 21798,21788
22607. 21788,21791
22608. 21789,21794
22609. 21794,21790
22610. 21790,21811
22611. 21791,21797
22612. 21799,21792
22613. 21792,21798
22614. 21793,21801
22615. 21810,21795
22616. 21795,21804
22617. 21807,21796
22618. 21796,21810
22619. 21797,21808
22620. 21804,21799
22621. 21806,21800
22622. 21800,21807
22623. 21811,21802
22624. 21805,21803
22625. 21803,21809
22626. 21808,21805
22627. 21809,21815
22628. 21814,21812
22629. 21812,21813
22630. 21813,21819
22631. 21821,21814
22632. 21815,21816
22633. 21816,21821
22634. 21822,21817
22635. 21817,21818
22636. 21818,21827
22637. 21819,21824
22638. 21826,21820
22639. 21820,21825
22640. 21825,21822
22641. 21829,21823
22642. 21823,21828
22643. 21824,21829
22644. 21828,21826
22645. 21827,21830
22646. 21831,21832
22647. 21831,21845
22648. 21840,21832
22649. 21842,21833
22650. 21833,21835
22651. 21836,21834
22652. 21834,21842
22653. 21835,21844
22654. 21845,21836
22655. 21839,21837
22656. 21855,21838
22657. 21838,21840
22658. 21841,21839
22659. 21843,21841
22660. 21844,21843
22661. 21856,21846
22662. 21846,21851
22663. 21853,21847
22664. 21847,21857
22665. 21857,21848
22666. 21848,21855
22667. 21867,21849
22668. 21849,21858
22669. 21854,21850
22670. 21850,21853
22671. 21851,21852
22672. 21852,21854
22673. 21859,21856
22674. 21861,21857
22675. 21858,21859
22676. 21871,21860
22677. 21860,21861
22678. 21864,21863
22679. 21863,21871
22680. 21865,21864
22681. 21872,21865
22682. 21868,21866
22683. 21866,21867
22684. 21869,21868
22685. 21870,21869
22686. 21884,21870
22687. 21894,21872
22688. 21886,21873
22689. 21873,21883
22690. 21887,21874
22691. 21874,21875
22692. 21875,21884
22693. 21880,21876
22694. 21876,21888
22695. 21906,21877
22696. 21877,21882
22697. 21881,21878
22698. 21878,21885
22699. 21883,21879
22700. 21879,21880
22701. 21882,21881
22702. 21885,21886
22703. 21888,21887
22704. 21897,21889
22705. 21889,21894
22706. 21892,21890
22707. 21890,21893
22708. 21899,21891
22709. 21891,21895
22710. 21900,21892
22711. 21893,21896
22712. 21895,21897
22713. 21896,21898
22714. 21898,21899
22715. 21911,21900
22716. 21909,21901
22717. 21901,21907
22718. 21903,21902
22719. 21902,21904
22720. 21905,21903
22721. 21904,21906
22722. 21907,21905
22723. 21908,21909
22724. 21913,21910
22725. 21910,21911
22726. 21920,21912
22727. 21912,21919
22728. 21914,21913
22729. 21917,21914
22730. 21955,21915
22731. 21915,21920
22732. 21919,21916
22733. 21916,21918
22734. 21921,21917
22735. 21918,21921
22736. 21921,21932
22737. 21944,21922
22738. 21922,21950
22739. 21942,21923
22740. 21923,21937
22741. 21925,21924
22742. 21924,21928
22743. 21932,21925
22744. 21949,21926
22745. 21926,21939
22746. 21939,21927
22747. 21927,21941
22748. 21928,21931
22749. 21938,21929
22750. 21929,21930
22751. 21930,21943
22752. 21931,21945
22753. 21951,21933
22754. 21945,21934
22755. 21934,21940
22756. 21943,21935
22757. 21935,21951
22758. 21952,21936
22759. 21936,21948
22760. 21937,21946
22761. 21948,21938
22762. 21940,21944
22763. 21941,21942
22764. 21946,21947
22765. 21947,21952
22766. 21950,21949
22767. 21960,21953
22768. 21953,21963
22769. 21963,21954
22770. 21954,21959
22771. 21967,21955
22772. 21961,21956
22773. 21956,21960
22774. 21959,21957
22775. 21957,21967
22776. 21965,21958
22777. 21958,21962
22778. 21962,21961
22779. 21966,21964
22780. 21964,21965
22781. 21971,21968
22782. 21975,21969
22783. 21969,21973
22784. 21970,21975
22785. 21973,21971
22786. 21974,21972
22787. 21977,21976
22788. 21976,21983
22789. 21989,21977
22790. 21983,21978
22791. 21978,21993
22792. 21992,21979
22793. 21979,21982
22794. 21994,21980
22795. 21980,21984
22796. 21985,21981
22797. 21981,21988
22798. 21982,21990
22799. 21984,21985
22800. 21987,21986
22801. 21986,21994
22802. 21990,21987
22803. 21988,21989
22804. 22001,21991
22805. 21991,21992
22806. 21996,21995
22807. 21998,21996
22808. 22026,21997
22809. 21997,21998
22810. 22221,21999
22811. 21999,22000
22812. 22000,22001
22813. 22004,22002
22814. 22002,22003
22815. 22003,22030
22816. 22006,22005
22817. 22080,22006
22818. 22008,22007
22819. 22013,22009
22820. 22009,22037
22821. 22010,22013
22822. 22012,22011
22823. 22011,22014
22824. 22014,22015
22825. 22023,22016
22826. 22016,22021
22827. 22019,22017
22828. 22017,22027
22829. 22027,22018
22830. 22018,22028
22831. 22025,22020
22832. 22020,22023
22833. 22021,22022
22834. 22022,22026
22835. 22056,22024
22836. 22024,22025
22837. 22028,22055
22838. 22030,22029
22839. 22032,22031
22840. 22031,22061
22841. 22034,22032
22842. 22037,22033
22843. 22033,22036
22844. 22035,22034
22845. 22036,22035
22846. 22039,22038
22847. 22078,22039
22848. 22041,22040
22849. 22040,22042
22850. 22040,22049
22851. 22044,22041
22852. 22042,22059
22853. 22043,22052
22854. 22051,22044
22855. 22047,22045
22856. 22045,22267
22857. 22049,22046
22858. 22046,22048
22859. 22048,22047
22860. 22052,22050
22861. 22050,22051
22862. 22054,22053
22863. 22066,22054
22864. 22058,22057
22865. 22057,22234
22866. 22059,22058
22867. 22060,22061
22868. 22060,22075
22869. 22065,22062
22870. 22062,22082
22871. 22064,22063
22872. 22063,22065
22873. 22297,22064
22874. 22068,22067
22875. 22067,22282
22876. 22071,22069
22877. 22069,22076
22878. 22075,22070
22879. 22076,22072
22880. 22073,22074
22881. 22074,22288
22882. 22077,22078
22883. 22083,22079
22884. 22079,22080
22885. 22082,22081
22886. 22081,22083
22887. 22118,22084
22888. 22084,22085
22889. 22085,22091
22890. 22091,22086
22891. 22086,22087
22892. 22087,22088
22893. 22088,22089
22894. 22094,22092
22895. 22092,22093
22896. 22093,22097
22897. 22095,22094
22898. 22096,22095
22899. 22097,22098
22900. 22100,22099
22901. 22099,22101
22902. 22102,22103
22903. 22103,22104
22904. 22104,22105
22905. 22105,22106
22906. 22106,22107
22907. 22108,22110
22908. 22120,22109
22909. 22110,22124
22910. 22124,22111
22911. 22111,22125
22912. 22122,22112
22913. 22112,22123
22914. 22127,22113
22915. 22113,22128
22916. 22119,22114
22917. 22114,22127
22918. 22130,22115
22919. 22115,22122
22920. 22125,22116
22921. 22116,22126
22922. 22123,22117
22923. 22117,22120
22924. 22129,22118
22925. 22126,22119
22926. 22128,22121
22927. 22121,22129
22928. 22155,22130
22929. 22133,22131
22930. 22131,22137
22931. 22135,22132
22932. 22132,22134
22933. 22178,22133
22934. 22137,22135
22935. 22143,22138
22936. 22138,22161
22937. 22145,22139
22938. 22139,22165
22939. 22169,22140
22940. 22140,22148
22941. 22146,22141
22942. 22141,22160
22943. 22153,22142
22944. 22142,22145
22945. 22170,22143
22946. 22148,22144
22947. 22144,22147
22948. 22151,22146
22949. 22147,22167
22950. 22163,22149
22951. 22149,22162
22952. 22167,22150
22953. 22150,22158
22954. 22159,22151
22955. 22160,22152
22956. 22152,22156
22957. 22168,22153
22958. 22158,22154
22959. 22154,22166
22960. 22166,22155
22961. 22156,22172
22962. 22195,22157
22963. 22157,22170
22964. 22162,22159
22965. 22161,22163
22966. 22165,22164
22967. 22164,22169
22968. 22171,22168
22969. 22172,22171
22970. 22176,22173
22971. 22173,22175
22972. 22175,22174
22973. 22174,22178
22974. 22177,22176
22975. 22180,22179
22976. 22179,22199
22977. 22246,22180
22978. 22199,22181
22979. 22181,22198
22980. 22183,22182
22981. 22182,22186
22982. 22200,22183
22983. 22191,22184
22984. 22184,22192
22985. 22187,22185
22986. 22185,22188
22987. 22186,22196
22988. 22201,22187
22989. 22188,22189
22990. 22189,22190
22991. 22190,22191
22992. 22192,22193
22993. 22193,22194
22994. 22194,22195
22995. 22196,22201
22996. 22198,22197
22997. 22197,22202
22998. 22202,22200
22999. 22255,22204
23000. 22208,22205
23001. 22205,22247
23002. 22211,22206
23003. 22206,22208
23004. 22209,22207
23005. 22207,22246
23006. 22249,22209
23007. 22213,22210
23008. 22210,22211
23009. 22212,22213
23010. 22231,22214
23011. 22218,22215
23012. 22215,22219
23013. 22219,22216
23014. 22216,22222
23015. 22220,22217
23016. 22217,22221
23017. 22244,22218
23018. 22222,22220
23019. 22224,22223
23020. 22223,22254
23021. 22251,22224
23022. 22230,22225
23023. 22225,22228
23024. 22238,22226
23025. 22226,22233
23026. 22228,22227
23027. 22227,22231
23028. 22240,22229
23029. 22229,22239
23030. 22232,22230
23031. 22235,22232
23032. 22233,22236
23033. 22234,22240
23034. 22239,22237
23035. 22237,22238
23036. 22242,22241
23037. 22241,22244
23038. 22245,22242
23039. 22243,22245
23040. 22247,22248
23041. 22248,22250
23042. 22250,22249
23043. 22252,22251
23044. 22253,22252
23045. 22258,22253
23046. 22254,22255
23047. 22343,22256
23048. 22256,22257
23049. 22257,22258
23050. 22261,22259
23051. 22259,22260
23052. 22384,22261
23053. 22262,22265
23054. 22266,22263
23055. 22267,22264
23056. 22264,22266
23057. 22265,22268
23058. 22268,22353
23059. 22291,22269
23060. 22269,22278
23061. 22272,22270
23062. 22270,22273
23063. 22278,22271
23064. 22271,22277
23065. 22275,22272
23066. 22273,22276
23067. 22279,22274
23068. 22277,22275
23069. 22276,22279
23070. 22280,22281
23071. 22282,22280
23072. 22280,22285
23073. 22288,22281
23074. 22281,22290
23075. 22285,22283
23076. 22283,22284
23077. 22284,22287
23078. 22287,22286
23079. 22286,22319
23080. 22290,22289
23081. 22289,22291
23082. 22295,22292
23083. 22292,22296
23084. 22294,22302
23085. 22296,22328
23086. 22300,22297
23087. 22302,22298
23088. 22298,22299
23089. 22299,22303
23090. 22304,22300
23091. 22303,22301
23092. 22301,22304
23093. 22310,22305
23094. 22327,22306
23095. 22306,22307
23096. 22307,22308
23097. 22308,22309
23098. 22309,22310
23099. 22311,22371
23100. 22320,22312
23101. 22312,22315
23102. 22313,22314
23103. 22314,22378
23104. 22315,22316
23105. 22316,22317
23106. 22319,22318
23107. 22318,22320
23108. 22336,22321
23109. 22321,22322
23110. 22322,22323
23111. 22323,22324
23112. 22324,22325
23113. 22325,22326
23114. 22326,22327
23115. 22328,22329
23116. 22329,22330
23117. 22330,22331
23118. 22331,22332
23119. 22332,22333
23120. 22333,22334
23121. 22334,22335
23122. 22335,22336
23123. 22344,22337
23124. 22337,22343
23125. 22339,22338
23126. 22338,22342
23127. 22341,22339
23128. 22340,22351
23129. 22352,22341
23130. 22342,22347
23131. 22345,22344
23132. 22349,22345
23133. 22347,22346
23134. 22369,22348
23135. 22348,22350
23136. 22351,22349
23137. 22350,22352
23138. 22353,22354
23139. 22354,22355
23140. 22357,22356
23141. 22356,22364
23142. 22363,22357
23143. 22358,22360
23144. 22361,22359
23145. 22359,22363
23146. 22360,22361
23147. 22364,22362
23148. 22362,22385
23149. 22367,22366
23150. 22368,22367
23151. 22381,22368
23152. 22370,22369
23153. 22372,22370
23154. 22371,22372
23155. 22380,22373
23156. 22373,22374
23157. 22374,22375
23158. 22375,22377
23159. 22378,22376
23160. 22376,22379
23161. 22377,22383
23162. 22379,22380
23163. 22382,22381
23164. 22383,22382
23165. 22392,22384
23166. 22385,22386
23167. 22386,22387
23168. 22387,22390
23169. 22393,22388
23170. 22388,22392
23171. 22390,22389
23172. 22389,22391
23173. 22391,22393
23174. 22419,22394
23175. 22394,22396
23176. 22397,22395
23177. 22395,22398
23178. 22396,22922
23179. 22922,22397
23180. 22400,22399
23181. 22399,22402
23182. 22922,22400
23183. 22402,22401
23184. 22401,22403
23185. 22403,22404
23186. 22409,22405
23187. 22405,22410
23188. 22407,22406
23189. 22406,22408
23190. 22410,22407
23191. 22408,22414
23192. 22923,22409
23193. 22414,22411
23194. 22411,22413
23195. 22415,22412
23196. 22412,22416
23197. 22413,22415
23198. 22416,22423
23199. 22420,22417
23200. 22417,22421
23201. 22422,22418
23202. 22418,22419
23203. 22438,22420
23204. 22421,22422
23205. 22423,22427
23206. 22429,22424
23207. 22424,22445
23208. 22434,22425
23209. 22425,22426
23210. 22426,22435
23211. 22427,22431
23212. 22432,22428
23213. 22428,22433
23214. 22433,22429
23215. 22431,22430
23216. 22430,22434
23217. 22435,22432
23218. 22441,22436
23219. 22436,22439
23220. 22440,22437
23221. 22437,22941
23222. 22444,22438
23223. 22439,22444
23224. 22443,22440
23225. 22442,22441
23226. 22941,22442
23227. 22449,22443
23228. 22445,22455
23229. 22452,22446
23230. 22446,22454
23231. 22451,22447
23232. 22447,22453
23233. 22450,22448
23234. 22448,22449
23235. 22453,22450
23236. 22454,22451
23237. 22488,22452
23238. 22455,22459
23239. 22461,22456
23240. 22456,22468
23241. 22471,22457
23242. 22457,22462
23243. 22466,22458
23244. 22458,22465
23245. 22459,22461
23246. 22468,22460
23247. 22460,22470
23248. 22462,22469
23249. 22467,22463
23250. 22463,22466
23251. 22470,22464
23252. 22464,22467
23253. 22465,22471
23254. 22469,22494
23255. 22980,22472
23256. 22472,22971
23257. 22472,22978
23258. 22475,22473
23259. 22473,22478
23260. 22478,22474
23261. 22474,22477
23262. 22476,22475
23263. 22649,22476
23264. 22489,22479
23265. 22479,22480
23266. 22480,22484
23267. 22987,22481
23268. 22481,22487
23269. 22486,22482
23270. 22482,22485
23271. 22487,22483
23272. 22483,22489
23273. 22484,22486
23274. 22485,22488
23275. 22499,22490
23276. 22490,22495
23277. 22497,22491
23278. 22491,22499
23279. 22495,22492
23280. 22492,22496
23281. 22496,22493
23282. 22493,22498
23283. 22494,22497
23284. 22498,22987
23285. 22987,22500
23286. 22500,22510
23287. 22512,22501
23288. 22501,22505
23289. 22513,22502
23290. 22502,22506
23291. 22508,22503
23292. 22503,22511
23293. 22510,22504
23294. 22504,22512
23295. 22505,22507
23296. 22506,22514
23297. 22507,22513
23298. 22514,22508
23299. 22511,22509
23300. 22509,22516
23301. 22516,22515
23302. 22515,22538
23303. 22524,22517
23304. 22517,22518
23305. 22518,23017
23306. 22523,22519
23307. 22519,22524
23308. 22522,22520
23309. 23017,22521
23310. 22521,22522
23311. 22528,22523
23312. 22526,22525
23313. 22525,22528
23314. 22527,22526
23315. 23019,22527
23316. 22530,22529
23317. 22529,22552
23318. 22549,22530
23319. 22542,22531
23320. 22531,22543
23321. 22540,22532
23322. 22532,22546
23323. 22548,22533
23324. 22533,22549
23325. 22551,22534
23326. 22534,22542
23327. 22538,22535
23328. 22535,22537
23329. 22552,22536
23330. 22536,22540
23331. 22537,22544
23332. 22541,22539
23333. 22539,22547
23334. 22550,22541
23335. 22543,22548
23336. 22544,22545
23337. 22545,22550
23338. 22546,22572
23339. 22547,22551
23340. 23028,22553
23341. 22553,22556
23342. 23027,22554
23343. 22554,22566
23344. 22580,22555
23345. 22555,23028
23346. 22556,22559
23347. 22560,22557
23348. 22557,23040
23349. 22561,22558
23350. 22558,23023
23351. 22559,22567
23352. 22562,22560
23353. 22567,22561
23354. 22563,22562
23355. 23031,22563
23356. 22566,22564
23357. 22564,22565
23358. 22565,23031
23359. 22569,22568
23360. 22568,22574
23361. 22571,22569
23362. 22574,22570
23363. 22570,22588
23364. 22573,22571
23365. 22572,22573
23366. 22576,22575
23367. 22575,22577
23368. 22578,22576
23369. 22577,22579
23370. 23032,22578
23371. 22579,22581
23372. 22581,22580
23373. 22594,22582
23374. 22582,22585
23375. 22586,22583
23376. 22583,23032
23377. 22590,22584
23378. 22584,22595
23379. 22585,22590
23380. 22592,22586
23381. 22593,22587
23382. 22587,22712
23383. 22588,22591
23384. 22595,22589
23385. 22589,22592
23386. 22591,22594
23387. 23032,22593
23388. 22633,22596
23389. 22596,22648
23390. 23033,22597
23391. 22597,22602
23392. 22604,22598
23393. 22598,22599
23394. 22599,22612
23395. 22601,22600
23396. 22600,22604
23397. 22611,22601
23398. 22602,22603
23399. 22603,22605
23400. 22605,22611
23401. 22609,22606
23402. 22606,22610
23403. 22608,22607
23404. 22607,22613
23405. 22614,22608
23406. 23040,22609
23407. 22610,23033
23408. 22612,22614
23409. 22613,22632
23410. 22618,22615
23411. 22615,22617
23412. 22616,22623
23413. 22617,23033
23414. 22622,22618
23415. 22623,22619
23416. 22619,22621
23417. 22621,22620
23418. 22620,22622
23419. 22630,22624
23420. 22624,22631
23421. 22629,22625
23422. 22625,22641
23423. 22637,22626
23424. 22626,22645
23425. 22641,22627
23426. 22627,23039
23427. 22632,22628
23428. 22628,22643
23429. 22644,22629
23430. 22640,22630
23431. 22631,22636
23432. 22642,22633
23433. 22646,22634
23434. 22634,22638
23435. 23039,22635
23436. 22635,22639
23437. 22636,22642
23438. 22639,22637
23439. 22638,22640
23440. 22643,22647
23441. 22647,22644
23442. 22645,22646
23443. 22648,22660
23444. 22663,22649
23445. 22651,22650
23446. 22650,22659
23447. 22654,22651
23448. 22671,22652
23449. 22652,22662
23450. 22659,22653
23451. 22653,22669
23452. 22668,22654
23453. 22662,22655
23454. 22655,22664
23455. 22657,22656
23456. 22656,22661
23457. 22665,22657
23458. 22666,22658
23459. 22658,22667
23460. 22660,22671
23461. 22661,22670
23462. 22669,22663
23463. 22664,22665
23464. 22670,22666
23465. 22667,22668
23466. 23043,22672
23467. 22672,23052
23468. 23070,22672
23469. 22677,22673
23470. 22673,22675
23471. 22678,22674
23472. 22674,22677
23473. 22675,22676
23474. 22676,22679
23475. 23120,22678
23476. 22679,23118
23477. 23116,22679
23478. 22688,22680
23479. 22680,22683
23480. 22683,22681
23481. 22681,23019
23482. 22685,22682
23483. 22682,22695
23484. 22692,22684
23485. 22684,22686
23486. 22687,22685
23487. 22686,22689
23488. 22693,22687
23489. 22695,22688
23490. 22689,22690
23491. 22690,22691
23492. 22691,22694
23493. 22710,22692
23494. 22694,22693
23495. 22701,22696
23496. 23019,22697
23497. 22697,22700
23498. 22700,22698
23499. 22698,22699
23500. 22699,22701
23501. 22706,22702
23502. 22702,22708
23503. 22707,22703
23504. 22703,22705
23505. 22705,22704
23506. 22704,22706
23507. 22724,22707
23508. 22708,22709
23509. 22709,22710
23510. 22723,22711
23511. 22711,22722
23512. 22712,22714
23513. 22721,22713
23514. 22713,22720
23515. 22714,22715
23516. 22715,22723
23517. 22720,22716
23518. 22716,22832
23519. 22719,22717
23520. 22717,22718
23521. 22718,22721
23522. 22722,22719
23523. 22725,22724
23524. 22736,22725
23525. 22730,22726
23526. 22726,22739
23527. 22728,22727
23528. 22727,22741
23529. 22766,22728
23530. 22731,22729
23531. 22729,22733
23532. 22732,22730
23533. 22739,22731
23534. 22737,22732
23535. 22733,22736
23536. 22741,22734
23537. 22734,22740
23538. 22738,22735
23539. 22735,22737
23540. 22740,22738
23541. 22743,22742
23542. 22742,23122
23543. 22820,22743
23544. 22746,22744
23545. 22744,22745
23546. 22745,22751
23547. 22748,22746
23548. 22756,22747
23549. 22747,22750
23550. 22831,22748
23551. 23122,22749
23552. 22749,22754
23553. 22750,22753
23554. 22751,22756
23555. 22753,22752
23556. 22752,23123
23557. 22754,22755
23558. 22755,22787
23559. 22762,22757
23560. 22757,22758
23561. 22758,22766
23562. 22769,22759
23563. 22759,22778
23564. 22770,22760
23565. 22760,22765
23566. 22774,22761
23567. 22761,22771
23568. 22764,22762
23569. 22776,22763
23570. 22763,22768
23571. 22778,22764
23572. 22765,22774
23573. 22771,22767
23574. 22767,22776
23575. 22768,22769
23576. 22773,22770
23577. 22779,22772
23578. 22772,22775
23579. 22777,22773
23580. 22775,22777
23581. 23123,22779
23582. 22784,22780
23583. 22780,22785
23584. 22786,22781
23585. 22781,22872
23586. 22785,22782
23587. 22782,23127
23588. 22787,22783
23589. 22783,22784
23590. 23127,22786
23591. 22791,22788
23592. 22788,22796
23593. 22800,22789
23594. 22789,22794
23595. 22794,22790
23596. 22790,22795
23597. 22797,22791
23598. 22799,22792
23599. 22792,22797
23600. 22795,22793
23601. 22793,22799
23602. 22796,23126
23603. 23126,22798
23604. 22798,23128
23605. 23127,22800
23606. 23813,22801
23607. 23133,22801
23608. 22825,22802
23609. 22802,22804
23610. 22826,22803
23611. 22803,22815
23612. 22804,22805
23613. 22805,22808
23614. 22819,22806
23615. 22806,22807
23616. 22807,22809
23617. 22808,22814
23618. 22809,22825
23619. 22821,22810
23620. 22810,22819
23621. 22812,22811
23622. 22811,22824
23623. 22816,22812
23624. 22815,22813
23625. 22813,22828
23626. 22814,22823
23627. 22828,22816
23628. 22822,22817
23629. 22817,22818
23630. 22818,22826
23631. 22824,22820
23632. 22827,22821
23633. 23134,22822
23634. 22823,23134
23635. 22838,22827
23636. 22832,22829
23637. 22829,22833
23638. 22833,22830
23639. 22830,23148
23640. 23148,22831
23641. 22837,22834
23642. 22834,22836
23643. 22836,22835
23644. 22835,22842
23645. 22841,22837
23646. 22842,22838
23647. 22840,22839
23648. 22839,22841
23649. 23184,22840
23650. 22840,23178
23651. 23192,22843
23652. 23193,22843
23653. 22872,22844
23654. 22844,22862
23655. 22873,22845
23656. 22845,22867
23657. 22868,22846
23658. 22846,22869
23659. 22859,22847
23660. 22847,22850
23661. 22849,22848
23662. 22848,22873
23663. 22864,22849
23664. 22850,22857
23665. 22870,22851
23666. 22851,22868
23667. 22855,22852
23668. 22852,22853
23669. 22853,22861
23670. 22871,22854
23671. 22854,22866
23672. 22860,22855
23673. 22863,22856
23674. 22856,22899
23675. 22857,22865
23676. 22862,22858
23677. 22858,22870
23678. 22869,22859
23679. 22867,22860
23680. 22861,22863
23681. 22866,22864
23682. 22865,22871
23683. 22875,22874
23684. 22874,22877
23685. 23227,22875
23686. 22878,22876
23687. 22876,23216
23688. 22877,22878
23689. 22890,22879
23690. 22879,22880
23691. 22880,22904
23692. 23216,22881
23693. 22881,22902
23694. 22904,22882
23695. 22882,22889
23696. 22899,22883
23697. 22883,22885
23698. 22903,22884
23699. 22884,22898
23700. 22885,22901
23701. 22888,22886
23702. 22886,22892
23703. 22896,22887
23704. 22887,22890
23705. 22891,22888
23706. 22889,22893
23707. 22893,22891
23708. 22892,22903
23709. 22898,22894
23710. 22894,22900
23711. 22901,22895
23712. 22895,22896
23713. 22902,22897
23714. 22897,23217
23715. 22900,23216
23716. 22912,22905
23717. 22905,22916
23718. 22918,22906
23719. 22906,22920
23720. 22915,22907
23721. 22907,22917
23722. 22914,22908
23723. 22908,22912
23724. 22916,22909
23725. 22909,22913
23726. 22913,22910
23727. 22910,22911
23728. 22911,22918
23729. 22917,22914
23730. 22915,23222
23731. 22920,22919
23732. 22919,22921
23733. 22921,23227
23734. 22923,22924
23735. 22924,22925
23736. 22925,22939
23737. 22929,22926
23738. 22926,22932
23739. 22931,22927
23740. 22927,22930
23741. 22934,22928
23742. 22928,22933
23743. 22936,22929
23744. 22930,22934
23745. 22932,22931
23746. 22937,22935
23747. 22935,22936
23748. 22938,22937
23749. 22939,22938
23750. 22974,22940
23751. 22946,22941
23752. 22956,22942
23753. 22942,22945
23754. 22945,22943
23755. 22943,22944
23756. 22944,22946
23757. 22964,22947
23758. 22947,22963
23759. 22949,22948
23760. 22948,22962
23761. 22972,22949
23762. 22960,22950
23763. 22950,22955
23764. 22959,22951
23765. 22951,22957
23766. 22955,22952
23767. 22952,22967
23768. 22965,22953
23769. 22953,22960
23770. 22957,22954
23771. 22954,22958
23772. 22961,22956
23773. 22958,22965
23774. 22966,22959
23775. 22967,22961
23776. 22962,22964
23777. 22963,22966
23778. 22969,22968
23779. 22968,22970
23780. 22971,22969
23781. 22970,22972
23782. 22977,22973
23783. 22973,22975
23784. 22975,22974
23785. 22978,22976
23786. 22976,22977
23787. 22981,22979
23788. 22979,22985
23789. 22983,22980
23790. 22984,22981
23791. 22995,22982
23792. 22982,22986
23793. 22985,22983
23794. 22986,22984
23795. 22989,22988
23796. 22988,22991
23797. 22990,22989
23798. 22992,22990
23799. 23008,22992
23800. 22996,22993
23801. 22993,22997
23802. 22998,22994
23803. 22994,22996
23804. 22997,22995
23805. 23001,22999
23806. 22999,23002
23807. 23000,23001
23808. 23005,23000
23809. 23000,23004
23810. 23004,23003
23811. 23003,23040
23812. 23020,23005
23813. 23011,23006
23814. 23006,23012
23815. 23009,23007
23816. 23007,23011
23817. 23010,23008
23818. 23014,23009
23819. 23012,23010
23820. 23018,23013
23821. 23013,23016
23822. 23016,23014
23823. 23017,23015
23824. 23015,23018
23825. 23022,23020
23826. 23023,23021
23827. 23021,23022
23828. 23023,23027
23829. 23028,23024
23830. 23024,23026
23831. 23026,23025
23832. 23025,23027
23833. 23031,23029
23834. 23029,23030
23835. 23030,23080
23836. 23037,23034
23837. 23034,23035
23838. 23035,23036
23839. 23036,23044
23840. 23038,23037
23841. 23039,23038
23842. 23053,23041
23843. 23041,23051
23844. 23049,23042
23845. 23042,23094
23846. 23046,23043
23847. 23044,23055
23848. 23051,23045
23849. 23045,23048
23850. 23050,23046
23851. 23057,23047
23852. 23047,23056
23853. 23048,23049
23854. 23058,23050
23855. 23052,23057
23856. 23056,23053
23857. 23055,23054
23858. 23054,23058
23859. 23074,23059
23860. 23059,23077
23861. 23061,23060
23862. 23060,23063
23863. 23076,23061
23864. 23073,23062
23865. 23062,23076
23866. 23063,23075
23867. 23072,23064
23868. 23064,23071
23869. 23066,23065
23870. 23065,23079
23871. 23078,23066
23872. 23079,23067
23873. 23067,23069
23874. 23069,23068
23875. 23068,23072
23876. 23075,23070
23877. 23071,23081
23878. 23077,23073
23879. 23081,23074
23880. 23080,23078
23881. 23087,23082
23882. 23082,23092
23883. 23088,23083
23884. 23083,23093
23885. 23090,23084
23886. 23084,23088
23887. 23086,23085
23888. 23085,23095
23889. 23089,23086
23890. 23091,23087
23891. 23094,23089
23892. 23092,23090
23893. 23095,23091
23894. 23093,23108
23895. 23099,23096
23896. 23096,23102
23897. 23103,23097
23898. 23097,23100
23899. 23100,23098
23900. 23098,23099
23901. 23104,23101
23902. 23101,23103
23903. 23102,23117
23904. 23109,23105
23905. 23105,23115
23906. 23112,23106
23907. 23106,23109
23908. 23114,23107
23909. 23107,23111
23910. 23108,23110
23911. 23110,23113
23912. 23111,23112
23913. 23113,23114
23914. 23115,23116
23915. 23117,23119
23916. 23118,23121
23917. 23119,23120
23918. 23121,23172
23919. 23123,23122
23920. 23125,23124
23921. 23124,23132
23922. 23126,23125
23923. 23233,23128
23924. 23130,23129
23925. 23129,23133
23926. 23131,23130
23927. 23132,23131
23928. 23146,23134
23929. 23139,23135
23930. 23135,23141
23931. 23137,23136
23932. 23136,23138
23933. 23141,23137
23934. 23138,23146
23935. 23142,23139
23936. 23145,23140
23937. 23140,23143
23938. 23143,23142
23939. 23147,23144
23940. 23144,23145
23941. 23148,23147
23942. 23159,23149
23943. 23149,23150
23944. 23150,23158
23945. 23155,23151
23946. 23151,23159
23947. 23158,23152
23948. 23152,23183
23949. 23157,23153
23950. 23153,23156
23951. 23162,23154
23952. 23154,23157
23953. 23156,23155
23954. 23174,23160
23955. 23160,23165
23956. 23167,23161
23957. 23161,23164
23958. 23171,23162
23959. 23170,23163
23960. 23163,23171
23961. 23164,23170
23962. 23165,23176
23963. 23168,23166
23964. 23166,23174
23965. 23169,23167
23966. 23173,23168
23967. 23175,23169
23968. 23172,23173
23969. 23176,23175
23970. 23181,23177
23971. 23177,23182
23972. 23178,23179
23973. 23179,23180
23974. 23180,23181
23975. 23182,23185
23976. 23183,23184
23977. 23185,23186
23978. 23186,23190
23979. 23190,23187
23980. 23187,23189
23981. 23191,23188
23982. 23188,23192
23983. 23189,23191
23984. 23213,23193
23985. 23199,23194
23986. 23194,23212
23987. 23214,23195
23988. 23195,23198
23989. 23215,23196
23990. 23196,23202
23991. 23226,23197
23992. 23197,23215
23993. 23198,23208
23994. 23208,23199
23995. 23201,23200
23996. 23200,23214
23997. 23207,23201
23998. 23202,23204
23999. 23205,23203
24000. 23203,23209
24001. 23204,23206
24002. 23212,23205
24003. 23206,23210
24004. 23211,23207
24005. 23209,23213
24006. 23210,23211
24007. 23540,23217
24008. 23224,23218
24009. 23218,23223
24010. 23221,23219
24011. 23219,23225
24012. 23223,23220
24013. 23220,23226
24014. 23222,23221
24015. 23225,23224
24016. 23251,23228
24017. 23228,23232
24018. 23230,23229
24019. 23229,23231
24020. 23232,23230
24021. 23231,23233
24022. 23238,23234
24023. 23234,23236
24024. 23236,23235
24025. 23235,23240
24026. 23360,23237
24027. 23237,23238
24028. 23240,23239
24029. 23239,23246
24030. 23249,23241
24031. 23241,23811
24032. 23811,23242
24033. 23242,23247
24034. 23248,23243
24035. 23243,23249
24036. 23252,23244
24037. 23244,23248
24038. 23246,23245
24039. 23245,23250
24040. 23247,23251
24041. 23250,23252
24042. 23258,23253
24043. 23253,23256
24044. 23259,23254
24045. 23254,23263
24046. 23260,23255
24047. 23255,23262
24048. 23256,23257
24049. 23257,23259
24050. 23262,23258
24051. 23266,23260
24052. 23263,23261
24053. 23261,23264
24054. 23268,23265
24055. 23265,23270
24056. 23269,23266
24057. 23274,23267
24058. 23267,23268
24059. 23270,23269
24060. 23272,23271
24061. 23271,23275
24062. 23828,23272
24063. 23275,23273
24064. 23273,23274
24065. 23280,23276
24066. 23276,23278
24067. 23278,23277
24068. 23277,23279
24069. 23279,23828
24070. 23281,23280
24071. 23283,23281
24072. 23311,23282
24073. 23282,23283
24074. 23293,23284
24075. 23284,23286
24076. 23286,23285
24077. 23285,23333
24078. 23290,23287
24079. 23287,23293
24080. 23836,23288
24081. 23288,23289
24082. 23289,23291
24083. 23292,23290
24084. 23291,23292
24085. 23297,23294
24086. 23294,23299
24087. 23299,23295
24088. 23295,23380
24089. 23837,23296
24090. 23296,23298
24091. 23298,23297
24092. 23303,23300
24093. 23300,23835
24094. 23307,23301
24095. 23301,23306
24096. 23304,23302
24097. 23302,23303
24098. 23837,23304
24099. 23835,23305
24100. 23305,23307
24101. 23306,23388
24102. 23310,23308
24103. 23308,23311
24104. 23312,23309
24105. 23309,23310
24106. 23836,23312
24107. 23321,23313
24108. 23313,23317
24109. 23318,23314
24110. 23314,23321
24111. 23837,23315
24112. 23315,23320
24113. 23836,23316
24114. 23316,23319
24115. 23317,23336
24116. 23319,23318
24117. 23320,23836
24118. 23326,23322
24119. 23322,23328
24120. 23334,23323
24121. 23323,23324
24122. 23324,23327
24123. 23329,23325
24124. 23325,23330
24125. 23330,23326
24126. 23327,23329
24127. 23328,23402
24128. 23333,23331
24129. 23331,23332
24130. 23332,23368
24131. 23842,23334
24132. 23338,23335
24133. 23335,23337
24134. 23336,23338
24135. 23337,23340
24136. 23340,23339
24137. 23339,23842
24138. 23346,23341
24139. 23341,23359
24140. 23355,23342
24141. 23342,23361
24142. 23350,23343
24143. 23343,23345
24144. 23348,23344
24145. 23344,23357
24146. 23345,23351
24147. 23354,23346
24148. 23362,23347
24149. 23347,23366
24150. 23385,23348
24151. 23359,23349
24152. 23349,23355
24153. 23366,23350
24154. 23351,23353
24155. 23364,23352
24156. 23352,23358
24157. 23353,23365
24158. 23356,23354
24159. 23363,23356
24160. 23357,23363
24161. 23358,23362
24162. 23365,23360
24163. 23361,23847
24164. 23847,23364
24165. 23369,23367
24166. 23367,23370
24167. 23368,23369
24168. 23370,23469
24169. 23383,23371
24170. 23371,23374
24171. 23382,23372
24172. 23372,23376
24173. 23378,23373
24174. 23373,23375
24175. 23374,23382
24176. 23375,23379
24177. 23376,23855
24178. 23381,23377
24179. 23377,23478
24180. 23380,23378
24181. 23379,23383
24182. 23855,23381
24183. 23388,23384
24184. 23384,23387
24185. 23386,23385
24186. 23389,23386
24187. 23387,23390
24188. 23390,23389
24189. 23869,23391
24190. 23391,23392
24191. 23392,23433
24192. 23394,23393
24193. 23393,23398
24194. 23397,23394
24195. 23396,23395
24196. 23395,23400
24197. 23401,23396
24198. 23403,23397
24199. 23398,23401
24200. 23869,23399
24201. 23399,23438
24202. 23400,23869
24203. 23402,23407
24204. 23405,23403
24205. 23413,23404
24206. 23404,23412
24207. 23406,23405
24208. 23410,23406
24209. 23407,23409
24210. 23870,23408
24211. 23408,23410
24212. 23409,23411
24213. 23411,23413
24214. 23412,23870
24215. 23459,23414
24216. 23414,23418
24217. 23418,23415
24218. 23415,23416
24219. 23416,23417
24220. 23417,23419
24221. 23419,23870
24222. 23433,23420
24223. 23420,23427
24224. 23422,23421
24225. 23421,23428
24226. 23431,23422
24227. 23430,23423
24228. 23423,23424
24229. 23424,23432
24230. 23432,23425
24231. 23425,23585
24232. 23429,23426
24233. 23426,23434
24234. 23427,23435
24235. 23428,23429
24236. 23434,23430
24237. 23435,23431
24238. 23438,23436
24239. 23436,23437
24240. 23446,23439
24241. 23439,23457
24242. 23451,23440
24243. 23440,23452
24244. 23443,23441
24245. 23441,23445
24246. 23453,23442
24247. 23442,23456
24248. 23448,23443
24249. 23449,23444
24250. 23444,23450
24251. 23445,23453
24252. 23452,23446
24253. 23458,23447
24254. 23447,23448
24255. 23904,23449
24256. 23450,23458
24257. 23456,23451
24258. 23455,23454
24259. 23454,23459
24260. 23457,23455
24261. 23460,23871
24262. 23875,23460
24263. 23460,23879
24264. 23466,23461
24265. 23461,23462
24266. 23462,23465
24267. 23464,23463
24268. 23463,23468
24269. 23469,23464
24270. 23465,23904
24271. 23467,23466
24272. 23468,23467
24273. 23471,23470
24274. 23470,23880
24275. 23475,23471
24276. 23479,23472
24277. 23472,23480
24278. 23480,23473
24279. 23473,23475
24280. 23478,23474
24281. 23474,23479
24282. 23880,23476
24283. 23476,23477
24284. 23477,23506
24285. 23489,23481
24286. 23481,23483
24287. 23492,23482
24288. 23482,23490
24289. 23483,23484
24290. 23484,23486
24291. 23490,23485
24292. 23485,23487
24293. 23486,23494
24294. 23487,23491
24295. 23491,23488
24296. 23488,23646
24297. 23493,23489
24298. 23905,23492
24299. 23904,23493
24300. 23494,23905
24301. 23505,23495
24302. 23495,23497
24303. 23498,23496
24304. 23496,23500
24305. 23497,23508
24306. 23501,23498
24307. 23506,23499
24308. 23499,23501
24309. 23500,23507
24310. 23508,23502
24311. 23502,23655
24312. 23906,23503
24313. 23503,23504
24314. 23504,23505
24315. 23507,23906
24316. 23519,23509
24317. 23509,23512
24318. 23520,23510
24319. 23510,23518
24320. 23518,23511
24321. 23511,23513
24322. 23512,23517
24323. 23513,23519
24324. 23515,23514
24325. 23514,23516
24326. 23517,23515
24327. 23516,23521
24328. 23905,23520
24329. 23521,23522
24330. 23522,23906
24331. 23907,23523
24332. 23523,23914
24333. 23670,23524
24334. 23524,23526
24335. 23526,23525
24336. 23525,23572
24337. 23528,23527
24338. 23527,23530
24339. 23529,23528
24340. 23915,23529
24341. 23530,23543
24342. 23535,23531
24343. 23531,23534
24344. 23536,23532
24345. 23532,23538
24346. 23534,23533
24347. 23533,23537
24348. 23565,23535
24349. 23539,23536
24350. 23537,23539
24351. 23538,23915
24352. 23915,23540
24353. 23542,23541
24354. 23543,23542
24355. 23918,23544
24356. 23919,23544
24357. 23560,23545
24358. 23545,23564
24359. 23568,23546
24360. 23546,23580
24361. 23567,23547
24362. 23547,23573
24363. 23580,23548
24364. 23548,23561
24365. 23559,23549
24366. 23549,23565
24367. 23566,23550
24368. 23550,23557
24369. 23570,23551
24370. 23551,23566
24371. 23561,23552
24372. 23552,23577
24373. 23558,23553
24374. 23553,23555
24375. 23562,23554
24376. 23554,23575
24377. 23555,23578
24378. 23577,23556
24379. 23556,23570
24380. 23557,23558
24381. 23574,23559
24382. 23571,23560
24383. 23919,23562
24384. 23581,23563
24385. 23563,23571
24386. 23564,23568
24387. 23572,23567
24388. 23579,23569
24389. 23569,23574
24390. 23573,23576
24391. 23575,23581
24392. 23576,23919
24393. 23578,23579
24394. 23586,23582
24395. 23582,23584
24396. 23585,23583
24397. 23583,23586
24398. 23584,23920
24399. 23592,23587
24400. 23587,23595
24401. 23589,23588
24402. 23588,23619
24403. 23590,23589
24404. 23594,23590
24405. 23593,23591
24406. 23591,23594
24407. 23920,23592
24408. 23595,23593
24409. 23609,23596
24410. 23596,23617
24411. 23598,23597
24412. 23597,23608
24413. 23604,23598
24414. 23617,23599
24415. 23599,23616
24416. 23611,23600
24417. 23600,23604
24418. 23603,23601
24419. 23601,23642
24420. 23606,23602
24421. 23602,23612
24422. 23613,23603
24423. 23616,23605
24424. 23605,23607
24425. 23615,23606
24426. 23607,23615
24427. 23608,23614
24428. 23614,23609
24429. 23920,23610
24430. 23610,23611
24431. 23612,23613
24432. 23621,23618
24433. 23618,23620
24434. 23619,23621
24435. 23620,23635
24436. 23632,23622
24437. 23622,23623
24438. 23623,23636
24439. 23636,23624
24440. 23624,23640
24441. 23629,23625
24442. 23625,23628
24443. 23641,23626
24444. 23626,23639
24445. 23631,23627
24446. 23627,23633
24447. 23628,23641
24448. 23633,23629
24449. 23639,23630
24450. 23630,23637
24451. 23640,23631
24452. 23638,23632
24453. 23635,23634
24454. 23634,23638
24455. 23637,23921
24456. 23642,23643
24457. 23643,23931
24458. 23645,23644
24459. 23644,23648
24460. 23647,23645
24461. 23646,23651
24462. 23652,23647
24463. 23648,23649
24464. 23649,23715
24465. 23651,23650
24466. 23650,23947
24467. 23653,23652
24468. 23931,23653
24469. 23655,23654
24470. 23654,23664
24471. 23666,23656
24472. 23656,23658
24473. 23669,23657
24474. 23657,23665
24475. 23658,23667
24476. 23668,23659
24477. 23659,23678
24478. 23664,23660
24479. 23660,23663
24480. 23667,23661
24481. 23661,23668
24482. 23665,23662
24483. 23662,23666
24484. 23663,23669
24485. 23677,23670
24486. 23674,23671
24487. 23671,23675
24488. 23673,23672
24489. 23672,23676
24490. 23675,23673
24491. 23703,23674
24492. 23676,23677
24493. 23678,23686
24494. 23680,23679
24495. 23679,23682
24496. 23683,23680
24497. 23733,23681
24498. 23681,23683
24499. 23682,23698
24500. 23686,23684
24501. 23684,23690
24502. 23693,23685
24503. 23685,23692
24504. 23952,23687
24505. 23687,23688
24506. 23688,23689
24507. 23689,23696
24508. 23690,23691
24509. 23691,23695
24510. 23692,23694
24511. 23696,23693
24512. 23694,23719
24513. 23695,23697
24514. 23697,23951
24515. 23698,23705
24516. 23705,23699
24517. 23699,23700
24518. 23700,23701
24519. 23701,23702
24520. 23702,23706
24521. 23704,23703
24522. 23951,23704
24523. 23706,23952
24524. 23715,23707
24525. 23707,23709
24526. 23711,23708
24527. 23708,23710
24528. 23709,23711
24529. 23710,23954
24530. 23954,23712
24531. 23712,23716
24532. 23717,23713
24533. 23713,23714
24534. 23714,23745
24535. 23716,23717
24536. 23719,23718
24537. 23718,23720
24538. 23720,23774
24539. 23724,23721
24540. 23721,23725
24541. 23731,23722
24542. 23722,23724
24543. 23964,23723
24544. 23723,23733
24545. 23725,23734
24546. 23727,23726
24547. 23726,23730
24548. 23735,23727
24549. 23734,23728
24550. 23728,23964
24551. 23730,23729
24552. 23729,23732
24553. 23732,23731
24554. 23766,23735
24555. 23741,23736
24556. 23736,23737
24557. 23737,23742
24558. 23740,23738
24559. 23738,23743
24560. 23742,23739
24561. 23739,23740
24562. 23758,23741
24563. 23748,23744
24564. 23744,23753
24565. 23745,23757
24566. 23965,23746
24567. 23746,23756
24568. 23753,23747
24569. 23747,23755
24570. 23750,23748
24571. 23751,23749
24572. 23749,23750
24573. 23756,23751
24574. 23755,23752
24575. 23752,23966
24576. 23966,23754
24577. 23757,23965
24578. 23965,23758
24579. 23966,23759
24580. 23759,23762
24581. 23770,23760
24582. 23760,23772
24583. 23764,23761
24584. 23761,23768
24585. 23762,23767
24586. 23769,23763
24587. 23763,23765
24588. 23767,23764
24589. 23765,23766
24590. 23768,23770
24591. 23771,23769
24592. 23772,23771
24593. 23778,23773
24594. 23774,23775
24595. 23775,23776
24596. 23776,23777
24597. 23777,23778
24598. 23784,23779
24599. 23779,23793
24600. 23791,23780
24601. 23780,23789
24602. 23787,23781
24603. 23781,23786
24604. 23795,23782
24605. 23782,23792
24606. 23792,23783
24607. 23783,23787
24608. 23825,23784
24609. 23793,23785
24610. 23785,23795
24611. 23786,23790
24612. 23789,23788
24613. 23788,23794
24614. 23790,23791
24615. 23794,23796
24616. 23807,23797
24617. 23797,23812
24618. 23802,23798
24619. 23798,23800
24620. 23805,23799
24621. 23799,23801
24622. 23800,23805
24623. 23801,23806
24624. 23803,23802
24625. 23804,23803
24626. 23811,23804
24627. 23806,23809
24628. 23810,23807
24629. 23812,23808
24630. 23808,23813
24631. 23809,23810
24632. 23819,23814
24633. 23814,23818
24634. 23824,23815
24635. 23815,23820
24636. 23830,23816
24637. 23816,23823
24638. 23823,23817
24639. 23817,23824
24640. 23818,23825
24641. 23821,23819
24642. 23820,23822
24643. 23822,23821
24644. 23828,23826
24645. 23826,23827
24646. 23827,23833
24647. 23831,23829
24648. 23829,23830
24649. 23832,23831
24650. 23835,23832
24651. 23833,23834
24652. 23834,23840
24653. 23840,23838
24654. 23838,23841
24655. 23841,23839
24656. 23839,23842
24657. 23845,23843
24658. 23843,23848
24659. 23849,23844
24660. 23844,23845
24661. 23848,23846
24662. 23846,23847
24663. 23854,23849
24664. 23855,23850
24665. 23850,23851
24666. 23851,23853
24667. 23853,23852
24668. 23852,23854
24669. 23859,23856
24670. 23856,23857
24671. 23857,23868
24672. 23862,23858
24673. 23858,23864
24674. 23860,23859
24675. 23865,23860
24676. 23864,23861
24677. 23861,23867
24678. 23866,23862
24679. 23868,23863
24680. 23863,23866
24681. 23890,23865
24682. 23871,23874
24683. 23874,23872
24684. 23872,23873
24685. 23873,23881
24686. 23878,23875
24687. 23877,23876
24688. 23876,23897
24689. 23879,23877
24690. 23880,23878
24691. 23881,23883
24692. 23883,23882
24693. 23882,23911
24694. 23885,23884
24695. 23884,23886
24696. 23888,23885
24697. 23886,23913
24698. 23889,23887
24699. 23887,23917
24700. 23914,23888
24701. 23912,23889
24702. 23895,23890
24703. 23901,23891
24704. 23891,23902
24705. 23893,23892
24706. 23892,23895
24707. 23896,23893
24708. 23897,23894
24709. 23894,23901
24710. 23898,23896
24711. 23900,23898
24712. 23903,23899
24713. 23899,23900
24714. 23902,23903
24715. 23910,23907
24716. 23909,23908
24717. 23908,23910
24718. 23911,23909
24719. 23913,23912
24720. 23917,23916
24721. 23916,23918
24722. 23921,23930
24723. 23930,23922
24724. 23922,23926
24725. 23925,23923
24726. 23923,23953
24727. 23926,23924
24728. 23924,23927
24729. 23929,23925
24730. 23927,23928
24731. 23928,23929
24732. 23947,23931
24733. 23946,23932
24734. 23932,23945
24735. 23947,23933
24736. 23933,23940
24737. 23939,23934
24738. 23934,23936
24739. 23941,23935
24740. 23935,23944
24741. 23936,23948
24742. 23943,23937
24743. 23937,23957
24744. 23945,23938
24745. 23938,23939
24746. 23940,23941
24747. 23949,23942
24748. 23942,23943
24749. 23944,23946
24750. 23948,23950
24751. 23950,23949
24752. 23951,23952
24753. 23953,23954
24754. 23956,23955
24755. 23955,23959
24756. 23957,23956
24757. 23959,23958
24758. 23958,23963
24759. 23962,23960
24760. 23960,23961
24761. 23961,23964
24762. 23963,23962
