0. -7.283381,20.722446
1. -7.999737,18.951759
2. -5.844137,14.079924
3. -5.86877,15.24971
4. -7.229038,12.879195
5. -9.77707,19.136639
6. -10.697635,22.323875
7. -9.266939,15.242286
8. -9.251585,14.125843
9. -12.641888,22.588491
10. -13.000627,22.727108
11. -12.528539,20.818942
12. -11.784266,19.913235
13. -12.2224,15.55016
14. -12.566544,16.217022
15. -12.367125,13.551893
16. -14.492982,14.116573
17. -14.815338,13.637981
18. -14.785007,13.730421
19. -14.788202,13.809643
20. -14.774571,13.840628
21. -14.915302,13.499451
22. -14.878806,13.566506
23. -14.881886,13.532292
24. -14.849024,13.607597
25. -14.903006,13.513441
26. -18.024629,21.433082
27. -11.100167,23.924961
28. -11.106,24.01607
29. -11.067149,23.647213
30. -11.013234,23.5849
31. -11.024861,23.300457
32. -10.96841,23.465939
33. -11.105052,23.722401
34. -11.118528,23.211365
35. -10.983914,23.439674
36. -11.241799,23.151283
37. -10.969,23.402252
38. -11.09663,23.209991
39. -11.107411,23.886852
40. -11.09225,23.811665
41. -11.005146,23.532715
42. -7.357232,20.779524
43. -8.369382,20.659618
44. -7.609339,20.710258
45. -7.684369,20.696526
46. -7.980783,20.665283
47. -7.776904,20.70322
48. -7.480176,20.768967
49. -8.067473,20.66391
50. -7.324373,20.773344
51. -8.154994,20.6567
52. -7.369043,20.834541
53. -7.38529,20.835915
54. -7.41641,20.807805
55. -8.213996,18.951674
56. -8.27643,18.945494
57. -8.018521,18.937511
58. -8.367896,18.909273
59. -8.332845,18.914337
60. -8.119648,18.990898
61. -5.906208,14.090996
62. -6.078126,14.178715
63. -6.151179,14.208326
64. -6.046589,14.109364
65. -6.025186,14.081769
66. -6.312441,14.15657
67. -6.04804,14.157944
68. -6.306384,14.188499
69. -6.263875,14.232616
70. -5.983328,14.072242
71. -6.076121,15.091696
72. -5.888321,15.222931
73. -6.203317,15.072899
74. -6.290473,15.051441
75. -6.096561,15.095987
76. -6.117385,15.070066
77. -6.02333,15.139332
78. -6.178998,15.04406
79. -5.982869,15.187912
80. -6.063617,15.103369
81. -6.276246,15.06835
82. -6.386741,14.089022
83. -6.351298,15.053329
84. -6.523498,15.019169
85. -6.766003,15.168686
86. -6.528443,15.034275
87. -6.876452,15.25383
88. -6.493309,15.007324
89. -6.71469,15.157614
90. -6.472671,15.036335
91. -6.71827,15.177698
92. -6.337223,15.063629
93. -6.628673,15.12826
94. -6.623003,15.110235
95. -6.55961,15.04612
96. -6.958079,15.305071
97. -6.997354,15.31992
98. -6.834142,15.231857
99. -6.888126,15.302839
100. -6.557947,15.083542
101. -7.017374,15.309019
102. -6.672749,15.127916
103. -6.859409,15.235376
104. -6.901547,15.31713
105. -6.137675,12.380905
106. -6.17439,12.366829
107. -6.198795,12.372751
108. -6.131466,12.369404
109. -6.734082,13.588886
110. -6.955608,13.134241
111. -6.794214,13.368559
112. -6.798134,13.424435
113. -6.758161,13.498592
114. -6.513222,13.923626
115. -6.605909,13.895988
116. -6.916586,13.217154
117. -6.758673,13.595152
118. -6.471904,13.965597
119. -6.776231,13.579617
120. -6.781515,13.350191
121. -6.624495,13.848438
122. -6.711792,13.651972
123. -6.713837,13.609829
124. -6.841002,13.275261
125. -6.691834,13.772972
126. -6.422138,14.038038
127. -6.801117,13.336029
128. -6.892344,12.781219
129. -6.886635,12.831688
130. -6.900524,12.845249
131. -6.973713,12.844048
132. -6.628801,12.566299
133. -6.724109,12.622261
134. -6.42943,12.469139
135. -6.686005,12.580719
136. -6.352066,12.418327
137. -6.386357,12.436523
138. -7.369702,15.381546
139. -7.192827,15.332451
140. -7.177328,15.340776
141. -7.313731,15.357599
142. -7.247493,15.345583
143. -7.592962,15.28533
144. -7.572394,15.276017
145. -7.673183,15.248337
146. -7.318158,15.369358
147. -7.268694,15.339231
148. -7.536892,15.310907
149. -7.476474,15.352964
150. -7.439922,15.385795
151. -7.709843,15.259838
152. -8.428947,15.475359
153. -8.151383,15.382833
154. -8.078393,15.34421
155. -7.971815,15.347042
156. -8.307346,15.436993
157. -8.031737,15.33082
158. -7.829116,15.279236
159. -8.090035,15.364723
160. -7.917836,15.314255
161. -8.354988,15.439653
162. -8.217564,15.368757
163. -8.393455,15.452356
164. -7.744991,15.260353
165. -8.191824,15.373049
166. -7.638476,13.142223
167. -8.155886,13.427439
168. -7.130191,12.983437
169. -7.874265,13.30822
170. -7.40975,12.976141
171. -7.502812,13.008499
172. -8.276876,13.435936
173. -8.403475,13.468294
174. -7.731915,13.331738
175. -7.314668,12.928247
176. -7.785238,13.321266
177. -7.656596,13.159647
178. -7.553909,13.008757
179. -7.180224,12.990646
180. -8.009682,13.405552
181. -8.330934,13.461299
182. -8.210259,13.425722
183. -8.358831,13.455935
184. -7.03194,13.037424
185. -8.176701,13.420658
186. -7.662253,13.207626
187. -8.415383,13.4201
188. -7.286148,12.890396
189. -7.22808,12.956915
190. -7.443114,12.974768
191. -8.190295,13.434477
192. -8.082429,13.4095
193. -7.238127,12.905331
194. -8.393179,13.469968
195. -7.25307,12.87735
196. -7.838724,13.295603
197. -8.404748,13.449926
198. -7.625354,13.039098
199. -7.168216,12.849283
200. -7.047657,12.839413
201. -7.111369,12.853146
202. -7.214967,12.863703
203. -8.90873,20.622711
204. -9.267659,20.479546
205. -9.086587,20.44693
206. -9.815384,20.154076
207. -9.658546,20.328655
208. -8.98792,20.513535
209. -9.494694,20.470104
210. -9.634177,20.407619
211. -9.578153,20.418262
212. -8.721624,20.710087
213. -8.838004,20.671806
214. -8.46991,20.663052
215. -9.667833,20.38496
216. -8.47042,20.670605
217. -8.967913,20.56778
218. -9.02166,20.444183
219. -8.85785,19.039135
220. -8.872775,19.109344
221. -8.935525,19.212856
222. -8.60402,18.98695
223. -8.81731,19.004459
224. -8.8531,19.065742
225. -8.744615,18.977337
226. -9.002163,19.213543
227. -8.497967,18.964119
228. -8.863277,19.144535
229. -8.874217,19.165306
230. -9.074891,19.261436
231. -9.708634,19.13681
232. -9.274521,19.323406
233. -9.750721,19.145994
234. -9.37243,19.326324
235. -9.660577,19.165993
236. -9.386742,19.287014
237. -9.741246,19.130716
238. -9.512471,19.176292
239. -9.16542,19.309287
240. -9.618775,19.164104
241. -9.448808,19.227104
242. -9.59034,19.175949
243. -9.155633,19.281735
244. -9.833313,19.140587
245. -9.464174,18.582001
246. -9.648858,18.955793
247. -9.32729,18.30039
248. -9.758841,19.133635
249. -9.543875,18.67341
250. -9.512767,18.654184
251. -9.746745,19.088573
252. -9.590214,18.854771
253. -9.41024,18.454542
254. -9.704785,19.048405
255. -9.799568,19.14711
256. -9.304379,18.288975
257. -9.67898,18.978624
258. -9.418877,18.431368
259. -9.600031,18.785591
260. -9.826548,19.205818
261. -9.533633,17.576923
262. -9.474588,17.887115
263. -9.355705,18.166494
264. -9.428487,17.422771
265. -9.412907,17.139788
266. -9.547345,17.78429
267. -9.423217,17.934151
268. -9.500112,17.554951
269. -9.439135,17.031856
270. -9.495879,17.53315
271. -9.408843,17.264757
272. -9.565289,17.706184
273. -9.573245,17.668762
274. -9.472641,16.916027
275. -9.53194,17.743092
276. -9.540066,17.634773
277. -9.400587,17.996464
278. -9.381492,17.161245
279. -9.40643,18.059978
280. -9.398057,17.061853
281. -9.480175,16.985636
282. -9.444892,17.906985
283. -9.277867,18.238506
284. -9.517508,17.81167
285. -9.862742,20.089188
286. -9.917534,20.002327
287. -9.968935,19.804058
288. -9.963187,19.885769
289. -11.117243,21.797776
290. -11.124634,21.785932
291. -11.119012,21.858845
292. -10.774416,22.148266
293. -10.922546,22.089901
294. -10.709189,22.285767
295. -11.230413,21.648345
296. -10.79697,22.105179
297. -11.138361,21.88498
298. -11.193263,21.779323
299. -10.901519,22.099857
300. -11.210555,21.65592
301. -11.214301,21.659675
302. -10.719858,22.175646
303. -11.040056,21.952314
304. -10.707397,22.220879
305. -11.024797,21.965103
306. -9.844476,19.217319
307. -10.125625,19.265728
308. -10.004438,19.263668
309. -10.018976,19.659519
310. -10.08929,19.424515
311. -10.048557,19.493008
312. -9.994295,19.227619
313. -9.946279,19.207535
314. -9.878809,19.204445
315. -10.145111,19.26487
316. -10.029868,19.548841
317. -9.907277,19.213929
318. -10.089121,19.453526
319. -10.059375,19.30521
320. -8.447625,15.471239
321. -9.042852,15.279579
322. -8.810694,15.405064
323. -8.49559,15.464973
324. -8.558954,15.422916
325. -9.081671,15.246792
326. -9.12286,15.227737
327. -8.975712,15.288506
328. -8.489987,15.419912
329. -8.918736,15.3582
330. -8.524536,15.411844
331. -8.761708,15.411415
332. -9.540806,16.412716
333. -9.390468,15.539303
334. -9.49317,16.519661
335. -9.511328,16.19256
336. -9.507603,15.967512
337. -9.389155,15.570202
338. -9.499138,16.647806
339. -9.421798,15.625391
340. -9.470355,16.745481
341. -9.518185,16.078234
342. -9.446268,15.767956
343. -9.515561,16.286716
344. -9.484493,16.852255
345. -9.495011,16.15222
346. -9.546044,16.357183
347. -9.424825,15.743794
348. -9.42436,15.742421
349. -9.473487,15.893354
350. -9.505995,15.986652
351. -9.217592,15.233402
352. -9.162179,15.245247
353. -9.250802,14.80442
354. -9.343425,15.375109
355. -9.275072,15.210915
356. -9.298281,14.846306
357. -9.264229,15.163279
358. -9.278714,15.030413
359. -9.283966,15.100622
360. -9.290403,14.986124
361. -9.307492,14.870682
362. -9.36447,15.466905
363. -9.320981,14.257336
364. -9.315983,14.23502
365. -9.364936,14.267721
366. -9.270921,14.152536
367. -9.486249,14.354753
368. -9.252708,14.104986
369. -9.288286,14.211502
370. -9.189336,14.311581
371. -9.142266,14.485645
372. -9.175059,14.578428
373. -9.252115,14.735241
374. -9.236697,14.170389
375. -9.232037,14.671469
376. -9.177792,14.636321
377. -9.221871,14.226694
378. -9.773982,14.519463
379. -9.689069,14.452171
380. -9.714091,14.495516
381. -9.758122,14.530277
382. -9.810436,14.534912
383. -9.506228,14.376597
384. -9.646319,14.420929
385. -9.740739,14.499893
386. -9.687208,14.42359
387. -9.67917,14.472384
388. -9.159637,13.829899
389. -8.445757,13.405895
390. -9.197301,14.005337
391. -8.56846,13.414736
392. -9.120148,13.75145
393. -9.078112,13.62133
394. -9.149426,13.916845
395. -8.508408,13.377142
396. -9.007037,13.529062
397. -8.614968,13.484087
398. -9.184507,13.96225
399. -8.475216,13.372421
400. -8.769555,13.386583
401. -9.11286,13.691497
402. -9.112796,13.689651
403. -8.756682,13.421774
404. -8.65886,13.502069
405. -8.94093,13.429499
406. -8.701443,13.449841
407. -8.858889,13.428769
408. -10.151141,14.734039
409. -10.080333,14.620914
410. -9.937613,14.571562
411. -10.193889,14.810772
412. -10.88738,15.067921
413. -10.310782,14.8106
414. -10.622564,14.959602
415. -10.77332,14.997454
416. -9.930216,14.604349
417. -10.13965,14.680996
418. -11.175792,15.040627
419. -11.05822,15.082855
420. -11.126444,15.072041
421. -10.451561,14.880037
422. -9.894071,14.609756
423. -10.036746,14.595466
424. -10.862009,15.056763
425. -10.735859,14.982433
426. -10.728944,14.979
427. -11.46072,23.038759
428. -12.295685,22.576904
429. -11.813714,22.907181
430. -11.854541,22.854395
431. -11.905776,22.868385
432. -11.342886,23.070087
433. -12.452501,22.606001
434. -12.154885,22.743073
435. -12.401623,22.58214
436. -11.415628,23.025627
437. -11.579724,23.013611
438. -12.035963,22.851219
439. -12.526538,22.584286
440. -11.874113,22.855682
441. -11.290285,23.142014
442. -11.671948,22.946577
443. -12.239827,22.604284
444. -11.906196,22.831221
445. -11.901157,22.910957
446. -11.89469,22.901173
447. -11.517999,23.022194
448. -12.655518,22.580123
449. -12.642265,22.602139
450. -12.629074,22.509785
451. -12.684471,22.659302
452. -12.883517,22.766418
453. -12.663536,22.61158
454. -12.715786,22.688828
455. -12.929364,22.734833
456. -12.868288,22.748566
457. -12.550793,20.818233
458. -11.5982,20.634856
459. -11.32677,21.229362
460. -11.43094,21.070232
461. -11.676235,20.329685
462. -11.524097,20.805874
463. -11.470982,21.051607
464. -11.368342,21.150913
465. -11.343055,21.263781
466. -11.333671,21.463337
467. -11.290958,21.625214
468. -11.686153,20.094252
469. -11.353784,21.40892
470. -11.70893,20.016232
471. -11.338889,21.509771
472. -11.784025,19.930637
473. -11.770497,19.934521
474. -11.392407,21.143274
475. -11.256636,21.602511
476. -11.51186,20.954361
477. -11.495627,21.014099
478. -11.65604,20.44796
479. -11.558618,20.778751
480. -12.504417,20.909557
481. -12.11167,20.295868
482. -11.986305,20.110903
483. -12.511121,21.048517
484. -12.351908,20.501518
485. -12.496163,20.722103
486. -12.646871,22.156162
487. -12.235255,20.379467
488. -12.053034,20.177786
489. -12.604239,21.252193
490. -11.970521,20.046444
491. -11.798927,19.853754
492. -12.643772,21.304379
493. -12.626519,22.301216
494. -12.519751,20.984488
495. -12.566502,21.157436
496. -11.823627,19.903965
497. -12.320968,20.484524
498. -11.776326,19.89727
499. -11.776137,19.913578
500. -11.909892,19.96911
501. -11.945876,19.524937
502. -11.948185,19.609566
503. -11.936786,19.250407
504. -11.91766,19.304352
505. -11.919801,19.371471
506. -11.942202,19.184704
507. -11.940208,19.625359
508. -12.064376,19.000511
509. -12.042468,19.05261
510. -12.051198,19.082737
511. -12.165834,18.34837
512. -12.149389,18.364935
513. -12.110285,18.913822
514. -12.00507,19.116468
515. -12.169778,18.426647
516. -12.056906,19.04377
517. -12.118089,18.923693
518. -12.09371,18.966351
519. -12.176406,18.568954
520. -11.959752,19.237919
521. -12.185048,18.734007
522. -12.12195,18.86404
523. -12.112467,18.837175
524. -12.233305,18.64543
525. -12.129334,18.4657
526. -12.133865,18.797436
527. -12.085359,18.987122
528. -11.956309,19.202042
529. -12.157255,18.554277
530. -11.986096,17.987795
531. -12.167554,18.280993
532. -12.013423,17.580013
533. -12.165772,18.144736
534. -12.169694,18.22855
535. -11.965819,17.769871
536. -12.189557,18.170056
537. -11.992938,17.702751
538. -12.011492,17.527056
539. -12.248969,17.202702
540. -12.178923,18.246145
541. -12.086366,17.364407
542. -12.337424,16.966968
543. -12.181188,17.238665
544. -12.249976,17.151117
545. -12.182489,18.14877
546. -12.054472,17.429037
547. -12.139425,18.105984
548. -12.02803,17.452211
549. -12.39719,16.937678
550. -12.025092,17.470236
551. -12.151403,17.276258
552. -12.430416,16.922979
553. -11.99913,18.03453
554. -12.263343,17.127256
555. -11.994281,17.657347
556. -12.150585,18.085256
557. -12.333105,16.937785
558. -13.963847,21.463766
559. -13.860622,21.450377
560. -14.029307,21.458445
561. -12.663201,20.734119
562. -13.063509,21.15984
563. -12.721647,20.725021
564. -12.99034,20.818748
565. -12.874648,20.769482
566. -13.632683,21.418362
567. -13.373337,21.224556
568. -13.225992,21.202583
569. -13.030983,21.026287
570. -13.142926,21.167736
571. -13.055817,21.089802
572. -13.290989,21.199837
573. -12.81155,20.730686
574. -13.757602,21.462564
575. -13.549423,21.38257
576. -13.80645,21.461535
577. -12.978548,20.808105
578. -13.272611,21.202583
579. -13.487,21.373043
580. -12.661568,21.443081
581. -12.688658,21.616459
582. -12.672078,21.874981
583. -11.682203,15.320091
584. -11.482296,15.225077
585. -11.602425,15.267563
586. -11.540286,15.230827
587. -11.806489,15.359745
588. -11.942475,15.353308
589. -11.324582,15.089722
590. -11.868653,15.376482
591. -11.637231,15.314941
592. -11.288728,15.065861
593. -11.750277,15.355539
594. -11.596456,15.24044
595. -11.568793,15.246019
596. -11.442634,15.186024
597. -11.848157,15.350733
598. -11.364976,15.127659
599. -12.509696,15.725899
600. -12.148676,15.47081
601. -12.15371,15.539474
602. -12.415831,15.649338
603. -12.649006,15.77302
604. -12.30231,15.600071
605. -12.482043,15.703325
606. -12.561475,15.738173
607. -12.638412,16.031456
608. -12.636025,16.047163
609. -12.459918,16.845045
610. -12.436241,16.111021
611. -12.567339,16.364565
612. -12.352495,16.045704
613. -12.270734,15.970173
614. -12.53919,16.687202
615. -12.572785,16.534681
616. -12.216507,15.524025
617. -12.216486,15.896616
618. -12.414741,16.062355
619. -12.550333,16.596136
620. -12.196877,15.62067
621. -12.554019,16.340704
622. -12.477539,16.118531
623. -12.51796,16.731148
624. -12.195639,15.86164
625. -12.191424,15.70487
626. -12.035333,15.371332
627. -12.038145,15.385408
628. -12.101389,15.414419
629. -11.986641,15.365067
630. -12.118173,15.433559
631. -12.466539,14.072886
632. -12.362011,14.623833
633. -12.473118,14.304028
634. -12.350357,14.716187
635. -12.337906,15.042343
636. -12.492099,14.204721
637. -12.369682,14.515686
638. -12.346458,15.004578
639. -12.334887,14.902954
640. -12.37685,14.594479
641. -12.229467,15.332451
642. -12.355492,14.770002
643. -12.468446,14.135327
644. -12.418178,14.39621
645. -12.471819,14.163008
646. -12.228922,15.412102
647. -12.241085,15.315714
648. -12.324175,15.14534
649. -12.353899,15.102639
650. -12.632717,13.360062
651. -12.494173,13.494
652. -12.573612,13.403428
653. -12.608406,13.357959
654. -12.588214,13.393804
655. -12.435476,13.540521
656. -12.5678,13.416452
657. -12.442653,13.942509
658. -12.388566,13.61146
659. -12.403676,13.620558
660. -12.359999,13.86157
661. -12.382509,13.652058
662. -12.474668,13.994608
663. -12.353208,13.815479
664. -12.387351,13.584895
665. -12.36877,13.562493
666. -13.37413,15.555439
667. -13.5581,15.155897
668. -13.864164,14.674473
669. -13.777443,14.925613
670. -13.371792,15.523338
671. -13.208111,15.657234
672. -12.982562,15.636978
673. -13.669632,15.121393
674. -13.434746,15.380774
675. -13.436958,15.291767
676. -13.398679,15.4
677. -13.133815,15.652256
678. -13.77144,15.020456
679. -13.998536,14.593792
680. -13.509743,15.21452
681. -13.47448,15.224218
682. -13.526809,15.184479
683. -13.946146,14.619713
684. -13.764855,14.87875
685. -12.772891,15.734847
686. -13.931485,14.64735
687. -13.446141,15.321894
688. -13.771941,14.698849
689. -13.397009,15.462141
690. -13.777693,14.731636
691. -13.790405,14.68621
692. -13.120608,15.64436
693. -13.396759,15.422487
694. -12.700872,15.756133
695. -13.68998,15.073929
696. -13.741344,15.062685
697. -13.243998,15.63921
698. -12.766205,15.725416
699. -12.848875,15.558357
700. -13.773149,14.713097
701. -12.764269,15.743194
702. -12.708083,16.009998
703. -12.743079,15.93996
704. -12.761706,15.789285
705. -12.774764,15.824175
706. -12.774241,15.734696
707. -12.765703,15.725083
708. -12.759738,15.751863
709. -12.791295,15.884171
710. -13.738051,13.961391
711. -13.382355,13.882599
712. -13.257824,13.783894
713. -12.989629,13.674631
714. -13.533401,13.930922
715. -13.642713,13.95946
716. -12.980764,13.61249
717. -12.949231,13.595409
718. -14.052746,14.048767
719. -12.71206,13.341093
720. -13.352126,13.84243
721. -13.827621,13.9571
722. -12.800544,13.375082
723. -13.204769,13.763466
724. -12.823058,13.372593
725. -13.121339,13.768444
726. -13.897202,13.977442
727. -13.943814,14.042931
728. -12.859126,13.405724
729. -12.893055,13.486233
730. -13.446287,13.892255
731. -12.948687,13.56657
732. -13.582964,13.944054
733. -13.036168,13.746686
734. -14.47873,21.423855
735. -15.398494,21.395187
736. -15.264893,21.313133
737. -14.65177,21.380253
738. -14.92766,21.263781
739. -15.00693,21.253309
740. -14.196702,21.372871
741. -14.326513,21.382313
742. -15.169317,21.289101
743. -14.890419,21.317596
744. -15.149766,21.180782
745. -14.600113,21.401711
746. -15.358439,21.34901
747. -14.234185,21.365833
748. -15.102082,21.181555
749. -15.136344,21.175632
750. -14.104769,21.4307
751. -14.806542,21.386003
752. -14.741351,18.819408
753. -14.587155,18.365536
754. -15.190482,19.179983
755. -14.652102,17.634773
756. -14.664972,17.121162
757. -14.670868,17.497272
758. -14.705573,17.366123
759. -14.874036,18.900089
760. -15.370688,19.096127
761. -15.275988,19.140759
762. -14.654427,17.029839
763. -14.663229,17.314281
764. -15.381695,19.064198
765. -15.41314,19.065228
766. -14.687889,17.222614
767. -14.889133,18.943348
768. -14.598618,18.094654
769. -14.582151,17.987666
770. -14.69561,17.341919
771. -14.680416,17.346382
772. -14.685979,18.637619
773. -15.106805,19.104967
774. -14.943209,19.007721
775. -15.312913,19.135609
776. -14.62831,17.814674
777. -14.786999,18.846016
778. -14.669041,17.25626
779. -14.664557,16.991215
780. -14.688802,18.703709
781. -14.661776,17.764463
782. -14.591184,18.214903
783. -14.999469,19.055443
784. -14.662938,17.713394
785. -14.653285,16.891608
786. -14.648489,17.684469
787. -14.664848,17.668591
788. -14.60709,18.479176
789. -15.168924,19.177194
790. -14.686145,18.666286
791. -14.663519,17.695971
792. -16.072702,21.902275
793. -15.72113,21.626759
794. -15.901492,21.775932
795. -15.569384,21.486683
796. -15.626756,21.52359
797. -15.758801,21.644611
798. -15.823966,21.715336
799. -16.147442,21.960747
800. -16.277054,21.936264
801. -16.446828,22.048702
802. -16.336448,22.035398
803. -16.199262,21.894035
804. -16.486584,22.030678
805. -16.866833,21.443596
806. -15.697169,19.104023
807. -15.957616,19.110203
808. -16.23124,19.077072
809. -16.456583,18.987293
810. -16.868866,19.271049
811. -16.069981,19.101448
812. -16.779643,19.125824
813. -15.527047,19.120502
814. -16.359427,18.999825
815. -16.344108,19.046173
816. -16.826971,19.228821
817. -16.119131,19.10162
818. -16.815551,19.181614
819. -16.86673,19.233799
820. -16.85293,19.251137
821. -16.173709,19.077587
822. -16.702875,19.081707
823. -16.575408,19.026604
824. -15.648742,19.116726
825. -15.472128,19.111576
826. -16.03773,19.093895
827. -16.390534,18.98592
828. -16.692517,19.086342
829. -14.392201,14.225922
830. -14.123508,14.516373
831. -14.269125,14.32291
832. -14.153305,14.463844
833. -14.150142,14.067478
834. -14.075913,14.07443
835. -14.488245,16.16518
836. -14.797206,14.476204
837. -14.755337,15.099421
838. -14.760151,15.267048
839. -14.767828,14.333725
840. -14.726015,15.318761
841. -14.584186,15.76036
842. -14.738985,14.953165
843. -14.371541,16.467819
844. -14.392201,16.382418
845. -14.623534,16.691837
846. -14.438961,16.351776
847. -14.576357,16.646862
848. -14.767787,14.780903
849. -14.520195,15.895071
850. -14.656835,16.812172
851. -14.491237,16.078405
852. -14.508937,16.633043
853. -14.798078,14.595337
854. -14.803306,14.646749
855. -14.681288,15.472269
856. -14.453465,16.504469
857. -14.726617,15.363092
858. -14.631175,15.664616
859. -14.830263,14.527144
860. -14.513195,15.996609
861. -14.370501,16.498461
862. -14.597351,15.718689
863. -14.736329,15.028095
864. -14.748448,15.034962
865. -14.465807,16.293497
866. -14.467137,16.272554
867. -14.570064,15.770402
868. -14.735831,15.050926
869. -14.826913,14.547207
870. -14.630843,13.934956
871. -14.596458,14.0522
872. -14.720183,13.889809
873. -14.672196,13.897705
874. -14.604266,13.985939
875. -14.116849,14.060097
876. -14.16895,14.044132
877. -14.329258,14.032974
878. -14.438088,14.040871
879. -14.760773,14.058123
880. -15.299667,13.827839
881. -15.031406,13.61043
882. -15.049745,13.614035
883. -15.221334,13.755054
884. -15.131663,13.704414
885. -15.435872,14.057264
886. -15.016443,13.590689
887. -15.184953,13.697891
888. -15.200649,13.699651
889. -15.380102,13.964911
890. -14.927048,13.512304
891. -14.928707,13.562944
892. -15.074693,13.230286
893. -14.986701,13.439884
894. -14.946506,13.481405
895. -15.056708,13.222132
896. -15.09077,13.30101
897. -15.049434,13.238053
898. -15.024671,12.774954
899. -15.043881,13.231487
900. -15.038576,13.139133
901. -15.04987,12.89649
902. -14.938389,13.47177
903. -15.040503,12.983351
904. -14.927981,13.471277
905. -15.071025,13.248696
906. -15.053848,13.111753
907. -15.015987,13.379631
908. -15.012961,12.374253
909. -15.074734,12.27499
910. -15.020899,12.410946
911. -15.126443,12.232246
912. -15.078629,12.290955
913. -15.026033,12.354008
914. -15.019489,12.640028
915. -15.198475,12.140279
916. -15.154478,12.170298
917. -15.019531,12.509222
918. -15.192853,12.149098
919. -16.219867,14.271927
920. -16.580879,14.901152
921. -16.388785,14.564781
922. -16.443947,14.703999
923. -16.714384,15.320864
924. -16.384832,14.524698
925. -15.961412,14.153824
926. -16.623403,14.911451
927. -15.771274,14.092712
928. -16.725194,15.198641
929. -15.904133,14.140434
930. -15.820745,14.105072
931. -16.837897,15.458107
932. -15.736146,14.067178
933. -16.17948,14.265747
934. -16.353209,14.436636
935. -16.759632,15.028009
936. -15.752813,14.077091
937. -16.528317,14.839997
938. -16.743955,14.974151
939. -16.284531,14.30583
940. -16.689341,14.90613
941. -16.08862,14.209099
942. -16.726509,15.355196
943. -16.420947,14.633617
944. -15.541973,14.044991
945. -16.991252,21.372614
946. -17.343101,21.472607
947. -17.472257,21.455956
948. -17.223119,21.475182
949. -16.930459,21.437931
950. -17.562497,21.457071
951. -17.507417,21.461449
952. -17.419361,21.493378
953. -17.121679,21.45647
954. -16.956732,21.398277
955. -17.212543,19.694366
956. -17.275825,19.738827
957. -17.515479,20.060692
958. -17.477169,20.02224
959. -17.373003,19.879761
960. -17.542816,20.063095
961. -17.329255,19.797878
962. -17.933866,21.452351
963. -17.619442,21.438704
964. -17.950933,21.43012
965. -17.865177,21.461964
966. -18.005019,21.397591
967. -17.924679,21.126709
968. -17.92668,21.206703
969. -17.980815,21.335535
970. -17.938725,21.10199
971. -17.979917,21.364117
972. -17.993754,20.71043
973. -17.95922,20.805016
974. -17.955138,20.905781
975. -17.851574,20.449505
976. -17.975549,20.7724
977. -17.738632,20.276642
978. -17.980284,20.682449
979. -17.758005,20.318871
980. -17.966405,20.945435
981. -17.677472,20.184631
982. -17.705929,20.244541
983. -17.958608,20.524864
984. -17.984264,20.775919
985. -17.903813,20.431309
986. -16.97939,19.377136
987. -16.945402,19.333878
988. -17.051123,19.542103
989. -17.010828,19.434128
990. -16.969704,19.376106
991. -17.014193,19.46537
992. -17.039634,19.478416
993. -17.121597,19.593945
994. -17.000076,19.433956
995. -17.094506,15.714784
996. -16.939614,15.570631
997. -16.889522,15.493898
998. -17.028022,15.643587
999. -17.240662,15.824776
1000. -17.390736,15.891209
1001. -17.095931,15.671911
1002. -17.307151,15.844388
1003. -17.00933,15.647449
1004. -17.10353,15.753965
1005. -2.356654,30.219526
1006. -2.757105,30.378141
1007. -2.667641,30.408525
1008. -2.733485,30.406809
1009. -2.8118,30.100307
1010. -2.808242,29.479151
1011. -2.910425,30.286818
1012. -2.941969,30.264759
1013. -2.831045,30.360889
1014. -2.813557,30.352736
1015. -2.845276,30.340977
1016. -2.909632,30.306644
1017. -3.157935,30.623746
1018. -2.95337,30.209656
1019. -2.977542,30.19515
1020. -2.864992,29.652185
1021. -2.889595,29.608841
1022. -2.987399,29.638195
1023. -2.839789,29.659395
1024. -2.937019,29.635191
1025. -2.910939,29.824276
1026. -2.918075,29.532709
1027. -3.00557,30.190945
1028. -3.024962,30.17056
1029. -3.124961,30.149059
1030. -3.099421,30.13258
1031. -3.13366,29.603348
1032. -3.119819,29.609184
1033. -3.038569,29.621201
1034. -3.069681,29.610987
1035. -3.033169,29.609356
1036. -3.457177,30.499549
1037. -3.220666,30.547571
1038. -3.389385,30.363121
1039. -3.248709,29.560604
1040. -3.223858,29.603691
1041. -3.193886,29.635148
1042. -3.506824,29.854231
1043. -3.349136,30.022974
1044. -3.510026,29.663579
1045. -3.481851,29.563866
1046. -3.353934,29.979973
1047. -3.512072,29.795651
1048. -3.328057,30.025463
1049. -3.396432,29.943838
1050. -3.319574,30.039454
1051. -3.280672,30.04529
1052. -2.88578,29.121559
1053. -3.145487,29.277534
1054. -3.024212,29.252815
1055. -3.067496,29.263201
1056. -2.91739,29.405208
1057. -3.316275,29.52713
1058. -3.329257,29.477177
1059. -3.354255,29.383492
1060. -3.318225,29.448552
1061. -3.328229,29.507818
1062. -3.303187,29.518161
1063. -3.431046,29.429884
1064. -3.50147,29.519405
1065. -3.474569,29.469023
1066. -3.319028,29.329591
1067. -3.416331,29.373965
1068. -3.39247,29.366026
1069. -3.433445,29.409456
1070. -3.424749,29.405937
1071. -3.292154,29.320107
1072. -3.45375,29.459238
1073. -3.41511,29.358387
1074. -3.429847,29.354525
1075. -3.507553,29.341822
1076. -3.474141,29.350834
1077. -3.518004,30.496416
1078. -3.525993,29.82213
1079. -3.522887,29.579916
1080. -3.531776,29.715657
1081. -3.520767,29.633904
1082. -3.532547,29.626265
1083. -3.529334,29.740591
1084. -3.521827,29.689457
1085. -3.52217,29.704285
1086. -3.82119,29.767199
1087. -3.599451,29.976969
1088. -3.879198,29.967785
1089. -3.984264,30.032759
1090. -4.134755,29.804664
1091. -3.941109,29.658966
1092. -4.100532,29.508591
1093. -3.715707,29.31221
1094. -4.004728,29.447222
1095. -4.049207,29.47958
1096. -4.088033,29.489536
1097. -4.06526,29.491167
1098. -4.148944,29.527988
1099. -3.943678,29.416838
1100. -3.901719,29.401474
1101. -3.588936,29.353924
1102. -3.847598,29.366541
1103. -3.975531,29.43881
1104. -3.737719,29.326544
1105. -4.27884,29.76368
1106. -4.271778,29.726257
1107. -4.318125,29.599829
1108. -4.238097,29.548244
1109. -4.424203,29.759645
1110. -4.219009,29.547386
1111. -4.306742,29.684973
1112. -4.290223,29.567299
1113. -4.340634,29.602489
1114. -4.259068,29.565067
1115. -2.459024,30.176439
1116. -2.402512,30.219097
1117. -2.372262,30.220985
1118. -2.662625,30.419941
1119. -2.481919,30.187254
1120. -2.559349,30.138502
1121. -2.59997,30.09829
1122. -2.594161,30.089664
1123. -2.504728,30.183864
1124. -2.549145,30.169058
1125. -2.61371,30.079279
1126. -2.639218,30.093956
1127. -2.784324,30.091038
1128. -2.754147,30.098333
1129. -2.687767,30.102324
1130. -2.766492,30.087004
1131. -2.799155,30.105715
1132. -2.791707,29.667978
1133. -2.744716,29.251614
1134. -2.715888,29.243674
1135. -2.782438,29.249125
1136. -2.74343,29.216337
1137. -2.730978,29.041157
1138. -2.811746,29.079309
1139. -2.737429,29.1366
1140. -2.745016,29.108191
1141. -2.72234,29.139776
1142. -2.793926,29.119005
1143. -2.717796,29.168272
1144. -2.752775,29.108191
1145. -2.883037,30.320978
1146. -2.863128,30.324712
1147. -2.862335,30.262527
1148. -2.871336,30.293512
1149. -2.845705,30.234804
1150. -2.861992,30.285101
1151. -3.000877,30.815449
1152. -3.103492,30.639496
1153. -2.976427,30.836563
1154. -3.029248,30.725455
1155. -3.06501,30.667562
1156. -3.011506,30.739446
1157. -3.02387,30.755625
1158. -3.009834,30.781932
1159. -3.053054,30.501823
1160. -3.000342,30.472212
1161. -3.037069,30.499592
1162. -2.95052,30.438609
1163. -3.110049,30.552893
1164. -2.896045,30.356684
1165. -3.076538,30.52886
1166. -3.056568,30.513668
1167. -2.923626,30.397882
1168. -3.161213,30.84446
1169. -2.835932,30.074472
1170. -2.83516,30.15378
1171. -2.835375,30.193005
1172. -2.816901,30.125885
1173. -2.851019,30.027351
1174. -2.852477,30.045204
1175. -2.822816,30.141077
1176. -2.851877,30.221415
1177. -2.860192,29.954052
1178. -2.869107,29.999113
1179. -2.903567,29.898863
1180. -2.977156,29.889078
1181. -2.919961,29.620771
1182. -2.914947,29.618196
1183. -2.897631,29.63429
1184. -2.897524,29.798956
1185. -2.917583,29.855776
1186. -2.891052,29.761705
1187. -2.895917,29.663944
1188. -2.907275,29.714069
1189. -2.913382,29.8102
1190. -2.907939,29.829512
1191. -2.905367,29.752607
1192. -2.909525,29.563522
1193. -2.929219,29.603133
1194. -2.926947,29.816723
1195. -2.938648,29.860797
1196. -2.952963,29.867578
1197. -2.879822,29.54052
1198. -2.864757,29.531679
1199. -3.073388,29.916887
1200. -3.083501,29.911458
1201. -3.06231,29.906759
1202. -3.024148,29.885731
1203. -2.992585,29.877148
1204. -3.146815,29.864359
1205. -3.048168,29.881096
1206. -3.354941,30.422902
1207. -3.355584,30.391917
1208. -3.419244,30.343122
1209. -3.279729,30.515814
1210. -3.387918,30.354967
1211. -3.324009,30.470667
1212. -3.437536,30.309091
1213. -3.247938,30.533581
1214. -3.476304,30.247979
1215. -3.399924,30.351105
1216. -3.175953,30.567055
1217. -3.440385,30.46277
1218. -3.413482,30.397797
1219. -3.429847,30.418139
1220. -3.419137,30.384321
1221. -3.497615,30.507746
1222. -3.434902,30.403118
1223. -3.440214,30.490408
1224. -3.432267,30.436034
1225. -3.451951,30.408268
1226. -3.167148,30.653486
1227. -3.1929,30.644603
1228. -3.200613,30.669537
1229. -3.200141,30.771117
1230. -3.178288,30.824246
1231. -3.203526,30.690565
1232. -3.188872,30.663142
1233. -3.290687,29.546378
1234. -3.414489,29.934483
1235. -3.490933,29.909334
1236. -3.43578,29.945426
1237. -3.465124,29.95285
1238. -3.31062,29.826422
1239. -3.346394,29.854488
1240. -3.301237,29.592447
1241. -3.267818,29.658194
1242. -3.295753,29.774408
1243. -3.2805,29.701881
1244. -3.367815,29.859467
1245. -3.417724,29.909291
1246. -3.412112,29.893198
1247. -3.428508,29.925621
1248. -3.294554,29.803591
1249. -3.267647,29.617853
1250. -3.304665,29.749775
1251. -3.295153,29.608755
1252. -3.513678,29.97139
1253. -3.473348,30.202789
1254. -3.357394,29.912381
1255. -3.220087,29.901009
1256. -3.277009,29.903111
1257. -3.251794,29.902811
1258. -3.176639,29.854918
1259. -3.264883,29.904356
1260. -3.234227,29.911909
1261. -3.33353,29.912746
1262. -3.367643,29.92075
1263. -3.297231,29.926715
1264. -3.197635,29.895859
1265. -3.189729,29.86496
1266. -3.508966,29.914098
1267. -2.985213,29.455547
1268. -2.920068,29.418983
1269. -2.97647,29.430656
1270. -3.083523,29.394264
1271. -3.134603,29.363365
1272. -3.059525,29.443531
1273. -3.159799,29.365082
1274. -2.82033,29.253845
1275. -2.893538,29.457092
1276. -2.916768,29.369545
1277. -2.889338,29.351864
1278. -2.892424,29.439926
1279. -2.925426,29.504814
1280. -2.905539,29.454517
1281. -2.886166,29.3365
1282. -2.835739,29.473486
1283. -2.844751,29.492476
1284. -3.36895,29.349418
1285. -3.360596,29.368043
1286. -3.360896,29.345427
1287. -3.381556,29.361112
1288. -3.38162,29.361906
1289. -3.339368,29.212217
1290. -3.334141,29.247837
1291. -3.338811,29.369974
1292. -3.323173,29.38096
1293. -3.171797,29.403706
1294. -3.26739,29.418211
1295. -3.304493,29.400616
1296. -3.245538,29.4098
1297. -3.59551,30.415907
1298. -3.822977,30.268793
1299. -3.539207,30.458221
1300. -3.665686,30.333252
1301. -3.703459,30.344753
1302. -3.752193,30.321665
1303. -3.529591,30.453029
1304. -3.639882,30.406079
1305. -3.791333,30.302439
1306. -3.658405,30.342264
1307. -3.631766,30.381918
1308. -3.526464,29.595623
1309. -3.864983,29.952164
1310. -3.792275,29.726171
1311. -3.864726,29.828138
1312. -3.857404,29.891567
1313. -3.749795,29.663
1314. -3.654122,29.636049
1315. -3.77763,29.723167
1316. -3.864811,29.845734
1317. -3.766239,29.690294
1318. -3.853593,29.793806
1319. -3.851024,29.915771
1320. -3.595403,29.591675
1321. -3.673609,29.658709
1322. -3.645814,29.600945
1323. -3.71408,30.006409
1324. -3.736862,29.994135
1325. -3.530812,29.982548
1326. -3.76367,30.010099
1327. -3.694637,29.98641
1328. -3.630888,29.979115
1329. -3.800625,29.999843
1330. -3.855563,30.219355
1331. -3.613863,30.073357
1332. -3.524858,30.172062
1333. -3.617718,30.023232
1334. -3.60292,29.999113
1335. -3.568098,30.138845
1336. -3.587329,29.87453
1337. -3.70727,29.834061
1338. -3.733522,29.822989
1339. -3.796214,29.787197
1340. -3.831434,29.733939
1341. -3.745748,29.805136
1342. -3.625941,29.860582
1343. -3.558118,29.896975
1344. -3.716649,29.822216
1345. -3.860808,29.719627
1346. -3.9066,29.956369
1347. -3.93914,29.985981
1348. -3.92013,29.984694
1349. -3.894526,30.19206
1350. -4.148387,29.822903
1351. -4.007639,29.966497
1352. -4.080414,29.95225
1353. -4.136231,29.902382
1354. -4.014574,30.093956
1355. -4.045996,29.939976
1356. -4.006954,30.061512
1357. -3.991799,29.986753
1358. -4.146247,29.878263
1359. -4.008838,30.107861
1360. -4.146761,29.833975
1361. -4.061792,29.943066
1362. -4.116113,29.939289
1363. -4.114144,29.916801
1364. -3.937256,30.175066
1365. -3.986576,30.13052
1366. -4.154465,29.791231
1367. -3.96547,30.162191
1368. -3.906343,29.677334
1369. -3.901462,29.705315
1370. -3.971271,29.608541
1371. -3.987753,29.58601
1372. -3.945797,29.61987
1373. -3.983729,29.564209
1374. -4.043524,29.739583
1375. -4.029301,29.743938
1376. -4.099227,29.809213
1377. -3.95695,29.706688
1378. -4.064853,29.778957
1379. -4.00445,29.458895
1380. -3.989145,29.523354
1381. -4.012477,29.49357
1382. -4.270441,29.776146
1383. -4.437873,29.764152
1384. -4.222262,29.799299
1385. -17.922025,25.067196
1386. -17.883107,25.131226
1387. -17.815149,25.155918
1388. -17.929436,24.725547
1389. -17.821058,25.153542
1390. -17.790249,25.184011
1391. -18.622212,25.628529
1392. -18.73885,25.602779
1393. -18.852605,25.605183
1394. -19.68292,26.038971
1395. -20.14677,25.727749
1396. -20.1593,25.903788
1397. -20.213999,26.1551
1398. -20.129646,25.622263
1399. -20.184517,26.062832
1400. -20.164335,25.442791
1401. -20.172594,26.004639
1402. -20.135045,25.552654
1403. -20.149631,25.796456
1404. -20.014404,26.169262
1405. -19.811849,26.118965
1406. -20.122756,26.17733
1407. -20.768273,27.593193
1408. -20.635355,27.638855
1409. -21.011455,27.58807
1410. -20.90804,27.614114
1411. -20.573292,27.648382
1412. -20.837355,27.62641
1413. -20.72499,27.58152
1414. -20.407909,22.761698
1415. -20.505858,22.627373
1416. -20.097569,23.564472
1417. -20.070524,23.336763
1418. -20.188867,23.243036
1419. -20.450779,22.739983
1420. -20.180449,24.415054
1421. -20.514258,22.577848
1422. -20.103453,23.32509
1423. -20.231597,24.654694
1424. -20.679125,22.530727
1425. -20.254789,24.791508
1426. -20.376935,22.825813
1427. -20.058955,23.477869
1428. -20.293194,23.048973
1429. -20.031989,23.440189
1430. -20.166511,23.692188
1431. -20.262117,23.124847
1432. -20.186934,24.119453
1433. -19.993152,23.439159
1434. -19.986376,23.428087
1435. -20.633828,22.534847
1436. -20.151887,23.649359
1437. -20.190559,25.264617
1438. -20.546953,22.547336
1439. -20.193851,23.227125
1440. -20.187095,23.863506
1441. -20.006127,23.432636
1442. -19.998424,23.418109
1443. -20.188021,24.253349
1444. -20.356658,22.953529
1445. -20.203447,24.534187
1446. -20.170378,23.807287
1447. -20.316538,22.613468
1448. -20.255836,22.560425
1449. -21.671627,27.368832
1450. -21.357576,27.477322
1451. -21.614545,27.368488
1452. -21.771217,27.349949
1453. -21.157989,27.51189
1454. -21.16907,27.512351
1455. -21.198501,27.512011
1456. -21.277938,27.482815
1457. -21.397419,27.452602
1458. -21.423069,27.44256
1459. -21.126994,27.538905
1460. -21.328516,25.428371
1461. -22.463121,27.17685
1462. -21.885952,27.338104
1463. -21.95443,27.298794
1464. -22.325703,27.239914
1465. -22.397767,27.210646
1466. -22.176059,27.258936
1467. -18.279949,21.780996
1468. -18.280561,21.787734
1469. -18.394754,21.838717
1470. -18.904256,22.274265
1471. -19.467644,22.1105
1472. -19.407264,22.152557
1473. -18.308757,21.793828
1474. -19.305088,22.165604
1475. -19.230851,22.193413
1476. -19.544423,22.131786
1477. -18.928371,22.270317
1478. -18.351735,21.825199
1479. -19.174396,22.231865
1480. -19.013213,22.289243
1481. -19.112813,22.269115
1482. -19.370709,22.154102
1483. -19.341739,22.165217
1484. -18.878757,22.261219
1485. -19.663159,22.18895
1486. -18.582718,21.985531
1487. -18.283866,21.787643
1488. -18.487831,21.919098
1489. -18.742101,22.16732
1490. -18.368995,21.84582
1491. -18.446963,21.894207
1492. -20.825202,22.452621
1493. -21.079214,22.395802
1494. -20.896263,22.426186
1495. -21.010083,22.421551
1496. -21.052783,22.406445
1497. -19.999201,22.282076
1498. -20.02896,22.29126
1499. -19.706799,22.19101
1500. -20.066049,22.335634
1501. -20.095312,22.346363
1502. -19.979439,22.254267
1503. -20.117961,22.372026
1504. -19.836194,22.228861
1505. -20.189149,22.475452
1506. -20.168495,22.451248
1507. -22.179219,21.590195
1508. -22.295926,21.668301
1509. -22.407299,21.730099
1510. -22.068539,21.386089
1511. -22.132318,21.094265
1512. -22.255181,20.152359
1513. -22.098603,20.549927
1514. -22.140904,20.815144
1515. -22.110531,20.736694
1516. -22.091386,20.591383
1517. -22.203975,20.27956
1518. -22.481868,21.787262
1519. -22.270869,20.072708
1520. -22.109875,21.189918
1521. -22.098235,20.618693
1522. -22.139588,20.86227
1523. -22.196187,20.318184
1524. -21.969912,21.558609
1525. -21.585097,21.771812
1526. -21.833337,21.618862
1527. -21.928993,21.59586
1528. -21.485937,22.02939
1529. -21.568256,21.851635
1530. -21.228822,22.256584
1531. -21.369926,22.142344
1532. -21.772931,21.653023
1533. -22.00517,21.54067
1534. -21.52834,21.949825
1535. -21.69687,21.652336
1536. -22.594241,27.082157
1537. -22.892425,26.942768
1538. -22.922666,26.910324
1539. -23.494303,26.616526
1540. -23.469191,26.649742
1541. -23.113168,26.834192
1542. -23.098168,26.844835
1543. -23.751018,26.471128
1544. -23.391264,26.696606
1545. -23.828103,26.414223
1546. -23.145776,26.820175
1547. -22.510783,27.108893
1548. -22.564443,27.08396
1549. -22.80807,26.999502
1550. -23.664513,22.736936
1551. -23.712085,22.829247
1552. -23.680412,22.761612
1553. -23.691809,22.800493
1554. -24.158854,26.239986
1555. -24.258644,26.145959
1556. -24.364245,26.067885
1557. -24.609157,25.924773
1558. -24.013735,26.323586
1559. -24.43578,26.046352
1560. -24.197143,26.196985
1561. -24.290508,26.134501
1562. -24.472678,26.03734
1563. -24.534514,25.992451
1564. -24.561049,25.974523
1565. -24.402468,26.055751
1566. -24.355121,26.079435
1567. -24.706389,26.094031
1568. -24.765879,25.831357
1569. -24.749813,25.828793
1570. -24.904732,25.77281
1571. -24.728571,25.849478
1572. -24.687099,25.883553
1573. -24.632292,25.896921
1574. -25.074327,25.725431
1575. -24.984424,25.751781
1576. -25.181933,25.682602
1577. -25.211396,25.675446
1578. -25.229095,25.668048
1579. -25.272641,25.611277
1580. -25.026467,25.74028
1581. -25.238679,25.599174
1582. -25.277259,25.648098
1583. -25.28308,25.678225
1584. -25.021568,25.374041
1585. -25.0001,25.355158
1586. -24.982051,25.342026
1587. -24.97598,25.331093
1588. -25.269187,25.709896
1589. -25.083364,25.463605
1590. -25.193292,25.564156
1591. -25.028256,25.389061
1592. -24.584007,24.498138
1593. -24.527681,23.957062
1594. -24.562034,24.190006
1595. -24.564064,24.150009
1596. -24.594622,24.766874
1597. -24.497068,23.914661
1598. -24.590681,24.347935
1599. -24.59162,24.73961
1600. -24.591617,24.729795
1601. -24.407216,23.633823
1602. -24.362031,23.522758
1603. -24.1567,23.154716
1604. -24.229981,23.245869
1605. -24.379833,23.584669
1606. -23.947194,22.984128
1607. -24.781358,24.956131
1608. -24.618345,24.660358
1609. -24.921702,25.196972
1610. -24.884957,25.149422
1611. -24.729993,24.898624
1612. -24.615146,24.581394
1613. -24.928552,25.230446
1614. -24.831844,25.050545
1615. -24.640191,24.824038
1616. -25.349533,25.627241
1617. -25.632995,25.574198
1618. -25.471735,25.599657
1619. -25.558122,25.572224
1620. -22.69615,21.946049
1621. -22.843669,22.054539
1622. -22.564007,21.879272
1623. -23.037955,22.212124
1624. -18.169992,25.403309
1625. -18.275895,25.449657
1626. -17.86969,25.217571
1627. -18.083446,25.291729
1628. -17.804132,25.243605
1629. -17.921454,24.720612
1630. -17.897769,25.213795
1631. -17.800526,25.257568
1632. -17.790975,25.262504
1633. -17.8031,25.244672
1634. -17.814296,25.264006
1635. -18.495319,25.600204
1636. -18.370899,25.469913
1637. -18.549125,25.626576
1638. -20.229664,26.26977
1639. -20.258211,26.291828
1640. -20.378624,26.325817
1641. -20.210757,26.18042
1642. -20.544119,27.73035
1643. -20.792668,27.021904
1644. -20.818182,27.048683
1645. -21.048898,27.40531
1646. -20.724408,26.845608
1647. -20.867414,27.188759
1648. -20.938354,27.262316
1649. -20.893657,27.218542
1650. -20.992254,27.337933
1651. -21.071766,26.882687
1652. -21.078333,27.205067
1653. -21.0847,27.136574
1654. -21.085501,27.177944
1655. -21.067922,26.78587
1656. -21.091627,26.970749
1657. -21.08396,27.248883
1658. -21.091027,27.064133
1659. -20.556094,27.086449
1660. -20.751499,27.155886
1661. -20.678282,27.119236
1662. -20.836553,27.220087
1663. -20.581327,27.088938
1664. -20.507867,27.06439
1665. -20.787372,27.184639
1666. -20.828531,27.215195
1667. -20.489437,27.036366
1668. -20.413419,26.382637
1669. -20.672861,26.7033
1670. -20.557621,26.46409
1671. -20.471848,26.404781
1672. -20.519905,26.413364
1673. -20.587836,26.535158
1674. -20.63927,26.639421
1675. -20.52087,26.382551
1676. -20.549173,26.32071
1677. -20.570258,26.223679
1678. -20.54852,26.108751
1679. -20.465435,22.70359
1680. -21.173947,27.513027
1681. -21.134264,27.453203
1682. -21.163873,27.493136
1683. -21.15463,27.476179
1684. -21.172037,27.506086
1685. -21.107342,27.341194
1686. -21.779666,26.17836
1687. -21.725298,25.915031
1688. -21.570531,25.704231
1689. -21.544906,25.651531
1690. -21.71254,25.884819
1691. -21.512251,25.649128
1692. -21.685744,25.867481
1693. -21.442284,25.600033
1694. -21.773449,26.024208
1695. -21.788035,26.065407
1696. -21.774725,25.983009
1697. -21.477032,25.610504
1698. -21.356457,25.43438
1699. -21.425985,25.57909
1700. -21.762564,25.950984
1701. -21.119293,26.667767
1702. -21.305928,25.705433
1703. -21.325758,25.843105
1704. -21.302409,26.27655
1705. -21.32224,26.120853
1706. -21.198456,26.566143
1707. -21.32272,25.645008
1708. -21.324778,25.562149
1709. -21.232812,26.429683
1710. -21.325898,25.370822
1711. -21.31665,25.331351
1712. -21.92334,27.320766
1713. -22.441416,26.837969
1714. -22.323956,26.753426
1715. -22.401864,26.755228
1716. -22.420828,26.743898
1717. -22.260111,26.793042
1718. -22.367023,26.755056
1719. -21.96446,27.692413
1720. -21.964937,27.612762
1721. -21.969554,27.415867
1722. -21.953395,27.356129
1723. -21.975444,27.647438
1724. -21.968281,27.568817
1725. -21.954111,27.502556
1726. -21.959047,27.465649
1727. -21.961176,27.835922
1728. -21.969917,27.818332
1729. -21.976718,27.779617
1730. -22.137883,26.602535
1731. -22.209338,26.701241
1732. -21.92545,26.475677
1733. -22.229044,26.711369
1734. -21.984836,26.504173
1735. -21.81768,26.276207
1736. -21.84222,26.331482
1737. -21.87046,26.435852
1738. -21.311086,25.264091
1739. -18.259471,21.761427
1740. -22.061708,21.533997
1741. -22.280896,19.999108
1742. -22.54088,27.087908
1743. -22.621815,27.098379
1744. -22.525163,27.000446
1745. -22.700228,27.157774
1746. -22.989884,27.926216
1747. -22.895331,27.841372
1748. -22.99822,27.941923
1749. -22.779288,27.402005
1750. -22.679876,27.13829
1751. -22.854367,27.728848
1752. -22.74757,27.290039
1753. -22.712579,27.201033
1754. -22.801602,27.493887
1755. -22.931619,27.88918
1756. -22.875997,27.806911
1757. -22.830222,27.624779
1758. -23.878853,23.599319
1759. -23.904083,23.735447
1760. -23.880109,23.671932
1761. -24.442735,25.617542
1762. -24.535138,25.769377
1763. -24.364729,25.450859
1764. -24.398481,25.544758
1765. -24.398169,25.54935
1766. -24.489062,25.740366
1767. -24.47758,25.724831
1768. -24.543873,25.799616
1769. -24.55372,25.81152
1770. -24.464534,25.66329
1771. -24.390313,25.477263
1772. -24.397231,25.580292
1773. -24.41046,25.493517
1774. -24.676307,26.054935
1775. -24.671315,26.03528
1776. -24.663203,25.876493
1777. -24.827813,25.806128
1778. -24.646081,25.884819
1779. -24.662969,25.646725
1780. -24.643897,25.762167
1781. -24.652361,25.669556
1782. -24.892977,25.35593
1783. -24.717792,25.517721
1784. -24.685841,25.56437
1785. -24.690111,25.62767
1786. -24.652546,25.802443
1787. -24.911602,25.348635
1788. -24.657431,25.69891
1789. -24.693172,25.529695
1790. -24.785722,25.443649
1791. -24.636349,25.851045
1792. -24.75864,25.443478
1793. -24.822457,25.403395
1794. -24.673236,25.891879
1795. -24.679261,25.90632
1796. -24.697461,25.595913
1797. -24.861343,25.833364
1798. -24.871973,25.882673
1799. -24.87081,25.879465
1800. -24.840824,25.823206
1801. -24.865626,25.863662
1802. -24.859323,25.848067
1803. -24.619652,25.865808
1804. -24.658309,25.90971
1805. -24.65554,25.900311
1806. -24.68122,25.949535
1807. -24.672641,25.924473
1808. -24.673733,25.979319
1809. -25.252808,25.637026
1810. -25.275498,25.713474
1811. -24.51099,23.932428
1812. -24.140488,24.745502
1813. -24.009227,24.27515
1814. -24.129718,25.130882
1815. -24.018792,24.22966
1816. -24.054694,24.397888
1817. -24.115539,25.039129
1818. -23.99135,23.978176
1819. -24.133987,24.631176
1820. -23.995506,24.06641
1821. -24.12396,24.950466
1822. -23.971333,23.925691
1823. -24.100105,25.029516
1824. -24.089018,24.53968
1825. -24.224502,25.241261
1826. -24.125556,24.912508
1827. -24.014647,24.298131
1828. -24.270714,25.304174
1829. -24.540174,23.923073
1830. -24.077695,23.07807
1831. -23.922169,23.521557
1832. -24.038861,23.385258
1833. -23.920913,23.822479
1834. -24.073385,23.300028
1835. -24.056536,23.316765
1836. -24.070956,23.285093
1837. -24.60106,23.756561
1838. -24.951239,25.297565
1839. -25.201213,23.284836
1840. -24.884801,23.234539
1841. -25.263249,23.239689
1842. -25.297398,23.004169
1843. -25.017562,23.231449
1844. -25.283739,23.044338
1845. -25.29569,23.095837
1846. -25.10029,23.27282
1847. -24.714323,23.447056
1848. -24.848201,23.273163
1849. -24.692957,23.502331
1850. -24.920146,23.221664
1851. -25.266373,23.274107
1852. -25.641991,25.574026
1853. -25.759779,22.622051
1854. -25.708594,22.694149
1855. -25.552973,22.822895
1856. -25.63108,22.795429
1857. -25.499686,22.83783
1858. -25.799273,22.561283
1859. -25.383503,22.94529
1860. -25.441027,22.87405
1861. -25.772842,22.694664
1862. -25.788222,22.654667
1863. -26.201692,22.568235
1864. -25.336249,22.974472
1865. -25.790859,22.684311
1866. -25.76318,22.570381
1867. -25.475125,22.854996
1868. -25.969813,22.442579
1869. -26.09294,22.477856
1870. -26.021906,22.40078
1871. -25.920417,22.470903
1872. 3.863355,30.235491
1873. 1.366746,29.762907
1874. 0.040845,29.719927
1875. 0.461035,25.358591
1876. -6.01791,23.29668
1877. -6.111539,23.445511
1878. -5.818435,22.677755
1879. -5.780863,22.889843
1880. -6.01074,23.27282
1881. -5.79333,22.828646
1882. -6.147254,23.641205
1883. -5.820314,22.732344
1884. -5.946205,23.272991
1885. -5.801528,22.934647
1886. -5.77971,23.09618
1887. -5.843027,22.702389
1888. -5.757507,22.995243
1889. -5.781931,22.817659
1890. -6.074584,23.373241
1891. -6.106909,23.560395
1892. -6.114163,23.580694
1893. -6.13473,23.610284
1894. -5.989399,23.253765
1895. -6.155243,23.686824
1896. -5.753365,23.025541
1897. -5.82747,22.619401
1898. -6.086704,23.355904
1899. -5.914446,23.262348
1900. -10.655009,26.424501
1901. -5.129094,15.070109
1902. -6.160273,21.865883
1903. -6.419089,20.792913
1904. -5.739872,14.046192
1905. -10.696159,22.344131
1906. 3.681061,29.716816
1907. 3.779771,29.833975
1908. 3.625898,29.708576
1909. 3.800497,29.976711
1910. 3.810688,29.906931
1911. 3.586922,29.732952
1912. 3.846271,30.157986
1913. 3.789106,29.776125
1914. 3.865796,30.214634
1915. 3.820023,30.047436
1916. 3.733351,29.708319
1917. 3.688513,30.318832
1918. 3.838906,30.245876
1919. 3.54726,30.337372
1920. 3.761486,30.309563
1921. 3.618446,30.310593
1922. 3.650567,30.309219
1923. 3.376769,29.662571
1924. 3.196435,29.591846
1925. 3.493374,29.735184
1926. 3.318589,29.626865
1927. 3.393048,29.656391
1928. 3.234527,29.59631
1929. 3.278315,29.586525
1930. 3.002613,29.544125
1931. 3.352435,29.638367
1932. 3.451651,29.674587
1933. 2.922211,29.557171
1934. 3.218587,29.58498
1935. 3.141673,29.57099
1936. 3.12479,29.560604
1937. 2.958384,29.570389
1938. 3.46296,29.70171
1939. 3.037412,29.533653
1940. 3.370856,30.463886
1941. 3.295539,30.573063
1942. 2.830145,30.792789
1943. 3.413868,30.359859
1944. 3.053097,30.741806
1945. 3.220901,30.569115
1946. 3.514363,30.332222
1947. 3.104092,30.702324
1948. 3.366315,30.43848
1949. 2.871465,30.815792
1950. 3.057639,30.758629
1951. 3.429718,30.352821
1952. 3.431089,30.325527
1953. 3.161341,30.652885
1954. 3.346008,30.516071
1955. 3.490461,30.310764
1956. 2.918954,30.78455
1957. 3.155685,30.584049
1958. 2.904896,30.809097
1959. 2.847462,30.804291
1960. 3.172997,30.689793
1961. 3.134945,30.699577
1962. 2.865807,30.843945
1963. 2.848491,30.83519
1964. 3.275145,30.573406
1965. 3.032098,30.752106
1966. 3.048211,30.768929
1967. 2.946384,30.776825
1968. 3.01067,30.746613
1969. 2.847805,28.12912
1970. 2.820115,28.270741
1971. 2.834775,28.144226
1972. 2.931383,29.390316
1973. 2.83666,29.10141
1974. 2.962327,29.231014
1975. 2.900867,29.479752
1976. 2.84369,28.195553
1977. 2.962241,29.31015
1978. 2.899581,29.420013
1979. 2.84489,29.150848
1980. 2.885866,29.524555
1981. 2.924526,29.215565
1982. 2.889981,29.462757
1983. 2.825345,28.280869
1984. 4.386378,22.867184
1985. 4.226584,22.816887
1986. 4.326128,22.896366
1987. 4.609064,22.820663
1988. 4.410254,22.883663
1989. 4.716853,22.810707
1990. 4.531421,22.79912
1991. 4.485643,22.806072
1992. 4.694612,22.822981
1993. 4.295059,22.894478
1994. 4.724958,22.815986
1995. 3.628339,26.207027
1996. 3.644357,26.019487
1997. 3.658234,26.094761
1998. 3.633736,26.045151
1999. 3.63425,25.992193
2000. 3.573002,25.923357
2001. 3.549273,25.910311
2002. 3.538051,26.321697
2003. 3.52383,26.493874
2004. 3.540021,26.305733
2005. 3.653266,26.128321
2006. 3.521602,26.393538
2007. 3.64727,26.056051
2008. 3.340739,26.936932
2009. 3.267647,26.908522
2010. 3.411897,26.872129
2011. 3.293354,26.879597
2012. 3.328486,26.890755
2013. 3.117869,26.917062
2014. 3.08228,26.9771
2015. 3.236112,26.897879
2016. 3.059311,26.991005
2017. 2.994234,27.209573
2018. 3.327543,26.923456
2019. 3.080566,26.956244
2020. 3.04039,27.19923
2021. 3.029612,27.183609
2022. 2.835503,27.565641
2023. 3.073345,27.07469
2024. 2.95997,27.30875
2025. 3.003577,27.197385
2026. 2.934512,27.364368
2027. 3.043133,27.158761
2028. 2.876908,27.533455
2029. 3.408385,26.795053
2030. 2.909096,27.501698
2031. 3.204426,26.92719
2032. 3.365758,26.894102
2033. 2.933912,27.455692
2034. 3.120697,26.886721
2035. 3.046733,27.116446
2036. 3.073559,27.132068
2037. 3.014163,27.215066
2038. 2.882308,27.553968
2039. 3.157956,26.928091
2040. 3.436701,26.769733
2041. 2.819301,27.593451
2042. 3.054232,27.174339
2043. 3.131839,26.883545
2044. 3.381867,26.901999
2045. 3.158278,26.895561
2046. 3.070045,27.145629
2047. 2.934341,27.446508
2048. 2.95277,27.1982
2049. 3.442613,26.73068
2050. 2.822344,28.009644
2051. 2.818487,27.981663
2052. 2.816343,27.843304
2053. 2.827659,28.034706
2054. 2.837861,28.014107
2055. 2.83066,27.770519
2056. 3.2254,25.479784
2057. 3.40847,25.657625
2058. 3.299781,25.560637
2059. 3.099936,25.349493
2060. 3.470029,25.726204
2061. 3.494445,26.565628
2062. 3.491961,26.622362
2063. 3.513849,26.35354
2064. 3.264905,25.508194
2065. 3.165926,25.394983
2066. 3.095222,25.326147
2067. 3.483993,26.421347
2068. 3.183795,25.424938
2069. 3.456963,26.665792
2070. 3.348622,25.588531
2071. 3.497444,25.827484
2072. 3.447239,25.694447
2073. 3.214945,25.459013
2074. 3.134474,25.380735
2075. 3.273388,25.523987
2076. 3.277587,25.527506
2077. 4.188814,22.948723
2078. 4.195212,23.00271
2079. 4.105498,23.168106
2080. 4.034566,23.371525
2081. 4.084095,23.294277
2082. 3.891315,23.561211
2083. 4.148901,23.093348
2084. 4.183699,23.08382
2085. 3.890887,23.585758
2086. 3.961531,23.41032
2087. 4.204372,22.935419
2088. 3.811716,23.675752
2089. 3.830963,23.691115
2090. 3.806716,23.674099
2091. 3.745727,23.712187
2092. 3.65575,23.733387
2093. 3.582511,23.723345
2094. 3.632622,23.722744
2095. 3.601185,23.727293
2096. 3.711167,23.705664
2097. 3.806256,23.671997
2098. 4.204885,22.934389
2099. 4.197952,22.810879
2100. 3.132931,24.122543
2101. 3.252822,24.082203
2102. 3.175011,24.096365
2103. 2.874679,24.387932
2104. 2.852048,24.517879
2105. 3.349307,23.942127
2106. 2.986992,24.120698
2107. 2.846647,24.572725
2108. 2.896367,24.239016
2109. 3.291897,24.089756
2110. 2.848619,24.653749
2111. 2.894052,24.341755
2112. 3.376297,23.93157
2113. 2.874936,24.429216
2114. 2.878794,24.470329
2115. 2.857963,24.545259
2116. 2.822816,24.71941
2117. 3.322145,24.032593
2118. 2.964534,24.140654
2119. 3.007413,24.118252
2120. 2.84459,24.687395
2121. 2.889809,24.035683
2122. 2.85792,23.928223
2123. 2.912268,24.050102
2124. 2.887409,23.982124
2125. 3.012127,25.161524
2126. 2.948441,24.879742
2127. 2.945527,25.093632
2128. 3.067453,25.194569
2129. 2.970834,25.135002
2130. 3.04474,25.284519
2131. 2.981013,24.972095
2132. 3.049925,25.228643
2133. 3.060425,25.238256
2134. 2.981185,25.05724
2135. 2.882094,24.86927
2136. 2.813729,24.767218
2137. 3.061068,25.172939
2138. 2.856592,24.839058
2139. 3.395276,23.834496
2140. 3.459876,23.762398
2141. 3.362331,23.888311
2142. 3.497508,23.741069
2143. 2.130942,30.633659
2144. 2.115117,30.610399
2145. 2.163878,30.684986
2146. 2.200715,30.725756
2147. 2.186564,30.72773
2148. 2.163406,30.645676
2149. 2.223529,30.793819
2150. 2.370997,30.675545
2151. 2.609037,30.689793
2152. 2.497826,30.660782
2153. 2.771764,30.788841
2154. 2.420906,30.583534
2155. 2.315339,30.729618
2156. 2.486335,30.637436
2157. 2.258564,30.760174
2158. 2.45838,30.587654
2159. 2.463697,30.641041
2160. 2.562307,30.641041
2161. 2.251189,30.784206
2162. 2.408643,30.593319
2163. 2.685945,30.722408
2164. 2.28618,30.730991
2165. 2.655251,30.72258
2166. 2.585458,30.699062
2167. 2.331633,30.715885
2168. 2.52818,30.646534
2169. 2.694005,29.044075
2170. 2.636132,28.609343
2171. 2.651479,28.713455
2172. 2.625628,28.481712
2173. 2.700435,29.018497
2174. 2.617354,28.809757
2175. 2.62267,28.761005
2176. 2.648049,28.678265
2177. 2.632616,28.78624
2178. 2.657309,28.983822
2179. 2.783595,28.361721
2180. 2.650536,28.958244
2181. 2.808028,28.326359
2182. 2.599606,28.933868
2183. 2.760277,28.415279
2184. 2.636817,28.857479
2185. 2.622885,28.590717
2186. 2.713381,29.048538
2187. 2.78831,29.075661
2188. 2.629058,28.504028
2189. 2.642348,28.467379
2190. 2.623399,28.648567
2191. 1.498304,30.206051
2192. 1.811713,30.418739
2193. 1.694866,30.279951
2194. 1.723349,30.312996
2195. 1.940647,30.518217
2196. 2.057992,30.632973
2197. 1.455146,29.928818
2198. 1.445707,29.89852
2199. 1.468445,30.105028
2200. 1.904404,30.505943
2201. 1.47754,30.14554
2202. 1.430692,29.961777
2203. 1.983451,30.577698
2204. 1.507571,30.246906
2205. 1.85126,30.479507
2206. 1.441675,29.847879
2207. 1.634209,30.266476
2208. 2.013645,30.621471
2209. 2.050444,30.621815
2210. 1.878712,30.478306
2211. 1.457548,30.018253
2212. 1.560681,30.248022
2213. 1.914226,30.502768
2214. 1.798158,30.384064
2215. 1.452228,29.875174
2216. 1.611731,30.272741
2217. 1.590796,30.25815
2218. 1.51392,30.222788
2219. 1.437985,29.999714
2220. 1.735531,30.304842
2221. 1.523444,30.257893
2222. 1.772421,30.390587
2223. 1.647593,30.271111
2224. 1.996147,30.632029
2225. 1.468703,30.049667
2226. 1.501908,30.183907
2227. 1.430563,28.160019
2228. 1.430735,28.675861
2229. 1.431507,28.351765
2230. 1.412973,28.631744
2231. 1.415633,29.325256
2232. 1.417864,28.440514
2233. 1.356213,29.674673
2234. 1.161253,29.679651
2235. 1.385558,29.70068
2236. 0.980096,29.588842
2237. 1.324936,29.747972
2238. 1.255216,29.695187
2239. 0.779919,29.597168
2240. 0.731858,29.556999
2241. 0.966751,29.606609
2242. 0.776594,29.569402
2243. 0.861579,29.619999
2244. 0.850851,29.610558
2245. 1.279243,29.70952
2246. 1.075438,29.587812
2247. 1.202443,29.692955
2248. 1.390707,29.797153
2249. 1.36179,29.784193
2250. 1.400188,28.412361
2251. 1.351193,29.250927
2252. 1.358101,28.955841
2253. 1.383413,28.889494
2254. 1.334375,28.783493
2255. 1.348705,29.486876
2256. 1.352051,29.15411
2257. 1.366896,29.124584
2258. 1.394783,28.519993
2259. 1.399759,29.387655
2260. 1.375862,28.993349
2261. 1.344586,28.757744
2262. 1.345959,29.05798
2263. 1.379166,28.706245
2264. 1.372559,28.742466
2265. 1.38204,28.93198
2266. 1.340124,28.831387
2267. 1.358229,29.51889
2268. 1.3844,28.600674
2269. 1.395383,29.357014
2270. 1.402591,28.571835
2271. 1.368655,29.031801
2272. 1.360224,29.035406
2273. 1.354883,29.095058
2274. 0.070381,29.657421
2275. 0.095873,29.640255
2276. 0.427883,29.570389
2277. 0.289785,29.660168
2278. 0.419794,29.560905
2279. 0.150075,29.640512
2280. 0.383939,29.578757
2281. 0.047143,29.687977
2282. 0.387072,29.59352
2283. 0.350466,29.6418
2284. 0.329996,29.675188
2285. 0.260023,29.678364
2286. 0.224919,29.67905
2287. 0.493585,29.471984
2288. 0.468802,29.524856
2289. 0.565057,29.477949
2290. 0.697314,29.518719
2291. 0.516329,29.491811
2292. 0.587029,29.485502
2293. 0.653715,29.498463
2294. 0.539073,29.492197
2295. 0.467879,29.5049
2296. 2.792983,27.59388
2297. 2.777144,27.615981
2298. 2.780959,27.614436
2299. 2.805627,27.980633
2300. 2.788139,27.676105
2301. 2.806485,27.938404
2302. 2.800312,27.687263
2303. 2.792854,27.833519
2304. 2.787624,27.818584
2305. 2.783852,27.917633
2306. 2.136603,25.349064
2307. 1.420524,27.773609
2308. 1.420696,28.111954
2309. 1.407289,27.607269
2310. 1.557077,25.316191
2311. 1.556841,25.316598
2312. 1.939618,25.395584
2313. 1.965695,25.364342
2314. 1.669385,25.339279
2315. 1.740336,25.362368
2316. 2.054046,25.32589
2317. 1.968011,25.346317
2318. 1.988941,25.331812
2319. 1.636998,25.351982
2320. 1.758009,25.384855
2321. 1.868503,25.399618
2322. 1.911267,25.401034
2323. 1.703016,25.343142
2324. 1.796678,25.379941
2325. 2.562264,24.825926
2326. 2.374984,24.92403
2327. 2.522049,24.817514
2328. 2.274817,25.138521
2329. 2.463525,24.872704
2330. 2.405942,24.912271
2331. 2.360834,24.950981
2332. 2.228075,25.19886
2333. 2.242741,25.164957
2334. 2.42275,24.876051
2335. 2.173527,25.302458
2336. 2.200715,25.222635
2337. 2.326617,24.964285
2338. 2.292183,25.052004
2339. 2.628886,24.805326
2340. 2.794161,24.725847
2341. 2.669312,24.801807
2342. 2.399425,23.084249
2343. 2.202173,22.518368
2344. 2.701206,23.419075
2345. 2.800827,23.852863
2346. 2.786896,23.713732
2347. 2.453535,23.227501
2348. 2.418805,23.087769
2349. 2.491523,23.279171
2350. 2.440072,23.183899
2351. 2.366923,23.059959
2352. 2.755626,23.762956
2353. 2.193082,22.649517
2354. 2.563979,23.29814
2355. 2.767885,23.550138
2356. 2.206548,22.706337
2357. 2.613282,23.320284
2358. 2.450706,23.140383
2359. 2.215424,22.919283
2360. 2.809228,23.880844
2361. 2.641233,23.343716
2362. 2.234936,22.97327
2363. 2.738008,23.780036
2364. 2.737386,23.787932
2365. 2.304233,23.025284
2366. 2.176186,22.625484
2367. 2.19261,22.67767
2368. 2.493474,23.304319
2369. 2.257235,22.989664
2370. 2.202002,22.557936
2371. 2.213666,22.927866
2372. 2.210064,22.81208
2373. 2.201144,22.764874
2374. 1.407396,25.260487
2375. 1.477412,25.291557
2376. 1.540218,25.295849
2377. 1.56082,25.312049
2378. 0.339287,25.413265
2379. 0.005493,25.560894
2380. 0.431295,25.383053
2381. 0.39868,25.382538
2382. 0.289334,25.470257
2383. 0.193548,25.525703
2384. 0.506352,25.795641
2385. 0.906592,27.057781
2386. 0.465498,25.440559
2387. 0.877928,26.81797
2388. 0.480303,25.69376
2389. 0.604323,25.991077
2390. 1.078056,27.26841
2391. 0.680707,26.144714
2392. 0.540811,25.904045
2393. 0.865398,27.02774
2394. 0.464639,25.546045
2395. 0.844458,26.473789
2396. 0.627925,26.064377
2397. 0.874667,26.561852
2398. 1.38869,27.95763
2399. 0.831928,26.388645
2400. 0.629813,26.130638
2401. 0.825577,26.878395
2402. 1.152457,27.404881
2403. 0.639254,26.140423
2404. 0.920666,27.101727
2405. 1.227971,27.52367
2406. 1.287095,27.566757
2407. 0.877842,26.685619
2408. 0.786614,26.275692
2409. 0.824375,26.947918
2410. 0.982885,27.154942
2411. 1.02914,27.165413
2412. 0.480603,25.585785
2413. 1.397957,27.671471
2414. 1.393324,28.047924
2415. 0.478114,25.490856
2416. 1.400789,27.85635
2417. 1.067157,27.209015
2418. 0.564671,25.856152
2419. 0.722933,26.173725
2420. 1.405851,27.910767
2421. 1.352351,27.59079
2422. 1.404479,28.00106
2423. 1.324293,27.549162
2424. 1.135723,27.345829
2425. 0.999276,27.156143
2426. 0.832614,26.963539
2427. 0.516608,25.265036
2428. 0.496138,25.300398
2429. 0.506781,25.195513
2430. 0.51178,25.187402
2431. 0.958341,25.204954
2432. 1.085565,25.277739
2433. 0.882862,25.193195
2434. 1.040425,25.27585
2435. 0.610073,25.179377
2436. 1.25114,25.275078
2437. 0.984987,25.220318
2438. 1.179145,25.248127
2439. 0.536026,25.186887
2440. 0.711604,25.206757
2441. 0.925815,25.214138
2442. 1.015753,25.25053
2443. 0.818389,25.231218
2444. 0.482835,25.163927
2445. 0.359757,24.517365
2446. 0.376408,24.719152
2447. 0.399238,24.626884
2448. 0.371344,24.98291
2449. 0.330103,24.91416
2450. 0.418979,24.679585
2451. 0.41855,24.591093
2452. 0.443955,25.151739
2453. 0.397307,24.693489
2454. 0.404216,25.056124
2455. 0.397135,25.07947
2456. 0.323451,24.863691
2457. 0.365164,24.948921
2458. 0.502736,25.186951
2459. 0.341776,24.472153
2460. 0.41855,24.539165
2461. 0.500183,25.186801
2462. 0.150075,24.325962
2463. 0.031972,24.257813
2464. 0.234703,24.380808
2465. 0.278477,24.397202
2466. 0.330489,24.440804
2467. 0.198226,24.334803
2468. 0.341647,24.470887
2469. 0.109649,24.302101
2470. 3.464117,19.394131
2471. 3.194635,19.810238
2472. 3.678662,19.098358
2473. 3.61185,19.156208
2474. 3.328143,19.375935
2475. 2.93164,19.902077
2476. 3.285085,19.531031
2477. 3.269018,19.635229
2478. 3.314476,19.436617
2479. 3.011741,19.897785
2480. 3.556726,19.327011
2481. 3.069553,19.883022
2482. 3.229556,19.693594
2483. 3.50147,19.382629
2484. 3.743072,19.080334
2485. 3.116648,19.823627
2486. 3.240868,19.73711
2487. 3.750373,18.795376
2488. 3.720974,19.089088
2489. 3.766881,19.038277
2490. 3.565207,19.275169
2491. 3.318975,19.390783
2492. 3.717249,18.770056
2493. 3.244531,19.780669
2494. 3.223065,19.775949
2495. 3.779043,18.922577
2496. 4.1388,18.79426
2497. 4.203173,18.740444
2498. 4.090387,18.757439
2499. 4.028573,18.749027
2500. 4.201889,18.720789
2501. 4.296172,18.618908
2502. 3.854749,18.676929
2503. 4.160201,18.773832
2504. 3.813171,18.701391
2505. 3.932161,18.698044
2506. 3.770093,18.70594
2507. 4.353825,18.599038
2508. 4.237156,18.649807
2509. 4.221491,18.678389
2510. 4.340709,18.596485
2511. 4.354124,18.598909
2512. 2.171897,21.29674
2513. 2.20852,21.17486
2514. 2.184505,21.570454
2515. 2.338108,21.787777
2516. 2.167952,21.357594
2517. 2.186478,21.271849
2518. 2.198142,22.37709
2519. 2.150026,21.453638
2520. 2.454822,22.044497
2521. 2.470428,22.125778
2522. 2.438529,21.997375
2523. 2.181761,21.336737
2524. 2.451649,22.140026
2525. 2.390163,22.17247
2526. 2.31907,22.314692
2527. 2.355003,22.204828
2528. 2.445389,21.968451
2529. 2.194026,21.198206
2530. 2.392307,22.162685
2531. 2.308478,21.717911
2532. 2.307621,21.764088
2533. 2.262895,22.361469
2534. 2.25642,21.69714
2535. 2.187035,21.626072
2536. 2.394322,21.922188
2537. 2.158775,21.439648
2538. 2.451992,22.060461
2539. 2.176164,22.48189
2540. 2.349085,22.173328
2541. 2.181418,22.498369
2542. 2.222843,21.65225
2543. 2.146531,21.518741
2544. 2.305176,22.341385
2545. 2.182533,22.460175
2546. 2.428839,21.962528
2547. 2.219756,22.357349
2548. 2.475145,22.102261
2549. 2.437157,22.128696
2550. 2.377643,21.846743
2551. 2.339909,22.297354
2552. 2.195398,20.528984
2553. 2.192996,20.780725
2554. 2.257492,20.479374
2555. 2.185234,20.664511
2556. 2.233135,20.974531
2557. 2.263196,20.328054
2558. 2.219584,20.941057
2559. 2.171726,20.569582
2560. 2.268341,20.436459
2561. 2.225159,21.074524
2562. 2.296643,20.203686
2563. 2.156802,20.603399
2564. 2.22636,20.923634
2565. 2.351572,20.204029
2566. 2.166408,20.553446
2567. 2.285794,20.251236
2568. 2.221385,20.525379
2569. 2.190509,20.700645
2570. 2.372219,20.188022
2571. 2.646377,19.998808
2572. 2.422707,20.146694
2573. 2.536884,20.045757
2574. 2.762077,19.997005
2575. 2.603507,20.037775
2576. 2.640547,20.017433
2577. 2.475831,20.110388
2578. 2.374405,20.184975
2579. 2.697563,19.980783
2580. 2.455808,20.129013
2581. -1.610873,28.25263
2582. -1.664152,28.340778
2583. -1.629319,28.201046
2584. -1.677536,28.132639
2585. -1.732786,28.377256
2586. -1.678308,28.172722
2587. -1.774395,28.390474
2588. -1.886261,28.454676
2589. -2.058506,28.523083
2590. -1.801933,28.422318
2591. -2.080979,28.551664
2592. -1.834789,28.435192
2593. -2.093417,28.584967
2594. -1.980792,28.473387
2595. -2.413896,28.834777
2596. -2.403906,28.81083
2597. -2.387612,28.790746
2598. -2.35541,28.793364
2599. -2.284508,28.693542
2600. -2.317483,28.760405
2601. -2.306634,28.718777
2602. -2.235108,28.632002
2603. -2.294199,28.678865
2604. -2.110657,28.594494
2605. -2.137761,28.59973
2606. -2.194454,28.628139
2607. -2.331162,28.766413
2608. -2.536305,28.853059
2609. -2.470193,28.837051
2610. -2.533089,28.830099
2611. -2.502553,28.852329
2612. -2.522505,28.854378
2613. -2.500344,28.851836
2614. -2.524022,28.85366
2615. -2.577677,28.850741
2616. -2.521278,28.855119
2617. -2.622177,28.877306
2618. -2.565148,28.861041
2619. -2.546739,28.864367
2620. -2.515458,28.868015
2621. -2.703114,28.986032
2622. -2.699159,28.952193
2623. -2.71472,28.946056
2624. -2.732414,29.003541
2625. -2.701656,28.916659
2626. -2.693769,28.893914
2627. -2.741994,29.002447
2628. -2.786317,28.999872
2629. -2.672195,28.875418
2630. -2.705868,28.972471
2631. -2.548652,28.825636
2632. -2.731578,28.609343
2633. -2.719061,28.638525
2634. -2.77873,28.586597
2635. -2.571568,28.768215
2636. -2.602478,28.713884
2637. -2.789703,28.594279
2638. -2.704571,28.656635
2639. -2.735779,28.620157
2640. -2.556777,28.768902
2641. -2.712245,28.628526
2642. -2.55041,28.792806
2643. -2.635831,28.696203
2644. -0.432411,26.250973
2645. -0.795711,26.651287
2646. -0.16694,25.717278
2647. -1.25985,27.648897
2648. -0.390097,25.999489
2649. -0.233888,25.834007
2650. -1.110837,27.360077
2651. -1.223724,27.628212
2652. -0.016565,25.580292
2653. -0.434943,26.079912
2654. -0.991381,27.074432
2655. -0.884107,26.9244
2656. -1.211796,27.607613
2657. -1.27624,27.694902
2658. -0.411469,26.146088
2659. -0.567589,26.425037
2660. -0.29517,25.926018
2661. -0.852696,26.77351
2662. -0.996873,27.197342
2663. -0.165481,25.682259
2664. -0.086431,25.609818
2665. -0.433527,26.188488
2666. -1.01232,27.291756
2667. -0.356624,25.939751
2668. -0.47953,26.316891
2669. -0.935599,26.99152
2670. -0.331734,25.924644
2671. -0.044203,25.576172
2672. -0.232343,25.810146
2673. -0.67972,26.559019
2674. -1.402291,28.065863
2675. -1.331801,27.967587
2676. -0.213031,25.799332
2677. -0.878614,26.833763
2678. -1.209994,27.553883
2679. -0.389454,26.048756
2680. -1.007343,27.11237
2681. -0.962374,27.043362
2682. -1.275982,27.786055
2683. -0.859562,26.813335
2684. -1.295375,27.858152
2685. -0.744238,26.583138
2686. -1.292372,27.811117
2687. -1.026909,27.270985
2688. -0.144625,25.629559
2689. -1.190171,27.49938
2690. -1.36046,23.408089
2691. -1.143725,23.258915
2692. -1.386288,23.4062
2693. -1.07915,23.354101
2694. -1.133106,23.307924
2695. -1.099874,23.324232
2696. -1.170907,23.244174
2697. -1.055883,23.355346
2698. -0.997216,23.47023
2699. -0.761038,23.655624
2700. -0.877327,23.543186
2701. -0.748508,23.725319
2702. -0.397264,24.10984
2703. -0.343149,24.141941
2704. -0.762326,23.667469
2705. -0.816909,23.606873
2706. -0.625264,23.901615
2707. -0.983743,23.532715
2708. -0.416318,24.117994
2709. -0.996702,23.443451
2710. -0.936457,23.505077
2711. -0.601061,24.065895
2712. -0.69195,23.814926
2713. -0.346239,24.106064
2714. -0.68929,23.778877
2715. -0.503391,24.093447
2716. -0.981598,23.480186
2717. -0.878014,23.576317
2718. -0.369713,24.106665
2719. -0.991896,23.522072
2720. -0.57806,24.069843
2721. -0.77271,23.722057
2722. -1.032916,23.414268
2723. -0.378553,24.120398
2724. -0.530598,24.113874
2725. -0.949673,23.524647
2726. -0.645004,23.937836
2727. -0.336669,24.124689
2728. -0.784039,23.689957
2729. -0.923927,23.508682
2730. -0.891316,23.543873
2731. -0.742071,23.738537
2732. -0.635907,23.847198
2733. -1.047076,23.373756
2734. -0.328708,24.161425
2735. -0.514848,24.10924
2736. -1.054692,23.355614
2737. -0.157049,24.335918
2738. -0.324546,24.161468
2739. -1.542492,28.0826
2740. -1.467416,28.095732
2741. -1.59071,28.076591
2742. -1.536142,28.106632
2743. -1.520784,28.113327
2744. -1.430188,28.075175
2745. -2.66987,23.286037
2746. -1.536099,23.445854
2747. -2.264654,23.39633
2748. -1.886304,23.383541
2749. -1.746641,23.392296
2750. -2.546659,23.284149
2751. -1.512933,23.472118
2752. -2.227861,23.406029
2753. -1.979634,23.390923
2754. -2.434756,23.304319
2755. -2.237166,23.395042
2756. -2.092945,23.40517
2757. -2.593818,23.259001
2758. -1.923705,23.421135
2759. -2.752861,23.276424
2760. -2.492295,23.306723
2761. -1.787134,23.372898
2762. -2.358776,23.325005
2763. -1.603537,23.426628
2764. -2.326445,23.355989
2765. -1.444377,23.41856
2766. -2.53444,23.296509
2767. -1.908607,23.430233
2768. -2.161991,23.397102
2769. -1.423012,23.427486
2770. -2.177258,23.386288
2771. -1.950383,23.432808
2772. -2.556262,23.287497
2773. -1.566043,23.447227
2774. -1.659819,23.417702
2775. -1.762942,23.396244
2776. -2.282021,23.372898
2777. -2.392564,23.312988
2778. -1.630992,23.404655
2779. -2.813964,29.004121
2780. -2.903803,29.052658
2781. -2.859785,29.030428
2782. -2.994663,29.09493
2783. -3.076002,29.123425
2784. -2.842576,28.59561
2785. -3.152257,28.193235
2786. -2.992477,28.470941
2787. -2.92729,28.523297
2788. -3.047826,28.411245
2789. -3.00962,28.449183
2790. -3.082709,28.179502
2791. -3.035655,28.357
2792. -3.162584,28.183365
2793. -2.904832,28.555312
2794. -2.900546,28.538489
2795. -3.042854,28.209801
2796. -3.097364,28.186026
2797. -3.043454,28.256578
2798. -3.063082,28.186541
2799. -2.878601,28.580289
2800. -2.933076,28.52819
2801. -2.961277,28.488493
2802. -3.020377,28.338118
2803. -3.03979,28.433347
2804. -3.058261,28.395367
2805. -3.453643,29.130678
2806. -3.234109,29.164946
2807. -3.352906,29.15514
2808. -3.180131,29.152608
2809. -3.405364,29.136686
2810. -3.188722,28.185167
2811. -3.2248,28.133755
2812. -4.204543,29.007254
2813. -4.000297,29.093513
2814. -3.816661,29.097376
2815. -3.658234,29.14896
2816. -4.107092,29.091647
2817. -4.191564,29.050963
2818. -3.977778,29.108706
2819. -3.853914,29.094286
2820. -3.999227,29.099436
2821. -3.547924,29.150162
2822. -4.203366,29.043002
2823. -3.786173,29.09287
2824. -3.722388,29.114285
2825. -4.827447,28.686247
2826. -4.540276,28.791647
2827. -4.627308,28.721824
2828. -4.642001,28.721395
2829. -4.610946,28.783407
2830. -4.330963,28.950434
2831. -4.658747,28.682642
2832. -4.730881,28.649511
2833. -4.438708,28.851299
2834. -4.299852,28.957644
2835. -4.486199,28.839626
2836. -4.342603,28.93713
2837. -4.36785,28.939705
2838. -4.640269,28.7041
2839. -4.658662,28.697448
2840. -4.768945,28.68144
2841. -4.660779,28.747101
2842. -4.379852,28.892498
2843. -4.645701,28.713927
2844. -4.312797,28.947558
2845. -4.661592,28.766413
2846. -4.681032,28.652172
2847. -4.223781,28.995624
2848. -4.8992,28.746328
2849. -4.38426,28.923912
2850. -4.696473,28.646464
2851. -5.597919,29.018755
2852. -5.410262,28.933525
2853. -5.533594,28.985281
2854. -5.211348,28.860998
2855. -5.309382,28.932066
2856. -5.442688,28.975668
2857. -5.55683,29.008284
2858. -5.19015,28.892584
2859. -5.294596,28.896618
2860. -5.144503,28.911552
2861. -5.481308,28.988285
2862. -5.44115,28.947086
2863. -5.621239,29.066906
2864. -5.341664,28.944468
2865. -4.991723,28.755169
2866. -5.043195,28.791819
2867. -4.951192,28.744097
2868. -5.091585,28.894129
2869. -4.99805,28.784437
2870. -5.040374,28.841429
2871. -5.031054,28.823576
2872. -3.810517,27.268324
2873. -3.77172,27.28446
2874. -3.686286,27.474575
2875. -3.539207,27.756615
2876. -3.554713,27.602634
2877. -3.264819,28.123198
2878. -3.914607,27.282915
2879. -4.033924,27.151251
2880. -3.520532,27.881069
2881. -3.619302,27.593193
2882. -3.320303,28.089638
2883. -4.186224,27.140093
2884. -4.140169,27.122583
2885. -3.522502,27.825279
2886. -4.010807,27.217426
2887. -3.854107,27.289009
2888. -4.083667,27.14756
2889. -3.540492,27.623405
2890. -3.979212,27.231846
2891. -4.058839,27.137775
2892. -4.013204,27.177687
2893. -3.650482,27.565212
2894. -3.710397,27.352867
2895. -3.382381,28.032217
2896. -4.205741,27.086449
2897. -3.978656,27.261028
2898. -3.468358,27.922697
2899. -3.352563,28.088007
2900. -3.286156,28.111095
2901. -3.434559,27.995224
2902. -4.106354,27.135544
2903. -4.218067,26.889038
2904. -3.874574,27.287636
2905. -4.213103,27.111683
2906. -3.654807,27.394581
2907. -4.214301,27.124987
2908. -3.657206,23.554688
2909. -2.856549,23.348179
2910. -3.697335,23.564816
2911. -4.069155,23.057642
2912. -4.009523,23.153086
2913. -3.210703,23.6479
2914. -2.946812,23.570652
2915. -4.132122,22.926922
2916. -3.939011,23.387833
2917. -3.67408,23.569279
2918. -3.546103,23.570738
2919. -3.125347,23.646698
2920. -2.909868,23.47126
2921. -2.883637,23.427315
2922. -3.950014,23.286638
2923. -3.367429,23.592024
2924. -4.130603,22.884607
2925. -3.866567,23.500142
2926. -4.115857,22.938766
2927. -3.222487,23.636913
2928. -3.737762,23.552113
2929. -3.928864,23.323803
2930. -4.035465,23.128624
2931. -3.172825,23.631935
2932. -4.02365,23.196774
2933. -2.890838,23.402596
2934. -4.0674,23.079529
2935. -3.981011,23.2584
2936. -4.099591,23.027515
2937. -3.058753,23.644123
2938. -3.27056,23.643007
2939. -4.117226,22.966919
2940. -2.840561,23.300714
2941. -4.096081,22.977819
2942. -3.099636,23.630219
2943. -3.919745,23.414268
2944. -2.83336,23.335047
2945. -3.465831,23.611937
2946. -4.094347,22.834525
2947. -3.522973,23.597603
2948. -3.809296,23.526149
2949. -4.082062,22.847228
2950. -3.773369,23.559966
2951. -3.32026,23.663006
2952. -4.111212,22.825427
2953. -4.153438,22.822638
2954. -4.115022,22.830577
2955. -4.228339,26.905861
2956. -4.353814,26.770506
2957. -4.254275,27.034006
2958. -4.509645,26.612148
2959. -4.471225,26.661415
2960. -4.32326,26.805954
2961. -4.424075,26.68004
2962. -4.441104,26.661415
2963. -4.529581,26.571121
2964. -4.244346,26.976757
2965. -4.427498,26.661072
2966. -4.376065,26.745443
2967. -4.384196,26.75849
2968. -5.184038,26.027813
2969. -5.299425,25.865421
2970. -4.611973,26.444092
2971. -5.006601,25.998287
2972. -4.684903,26.306334
2973. -4.594007,26.456194
2974. -5.42231,25.70509
2975. -4.955553,25.993395
2976. -4.871663,26.102486
2977. -5.456829,25.639858
2978. -5.095133,26.046009
2979. -5.332071,25.839157
2980. -5.499292,25.639687
2981. -5.040502,26.032963
2982. -4.824881,26.139307
2983. -4.788617,26.192179
2984. -4.883978,26.053648
2985. -4.754489,26.263247
2986. -5.60155,25.513172
2987. -5.266777,25.926704
2988. -5.339421,25.80946
2989. -4.555634,26.548634
2990. -4.622496,26.393795
2991. -5.266435,25.986958
2992. -5.61795,25.563812
2993. -5.60471,25.59557
2994. -5.234298,26.031933
2995. -5.36352,25.786972
2996. -4.916132,26.009874
2997. -4.532704,26.567345
2998. -5.385438,25.739851
2999. -4.642001,26.360922
3000. -5.372364,25.744228
3001. -4.234031,22.885036
3002. -4.339522,22.875853
3003. -5.202801,22.832422
3004. -5.155017,22.869329
3005. -4.461085,22.873106
3006. -4.453597,22.893705
3007. -5.566868,22.835255
3008. -5.419106,22.823668
3009. -4.873544,22.914391
3010. -4.89997,22.928896
3011. -5.184594,22.835684
3012. -4.947344,22.9319
3013. -5.004036,22.885551
3014. -5.324936,22.84976
3015. -5.112445,22.868299
3016. -4.692816,22.866669
3017. -4.799651,22.895164
3018. -4.540747,22.851048
3019. -5.309723,22.867613
3020. -4.928874,22.920914
3021. -4.748074,22.861862
3022. -5.274085,22.867012
3023. -4.308454,22.888899
3024. -4.388303,22.852507
3025. -4.826678,22.938681
3026. -4.630623,22.85388
3027. -4.724466,22.872076
3028. -4.67622,22.831478
3029. -4.760562,22.870617
3030. -5.39612,22.810793
3031. -5.564284,22.866197
3032. -5.031225,22.858772
3033. -4.353023,22.860875
3034. -5.473533,22.821436
3035. -4.990323,22.923746
3036. -5.619659,22.806587
3037. -5.524495,22.878342
3038. -5.069101,22.845554
3039. -5.861448,29.170547
3040. -5.999899,29.036522
3041. -6.01966,28.952065
3042. -6.28224,28.997211
3043. -5.738357,29.090595
3044. -6.233821,28.902969
3045. -5.713291,29.096217
3046. -5.985601,29.012575
3047. -5.654466,29.067936
3048. -6.195894,28.911123
3049. -6.064982,28.93507
3050. -6.065238,28.902025
3051. -6.157025,28.889837
3052. -6.087418,28.88679
3053. -6.264067,28.939276
3054. -5.911181,29.191833
3055. -5.937988,29.194365
3056. -5.976723,29.093599
3057. -6.27294,29.017811
3058. -5.950025,29.133768
3059. -5.989613,28.940735
3060. -5.994905,29.084501
3061. -5.77495,29.108319
3062. -5.953589,28.992062
3063. -5.976339,29.119434
3064. -6.711877,29.105358
3065. -6.936907,29.102526
3066. -6.431264,29.038324
3067. -6.887956,29.12776
3068. -6.692782,29.084501
3069. -6.443972,29.025021
3070. -6.922209,29.099007
3071. -6.756712,29.108105
3072. -6.613582,29.046392
3073. -6.541959,29.016609
3074. -6.40171,29.032831
3075. -6.516974,29.04562
3076. -6.331806,29.017725
3077. -6.764042,29.126043
3078. -6.839212,29.155312
3079. -6.878369,29.150162
3080. -7.022144,29.087248
3081. -6.344431,29.046307
3082. -7.62193,29.270325
3083. -7.653916,29.256763
3084. -7.326118,29.146042
3085. -7.70138,29.256077
3086. -7.542167,29.248867
3087. -7.501664,29.239769
3088. -7.140283,29.155912
3089. -7.061839,29.135313
3090. -7.565481,29.266033
3091. -7.279762,29.142265
3092. -7.414687,29.172049
3093. -7.477751,29.185352
3094. -7.226973,29.169645
3095. -7.488899,29.220629
3096. -7.136877,29.131193
3097. -7.468815,29.217968
3098. -7.174092,29.151793
3099. -7.211305,29.163723
3100. -7.661402,29.242172
3101. -7.378853,29.196253
3102. -7.173092,29.191146
3103. -8.1137,29.140549
3104. -8.13541,29.115829
3105. -7.851988,29.159088
3106. -7.879451,29.171448
3107. -8.029739,29.191189
3108. -7.945421,29.175568
3109. -7.975853,29.160633
3110. -8.251033,29.031544
3111. -8.218584,29.056778
3112. -7.737443,29.250412
3113. -8.433425,28.922067
3114. -8.331975,28.994207
3115. -5.664929,25.421677
3116. -5.690722,25.353012
3117. -5.800034,25.029259
3118. -5.994735,24.689283
3119. -5.96601,24.740181
3120. -6.188598,24.114561
3121. -6.165836,24.4487
3122. -5.879869,24.854851
3123. -6.120287,24.325619
3124. -6.149643,24.140139
3125. -6.121055,24.225798
3126. -5.877051,24.879742
3127. -5.956107,24.800434
3128. -6.013002,24.692202
3129. -5.684829,25.264091
3130. -5.917008,24.837513
3131. -6.130783,24.523802
3132. -6.133258,24.250088
3133. -5.863391,24.921627
3134. -6.073261,24.575815
3135. -6.135904,24.420376
3136. -5.728557,25.172596
3137. -5.738976,25.105476
3138. -5.833506,24.958363
3139. -6.142731,24.370165
3140. -6.31146,23.969078
3141. -6.040572,24.642935
3142. -6.154251,24.4275
3143. -6.11747,24.298754
3144. -5.706352,25.186672
3145. -6.082223,24.551268
3146. -6.105352,24.35214
3147. -6.154678,24.174471
3148. -5.857585,24.899826
3149. -6.223924,23.996201
3150. -6.130954,24.491787
3151. -6.040572,24.600105
3152. -6.147851,24.464836
3153. -5.860786,22.510557
3154. -5.867617,22.533474
3155. -5.841148,22.616301
3156. -6.258394,23.658886
3157. -5.844649,22.572441
3158. -6.299175,23.661461
3159. -6.194528,23.721199
3160. -6.165004,23.711157
3161. -6.300924,23.777075
3162. -6.267907,23.781195
3163. -6.233203,23.753386
3164. -5.717753,22.733374
3165. -5.720999,22.747021
3166. -5.636657,22.755346
3167. -5.771,22.661018
3168. -5.707761,22.752943
3169. -5.663263,22.735691
3170. -6.848203,23.497868
3171. -6.635621,23.561897
3172. -6.736121,23.514927
3173. -6.567924,23.596916
3174. -6.627352,23.571682
3175. -6.757011,23.524132
3176. -6.43233,23.670731
3177. -7.026872,23.503704
3178. -6.957355,23.461475
3179. -6.979847,23.463879
3180. -6.928813,23.472462
3181. -6.605184,23.564472
3182. -6.78437,23.554344
3183. -6.89751,23.496977
3184. -7.009419,23.450446
3185. -6.491774,23.650646
3186. -6.370683,23.83162
3187. -6.359444,23.86076
3188. -6.351725,23.799262
3189. -6.332915,23.902044
3190. -6.388319,23.841448
3191. -7.722814,24.281673
3192. -7.623461,24.226913
3193. -7.567778,24.163485
3194. -7.312114,24.042206
3195. -7.344293,24.025812
3196. -7.462858,24.157391
3197. -7.315689,23.951311
3198. -7.679435,24.247169
3199. -7.433539,24.105377
3200. -7.401196,24.081774
3201. -7.372511,24.072933
3202. -7.289808,23.986416
3203. -7.50762,24.181509
3204. -7.519682,24.176831
3205. -7.511896,24.166617
3206. -7.673821,24.220905
3207. -7.44005,24.133101
3208. -7.151823,23.68412
3209. -7.070528,23.614426
3210. -7.062351,23.590136
3211. -7.328374,23.85767
3212. -7.277847,23.811064
3213. -7.256008,23.803511
3214. -7.062223,23.65674
3215. -7.07632,23.571596
3216. -7.333482,23.888483
3217. -7.164299,23.71665
3218. -7.54021,22.579222
3219. -7.311177,22.628489
3220. -7.657021,22.507124
3221. -7.54489,22.554502
3222. -7.420006,22.605228
3223. -7.394387,22.626343
3224. -7.229229,22.507038
3225. -7.485367,22.624283
3226. -7.243662,22.520771
3227. -7.587602,22.522402
3228. -7.28751,22.640848
3229. -7.62444,22.525663
3230. -7.23304,22.610636
3231. -7.973813,24.411964
3232. -8.18473,24.594269
3233. -8.148197,24.59959
3234. -7.991493,24.430847
3235. -7.819507,24.336433
3236. -8.2797,24.635296
3237. -7.818402,24.358063
3238. -7.847312,24.380894
3239. -7.87639,24.379349
3240. -8.066453,24.536419
3241. -7.79068,24.304161
3242. -7.940151,24.414368
3243. -8.231623,24.604568
3244. -7.983163,24.463291
3245. -7.89994,24.366474
3246. -8.41948,24.684219
3247. -7.765763,24.297981
3248. -8.007982,24.500713
3249. -7.75003,24.272919
3250. -8.098915,24.539337
3251. -8.044187,24.504662
3252. -8.344756,24.631519
3253. -8.388403,24.659672
3254. -8.207498,24.604912
3255. -8.267851,22.594585
3256. -8.318896,22.606258
3257. -8.240755,22.560768
3258. -8.38921,22.591753
3259. -8.378256,22.600594
3260. -8.481392,28.882756
3261. -8.467342,28.898807
3262. -9.127902,28.302841
3263. -9.724708,28.187828
3264. -8.953012,28.474631
3265. -9.800245,28.146629
3266. -9.156799,28.285503
3267. -8.808446,28.609686
3268. -9.695267,28.218899
3269. -8.607033,28.781691
3270. -9.31196,28.253231
3271. -8.868154,28.568144
3272. -9.088748,28.331766
3273. -9.221214,28.280225
3274. -9.71261,28.207912
3275. -8.967213,28.474288
3276. -9.401561,28.198299
3277. -9.059974,28.372879
3278. -9.658546,28.24688
3279. -9.606081,28.257523
3280. -8.58344,28.789845
3281. -8.483005,28.88413
3282. -8.996334,28.436265
3283. -8.532175,28.836536
3284. -9.772756,28.177185
3285. -9.282166,28.334341
3286. -9.296057,28.327045
3287. -8.711401,28.701353
3288. -8.781049,28.63492
3289. -8.738295,28.663759
3290. -9.09983,28.300695
3291. -8.829565,28.565741
3292. -8.905148,28.517118
3293. -9.264419,28.310823
3294. -8.674324,28.698521
3295. -9.69679,28.205853
3296. -8.624218,28.74753
3297. -10.541399,28.125515
3298. -10.489415,28.133068
3299. -10.660018,28.141651
3300. -10.982861,28.150921
3301. -10.787696,28.237352
3302. -10.708936,28.178902
3303. -10.589156,28.151779
3304. -10.87676,28.221731
3305. -10.755676,28.284216
3306. -10.962975,28.168774
3307. -9.710918,25.886536
3308. -9.130995,25.829029
3309. -9.741542,25.931511
3310. -9.694167,25.846195
3311. -9.397412,25.775814
3312. -8.919414,25.545616
3313. -9.21217,25.815983
3314. -8.90042,25.57085
3315. -9.486059,25.787659
3316. -9.805742,25.963955
3317. -9.330255,25.765858
3318. -9.720816,25.881557
3319. -9.018947,25.698738
3320. -9.181329,25.823364
3321. -9.403932,25.803108
3322. -9.272996,25.810661
3323. -9.064042,25.711441
3324. -8.958587,25.702
3325. -9.182685,25.846024
3326. -9.238603,25.818386
3327. -9.784428,25.934086
3328. -8.890244,25.451374
3329. -9.436446,25.79092
3330. -8.911253,25.662689
3331. -9.564442,25.809975
3332. -8.747414,25.006428
3333. -8.440026,24.720783
3334. -8.631261,24.847298
3335. -8.858019,25.30838
3336. -8.873623,25.240917
3337. -8.702705,24.916649
3338. -8.806368,25.074921
3339. -8.444866,24.845066
3340. -8.770488,24.980335
3341. -8.735029,25.004025
3342. -8.864125,25.092945
3343. -8.720606,24.955101
3344. -9.295782,22.87199
3345. -9.322717,22.874393
3346. -9.77948,22.830706
3347. -9.607182,23.002281
3348. -8.717383,22.639046
3349. -8.66936,22.641449
3350. -9.128199,22.730713
3351. -9.022762,22.734833
3352. -8.691591,22.653122
3353. -8.562095,22.67149
3354. -9.226318,22.777576
3355. -9.067432,22.738781
3356. -9.691163,22.86109
3357. -9.101334,22.717152
3358. -8.838089,22.648659
3359. -9.190565,22.716465
3360. -9.401476,22.971039
3361. -8.976645,22.749596
3362. -9.528131,22.963829
3363. -9.377342,22.94632
3364. -8.778631,22.673893
3365. -9.749113,22.815084
3366. -9.715952,22.9216
3367. -9.196241,22.753029
3368. -8.478654,22.690887
3369. -8.446139,22.607632
3370. -8.607415,22.676296
3371. -9.714598,22.842464
3372. -8.447328,22.685909
3373. -9.700216,22.938852
3374. -9.696663,22.870274
3375. -10.212979,28.099937
3376. -9.981615,28.120708
3377. -9.892845,28.097706
3378. -10.181893,28.123283
3379. -10.063262,28.103886
3380. -10.030471,28.119335
3381. -10.132722,28.122597
3382. -10.292076,28.121395
3383. -10.039599,28.110409
3384. -10.375966,28.103886
3385. -9.966906,28.105259
3386. -10.397621,28.115215
3387. -9.94983,26.055107
3388. -9.959298,25.984554
3389. -10.224298,26.479969
3390. -10.44789,26.43465
3391. -9.972317,26.072788
3392. -10.141509,26.414566
3393. -9.945941,26.021633
3394. -10.279367,26.470871
3395. -10.014074,26.301956
3396. -9.956762,26.035538
3397. -10.004776,26.273975
3398. -10.440715,26.459541
3399. -9.912461,25.948162
3400. -9.919394,25.974255
3401. -10.306053,26.469669
3402. -9.982038,26.187115
3403. -10.216527,26.464176
3404. -10.026583,26.333542
3405. -10.031654,26.309853
3406. -10.2618,26.488037
3407. -9.950675,25.966358
3408. -10.076319,26.422634
3409. -10.335607,26.423492
3410. -9.975698,26.094933
3411. -9.969442,26.269341
3412. -11.027725,26.938648
3413. -11.000091,26.891785
3414. -11.002998,26.81016
3415. -10.856572,26.744499
3416. -11.201051,27.117519
3417. -11.145182,27.05821
3418. -10.986989,26.742783
3419. -10.817246,26.740894
3420. -10.980544,26.735187
3421. -10.99196,28.089466
3422. -11.045964,28.019085
3423. -11.065338,28.02063
3424. -11.129603,27.952566
3425. -10.784787,26.70742
3426. -10.671868,26.480656
3427. -10.590927,26.458683
3428. -10.765647,26.601076
3429. -10.720195,26.502886
3430. -10.655673,26.234579
3431. -10.655083,25.964813
3432. -10.680472,25.331125
3433. -10.757552,25.863876
3434. -10.769399,25.532827
3435. -10.656433,26.183252
3436. -10.788623,25.633507
3437. -10.631633,26.370535
3438. -10.734152,25.900526
3439. -10.781267,25.736032
3440. -10.666238,25.388288
3441. -10.761599,25.817184
3442. -10.616891,26.311784
3443. -10.642599,26.129093
3444. -10.681737,25.47575
3445. -10.709295,25.499096
3446. -10.510556,24.312057
3447. -10.470721,24.288454
3448. -10.39378,25.135775
3449. -10.442192,24.889698
3450. -10.49334,24.873133
3451. -10.443458,23.990107
3452. -10.467514,25.1968
3453. -10.393062,24.995613
3454. -10.414083,24.932957
3455. -10.446244,24.218416
3456. -10.491188,24.310255
3457. -10.359122,25.060587
3458. -10.503805,24.830046
3459. -10.526526,24.808073
3460. -10.403995,24.100742
3461. -10.518889,25.213108
3462. -10.445653,24.027443
3463. -10.440008,24.142821
3464. -10.362436,25.078053
3465. -10.531484,23.053093
3466. -10.406991,23.180122
3467. -9.971133,22.717323
3468. -9.881007,22.792511
3469. -10.407498,23.569021
3470. -10.375417,23.403368
3471. -10.434848,23.601637
3472. -10.029118,22.638187
3473. -10.447341,23.133345
3474. -10.200773,22.516222
3475. -10.409777,23.515034
3476. -10.387237,23.22999
3477. -10.424761,23.786087
3478. -10.48279,23.873806
3479. -9.938163,22.73243
3480. -10.419907,23.657513
3481. -10.422186,23.169651
3482. -10.383501,23.450918
3483. -10.384388,23.453622
3484. -10.450992,23.833938
3485. -10.652721,24.588003
3486. -10.639604,25.283318
3487. -10.571564,25.238857
3488. -10.653459,24.473763
3489. -10.5819,24.624224
3490. -10.62752,24.518137
3491. -10.606831,24.37789
3492. -10.603878,25.234652
3493. -10.605818,24.410763
3494. -10.570974,24.723787
3495. -10.671784,25.293617
3496. -10.618894,24.427671
3497. -10.647597,24.459257
3498. -10.634037,22.643681
3499. -10.619232,22.945204
3500. -10.660271,22.615185
3501. -10.626993,22.847357
3502. -10.59696,22.999277
3503. -10.639225,22.673464
3504. -10.676845,22.50206
3505. -10.66259,22.768478
3506. -4.885335,18.33528
3507. -4.783699,17.273941
3508. -4.921477,18.203831
3509. -4.886843,18.262711
3510. -4.836385,18.111477
3511. -4.775488,17.397022
3512. -4.746535,17.981272
3513. -4.756521,16.880407
3514. -4.760092,17.167854
3515. -4.776215,17.857676
3516. -4.80769,17.826176
3517. -4.7494,17.661724
3518. -4.769094,16.896372
3519. -4.780449,17.200127
3520. -4.892658,18.130531
3521. -4.762487,17.416935
3522. -4.80474,17.073612
3523. -4.746748,16.950874
3524. -4.775766,17.623615
3525. -4.76099,17.774591
3526. -4.770506,16.995978
3527. -4.764497,17.360244
3528. -4.803799,17.608595
3529. -4.744995,17.709103
3530. -4.790713,17.537098
3531. -4.871107,18.102551
3532. -4.763684,18.092766
3533. -4.753934,18.045902
3534. -4.804932,17.039666
3535. -4.774269,17.031298
3536. -4.792979,17.800255
3537. -4.766379,17.946682
3538. -4.767961,17.473927
3539. -5.269683,19.20599
3540. -5.183055,19.094324
3541. -5.239897,19.176121
3542. -5.141853,19.044714
3543. -5.221093,19.134064
3544. -5.090047,18.920259
3545. -5.018058,18.764305
3546. -5.150401,18.931074
3547. -4.94743,18.611698
3548. -4.966071,18.367682
3549. -5.011731,18.741045
3550. -5.007156,18.780613
3551. -4.98826,18.52149
3552. -5.093723,18.910818
3553. -5.113727,18.936739
3554. -5.162283,18.946524
3555. -4.942855,18.462524
3556. -5.018913,18.801298
3557. -5.037723,18.835287
3558. -4.976503,18.716412
3559. -5.047128,18.840952
3560. -5.146512,18.773575
3561. -5.234213,18.802071
3562. -5.270025,18.798809
3563. -5.094834,18.763704
3564. -5.064484,18.78808
3565. -5.038578,18.836832
3566. -5.132107,18.775291
3567. -5.544486,19.639435
3568. -5.316731,19.258947
3569. -5.49203,19.563732
3570. -5.531415,19.409409
3571. -5.558411,19.680634
3572. -5.386977,19.295082
3573. -5.53133,19.378338
3574. -5.495661,19.341602
3575. -5.507836,19.537468
3576. -5.506896,19.486656
3577. -5.376039,19.272079
3578. -5.282546,19.202986
3579. -5.50884,19.359326
3580. -5.352069,19.272938
3581. -5.447431,18.989697
3582. -5.62188,19.036732
3583. -5.566441,19.023685
3584. -5.457812,19.010382
3585. -5.537267,19.037762
3586. -5.454907,19.027548
3587. -5.419746,18.971329
3588. -5.476651,18.821297
3589. -5.434101,18.765507
3590. -5.455975,18.897686
3591. -5.332413,18.766193
3592. -5.416328,18.78027
3593. -5.439655,18.966522
3594. -5.449994,18.800182
3595. -5.485964,18.869705
3596. -5.461657,18.774261
3597. -4.207796,15.64539
3598. -4.201418,15.602474
3599. -4.181559,15.689678
3600. -4.198551,15.642214
3601. -4.190761,15.696287
3602. -4.210792,15.578098
3603. -4.429915,16.216421
3604. -4.276015,15.900736
3605. -4.701691,16.830926
3606. -4.645808,16.448593
3607. -4.29232,15.971975
3608. -4.630238,16.489277
3609. -4.731202,16.846161
3610. -4.647006,16.522408
3611. -4.262834,15.898848
3612. -4.277214,15.969143
3613. -4.677118,16.536655
3614. -4.730047,16.872425
3615. -4.37521,16.057634
3616. -4.291464,15.559387
3617. -4.610904,16.368771
3618. -4.370792,15.487761
3619. -4.24135,15.813875
3620. -4.675151,16.740074
3621. -4.286543,15.990429
3622. -4.661549,16.441212
3623. -4.450324,16.200886
3624. -4.329252,15.520163
3625. -4.297242,16.010599
3626. -4.706342,16.792216
3627. -4.54064,16.312938
3628. -4.698483,16.807752
3629. -4.29125,15.963135
3630. -4.381227,15.350958
3631. -4.373348,15.345197
3632. -4.390336,15.448322
3633. -4.382516,15.353576
3634. -4.390047,15.335197
3635. -4.389855,15.314791
3636. -4.514222,15.189114
3637. -4.457983,15.245247
3638. -4.442623,15.255375
3639. -4.405376,15.423431
3640. -4.494671,15.221515
3641. -4.47238,15.223446
3642. -4.50158,15.208554
3643. -4.406221,15.292325
3644. -4.434237,15.277991
3645. -4.727075,15.195808
3646. -4.789002,15.181732
3647. -4.571377,15.168171
3648. -4.699018,15.21349
3649. -4.765395,15.198383
3650. -4.618432,15.193062
3651. -4.86016,15.1898
3652. -4.592424,15.168686
3653. -4.901081,15.166969
3654. -5.527699,14.48041
3655. -5.556062,14.465733
3656. -5.29528,14.78528
3657. -5.477805,14.606409
3658. -5.050676,15.15358
3659. -5.165361,15.013504
3660. -5.267162,14.825449
3661. -5.192116,14.943466
3662. -4.992108,15.152206
3663. -5.619787,14.250984
3664. -4.935244,15.144482
3665. -5.491987,14.545126
3666. -5.097271,15.114098
3667. -5.594332,14.334412
3668. -5.272803,14.839268
3669. -5.056832,15.133495
3670. -5.561956,14.428568
3671. -5.239576,14.908962
3672. -5.242952,14.875102
3673. -5.582223,14.376512
3674. -5.43346,14.653788
3675. -5.009315,15.161004
3676. -5.26417,15.204563
3677. -5.59414,15.298634
3678. -5.509673,15.307775
3679. -5.529792,15.280094
3680. -5.171088,15.114441
3681. -5.464818,15.283527
3682. -5.189594,15.19289
3683. -5.244683,15.223274
3684. -5.319722,15.24662
3685. -5.402699,15.260868
3686. -5.282204,15.208511
3687. -5.485003,15.305285
3688. -5.136029,15.090623
3689. -5.454907,15.290565
3690. -5.620022,15.281382
3691. -5.204916,15.212803
3692. -5.615879,15.282154
3693. -5.298784,15.224819
3694. -5.596809,13.248825
3695. -5.485665,13.331823
3696. -5.54974,13.407011
3697. -5.617139,13.219986
3698. -5.563408,13.435163
3699. -5.601678,13.450527
3700. -5.496857,13.289423
3701. -5.50318,13.361177
3702. -6.203957,21.451321
3703. -5.892121,22.356234
3704. -6.132106,21.670361
3705. -6.067202,21.892748
3706. -5.988332,22.104149
3707. -6.146016,21.653709
3708. -6.17631,21.564274
3709. -5.95393,22.204056
3710. -6.062166,21.994715
3711. -6.206176,21.369438
3712. -6.156342,21.807175
3713. -5.935149,22.245684
3714. -6.166497,21.482906
3715. -6.045522,22.02836
3716. -6.148278,21.255541
3717. -6.163468,21.212883
3718. -5.990509,22.141485
3719. -6.12402,21.873951
3720. -5.944198,22.226286
3721. -5.961699,22.166548
3722. -6.157665,21.173916
3723. -6.148534,21.196318
3724. -6.175798,21.84391
3725. -5.9366,22.217703
3726. -6.138592,21.733189
3727. -5.999899,22.098227
3728. -6.113673,21.281719
3729. -6.015392,22.056599
3730. -6.136843,21.250219
3731. -6.166241,21.762371
3732. -6.186763,21.122332
3733. -6.209717,21.097784
3734. -5.915172,22.293921
3735. -6.193249,21.155291
3736. -6.147403,21.879401
3737. -6.046376,21.948709
3738. -6.179041,21.337852
3739. -5.992003,22.059174
3740. -5.951967,22.270832
3741. -6.057984,21.908112
3742. -5.897521,22.475452
3743. -5.894959,22.39181
3744. -5.912525,22.30319
3745. -6.226825,21.880646
3746. -6.269826,21.889229
3747. -6.24679,21.870003
3748. -6.314872,21.886139
3749. -6.266243,20.571728
3750. -6.207413,21.079159
3751. -6.05888,20.364361
3752. -6.251526,21.051006
3753. -5.669199,19.891777
3754. -5.653654,19.798737
3755. -5.901384,20.191326
3756. -6.177249,20.523663
3757. -5.867147,20.114937
3758. -5.957815,20.218105
3759. -6.322848,20.949125
3760. -6.233565,20.581856
3761. -6.142859,20.459118
3762. -5.648359,19.851608
3763. -5.966095,20.261364
3764. -5.713526,20.045757
3765. -6.256218,21.018906
3766. -6.125962,20.39526
3767. -5.853572,20.106354
3768. -5.639646,19.749298
3769. -5.691918,19.929543
3770. -5.696359,19.912548
3771. -6.045223,20.338268
3772. -6.912198,22.026043
3773. -6.70851,21.965446
3774. -6.967579,22.292805
3775. -6.789995,21.989651
3776. -6.88361,22.060804
3777. -6.617973,21.963043
3778. -6.342938,21.868973
3779. -6.886763,21.975145
3780. -6.995011,22.207661
3781. -7.020014,22.297354
3782. -6.403885,22.03145
3783. -6.985299,22.180538
3784. -6.984192,22.224483
3785. -6.956077,22.161827
3786. -6.364349,21.873093
3787. -6.379917,21.984329
3788. -6.357525,21.973858
3789. -6.901291,22.10947
3790. -6.417618,22.034025
3791. -6.657361,21.951885
3792. -6.997482,22.166977
3793. -6.494397,22.036557
3794. -6.978995,22.304306
3795. -6.907884,21.995294
3796. -6.757948,21.988449
3797. -6.60382,21.981239
3798. -6.366226,20.593185
3799. -6.41314,20.717983
3800. -6.368572,20.89222
3801. -6.362004,20.827203
3802. -6.386655,20.879173
3803. -6.41508,20.777206
3804. -6.425934,20.637474
3805. -6.423993,20.75768
3806. -6.375545,20.91902
3807. -6.403352,20.794373
3808. -6.542428,20.791798
3809. -6.516079,20.799694
3810. -6.808234,20.823383
3811. -6.611664,20.841923
3812. -7.008301,20.804501
3813. -6.907,20.796089
3814. -6.752152,20.846043
3815. -6.59717,20.810165
3816. -7.028022,20.814285
3817. -6.468577,20.796604
3818. -6.959911,20.757465
3819. -6.794768,20.81789
3820. -6.178358,19.187279
3821. -6.708126,19.097242
3822. -6.607657,19.087629
3823. -5.9118,19.305038
3824. -6.838914,19.003601
3825. -6.437917,19.139814
3826. -5.85545,19.290104
3827. -6.967451,18.926868
3828. -6.219401,19.178696
3829. -6.02747,19.237061
3830. -6.57159,19.048147
3831. -6.742052,19.063339
3832. -6.31645,19.149857
3833. -6.950369,18.970127
3834. -5.656387,19.136295
3835. -6.389044,19.15801
3836. -6.066817,19.228821
3837. -6.154635,19.21114
3838. -5.777319,19.309673
3839. -6.662007,19.102564
3840. -5.745445,19.307914
3841. -5.71344,19.217663
3842. -6.012788,19.228821
3843. -5.649042,19.069691
3844. -5.938692,19.336281
3845. -6.450454,19.107714
3846. -5.978302,19.244442
3847. -5.852462,19.31036
3848. -5.743224,19.316969
3849. -5.731161,19.307957
3850. -5.967376,19.300575
3851. -6.246577,19.161015
3852. -8.090757,22.463951
3853. -7.12721,22.369366
3854. -7.145776,22.387905
3855. -8.08056,22.480087
3856. -7.788809,22.414684
3857. -8.142249,22.459316
3858. -8.207328,22.461033
3859. -7.657021,22.463007
3860. -8.238058,22.460475
3861. -8.172836,22.468758
3862. -7.062351,22.310057
3863. -7.844591,22.411938
3864. -7.068867,22.359066
3865. -7.896965,22.38121
3866. -8.017246,22.478542
3867. -7.957662,22.45039
3868. -7.762106,22.434254
3869. -7.683901,22.432709
3870. -7.197915,22.395158
3871. -8.217224,22.442579
3872. -7.199639,20.683308
3873. -7.055877,20.786133
3874. -7.179074,20.692062
3875. -7.26052,20.687513
3876. -7.14484,20.751886
3877. -7.117799,20.740471
3878. -7.425283,19.027119
3879. -7.899175,18.970985
3880. -7.838001,18.96163
3881. -7.57199,19.067802
3882. -7.238298,18.931503
3883. -7.714649,19.022484
3884. -7.606617,19.055958
3885. -7.935348,18.953991
3886. -7.149822,18.908672
3887. -7.121547,18.929873
3888. -7.29862,18.985147
3889. -7.688962,19.052181
3890. -7.346208,18.9921
3891. -7.217436,18.903351
3892. -7.291085,18.959484
3893. -5.626022,14.306002
3894. -5.681498,14.183521
3895. -5.64648,14.207554
3896. -5.738207,14.098721
3897. -5.811433,15.266619
3898. -5.844905,15.277262
3899. -5.664801,15.257607
3900. -5.758447,15.252457
3901. -5.801357,15.245075
3902. -5.855663,13.564596
3903. -5.810921,13.632145
3904. -5.772238,13.958988
3905. -5.836794,13.517475
3906. -5.828554,13.434906
3907. -5.675776,13.443747
3908. -5.643789,13.434649
3909. -5.733809,13.711796
3910. -5.749266,13.778486
3911. -5.761051,13.837624
3912. -5.75012,13.828783
3913. -5.742349,13.805265
3914. -5.765321,13.659267
3915. -5.843112,13.482628
3916. -5.756013,13.981562
3917. -5.694608,13.435764
3918. -5.757892,13.815565
3919. -5.837071,13.45027
3920. -5.789915,13.451042
3921. -5.741068,13.695059
3922. -5.812458,12.751265
3923. -5.71596,13.086691
3924. -5.734022,13.046436
3925. -5.663178,13.167543
3926. -5.837477,12.728777
3927. -5.839825,12.9879
3928. -5.778942,13.042488
3929. -5.804517,12.858982
3930. -5.855418,13.021824
3931. -5.823516,12.887478
3932. -5.828276,13.058624
3933. -5.851106,13.053496
3934. -5.692986,13.065169
3935. -5.655661,13.190031
3936. -5.851907,12.522097
3937. -5.880509,12.642775
3938. -5.863134,12.462015
3939. -5.858566,12.427769
3940. -5.83278,12.58338
3941. -5.813312,12.538662
3942. -5.870776,12.445621
3943. -5.865995,12.416096
3944. -5.844649,12.452917
3945. -5.815532,12.331724
3946. -5.773605,12.30546
3947. -5.741858,12.295804
3948. -5.818691,12.372408
3949. -10.670919,22.343102
3950. -10.684183,22.387133
3951. -10.526716,22.422924
3952. -10.571016,22.412968
3953. -10.695274,22.474766
3954. -10.483613,22.453737
3955. -10.290894,22.482576
3956. -11.985046,28.73045
3957. -12.433832,28.341283
3958. -11.421391,27.351151
3959. -11.323867,27.310467
3960. -11.511608,27.450113
3961. -11.722377,27.425995
3962. -11.267895,27.21674
3963. -11.862773,27.455006
3964. -11.669511,27.477837
3965. -11.662387,27.487836
3966. -11.773931,27.466421
3967. -11.695567,27.445478
3968. -11.591852,27.49805
3969. -11.64011,27.485476
3970. -11.472055,27.386642
3971. -11.47544,27.65276
3972. -11.543145,27.607226
3973. -11.365418,27.775927
3974. -11.332851,27.835193
3975. -11.26457,27.873859
3976. -11.450794,27.709408
3977. -12.090898,27.52058
3978. -12.046833,27.506933
3979. -11.993022,27.471313
3980. -12.182992,27.782364
3981. -12.14276,27.69516
3982. -12.098368,27.593966
3983. -11.958639,27.476892
3984. -12.206021,27.793865
3985. -12.078624,27.511482
3986. -12.264968,27.795668
3987. -2.682044,11.62508
3988. -4.156488,12.659233
3989. -3.715728,12.450213
3990. -4.280145,15.259752
3991. -4.420545,12.140622
3992. 1.446179,15.875416
3993. 1.595343,16.025448
3994. 1.5796,15.952406
3995. 1.564971,15.947084
3996. 1.617179,16.059566
3997. 1.486721,15.901165
3998. 1.048943,15.697317
3999. 1.127142,15.726585
4000. 0.693624,15.342665
4001. 0.812103,15.368586
4002. 0.823775,15.490723
4003. 0.077977,15.559559
4004. 1.384228,15.854816
4005. 0.709501,15.319834
4006. 0.646763,15.344982
4007. 1.043343,15.677319
4008. 0.472965,15.347385
4009. 0.289205,15.496731
4010. 0.83343,15.446434
4011. 0.615866,15.339146
4012. 0.932381,15.604706
4013. 0.946648,15.633845
4014. 0.674313,15.333824
4015. 1.205918,15.793877
4016. 0.435801,15.389442
4017. 0.0053,15.633802
4018. 0.128102,15.566511
4019. 0.257963,15.492182
4020. 0.324653,15.422831
4021. 0.166039,15.530806
4022. 0.396234,15.415707
4023. 1.389205,15.868893
4024. 1.329999,15.833874
4025. 0.840724,15.543337
4026. 0.357182,15.409269
4027. 0.527465,15.359573
4028. 0.767647,15.300694
4029. 0.216679,15.535097
4030. 1.051517,15.690365
4031. -0.364606,15.781002
4032. -0.980267,15.773363
4033. -0.786184,15.862026
4034. -0.908566,15.758343
4035. -1.004983,15.817652
4036. -0.450435,15.896702
4037. -0.309933,15.756969
4038. -1.105431,15.946827
4039. -1.311765,15.906744
4040. -0.685857,15.906315
4041. -1.37775,15.935841
4042. -1.330471,15.895243
4043. -0.471978,15.913525
4044. -0.389754,15.857563
4045. -0.563813,15.878849
4046. -0.159216,15.727959
4047. -0.77374,15.887432
4048. -0.251741,15.760403
4049. -0.655475,15.919361
4050. -0.420652,15.889664
4051. -0.099735,15.671482
4052. -0.219469,15.735855
4053. -0.719242,15.866146
4054. -1.226813,15.918417
4055. -0.005472,15.625606
4056. -1.370628,15.904169
4057. -0.928798,15.721478
4058. -1.271778,15.893612
4059. -0.485538,15.908718
4060. -0.515235,15.927944
4061. -1.159451,15.972147
4062. -2.010214,15.86709
4063. -1.56008,15.884085
4064. -2.728298,15.527716
4065. -1.744347,15.929275
4066. -2.082009,15.880051
4067. -2.432183,15.75654
4068. -2.27606,15.827522
4069. -1.868203,15.887389
4070. -1.457956,15.935884
4071. -1.683413,15.883141
4072. -2.666955,15.5793
4073. -2.76452,15.518017
4074. -1.765472,15.933609
4075. -1.597145,15.881681
4076. -2.349428,15.806065
4077. -2.484684,15.752592
4078. -1.895268,15.868378
4079. -1.877103,15.866876
4080. -2.774765,11.682243
4081. -2.777165,11.737175
4082. -4.162384,15.257049
4083. -2.90556,15.605521
4084. -4.129939,15.310779
4085. -4.063933,15.372791
4086. -3.014441,15.664358
4087. -3.359289,15.549946
4088. -3.63395,15.513725
4089. -4.01299,15.356827
4090. -3.847427,15.439053
4091. -3.461932,15.519562
4092. -3.86935,15.412273
4093. -3.947702,15.375452
4094. -3.310277,15.583248
4095. -2.888845,15.616894
4096. -2.864199,15.547457
4097. -3.894505,15.407081
4098. -2.854513,15.55295
4099. -3.480438,15.520248
4100. -3.06651,15.635777
4101. -4.132529,15.345926
4102. -4.117804,15.357943
4103. -2.916061,15.632086
4104. -4.141571,15.298634
4105. -4.190708,15.255396
4106. -3.699776,15.497932
4107. -3.57827,15.513897
4108. -3.99197,15.378242
4109. -2.845233,11.814766
4110. -3.345409,12.161694
4111. -3.313019,12.161522
4112. -3.005999,11.982307
4113. -3.130532,12.006598
4114. -2.979856,11.931496
4115. -2.98457,11.96188
4116. -3.388828,12.198772
4117. -3.482365,12.316618
4118. -2.914882,11.888666
4119. -3.232256,12.124615
4120. -4.16722,12.838554
4121. -4.181901,13.702612
4122. -4.17485,13.308864
4123. -4.139741,13.110638
4124. -4.194356,13.684845
4125. -4.171757,13.64974
4126. -4.188536,12.953911
4127. -4.186139,13.43276
4128. -4.160201,13.357573
4129. -4.176294,12.694616
4130. -4.192452,12.997255
4131. -4.152753,13.028755
4132. -4.149243,13.546658
4133. -4.181859,12.788687
4134. -4.201547,13.768101
4135. -4.158211,13.221316
4136. -4.145648,13.168058
4137. -4.160276,13.577642
4138. -4.16675,13.521767
4139. -4.171415,12.903957
4140. -4.166514,13.276978
4141. -4.148965,13.048325
4142. -4.198636,13.793592
4143. -4.168333,12.760448
4144. -4.123947,12.660542
4145. -4.197588,12.6723
4146. -4.174261,12.659469
4147. -4.194356,12.554884
4148. -4.210706,12.53274
4149. -4.187337,12.575569
4150. -4.199664,12.563982
4151. -4.183057,12.615824
4152. -4.164652,12.637539
4153. -3.638104,12.44545
4154. -3.683416,12.437038
4155. -3.778508,12.479696
4156. -3.91101,12.562351
4157. -3.520317,12.350864
4158. -4.020867,12.633247
4159. -3.802252,12.526817
4160. -4.08662,12.638054
4161. -3.853208,12.567844
4162. -3.965213,12.598572
4163. -3.591163,12.408028
4164. -3.714583,12.449505
4165. -3.555077,12.340608
4166. -4.005948,11.309867
4167. -4.185668,11.416512
4168. -4.032833,11.34583
4169. -4.136659,11.370592
4170. -4.037542,11.385055
4171. -3.983558,11.298108
4172. -3.885492,12.337132
4173. -3.817539,12.378502
4174. -4.216912,12.124357
4175. -4.090002,12.185469
4176. -3.989487,12.224607
4177. -4.109222,12.196283
4178. -3.931219,12.279282
4179. -4.16645,12.140751
4180. -3.925096,12.309237
4181. -4.213873,12.138262
4182. -4.142695,12.128563
4183. -4.013119,12.224779
4184. -3.814199,12.397127
4185. -4.063291,12.190962
4186. -4.171158,12.125902
4187. -4.111234,12.145901
4188. -3.953011,12.234306
4189. -3.910711,12.31164
4190. -4.046424,12.211647
4191. -4.308465,15.230463
4192. -4.2894,15.244367
4193. -4.302516,15.229111
4194. -4.331477,15.14328
4195. -4.310915,15.187612
4196. -4.280755,15.271361
4197. -4.21903,15.273099
4198. -4.244196,15.285974
4199. -4.273394,15.283163
4200. -4.267028,15.2846
4201. -4.233026,15.27945
4202. -4.362544,14.842358
4203. -4.345427,15.036592
4204. -4.364983,14.949818
4205. -4.322661,15.074444
4206. -4.345898,14.898491
4207. -4.370203,15.020628
4208. -4.333274,15.093756
4209. -4.376065,14.76614
4210. -4.223353,14.294286
4211. -4.336312,14.69842
4212. -4.285901,14.504356
4213. -4.236984,14.232016
4214. -4.268911,14.456463
4215. -4.28252,14.646149
4216. -4.249481,14.434404
4217. -4.292363,14.63027
4218. -4.252092,14.320722
4219. -4.293133,14.559031
4220. -4.242206,14.339304
4221. -4.227847,14.281926
4222. -4.308625,14.096746
4223. -4.331134,14.75069
4224. -4.270281,14.361877
4225. -4.271479,14.486418
4226. -4.306871,13.882599
4227. -4.239724,13.824062
4228. -4.304431,13.914356
4229. -4.327754,13.999929
4230. -4.28359,13.870497
4231. -4.314959,13.953323
4232. -4.311535,13.89822
4233. -4.276015,13.841228
4234. -4.327026,12.363997
4235. -4.444997,12.203321
4236. -4.366224,12.284174
4237. -4.380088,12.249413
4238. -4.346711,12.414465
4239. -4.352702,12.289667
4240. -4.222176,12.505789
4241. -4.338495,12.388887
4242. -4.460529,12.103329
4243. -4.460486,12.11689
4244. -4.420694,12.167702
4245. -4.290737,12.449141
4246. -4.501045,12.08951
4247. -4.232191,12.523298
4248. -4.219523,12.54261
4249. -4.31299,12.454119
4250. -4.327283,12.38966
4251. -4.414233,12.228813
4252. -4.347823,12.34211
4253. -4.324288,12.436609
4254. -4.265402,12.467422
4255. -4.241692,12.487164
4256. -4.252049,12.144699
4257. -4.225686,12.137575
4258. -4.239552,12.123327
4259. -4.26369,12.139292
4260. -4.339351,12.161608
4261. -4.357409,12.140064
4262. -4.286629,12.154913
4263. -4.372985,12.142639
4264. -4.403194,12.151737
4265. -4.444997,11.694345
4266. -4.259325,11.618385
4267. -4.412008,11.69486
4268. -4.442986,11.707134
4269. -4.519399,11.766615
4270. -4.362372,11.695719
4271. -4.330792,11.673231
4272. -4.28573,11.547832
4273. -4.483461,11.720567
4274. -4.431263,11.700954
4275. -4.569965,11.80687
4276. -4.268654,11.595469
4277. -4.268055,11.664219
4278. -4.640718,11.986685
4279. -4.670531,11.973767
4280. -4.671194,11.958575
4281. -4.613941,12.039814
4282. -4.751228,11.903064
4283. -4.764657,11.889482
4284. -4.76145,11.867208
4285. -4.706481,11.936131
4286. -4.815548,11.871157
4287. -4.804729,11.862381
4288. -4.799271,11.858089
4289. -4.850004,11.905403
4290. -4.88417,11.927977
4291. -4.596274,11.822577
4292. -4.786511,11.857638
4293. -4.780556,11.860042
4294. -4.753003,11.86223
4295. -4.668179,11.829271
4296. -4.72576,11.865449
4297. -4.989222,12.057967
4298. -4.92261,11.947203
4299. -4.972463,11.985312
4300. -4.982766,12.037754
4301. -11.387832,43.293257
4302. -11.586639,43.386984
4303. -11.875729,43.393121
4304. -11.635655,43.392048
4305. -11.534798,43.276906
4306. -11.566627,43.272314
4307. -11.470141,43.273473
4308. -11.430772,43.275061
4309. -11.402398,43.278108
4310. -11.454306,43.395953
4311. -11.371919,43.36048
4312. -11.391376,43.393722
4313. -11.508517,43.387756
4314. -11.428185,43.396339
4315. -11.377787,43.337631
4316. -11.378679,43.373433
4317. -11.702618,43.25523
4318. -11.704255,43.255207
4319. -11.668407,43.266757
4320. -11.691769,43.259421
4321. -11.677338,43.264761
4322. -11.614196,43.263044
4323. -11.720203,43.250577
4324. -11.923318,43.489058
4325. -11.783657,43.270297
4326. -11.864936,43.493714
4327. -11.706116,43.251775
4328. -11.71006,43.252434
4329. -11.885472,43.504143
4330. -11.738943,43.249655
4331. -11.840534,43.299694
4332. -11.812391,43.28064
4333. -11.843432,43.464518
4334. -11.907362,43.433998
4335. -11.854772,43.367586
4336. -11.741286,43.448524
4337. -11.787078,43.45217
4338. -11.827576,43.455091
4339. -11.675058,43.415308
4340. -11.615982,43.313856
4341. -11.616161,43.359926
4342. -11.643068,43.294509
4343. -11.69076,43.27564
4344. -11.715872,43.260156
4345. -11.639811,43.377897
4346. -11.62781,43.36735
4347. -11.852504,43.464146
4348. -11.873441,43.392649
4349. -11.879478,43.40739
4350. -11.857754,43.448353
4351. -11.894396,43.426638
4352. -11.885514,43.456507
4353. 31.144288,33.831196
4354. 29.891853,33.760815
4355. 29.681193,34.622898
4356. 29.55666,34.809752
4357. 29.564499,34.801683
4358. 29.702219,34.467373
4359. 29.687605,34.51561
4360. 29.55763,34.790869
4361. 29.631517,34.722891
4362. 29.571889,34.779711
4363. 29.650615,34.691219
4364. 29.625996,34.751816
4365. 29.619057,34.800653
4366. 29.79358,33.987408
4367. 29.718172,34.124908
4368. 29.70863,34.187737
4369. 29.840793,33.859692
4370. 29.674332,34.279919
4371. 29.664935,34.34927
4372. 29.705947,34.396477
4373. 29.509986,34.819107
4374. 29.481224,34.815502
4375. 29.480402,34.868374
4376. 29.522683,34.802456
4377. 29.441093,34.841251
4378. 30.818083,32.29208
4379. 29.909115,33.744335
4380. 30.099247,31.801472
4381. 31.171684,33.954621
4382. 31.192319,34.022083
4383. 31.154646,33.939428
4384. 31.146639,33.89102
4385. 31.248324,34.256916
4386. 31.227555,34.227819
4387. 31.2117,34.110575
4388. 30.99137,33.884668
4389. 31.078887,33.838106
4390. 30.922549,33.862267
4391. 30.75172,33.793087
4392. 30.888378,33.837719
4393. 30.675125,33.76296
4394. 30.837836,33.833942
4395. 30.332879,33.756866
4396. 30.457035,33.779097
4397. 30.468132,33.78313
4398. 29.491048,34.902835
4399. 31.070138,32.304783
4400. 31.233059,32.225132
4401. 31.586067,31.110706
4402. 31.374744,31.795549
4403. 31.526093,31.322107
4404. 31.014764,32.852211
4405. 31.010424,32.589483
4406. 31.561643,31.237221
4407. 31.038521,33.28969
4408. 31.019398,32.674026
4409. 31.437891,31.500978
4410. 31.03352,33.13116
4411. 31.588626,31.0114
4412. 31.017265,32.890577
4413. 31.073741,33.562117
4414. 30.959688,32.308452
4415. 31.005716,32.928772
4416. 31.094176,33.664513
4417. 31.007114,32.97761
4418. 31.436499,31.568441
4419. 31.473474,31.428623
4420. 31.002552,32.528973
4421. 31.207663,32.253799
4422. 31.404052,31.662254
4423. 31.042271,33.389854
4424. 31.315295,32.120397
4425. 31.58029,31.000843
4426. 31.584824,31.077662
4427. 31.015573,33.013229
4428. 31.400462,31.904554
4429. 31.439355,31.605606
4430. 31.353197,32.050381
4431. 31.118758,33.707213
4432. 31.57221,31.178577
4433. 31.572119,31.180894
4434. 31.42361,31.545267
4435. 31.20524,32.300406
4436. 31.021752,33.051682
4437. 31.390571,31.754608
4438. 31.014249,32.551289
4439. 31.264612,32.219639
4440. 31.04764,33.22463
4441. 30.990413,32.789211
4442. 30.999977,32.695827
4443. 31.011454,32.647762
4444. 31.395993,31.715469
4445. 31.070727,33.468132
4446. 31.016015,28.558445
4447. 31.172933,29.913368
4448. 31.480648,30.700435
4449. 31.230197,30.152836
4450. 31.054699,28.310566
4451. 31.056022,28.222332
4452. 31.06036,29.730978
4453. 31.542187,30.849609
4454. 31.069918,28.158388
4455. 31.422218,30.45908
4456. 31.156335,29.97654
4457. 31.443749,30.5583
4458. 31.040433,28.362579
4459. 30.98953,28.690453
4460. 31.329299,30.307674
4461. 31.165589,29.893713
4462. 31.004171,29.641027
4463. 30.945077,29.509964
4464. 31.063448,29.764967
4465. 31.041021,28.438454
4466. 31.014028,29.633045
4467. 31.183067,30.055075
4468. 31.160522,29.93032
4469. 31.356569,30.422344
4470. 31.265346,30.197725
4471. 31.373938,30.431957
4472. 31.377419,30.431743
4473. 31.214489,30.107689
4474. 31.189455,30.064259
4475. 31.146566,29.869938
4476. 30.96186,28.756027
4477. 31.316688,30.285015
4478. 31.134003,29.849253
4479. 31.460297,25.40966
4480. 31.567786,25.10582
4481. 31.184242,27.542897
4482. 31.533701,25.173111
4483. 31.265052,27.330551
4484. 31.469375,25.493603
4485. 31.564934,26.07193
4486. 31.522361,25.661144
4487. 31.493384,25.229588
4488. 31.52719,26.262302
4489. 31.300848,26.98019
4490. 31.228362,27.175026
4491. 31.488041,25.537462
4492. 31.376649,26.682358
4493. 31.244361,27.389774
4494. 31.235261,27.143784
4495. 31.061022,28.000202
4496. 31.429395,26.491127
4497. 31.574441,25.806199
4498. 31.483429,26.342983
4499. 31.544601,26.148405
4500. 31.564861,25.166502
4501. 31.101231,27.847509
4502. 31.478964,25.27894
4503. 31.504507,25.55171
4504. 31.576634,25.072646
4505. 31.570272,25.140324
4506. 31.08734,27.915659
4507. 31.257716,27.125931
4508. 31.403173,26.595755
4509. 31.329886,26.847496
4510. 31.264025,27.359905
4511. 31.155968,27.640228
4512. 31.554256,25.159292
4513. 31.353417,26.764326
4514. 31.601785,25.942497
4515. 31.601346,25.902243
4516. 31.125848,27.751465
4517. 31.069403,28.122683
4518. 31.199441,27.433205
4519. 31.534799,26.228485
4520. 30.863331,32.392588
4521. 30.916217,32.475243
4522. 30.889557,32.358084
4523. 30.828108,32.369156
4524. 30.615903,33.730945
4525. 30.527962,33.740559
4526. 30.660064,33.713608
4527. 30.827333,32.290321
4528. 30.831167,32.304311
4529. 30.851211,32.290792
4530. 30.871178,32.310834
4531. 30.840268,32.304568
4532. 30.564626,32.19595
4533. 30.771339,32.258606
4534. 30.432246,32.048149
4535. 30.461252,32.067375
4536. 30.264405,31.754522
4537. 30.619633,32.240839
4538. 30.240606,31.719847
4539. 30.582362,32.19698
4540. 30.673944,32.271137
4541. 30.367988,31.919918
4542. 30.410782,32.007122
4543. 30.50859,32.13295
4544. 30.570316,32.195606
4545. 30.602236,32.209253
4546. 30.291089,31.793575
4547. 29.999692,32.901134
4548. 29.978282,33.38625
4549. 30.113355,32.428722
4550. 30.081127,32.578926
4551. 29.900633,33.676357
4552. 30.101326,32.473526
4553. 30.013517,32.889462
4554. 30.064934,32.628365
4555. 29.946383,33.530789
4556. 30.023104,33.265142
4557. 30.054683,32.763805
4558. 30.057506,33.045845
4559. 30.027489,32.66613
4560. 30.074591,33.10318
4561. 30.051265,33.133392
4562. 30.103257,32.367954
4563. 30.032987,32.628193
4564. 30.104296,32.544165
4565. 30.082909,32.616177
4566. 30.038709,33.198281
4567. 29.968766,33.737469
4568. 30.062557,33.737469
4569. 29.955083,33.749829
4570. 30.192322,33.740902
4571. 30.085137,31.536856
4572. 30.086103,31.944294
4573. 30.117735,31.646633
4574. 30.065231,32.091236
4575. 30.094049,32.282038
4576. 30.064043,32.171574
4577. 30.052305,31.409998
4578. 30.084246,31.504326
4579. 30.016118,31.400814
4580. 30.104742,31.746798
4581. 30.00103,31.396179
4582. 30.082612,32.212343
4583. 30.079641,31.435661
4584. 30.082909,32.339115
4585. 29.978803,31.359959
4586. 30.09494,31.850138
4587. 30.106747,31.607323
4588. 29.956273,31.682682
4589. 30.168876,31.750488
4590. 30.086177,31.797352
4591. 30.051414,31.731606
4592. 30.161009,31.800356
4593. 30.224291,31.6959
4594. 29.906102,31.694226
4595. 30.8476,29.280195
4596. 30.857142,28.898849
4597. 30.919604,28.802204
4598. 30.825896,29.196339
4599. 30.881159,29.369202
4600. 30.812813,29.05798
4601. 30.835183,28.959274
4602. 30.823096,28.98571
4603. 27.668359,-9.235693
4604. 27.665817,-11.609931
4605. 27.664378,-12.954324
4606. 26.819666,-11.751809
4607. 26.919238,-11.772366
4608. 26.7312,-11.702617
4609. 26.749289,-11.693755
4610. 26.880316,-11.759909
4611. 27.15862,-13.207691
4612. 26.572547,-12.939132
4613. 25.140773,-12.372263
4614. 25.108956,-12.352667
4615. 23.892185,-15.672888
4616. 23.797165,-15.714483
4617. 27.523386,-9.152625
4618. 27.442935,-9.067111
4619. 27.407433,-9.141612
4620. 27.418652,-9.19899
4621. 27.368375,-9.29173
4622. 27.294566,-9.373398
4623. 27.233196,-9.46941
4624. 27.221662,-9.592781
4625. 27.191396,-9.659343
4626. 27.234389,-9.779506
4627. 27.23456,-9.808474
4628. 27.269622,-9.855638
4629. 27.267681,-9.874493
4630. 27.349165,-10.02084
4631. 27.314644,-10.064394
4632. 27.296669,-10.242106
4633. 27.289544,-10.219629
4634. 27.258335,-10.385484
4635. 27.185526,-10.392841
4636. 27.16303,-10.348048
4637. 27.140309,-10.338006
4638. 27.108645,-10.367746
4639. 27.089772,-10.413666
4640. 27.095384,-10.564899
4641. 27.128737,-10.658712
4642. 27.141875,-10.769949
4643. 27.120448,-10.823472
4644. 27.130341,-10.88655
4645. 27.174942,-10.906506
4646. 27.166084,-10.966544
4647. 27.122587,-11.017742
4648. 27.091907,-11.090162
4649. 27.416464,-9.051476
4650. 27.245235,-10.408505
4651. 27.556373,-11.647139
4652. 27.536511,-11.670485
4653. 27.596619,-11.627054
4654. 27.548916,-12.94801
4655. 27.469592,-12.997727
4656. 27.360029,-11.697907
4657. 27.30553,-11.696792
4658. 27.235715,-11.733913
4659. 27.056909,-11.760092
4660. 26.989299,-11.78509
4661. 27.051597,-11.331754
4662. 27.059298,-11.374272
4663. 27.051243,-11.527276
4664. 26.990236,-11.595211
4665. 26.927331,-11.715047
4666. 26.742334,-11.665184
4667. 27.2864,-13.118572
4668. 27.135585,-13.261509
4669. 26.930086,-13.450066
4670. 27.418405,-13.036308
4671. 27.321524,-13.056672
4672. 27.1564,-13.21843
4673. 27.162266,-13.20415
4674. 27.160173,-13.195087
4675. 27.102218,-13.409275
4676. 27.075463,-13.408427
4677. 27.184085,-13.181748
4678. 27.16024,-13.335546
4679. 27.017231,-13.087893
4680. 26.865367,-13.086455
4681. 26.821313,-13.113728
4682. 26.725575,-13.117622
4683. 27.128988,-13.171189
4684. 27.152921,-13.197211
4685. 27.037263,-13.101282
4686. 26.692864,-11.786914
4687. 26.68673,-11.855321
4688. 26.658404,-11.936994
4689. 26.649516,-11.999672
4690. 26.524266,-12.114272
4691. 26.518315,-12.268767
4692. 26.534211,-12.317219
4693. 26.525188,-12.342153
4694. 26.541636,-12.418032
4695. 26.539701,-12.500199
4696. 26.576246,-12.593293
4697. 26.393071,-11.911953
4698. 26.057554,-12.049384
4699. 26.692246,-11.666928
4700. 26.174918,-11.797691
4701. 26.137717,-11.790347
4702. 26.635237,-11.695901
4703. 26.503299,-11.703272
4704. 26.425776,-11.721288
4705. 26.386795,-11.717863
4706. 26.330773,-11.732508
4707. 26.320907,-11.762431
4708. 26.24535,-11.791635
4709. 26.205312,-11.782022
4710. 26.712012,-13.533051
4711. 26.686308,-13.563395
4712. 26.667137,-13.629063
4713. 26.611086,-13.700219
4714. 26.478563,-13.94886
4715. 26.43753,-13.988857
4716. 26.539049,-13.838654
4717. 26.322672,-12.814822
4718. 26.269327,-12.796197
4719. 26.116593,-12.688962
4720. 26.032752,-12.672579
4721. 26.699306,-13.099308
4722. 26.660821,-13.006327
4723. 26.54701,-12.936713
4724. 26.489319,-12.887778
4725. 26.407913,-12.868563
4726. 26.357545,-12.843618
4727. 26.591482,-12.732167
4728. 26.562351,-12.866664
4729. 25.969871,-12.640951
4730. 25.754599,-12.580204
4731. 25.669379,-12.576256
4732. 25.530757,-12.538995
4733. 25.427501,-12.489052
4734. 25.537485,-12.169461
4735. 25.999286,-11.808887
4736. 26.404593,-14.071641
4737. 26.303851,-14.220031
4738. 26.219211,-14.348831
4739. 26.161524,-14.407454
4740. 25.990452,-14.49337
4741. 25.821328,-14.573568
4742. 25.719169,-14.647415
4743. 25.630383,-14.661942
4744. 25.464635,-14.738374
4745. 25.33879,-14.785323
4746. 26.347729,-14.170818
4747. 26.119697,-14.481955
4748. 26.125137,-14.484723
4749. 25.30927,-12.477652
4750. 25.288609,-12.489492
4751. 25.231226,-12.483387
4752. 25.206582,-12.437907
4753. 25.172864,-12.43073
4754. 25.128722,-12.386742
4755. 25.198728,-12.315974
4756. 25.191505,-12.339964
4757. 25.054647,-12.366786
4758. 25.005924,-12.409058
4759. 24.877755,-12.430333
4760. 24.523777,-12.410474
4761. 24.421738,-12.422029
4762. 24.001083,-12.56278
4763. 25.055891,-12.238314
4764. 25.065279,-12.063825
4765. 25.078292,-12.000504
4766. 25.272655,-14.820739
4767. 25.115445,-14.829483
4768. 25.086182,-14.808798
4769. 25.052013,-14.803734
4770. 24.789535,-14.865237
4771. 24.704659,-14.871325
4772. 24.690632,-14.861275
4773. 24.6235,-14.910357
4774. 24.632272,-14.963808
4775. 24.532737,-14.999538
4776. 24.452155,-15.045277
4777. 24.418029,-15.092369
4778. 24.424918,-15.179608
4779. 24.376449,-15.26803
4780. 24.301421,-15.326314
4781. 24.197045,-15.460188
4782. 24.099013,-15.556541
4783. 24.039723,-15.569177
4784. 24.001445,-15.613573
4785. 24.901219,-14.821383
4786. 24.080516,-15.566297
4787. 24.639801,-14.882462
4788. 23.92134,-15.768181
4789. 23.751647,-12.656164
4790. 23.446298,-12.823867
4791. 22.989765,-13.183787
4792. 22.913298,-13.224835
4793. 22.839042,-13.243976
4794. 22.703553,-13.243289
4795. 23.831955,-15.686256
4796. 23.674,-15.82779
4797. 23.163838,-16.114894
4798. 23.137913,-16.097846
4799. 23.12895,-16.06858
4800. 22.970272,-16.130649
4801. 22.946795,-16.168098
4802. 22.739773,-16.31813
4803. 22.670551,-16.333612
4804. 22.631074,-16.337914
4805. 22.558825,-16.367655
4806. 22.509514,-16.428283
4807. 23.553169,-15.897431
4808. 23.23484,-16.078668
4809. 23.49144,-15.937922
4810. 23.203761,-16.098447
4811. 23.891292,-15.706372
4812. 23.887888,-15.821906
4813. 23.848461,-15.861168
4814. 23.690812,-15.936372
4815. 23.712591,-15.9245
4816. 23.757403,-15.909574
4817. 23.68489,-15.948436
4818. 23.79097,-15.709741
4819. 23.268611,-15.187805
4820. 23.214569,-15.122434
4821. 23.192855,-15.049059
4822. 23.120943,-14.978828
4823. 23.085733,-14.909306
4824. 23.037511,-14.872956
4825. 22.986131,-14.806995
4826. 22.898948,-14.732409
4827. 22.713356,-14.528528
4828. 22.596445,-14.403993
4829. 23.742624,-15.740173
4830. 22.516085,-14.29729
4831. 22.513865,-14.072564
4832. 23.696132,-15.744567
4833. 23.636426,-15.719633
4834. 23.595453,-15.721092
4835. 23.586859,-15.684764
4836. 23.564656,-15.678971
4837. 23.565993,-15.637708
4838. 23.375936,-15.266104
4839. 23.423145,-15.39044
4840. 22.554658,-14.317605
4841. 22.350522,-16.468897
4842. 22.176864,-16.53922
4843. 22.108148,-16.599534
4844. 21.977434,-16.87191
4845. 21.838871,-16.870633
4846. 21.716362,-16.912969
4847. 21.573584,-16.92321
4848. 21.222236,-16.979215
4849. 21.173277,-16.997974
4850. 21.157999,-17.017565
4851. 21.077973,-17.025011
4852. 20.898989,-17.068977
4853. 20.85414,-17.065603
4854. 20.832858,-17.08822
4855. 21.427334,-16.957644
4856. 21.335339,-16.948812
4857. 22.057423,-16.743035
4858. 21.370125,-16.960659
4859. 21.361713,-16.960616
4860. 21.334173,-16.947581
4861. 22.492178,-14.18041
4862. 22.49194,-14.12756
4863. 22.401695,-13.892577
4864. 22.37246,-13.734884
4865. 22.341661,-13.585968
4866. 22.306805,-13.522539
4867. 22.209398,-13.22546
4868. 22.213312,-13.192689
4869. 22.204933,-13.154143
4870. 22.23287,-13.167291
4871. 21.337231,-13.069096
4872. 35.889146,-5.320424
4873. 35.890189,-5.322726
4874. 35.916034,-5.373355
4875. 35.879992,-5.335118
4876. 35.875342,-5.341372
4877. 35.888855,-5.313172
4878. 35.879888,-5.3275
4879. 35.8939,-5.300565
4880. 35.871086,-5.344516
4881. 35.890045,-5.317994
4882. 35.907475,-5.348196
4883. 35.896429,-5.340407
4884. 35.911876,-5.381579
4885. 35.885295,-5.333455
4886. 35.884582,-5.360663
4887. 28.981227,-13.544683
4888. 28.958737,-13.568716
4889. 28.517233,-13.84964
4890. 28.48578,-13.869274
4891. 28.253927,-14.017353
4892. 28.129305,-15.429826
4893. 28.126551,-15.442464
4894. 28.480857,-16.318409
4895. 28.503243,-16.193118
4896. 28.512935,-16.306114
4897. 28.536859,-16.358879
4898. 28.142342,-15.573238
4899. 28.143562,-15.509863
4900. 28.454171,-16.27072
4901. 28.444525,-16.277103
4902. 28.441525,-16.278498
4903. 28.42878,-16.302842
4904. 28.439865,-16.303614
4905. 28.466079,-16.303421
4906. 28.451025,-16.276921
4907. 28.473935,-16.311393
4908. 28.419655,-16.503675
4909. 28.402981,-16.515831
4910. 28.30457,-16.383212
4911. 28.312844,-16.411257
4912. 28.382131,-16.67716
4913. 28.357851,-16.773183
4914. 28.306119,-16.564465
4915. 28.370898,-16.723659
4916. 28.214113,-16.678877
4917. 28.249655,-16.806293
4918. 28.244079,-16.798804
4919. 28.153136,-16.63992
4920. 28.171221,-16.771745
4921. 28.193123,-16.821871
4922. 28.791648,-17.920954
4923. 28.696272,-17.762446
4924. 28.680686,-17.766159
4925. 28.656173,-17.926705
4926. 28.700789,-17.759249
4927. 28.65623,-17.7653
4928. 28.676629,-17.770407
4929. 28.652596,-17.902029
4930. 28.657755,-17.924774
4931. 28.65606,-17.766824
4932. 28.632803,-17.887963
4933. 28.155065,-17.299712
4934. 28.04137,-15.412413
4935. 28.00664,-15.390601
4936. 28.090477,-15.413947
4937. 28.05706,-15.440662
4938. 28.074309,-15.441048
4939. 28.088479,-15.449696
4940. 27.99946,-15.422605
4941. 28.094793,-15.485551
4942. 28.123372,-15.514358
4943. 28.046152,-15.473385
4944. 28.037743,-15.486538
4945. 28.114988,-15.524325
4946. 28.058823,-15.566238
4947. 28.058037,-15.551451
4948. 28.060885,-15.546373
4949. 28.056719,-15.607238
4950. 28.009811,-15.532892
4951. 28.009075,-15.536661
4952. 28.005523,-15.612436
4953. 28.033842,-15.615048
4954. 27.922568,-15.573614
4955. 28.070589,-16.555141
4956. 28.051606,-16.612015
4957. 28.053197,-16.678405
4958. 28.064369,-16.710892
4959. 28.119303,-16.577725
4960. 28.078682,-16.682525
4961. 28.120136,-16.576996
4962. 28.098711,-16.618795
4963. 28.086937,-16.663814
4964. 27.772475,-15.58239
4965. 28.091253,-17.113663
4966. 28.099449,-17.185535
4967. 27.801539,-17.898306
4968. 27.76826,-17.964953
4969. 29.080964,-13.489194
4970. 29.202418,-13.422353
4971. 28.971419,-13.54654
4972. 28.977848,-13.545284
4973. 29.133382,-13.464389
4974. 29.01392,-13.545713
4975. 29.03212,-13.521423
4976. 29.136006,-13.462543
4977. 29.219115,-13.452373
4978. 29.158233,-13.433876
4979. 29.125248,-13.46705
4980. 29.00161,-13.544641
4981. 29.108826,-13.468981
4982. 29.060821,-13.490524
4983. 28.968687,-13.547215
4984. 28.896517,-13.834341
4985. 28.95639,-13.607533
4986. 28.941613,-13.741493
4987. 28.957179,-13.592255
4988. 28.95701,-13.648539
4989. 28.955939,-13.614571
4990. 28.954306,-13.663945
4991. 28.94841,-13.683858
4992. 28.957986,-13.758445
4993. 28.868785,-13.831208
4994. 28.93628,-13.814235
4995. 28.953104,-13.782434
4996. 28.936618,-13.730292
4997. 28.959263,-13.562536
4998. 28.97736,-13.531036
4999. 28.969964,-13.562708
5000. 28.977482,-13.525522
5001. 28.64947,-13.860111
5002. 28.547283,-13.838181
5003. 28.579472,-13.845992
5004. 28.676432,-13.891654
5005. 28.698324,-13.885603
5006. 28.729526,-13.874896
5007. 28.509583,-13.849951
5008. 28.713262,-13.878431
5009. 28.618602,-13.857279
5010. 28.72277,-13.873136
5011. 28.742433,-13.864692
5012. 28.321722,-13.94577
5013. 28.375354,-13.909185
5014. 28.45509,-13.872771
5015. 28.386587,-13.865755
5016. 28.36833,-13.871913
5017. 28.492484,-13.868244
5018. 28.435497,-13.870604
5019. 28.497548,-13.86378
5020. 28.413257,-13.86554
5021. 28.342423,-13.949697
5022. 28.362156,-13.960737
5023. 28.250675,-14.035335
5024. 28.242304,-14.050639
5025. 28.513255,-13.874048
5026. 28.497699,-13.88586
5027. 28.214524,-14.020464
5028. 28.224909,-14.018233
5029. 28.240903,-14.015551
5030. 28.23249,-14.017289
5031. 28.139503,-14.261874
5032. 28.175836,-14.223647
5033. 28.178371,-14.18704
5034. 28.175231,-14.208841
5035. 28.159984,-14.234204
5036. 28.232679,-14.102476
5037. 28.188281,-14.152107
5038. 28.196905,-14.115458
5039. 28.134839,-15.429096
5040. 28.140611,-15.429354
5041. 28.148784,-15.420835
5042. 28.127223,-15.45432
5043. 28.126646,-15.446359
5044. 28.128415,-15.432948
5045. 28.486779,-16.324611
5046. 28.489608,-16.338269
5047. 28.489165,-16.348633
5048. 28.491315,-16.373427
5049. 28.483592,-16.391977
5050. 28.496586,-16.209641
5051. 28.500621,-16.197538
5052. 28.476878,-16.245475
5053. 28.543306,-16.195811
5054. 28.519623,-16.296257
5055. 28.547434,-16.207066
5056. 28.544309,-16.205006
5057. 28.533454,-16.251759
5058. 28.529884,-16.285815
5059. 28.53872,-16.268118
5060. 28.505769,-16.311564
5061. 28.47982,-16.307691
5062. 28.490655,-16.310416
5063. 28.486506,-16.31164
5064. 28.568203,-16.327389
5065. 28.571247,-16.318023
5066. 28.502979,-16.3059
5067. 28.513915,-16.308732
5068. 28.523794,-16.348515
5069. 28.47685,-16.415172
5070. 28.511464,-16.397312
5071. 28.533522,-16.365123
5072. 28.48454,-16.410922
5073. 28.144007,-15.616314
5074. 28.144196,-15.624576
5075. 28.145738,-15.630959
5076. 28.143383,-15.637965
5077. 28.139646,-15.654423
5078. 28.12534,-15.663671
5079. 28.140573,-15.494993
5080. 28.134234,-15.481689
5081. 28.139944,-15.595444
5082. 28.148463,-15.539432
5083. 28.133155,-15.515399
5084. 28.13307,-15.61757
5085. 28.143439,-15.627194
5086. 28.136131,-15.580426
5087. 28.402056,-16.338987
5088. 28.395374,-16.343236
5089. 28.432101,-16.291383
5090. 28.431232,-16.297585
5091. 28.426402,-16.303797
5092. 28.416872,-16.311211
5093. 28.408681,-16.318485
5094. 28.436695,-16.30105
5095. 28.444006,-16.307455
5096. 28.456373,-16.307487
5097. 28.443591,-16.274883
5098. 28.454883,-16.255549
5099. 28.452855,-16.259294
5100. 28.460637,-16.249992
5101. 28.447091,-16.290236
5102. 28.455769,-16.292875
5103. 28.459302,-16.296513
5104. 28.462415,-16.299688
5105. 28.47618,-16.313732
5106. 28.457128,-16.26483
5107. 28.447166,-16.285568
5108. 28.475472,-16.307992
5109. 28.475267,-16.32364
5110. 28.44674,-16.299248
5111. 28.418815,-16.320569
5112. 28.427845,-16.312991
5113. 28.42024,-16.320577
5114. 28.475492,-16.414539
5115. 28.470408,-16.433015
5116. 28.459373,-16.449172
5117. 28.439035,-16.471767
5118. 28.430657,-16.485908
5119. 28.426836,-16.493729
5120. 28.398536,-16.522686
5121. 28.399895,-16.508975
5122. 28.395062,-16.519747
5123. 28.418108,-16.503246
5124. 28.414956,-16.506228
5125. 28.388909,-16.520348
5126. 28.430958,-16.389155
5127. 28.426052,-16.380229
5128. 28.464504,-16.350574
5129. 28.451558,-16.365203
5130. 28.433714,-16.374049
5131. 28.388743,-16.44935
5132. 28.399961,-16.351229
5133. 28.395666,-16.35066
5134. 28.381584,-16.363277
5135. 28.370691,-16.367569
5136. 28.359937,-16.37186
5137. 28.331185,-16.374865
5138. 28.34907,-16.511335
5139. 28.36074,-16.495843
5140. 28.379121,-16.507247
5141. 28.388295,-16.509056
5142. 28.376609,-16.518964
5143. 28.361193,-16.467691
5144. 28.302621,-16.514321
5145. 28.333834,-16.395255
5146. 28.363308,-16.374178
5147. 28.338882,-16.389756
5148. 28.374976,-16.368084
5149. 28.33484,-16.393946
5150. 28.361684,-16.375208
5151. 28.319153,-16.407609
5152. 28.362175,-16.735439
5153. 28.352545,-16.714325
5154. 28.397818,-16.528373
5155. 28.396686,-16.539166
5156. 28.395025,-16.551375
5157. 28.393137,-16.565151
5158. 28.391665,-16.578906
5159. 28.361269,-16.705098
5160. 28.388425,-16.668945
5161. 28.39376,-16.597445
5162. 28.393212,-16.59208
5163. 28.393439,-16.651712
5164. 28.39057,-16.661153
5165. 28.348391,-16.526441
5166. 28.314358,-16.576226
5167. 28.324745,-16.53584
5168. 28.366721,-16.5284
5169. 28.416286,-16.528759
5170. 28.417268,-16.541655
5171. 28.408313,-16.532707
5172. 28.365376,-16.820186
5173. 28.374495,-16.764997
5174. 28.372817,-16.736563
5175. 28.372911,-16.745672
5176. 28.37879,-16.697481
5177. 28.369938,-16.849819
5178. 28.370256,-16.850281
5179. 28.372088,-16.78079
5180. 28.335359,-16.797109
5181. 28.365272,-16.725183
5182. 28.368104,-16.734447
5183. 28.317756,-16.804361
5184. 28.370521,-16.722908
5185. 28.361533,-16.763999
5186. 28.355585,-16.784534
5187. 28.272013,-16.386216
5188. 28.242604,-16.403232
5189. 28.223983,-16.413949
5190. 28.215111,-16.421272
5191. 28.200773,-16.426299
5192. 28.167759,-16.433744
5193. 28.145984,-16.451297
5194. 28.291684,-16.402588
5195. 28.29807,-16.417994
5196. 28.239809,-16.440133
5197. 28.196631,-16.47151
5198. 28.258387,-16.431556
5199. 28.23578,-16.442199
5200. 28.206077,-16.452949
5201. 28.182376,-16.480114
5202. 28.165962,-16.499791
5203. 28.296975,-16.375696
5204. 28.261439,-16.592507
5205. 28.287648,-16.564695
5206. 28.254531,-16.622272
5207. 28.289493,-16.810756
5208. 28.218197,-16.791487
5209. 28.223283,-16.754022
5210. 28.262016,-16.73986
5211. 28.27687,-16.732049
5212. 28.260995,-16.770115
5213. 28.284731,-16.764622
5214. 28.232547,-16.780608
5215. 28.223983,-16.835861
5216. 28.239674,-16.834552
5217. 28.29108,-16.813846
5218. 28.297277,-16.816077
5219. 28.267875,-16.818609
5220. 28.214605,-16.784019
5221. 28.132626,-16.6118
5222. 28.20394,-16.679478
5223. 28.212147,-16.62961
5224. 28.166605,-16.634932
5225. 28.152833,-16.635704
5226. 28.128746,-16.574357
5227. 28.134572,-16.530814
5228. 28.133458,-16.53687
5229. 28.128349,-16.555109
5230. 28.139816,-16.653433
5231. 28.143506,-16.767712
5232. 28.127403,-16.744269
5233. 28.131339,-16.747756
5234. 28.183223,-16.773108
5235. 28.190211,-16.798525
5236. 28.150563,-16.794233
5237. 28.171069,-16.797945
5238. 28.126908,-16.745935
5239. 28.132304,-16.763849
5240. 28.133874,-16.772904
5241. 28.203978,-16.829617
5242. 28.183967,-16.812987
5243. 28.163806,-16.798697
5244. 28.205755,-16.769342
5245. 28.188111,-16.765759
5246. 28.131339,-16.747755
5247. 28.170332,-16.766982
5248. 28.140809,-16.757187
5249. 28.151774,-16.763763
5250. 28.82832,-17.787466
5251. 28.830764,-17.800856
5252. 28.828471,-17.804289
5253. 28.795832,-17.900634
5254. 28.767057,-17.769592
5255. 28.813581,-17.831068
5256. 28.822568,-17.830939
5257. 28.807753,-17.904797
5258. 28.812002,-17.773347
5259. 28.7891,-17.768369
5260. 28.796471,-17.7706
5261. 28.822427,-17.838385
5262. 28.802789,-17.871451
5263. 28.82253,-17.852654
5264. 28.818808,-17.860508
5265. 28.805421,-17.923454
5266. 28.750917,-17.833579
5267. 28.761753,-17.863083
5268. 28.774205,-17.910461
5269. 28.764739,-17.893649
5270. 28.737391,-17.746031
5271. 28.713079,-17.749829
5272. 28.68831,-17.759657
5273. 28.661445,-17.767768
5274. 28.65782,-17.765622
5275. 28.657209,-17.913036
5276. 28.657755,-17.914238
5277. 28.670614,-17.806242
5278. 28.659261,-17.80931
5279. 28.666491,-17.773701
5280. 28.673834,-17.781887
5281. 28.661069,-17.780857
5282. 28.653612,-17.853556
5283. 28.722639,-17.807529
5284. 28.729714,-17.819116
5285. 28.727004,-17.791264
5286. 28.733439,-17.808731
5287. 28.719026,-17.793238
5288. 28.724219,-17.771158
5289. 28.727644,-17.780814
5290. 28.71848,-17.778926
5291. 28.706934,-17.766561
5292. 28.690908,-17.771426
5293. 28.680884,-17.772156
5294. 28.653104,-17.938228
5295. 28.658188,-17.941382
5296. 28.673495,-17.931039
5297. 28.764744,-17.97653
5298. 28.663836,-17.942433
5299. 28.781257,-17.934752
5300. 28.749789,-17.96917
5301. 28.776038,-17.962679
5302. 28.703575,-17.952003
5303. 28.672779,-17.94327
5304. 28.66233,-17.933528
5305. 28.498641,-17.853942
5306. 28.646645,-17.767167
5307. 28.623584,-17.770386
5308. 28.634244,-17.770729
5309. 28.54748,-17.808291
5310. 28.493974,-17.841507
5311. 28.606132,-17.770616
5312. 28.493305,-17.842698
5313. 28.557988,-17.869864
5314. 28.60438,-17.881794
5315. 28.602891,-17.881064
5316. 28.588912,-17.77118
5317. 28.650035,-17.879863
5318. 28.647775,-17.835445
5319. 28.621846,-17.752147
5320. 28.639489,-17.758927
5321. 28.618027,-17.752962
5322. 28.646344,-17.913079
5323. 28.181454,-17.237592
5324. 28.189946,-17.220941
5325. 28.156598,-17.287352
5326. 28.187241,-17.260326
5327. 28.192839,-17.232549
5328. 28.191705,-17.201715
5329. 28.184877,-17.188411
5330. 28.134414,-17.200181
5331. 28.165016,-17.29615
5332. 28.132039,-17.320622
5333. 28.157951,-17.197906
5334. 28.174276,-17.186994
5335. 28.183856,-17.223837
5336. 28.181756,-17.264457
5337. 28.129598,-17.275529
5338. 28.135672,-17.281194
5339. 28.127251,-17.256045
5340. 28.106301,-14.278042
5341. 28.09396,-14.290917
5342. 28.078133,-14.307804
5343. 28.050565,-14.348482
5344. 28.04868,-14.337673
5345. 28.057533,-14.354335
5346. 28.061453,-14.31746
5347. 28.059209,-14.320539
5348. 28.054314,-14.322503
5349. 28.04798,-14.36
5350. 28.072719,-15.416329
5351. 27.994856,-15.392082
5352. 27.986055,-15.392414
5353. 27.979015,-15.390977
5354. 27.967304,-15.390451
5355. 27.950018,-15.387297
5356. 28.049542,-15.416543
5357. 28.04405,-15.41517
5358. 28.030414,-15.399914
5359. 28.0253,-15.39235
5360. 28.020072,-15.387039
5361. 28.013593,-15.388273
5362. 28.120893,-15.423625
5363. 28.084509,-15.416613
5364. 28.110039,-15.415438
5365. 28.103443,-15.412509
5366. 28.04387,-15.415599
5367. 28.047544,-15.421865
5368. 28.061377,-15.440125
5369. 28.083094,-15.445404
5370. 28.093307,-15.457345
5371. 28.095706,-15.459652
5372. 28.094528,-15.467312
5373. 28.050328,-15.447625
5374. 28.051284,-15.460188
5375. 28.007663,-15.379057
5376. 27.999133,-15.420127
5377. 27.999593,-15.410128
5378. 28.007029,-15.382758
5379. 28.120231,-15.442464
5380. 28.101304,-15.443709
5381. 28.085271,-15.429096
5382. 27.996566,-15.424826
5383. 27.994572,-15.439203
5384. 28.006451,-15.415685
5385. 27.994022,-15.453719
5386. 28.011717,-15.435448
5387. 28.007237,-15.417713
5388. 28.019371,-15.454717
5389. 28.01185,-15.440941
5390. 27.944199,-15.388992
5391. 27.939233,-15.391213
5392. 27.920047,-15.398111
5393. 27.874467,-15.415964
5394. 27.865732,-15.422595
5395. 27.853116,-15.430427
5396. 27.84049,-15.439364
5397. 27.823953,-15.457077
5398. 27.857726,-15.428925
5399. 27.855507,-15.444921
5400. 27.856474,-15.437615
5401. 28.105761,-15.491849
5402. 28.12059,-15.509133
5403. 28.092654,-15.477698
5404. 28.102629,-15.550396
5405. 28.115878,-15.527485
5406. 28.116247,-15.536106
5407. 28.115934,-15.519819
5408. 28.070238,-15.524926
5409. 28.092805,-15.504112
5410. 28.038652,-15.618474
5411. 28.037907,-15.578152
5412. 28.072018,-15.533574
5413. 28.067758,-15.537479
5414. 28.098124,-15.47891
5415. 28.050394,-15.575051
5416. 28.064359,-15.553926
5417. 28.087751,-15.562906
5418. 28.107758,-15.56252
5419. 28.05135,-15.548114
5420. 28.057382,-15.559387
5421. 28.086661,-15.541803
5422. 28.117789,-15.522909
5423. 28.068231,-15.542865
5424. 28.110257,-15.619426
5425. 28.117297,-15.619769
5426. 28.115253,-15.626099
5427. 28.060298,-15.620048
5428. 28.087277,-15.614941
5429. 28.075114,-15.627129
5430. 28.09784,-15.628926
5431. 28.093146,-15.582175
5432. 28.121082,-15.568314
5433. 28.104465,-15.585008
5434. 28.117874,-15.672823
5435. 28.119738,-15.686352
5436. 28.100793,-15.707488
5437. 28.041001,-15.746971
5438. 28.039865,-15.735598
5439. 27.999252,-15.609641
5440. 28.000616,-15.584664
5441. 27.999062,-15.601101
5442. 28.005958,-15.599427
5443. 28.004519,-15.603375
5444. 28.009293,-15.589857
5445. 28.033008,-15.498276
5446. 28.000843,-15.569773
5447. 28.026348,-15.619209
5448. 28.031955,-15.62125
5449. 28.024229,-15.588401
5450. 27.99406,-15.521871
5451. 27.993947,-15.536063
5452. 27.984662,-15.52086
5453. 27.985193,-15.505164
5454. 27.989942,-15.524612
5455. 27.999586,-15.543173
5456. 27.990735,-15.498061
5457. 27.999346,-15.530637
5458. 28.018859,-15.541985
5459. 28.029665,-15.561066
5460. 28.025072,-15.556866
5461. 28.02932,-15.552328
5462. 28.018781,-15.554168
5463. 28.025451,-15.546062
5464. 27.976343,-15.616765
5465. 27.986766,-15.607045
5466. 27.95797,-15.6086
5467. 27.963149,-15.629996
5468. 27.987789,-15.63112
5469. 28.029561,-15.470359
5470. 28.028917,-15.475616
5471. 28.021701,-15.475144
5472. 28.02941,-15.755553
5473. 27.996448,-15.811858
5474. 28.009103,-15.787697
5475. 28.021357,-15.649933
5476. 27.782139,-15.678434
5477. 27.787473,-15.508125
5478. 27.801995,-15.706802
5479. 27.825528,-15.746176
5480. 27.832757,-15.753257
5481. 27.939365,-15.591316
5482. 27.896685,-15.562692
5483. 27.929635,-15.598116
5484. 27.809017,-15.582733
5485. 27.85027,-15.565009
5486. 27.925355,-15.575631
5487. 27.915743,-15.574579
5488. 27.93891,-15.614877
5489. 27.935422,-15.576596
5490. 27.861501,-15.504198
5491. 27.853989,-15.478427
5492. 27.871479,-15.495915
5493. 27.910054,-15.540118
5494. 27.899274,-15.533885
5495. 27.919625,-15.551051
5496. 27.918625,-15.564483
5497. 27.907404,-15.53882
5498. 27.912216,-15.557199
5499. 28.117411,-16.475587
5500. 28.103008,-16.493687
5501. 28.094395,-16.505456
5502. 28.083236,-16.518717
5503. 28.072567,-16.543972
5504. 28.068146,-16.562405
5505. 28.058726,-16.580751
5506. 28.052496,-16.657462
5507. 28.066281,-16.720333
5508. 28.074201,-16.728986
5509. 28.081049,-16.729302
5510. 28.089397,-16.729077
5511. 28.102989,-16.731319
5512. 28.114099,-16.735547
5513. 28.079326,-16.640296
5514. 28.070513,-16.699997
5515. 28.092105,-16.650167
5516. 28.105061,-16.610475
5517. 28.092388,-16.632614
5518. 28.078247,-16.681296
5519. 28.108515,-16.686301
5520. 28.100982,-16.682374
5521. 28.088439,-16.691894
5522. 28.118759,-16.665273
5523. 28.119701,-16.672381
5524. 28.042814,-16.534745
5525. 28.090041,-16.56756
5526. 28.083264,-16.563091
5527. 28.051606,-16.541848
5528. 28.079705,-16.558414
5529. 28.105109,-16.579013
5530. 28.029713,-16.593904
5531. 28.041986,-16.60532
5532. 28.083529,-16.610341
5533. 28.066792,-16.622529
5534. 28.012267,-16.663513
5535. 28.008099,-16.658213
5536. 28.032611,-16.68201
5537. 28.069728,-16.660895
5538. 27.770425,-15.556233
5539. 27.771241,-15.590479
5540. 27.764786,-15.60286
5541. 27.756735,-15.618439
5542. 27.770671,-15.64054
5543. 27.765659,-15.672169
5544. 27.763874,-15.578871
5545. 28.120117,-17.315054
5546. 28.11495,-17.320848
5547. 28.117789,-17.322736
5548. 28.123031,-17.148821
5549. 28.089582,-17.11149
5550. 28.097102,-17.11554
5551. 28.094253,-17.335901
5552. 28.119776,-17.310612
5553. 28.112036,-17.317307
5554. 28.099468,-17.165752
5555. 28.101153,-17.208291
5556. 28.081636,-17.142105
5557. 28.10844,-17.241851
5558. 28.111979,-17.218065
5559. 28.09449,-17.203774
5560. 28.082166,-17.198796
5561. 28.077244,-17.208753
5562. 28.032194,-17.208549
5563. 28.031171,-17.190342
5564. 28.033311,-17.201543
5565. 27.81342,-17.914613
5566. 27.807631,-17.916512
5567. 27.811978,-17.91471
5568. 27.805819,-17.912672
5569. 27.79829,-17.920783
5570. 27.793972,-17.922684
5571. 27.814782,-17.910811
5572. 27.773766,-17.945223
5573. 27.790947,-17.93097
5574. 27.809036,-17.898381
5575. 27.802559,-17.904979
5576. 27.786101,-17.9005
5577. 27.783933,-17.905741
5578. 27.782177,-17.9053
5579. 27.782585,-17.901117
5580. 27.814625,-17.885313
5581. 27.815394,-17.893102
5582. 27.810488,-17.886043
5583. 27.818886,-17.986078
5584. 27.819379,-17.916491
5585. 27.821448,-17.950598
5586. 27.821068,-17.933249
5587. 27.818269,-17.910687
5588. 27.791568,-17.991427
5589. 27.729882,-18.019252
5590. 27.738789,-18.018737
5591. 27.744107,-18.037856
5592. 27.75523,-18.00141
5593. 27.770804,-17.957368
5594. 27.739226,-18.048027
5595. 27.76189,-17.975408
5596. 27.737194,-17.993782
5597. 27.736054,-17.997193
5598. 27.646241,-17.99376
5599. 27.691698,-17.970972
5600. 27.657341,-17.985821
5601. 27.709557,-17.983482
5602. 27.671633,-17.981787
5603. 27.643732,-17.98139
5604. 27.712577,-17.977023
5605. 27.695536,-17.984834
5606. 27.639997,-17.978139
5607. 27.719302,-17.980864
5608. 27.740536,-17.972667
5609. 27.730052,-17.976508
5610. 27.663537,-18.000197
5611. 35.291962,-2.965713
5612. 35.276841,-2.960107
5613. 35.270876,-2.935399
5614. 35.269378,-2.934895
5615. 35.290648,-2.970031
5616. 35.274919,-2.947748
5617. 35.275908,-2.956293
5618. 35.282447,-2.967532
5619. 35.314206,-2.960815
5620. 35.26605,-2.948606
5621. 35.309294,-2.956052
5622. 35.299856,-2.967682
5623. 35.269545,-2.951299
5624. 35.29155,-2.937126
5625. 35.277454,-2.938306
5626. 35.285503,-2.941986
5627. 1.409927,11.612806
5628. 0.354886,11.452088
5629. 0.403787,9.888296
5630. 0.40795,9.469035
5631. -0.878936,12.665133
5632. -2.390335,11.363382
5633. -2.401279,11.353319
5634. -0.252138,10.413516
5635. -0.077355,10.958133
5636. 2.143507,11.501656
5637. 1.623785,11.61375
5638. 1.855593,11.647739
5639. 1.616096,11.588624
5640. 2.272951,11.474748
5641. 1.925335,11.58783
5642. 2.21461,11.478825
5643. 2.190938,11.496935
5644. 1.829513,11.639886
5645. 2.0103,11.516933
5646. 1.510445,11.591434
5647. 1.720218,11.648083
5648. 1.996704,11.557188
5649. 1.472735,11.590147
5650. 1.556691,11.580791
5651. 1.641116,11.608601
5652. 1.693086,11.644349
5653. 2.113895,11.488003
5654. 2.078503,11.493394
5655. 2.281841,11.452298
5656. 2.292098,11.446617
5657. 1.817439,11.617441
5658. 1.757237,11.625595
5659. 1.576846,11.571039
5660. 2.239996,11.494446
5661. 1.599805,11.573582
5662. 0.754687,14.084473
5663. 0.710402,14.12138
5664. 0.670408,14.283943
5665. 0.692551,14.175282
5666. 0.685428,14.305573
5667. 0.787686,14.070311
5668. 0.660281,14.363937
5669. 0.833515,14.072371
5670. 0.704609,13.02824
5671. 0.821286,13.464689
5672. 0.954093,13.832474
5673. 0.790046,13.414907
5674. 0.910926,14.034777
5675. 0.831627,13.49061
5676. 1.00833,13.934097
5677. 0.760008,13.318949
5678. 0.846474,13.499708
5679. 0.800131,13.445549
5680. 0.703923,13.107634
5681. 0.958727,13.765011
5682. 0.903631,14.013662
5683. 0.74632,13.199387
5684. 0.856644,13.606396
5685. 0.754344,13.294487
5686. 0.757348,13.245735
5687. 0.749495,13.260412
5688. 0.745032,13.233976
5689. 0.880138,13.669696
5690. 0.873465,13.643303
5691. 0.766831,13.306932
5692. 0.77035,13.276377
5693. 0.886467,14.053402
5694. 0.925687,13.98963
5695. 0.850079,13.552666
5696. 0.8784,13.611031
5697. 0.715595,13.159904
5698. 0.984387,13.902597
5699. 0.783138,13.343754
5700. 0.86793,13.596525
5701. 0.805248,13.432589
5702. 0.917126,13.695574
5703. 1.013994,13.959761
5704. 0.759837,11.531525
5705. 1.391779,11.634178
5706. 0.717183,11.504402
5707. 0.821972,11.548176
5708. 1.007171,11.642418
5709. 0.734691,11.493759
5710. 1.255002,11.679325
5711. 1.068788,11.692371
5712. 1.32588,11.67469
5713. 1.283491,11.688766
5714. 1.367411,11.631775
5715. 1.209179,11.706791
5716. 0.909767,11.622162
5717. 0.872779,11.597271
5718. 0.852353,11.566544
5719. 0.787,11.549635
5720. 1.022575,11.404581
5721. 0.986618,11.343813
5722. 1.21111,11.539507
5723. 1.388647,11.616068
5724. 1.036478,11.467152
5725. 1.252642,11.597099
5726. 1.139713,11.482
5727. 1.32189,11.60491
5728. 1.186911,11.529465
5729. 1.33283,11.594954
5730. 1.361018,11.59564
5731. 1.222437,11.574354
5732. 0.999491,11.279869
5733. 0.988678,11.257896
5734. 0.59338,12.716675
5735. 0.558406,12.824907
5736. 0.609,12.942495
5737. 0.693366,13.073988
5738. 0.681308,13.068752
5739. 0.647836,13.006439
5740. 0.686329,13.048067
5741. 0.687101,13.096733
5742. 0.69268,13.064976
5743. 0.5654,12.672901
5744. 0.56465,12.851815
5745. 0.576794,12.881041
5746. 0.336411,11.416941
5747. 0.248565,11.285877
5748. 0.293626,11.34141
5749. 0.299419,11.387844
5750. 0.387308,11.468611
5751. 0.536305,11.466465
5752. 0.587758,11.491871
5753. 0.214576,11.820946
5754. 0.318216,11.678467
5755. 0.561967,12.589302
5756. 0.527293,12.481756
5757. 0.528752,12.566729
5758. 0.329674,11.581907
5759. 0.331219,12.031317
5760. 0.388381,12.21714
5761. 0.420652,12.259712
5762. 0.251354,11.760006
5763. 0.414687,12.275591
5764. 0.468158,12.395153
5765. 0.30959,11.65864
5766. 0.327485,11.45462
5767. 0.327571,11.525602
5768. 0.252728,11.972523
5769. 0.476484,12.429399
5770. 0.442624,12.326145
5771. 0.335982,12.131996
5772. 0.21728,11.94128
5773. 0.251097,11.731339
5774. 0.314225,11.552896
5775. 0.449104,12.379875
5776. 0.288433,11.968317
5777. 0.209469,11.863174
5778. 0.308624,12.183967
5779. 1.002709,10.725231
5780. 1.002709,10.779648
5781. 0.976963,10.963519
5782. 0.884278,10.554428
5783. 0.989622,11.239014
5784. 0.780348,10.406113
5785. 0.905734,10.593395
5786. 0.870826,10.535417
5787. 0.959982,10.666888
5788. 1.025665,10.859213
5789. 0.971342,11.07645
5790. 0.911398,10.575027
5791. 0.977693,11.096363
5792. 0.949394,10.996242
5793. 0.952977,11.064177
5794. 0.927789,10.609188
5795. 0.938946,11.175928
5796. 0.870762,10.496793
5797. 0.852181,10.458813
5798. 0.961173,10.684376
5799. 1.009875,10.902643
5800. 1.016515,10.79572
5801. 0.301865,10.038071
5802. 0.30517,9.989405
5803. 0.085402,10.18158
5804. 0.214147,10.081158
5805. 0.248479,10.083733
5806. 0.064974,10.225868
5807. 0.196294,10.095062
5808. 0.278348,10.063477
5809. 0.010943,10.315218
5810. 0.234274,11.20657
5811. 0.217022,11.188288
5812. 0.235218,11.247082
5813. 0.124841,11.096535
5814. 0.182089,11.15344
5815. 0.195908,11.187
5816. 0.051455,11.030016
5817. 0.090251,11.08572
5818. 0.451593,10.005884
5819. 0.438805,10.046139
5820. 0.445972,9.941683
5821. 0.510729,10.18321
5822. 0.430823,9.981079
5823. 0.622861,10.302944
5824. 0.506781,10.15626
5825. 0.562139,10.241575
5826. 0.47305,10.132656
5827. 0.434685,10.127506
5828. 0.59647,10.260887
5829. 0.647965,10.268172
5830. 0.425588,9.456042
5831. 0.386407,9.474506
5832. 0.441659,9.418352
5833. 0.36113,9.470446
5834. 0.370877,9.476502
5835. 0.421382,9.465666
5836. 0.436509,9.440839
5837. 0.380056,9.824095
5838. 0.397093,9.839802
5839. 0.402913,9.44464
5840. 0.405354,9.565616
5841. 0.40177,9.522743
5842. 0.400547,9.437428
5843. 0.396342,9.608316
5844. 0.370657,9.672689
5845. 0.386793,9.62677
5846. 0.388681,9.75852
5847. 0.402685,9.506907
5848. 0.407113,9.456986
5849. 0.404227,9.450753
5850. 0.410482,9.494419
5851. -0.667426,12.505832
5852. -0.381214,11.823092
5853. -0.115013,11.577187
5854. -0.11806,11.458139
5855. -0.669228,12.491155
5856. -0.412027,11.891155
5857. -0.108275,11.386986
5858. -0.700747,12.566643
5859. -0.445843,11.97793
5860. -0.119905,11.68911
5861. -0.103812,11.415653
5862. -0.358555,11.760864
5863. -0.112309,11.329908
5864. -0.096173,11.47891
5865. -0.702378,12.542267
5866. -0.544974,12.170277
5867. -0.552698,12.225723
5868. -0.073557,11.308365
5869. -0.127587,11.663017
5870. -0.628719,12.443991
5871. -0.080295,11.53779
5872. -0.631143,12.400475
5873. -0.111365,11.34716
5874. -0.585999,12.251129
5875. -0.517423,12.148991
5876. -0.095744,11.362181
5877. -0.493649,12.108822
5878. -0.275344,11.752625
5879. -0.486869,12.068052
5880. -0.377781,11.857939
5881. -0.639447,12.47004
5882. -0.452538,12.007799
5883. -0.411297,11.952524
5884. -0.599388,12.323656
5885. -0.642429,12.375927
5886. -0.639447,12.426567
5887. -0.11703,11.436768
5888. -0.151877,11.747646
5889. -0.107074,11.610489
5890. -0.906549,12.75281
5891. -1.312537,13.049612
5892. -1.151727,12.960606
5893. -1.015882,12.826624
5894. -0.993054,12.83392
5895. -1.252814,13.008671
5896. -1.22707,12.978201
5897. -0.956667,12.806282
5898. -1.124353,12.911081
5899. -1.298679,13.071241
5900. -1.125812,12.901468
5901. -1.037636,12.876062
5902. -0.830833,12.73839
5903. -0.823753,12.701054
5904. -0.906624,12.794738
5905. -0.80955,12.731352
5906. -1.379123,13.156128
5907. -0.883377,12.734356
5908. -0.898739,12.66449
5909. -0.876941,12.639427
5910. -0.764171,12.590075
5911. -0.784339,12.572136
5912. -0.844329,12.603207
5913. -1.398429,12.155428
5914. -1.233378,12.358589
5915. -1.293702,12.254305
5916. -1.382555,12.160406
5917. -0.983786,12.573853
5918. -1.391479,12.113972
5919. -0.968424,12.578659
5920. -0.905433,12.647238
5921. -1.101354,12.496948
5922. -0.923455,12.646637
5923. -1.190601,12.423391
5924. -1.23312,12.375412
5925. -1.262853,12.341251
5926. -1.306616,12.247009
5927. -1.024764,12.519264
5928. -1.373031,12.132339
5929. -1.385473,12.180405
5930. -1.133192,12.463474
5931. -1.166144,12.430687
5932. -1.327896,12.190447
5933. -1.015538,12.531538
5934. -1.643561,13.267536
5935. -1.424214,13.167543
5936. -1.634939,13.47662
5937. -1.627753,13.522496
5938. -1.637984,13.392677
5939. -1.483289,13.189259
5940. -1.665782,13.36401
5941. -1.567738,13.237967
5942. -1.619495,13.434391
5943. -1.633909,13.596954
5944. -1.678072,13.295045
5945. -1.639743,13.413448
5946. -1.645936,13.601375
5947. -1.559137,13.223784
5948. -1.630327,13.606696
5949. -1.548862,13.219943
5950. -1.631989,13.588672
5951. -1.637319,13.535972
5952. -1.410185,12.115259
5953. -2.045812,11.453247
5954. -1.908221,11.408615
5955. -1.473765,11.855621
5956. -1.996962,11.436682
5957. -2.081323,11.444321
5958. -1.656859,11.518736
5959. -1.561968,11.716061
5960. -1.725665,11.481743
5961. -1.597874,11.727734
5962. -1.637298,11.53985
5963. -1.48153,11.793737
5964. -1.631721,11.620359
5965. -1.456476,11.871758
5966. -1.514521,11.730137
5967. -1.413788,12.082386
5968. -1.788721,11.461401
5969. -1.620997,11.603966
5970. -1.763113,11.481915
5971. -1.50002,11.791677
5972. -1.651969,11.500025
5973. -1.468445,11.839228
5974. -1.712196,11.500025
5975. -1.440023,11.980977
5976. -1.517009,11.778975
5977. -1.639786,11.591949
5978. -1.618509,11.672459
5979. -1.42786,12.097406
5980. -1.962285,11.408765
5981. -1.418529,12.007971
5982. -1.629834,11.600962
5983. -1.674919,11.486034
5984. -2.65165,11.58577
5985. -2.425366,11.469727
5986. -2.597805,11.569118
5987. -2.417905,11.40398
5988. -2.378457,11.30785
5989. -2.538727,11.526546
5990. -2.405385,11.42767
5991. -2.313581,11.298151
5992. -2.320785,11.40398
5993. -2.133601,11.451359
5994. -2.576412,11.28047
5995. -2.623442,11.270514
5996. -2.21015,11.405439
5997. -2.263303,11.41046
5998. -2.538642,11.296606
5999. -2.362206,11.359777
6000. -2.218812,11.431532
6001. -2.177215,11.473846
6002. -2.295378,11.431103
6003. -2.233993,11.416254
6004. -2.424551,11.316519
6005. -2.111944,11.459684
6006. -2.210579,11.468267
6007. -2.311952,11.426983
6008. -0.075531,10.344486
6009. -0.561367,10.226727
6010. -0.300449,10.373325
6011. -0.662748,10.213938
6012. -0.12763,10.340023
6013. -0.506995,10.261917
6014. -0.462923,10.286465
6015. -0.556389,10.212908
6016. -0.696091,10.255394
6017. -0.578532,10.221319
6018. -0.362353,10.355129
6019. -0.00515,10.336933
6020. -0.599903,10.240717
6021. -0.509184,10.28801
6022. -0.530212,10.209904
6023. -0.342849,10.372381
6024. -0.395741,10.348628
6025. -0.702126,10.243429
6026. -0.675944,10.218959
6027. -0.698162,10.224967
6028. -0.124326,10.782309
6029. -0.190329,10.571594
6030. -0.105958,10.944786
6031. -0.110335,10.828485
6032. -0.152993,10.741367
6033. -0.00206,11.006327
6034. -0.226292,10.525503
6035. -0.04961,11.001778
6036. -0.26719,10.497608
6037. -0.131793,10.812693
6038. -0.123811,10.896206
6039. -0.161662,10.666008
6040. -0.1578,10.638628
6041. -0.17857,10.609875
6042. -0.097976,10.867367
6043. -0.149731,10.673389
6044. -0.276674,10.431604
6045. -0.207324,10.570307
6046. -0.182089,10.767632
6047. -0.051584,11.242962
6048. -0.058451,11.173439
6049. -0.063429,11.081772
6050. -0.075703,11.026325
6051. -0.041628,11.189747
6052. -0.06124,11.232533
6053. -0.069308,11.125331
6054. -1.355183,10.627642
6055. -0.8899,10.437012
6056. -0.717225,10.305262
6057. -1.052611,10.567303
6058. -1.070204,10.586529
6059. -1.047806,10.52413
6060. -1.265514,10.60833
6061. -1.238312,10.584555
6062. -0.714479,10.342426
6063. -0.7534,10.362682
6064. -0.889385,10.409031
6065. -0.831863,10.368948
6066. -1.163055,10.57786
6067. -0.874624,10.388689
6068. -1.21377,10.58095
6069. -0.983185,10.48954
6070. -1.1221,10.592666
6071. -1.866444,11.001434
6072. -1.84903,10.992422
6073. -1.727853,10.838184
6074. -1.513062,10.686264
6075. -2.195398,11.219015
6076. -1.466987,10.668154
6077. -1.972943,11.054392
6078. -1.808924,10.931053
6079. -1.593627,10.681458
6080. -2.123952,11.184597
6081. -1.905712,11.040101
6082. -1.772593,10.913029
6083. -1.614626,10.690556
6084. -1.694416,10.76201
6085. -2.032259,11.123142
6086. -1.876717,11.052976
6087. -1.408297,10.626011
6088. -2.655723,11.182795
6089. -2.751875,11.143913
6090. -2.789639,11.125975
6091. -2.705707,11.171637
6092. -3.247424,10.65794
6093. -3.029741,10.919294
6094. -2.841311,11.058898
6095. -3.09535,10.820246
6096. -3.230713,10.661716
6097. -3.121233,10.689182
6098. -3.406714,10.687466
6099. -3.284699,10.688925
6100. -3.339025,10.705061
6101. -2.967942,10.982122
6102. -3.220344,10.634508
6103. -3.084166,10.722742
6104. -3.387971,10.67987
6105. -3.440985,10.655537
6106. -3.031026,10.843163
6107. -3.149686,10.675364
6108. -2.92489,11.000576
6109. -2.931662,10.986285
6110. -3.08318,10.829945
6111. 12.049032,-14.841789
6112. 12.409618,-15.798533
6113. 11.955438,-15.649209
6114. 11.551954,-14.686317
6115. 12.67503,-14.158716
6116. 12.664185,-14.154725
6117. 12.333787,-13.868222
6118. 12.351552,-13.808656
6119. 12.297089,-14.049625
6120. 12.427377,-13.652058
6121. 12.429808,-13.635707
6122. 12.322676,-13.947637
6123. 12.543651,-14.725971
6124. 12.359601,-14.175539
6125. 12.509445,-14.125929
6126. 12.510702,-14.144554
6127. 12.315077,-14.184122
6128. 12.477183,-14.118633
6129. 12.433559,-14.1258
6130. 12.555338,-14.174852
6131. 12.503747,-14.836349
6132. 12.479697,-14.976254
6133. 12.555715,-15.139976
6134. 12.487239,-14.904413
6135. 12.477937,-14.85137
6136. 12.424528,-15.403991
6137. 12.459164,-15.305843
6138. 12.487155,-15.010757
6139. 12.472406,-14.88081
6140. 12.445293,-15.316358
6141. 12.57134,-15.095429
6142. 12.489302,-15.224025
6143. 12.482913,-15.220635
6144. 12.266164,-14.134598
6145. 12.266814,-14.517875
6146. 12.284636,-14.264073
6147. 12.095011,-14.750776
6148. 12.15564,-14.659452
6149. 12.264926,-14.441142
6150. 12.277926,-14.223261
6151. 12.263207,-14.19395
6152. 12.172022,-14.656792
6153. 12.278786,-14.309231
6154. 12.252136,-14.541349
6155. 12.18337,-14.183693
6156. 12.024525,-14.24253
6157. 12.076956,-14.229934
6158. 11.970972,-14.23959
6159. 12.161508,-14.20249
6160. 12.071007,-14.81369
6161. 12.036949,-15.052385
6162. 12.019551,-15.264602
6163. 12.033917,-15.322173
6164. 12.015837,-15.017796
6165. 12.032385,-14.946921
6166. 12.00848,-14.969559
6167. 12.052027,-14.902267
6168. 12.048376,-15.332451
6169. 11.985382,-14.824762
6170. 12.034106,-14.860704
6171. 12.02377,-14.859953
6172. 12.406925,-15.964293
6173. 12.38974,-15.850353
6174. 12.336837,-15.761304
6175. 12.312394,-15.758386
6176. 12.396279,-15.921593
6177. 12.461574,-15.481839
6178. 12.431988,-15.571489
6179. 12.44038,-15.535419
6180. 12.39063,-15.62391
6181. 12.439301,-16.209211
6182. 12.413987,-16.182089
6183. 12.451726,-16.227236
6184. 12.400837,-16.196938
6185. 11.958744,-15.508704
6186. 11.981058,-15.572004
6187. 11.975779,-15.637085
6188. 11.958996,-15.538788
6189. 12.273754,-15.787482
6190. 12.001166,-15.673456
6191. 12.035113,-15.719633
6192. 12.129775,-15.696459
6193. 12.113112,-15.702714
6194. 12.09948,-15.724869
6195. 12.230128,-15.754759
6196. 11.743555,-14.200859
6197. 11.814974,-14.21545
6198. 11.831188,-14.226866
6199. 11.679408,-14.258323
6200. 11.678063,-14.270124
6201. 11.747242,-14.211266
6202. 11.930094,-14.213583
6203. 11.606104,-14.362521
6204. 11.894911,-14.205945
6205. 11.642595,-14.301742
6206. 11.9319,-14.213036
6207. 11.606839,-14.671726
6208. 11.622109,-14.693463
6209. 11.65915,-14.739404
6210. 11.640352,-14.698827
6211. 11.734951,-15.097146
6212. 11.695735,-15.073414
6213. 11.623559,-14.897633
6214. 11.660748,-15.035563
6215. 11.750529,-15.27709
6216. 11.789916,-15.219111
6217. 11.649105,-15.007882
6218. 11.836428,-15.425534
6219. 11.678105,-15.367212
6220. 11.774777,-15.172538
6221. 11.778448,-15.399313
6222. 11.753208,-14.801352
6223. 11.864065,-14.838345
6224. 11.926667,-14.814548
6225. 11.785043,-14.8209
6226. 11.732021,-14.810708
6227. 11.884202,-14.821887
6228. 11.573018,-14.656749
6229. 11.53339,-14.512339
6230. 11.560026,-14.589071
6231. 11.529395,-14.542294
6232. 11.596119,-14.407883
6233. 11.540811,-14.694171
6234. 11.556431,-14.489079
6235. 11.530005,-14.748459
6236. 11.591579,-14.859009
6237. 11.510451,-14.793606
6238. 11.408119,-14.794035
6239. 11.554413,-14.838667
6240. 11.469994,-14.810772
6241. 11.597833,-14.980373
6242. 11.364616,-14.772309
6243. 11.540811,-14.811673
6244. 11.375489,-14.79617
6245. 11.547413,-14.776354
6246. 11.538835,-14.766526
6247. 11.928861,-15.638974
6248. 11.886932,-15.649381
6249. 11.858775,-15.591735
6250. 11.8585,-15.598805
6251. 11.876349,-15.635347
6252. 11.861424,-15.622591
6253. 4.367465,34.311762
6254. 4.244132,34.340515
6255. 4.305116,34.305067
6256. 4.444056,34.220352
6257. 4.40482,34.283781
6258. 3.312677,38.384342
6259. 3.431218,38.504333
6260. 3.514406,38.547935
6261. 3.337397,39.06498
6262. 3.490162,39.060903
6263. 2.837518,38.110027
6264. 3.22013,38.322372
6265. 3.403972,38.470688
6266. 3.430318,38.987045
6267. 3.336754,38.463135
6268. 3.500785,38.768435
6269. 3.471014,38.885593
6270. 3.469986,39.094505
6271. 3.295025,38.374386
6272. 3.519504,39.055023
6273. 3.506696,38.650074
6274. 3.272317,35.482578
6275. 4.213574,34.347467
6276. 3.751851,34.644356
6277. 3.427062,35.312119
6278. 3.621615,35.05085
6279. 2.81943,35.614929
6280. 3.232641,35.462666
6281. 2.963956,35.621452
6282. 3.912423,34.555693
6283. 4.035508,34.538612
6284. 3.779771,34.598866
6285. 2.88218,35.610466
6286. 4.158489,34.422655
6287. 3.569618,35.117455
6288. 3.958748,34.560757
6289. 3.628468,35.020294
6290. 4.160287,34.379997
6291. 3.699305,34.979782
6292. 3.759387,34.684868
6293. 3.718876,34.771128
6294. 3.347893,35.456657
6295. 3.468958,35.305939
6296. 3.550601,35.174789
6297. 3.079666,35.617676
6298. 3.317218,35.480518
6299. 4.099933,34.466
6300. 3.69817,34.88421
6301. 3.515049,35.222511
6302. 3.133724,35.600338
6303. 3.848369,34.580584
6304. 3.710354,34.854555
6305. 3.768209,34.622126
6306. 3.751165,34.71611
6307. 3.118598,35.601454
6308. 4.204521,34.359956
6309. 0.205221,40.587101
6310. 0.121751,40.397329
6311. 0.214748,40.556374
6312. 0.121579,40.371838
6313. 0.318988,40.822964
6314. 0.28088,40.712585
6315. 0.149345,40.41338
6316. 0.233545,40.679369
6317. 0.317786,40.763826
6318. 0.402328,40.948877
6319. 0.062013,40.310984
6320. 0.362933,40.890341
6321. 0.012102,40.315189
6322. 0.408722,40.994453
6323. 0.216765,40.640745
6324. 2.056448,37.906179
6325. 2.278976,37.902489
6326. 2.782866,38.090115
6327. 2.467899,38.065567
6328. 1.557185,37.775846
6329. 1.90895,37.898197
6330. 2.594204,38.054581
6331. 2.406757,38.056126
6332. 2.335621,37.967634
6333. 2.164693,37.874079
6334. 1.839293,37.86129
6335. 2.646335,38.076553
6336. 1.634166,37.820091
6337. 1.481187,37.733917
6338. 2.350007,37.995229
6339. 1.59884,37.80314
6340. 2.102423,37.890816
6341. 2.198271,37.880602
6342. 1.589702,37.802367
6343. 1.987965,37.916114
6344. 2.33054,37.989006
6345. 2.269285,35.563259
6346. 2.336779,35.603256
6347. 2.150155,35.49614
6348. 2.535126,35.658188
6349. 2.666826,35.633812
6350. 2.198528,35.546951
6351. 2.352816,35.634327
6352. 2.739872,35.646858
6353. 2.378715,35.646172
6354. 2.631845,35.652008
6355. 1.475524,35.374775
6356. 1.716443,35.498543
6357. 1.798115,35.533733
6358. 1.527005,35.412712
6359. 1.494744,35.406361
6360. 2.044482,35.495625
6361. 1.852676,35.561199
6362. 2.088914,35.483437
6363. 2.031015,35.522232
6364. 1.570162,35.463009
6365. 1.948839,35.528927
6366. 1.764657,35.490131
6367. 1.772207,35.498886
6368. 0.89595,37.560196
6369. 1.059605,37.562771
6370. 1.22308,37.663708
6371. 1.310263,37.685509
6372. 0.800173,37.549553
6373. 0.848663,37.569466
6374. 1.180861,37.582855
6375. 0.959371,37.57719
6376. 1.332916,37.710743
6377. 0.772067,37.556934
6378. 1.126241,37.599335
6379. 0.120463,37.457113
6380. 0.644618,37.650576
6381. 0.054717,37.205629
6382. 0.56643,37.6789
6383. 0.049825,37.160912
6384. 0.459575,37.612123
6385. 0.077805,37.301588
6386. 0.015235,37.079029
6387. 0.107717,37.411237
6388. 0.347934,37.581396
6389. 0.003669,37.072163
6390. 0.215392,37.525434
6391. 0.08965,37.246485
6392. 0.638353,37.66757
6393. 0.666589,37.644224
6394. 0.018497,37.663965
6395. 0.061133,37.630749
6396. 0.105078,37.610235
6397. 0.056884,37.642336
6398. 0.038474,37.652979
6399. 0.13793,37.519147
6400. 1.405422,35.312634
6401. 1.269439,35.161443
6402. 1.39075,35.275898
6403. 1.284906,35.156336
6404. 1.330256,35.246716
6405. 1.30963,35.211911
6406. 1.392981,35.339241
6407. 0.796247,34.841208
6408. 0.900026,34.936438
6409. 1.258563,35.122261
6410. 1.165071,35.112305
6411. 0.777945,34.790397
6412. 0.861236,34.868631
6413. 0.84184,34.867258
6414. 1.013801,35.005875
6415. 1.020323,35.020251
6416. 1.093889,35.075054
6417. 1.097386,35.074024
6418. 0.893139,34.924035
6419. 1.134146,35.100439
6420. 0.976277,34.958711
6421. 1.258198,35.095868
6422. 1.205618,35.085568
6423. 0.00648,35.528755
6424. 0.159559,35.467987
6425. 0.523946,35.252638
6426. 0.568748,35.233755
6427. 0.083299,35.538368
6428. 0.460992,35.295982
6429. 0.254487,35.402412
6430. 0.082011,35.51631
6431. 0.116386,35.468588
6432. 0.140333,35.467987
6433. 0.517681,35.276499
6434. 0.200586,35.444126
6435. 0.504335,35.300617
6436. 0.355766,35.356407
6437. 0.06639,35.541801
6438. 0.691521,34.750357
6439. 0.463438,34.8561
6440. 0.536649,34.808979
6441. 0.376193,34.853396
6442. 0.615072,34.761901
6443. 0.444985,34.853268
6444. 0.605395,34.728298
6445. 0.604022,34.894123
6446. 0.591148,34.608564
6447. 0.602306,35.142775
6448. 0.58896,34.920044
6449. 0.630542,35.002012
6450. 0.605739,34.843483
6451. 0.592951,34.546766
6452. 0.633911,35.048575
6453. 0.592779,34.553118
6454. 0.636958,35.042267
6455. 0.62299,34.692678
6456. 0.606876,34.963946
6457. 0.57733,34.82666
6458. 0.610137,34.352961
6459. 0.62786,34.331675
6460. 0.603979,34.407463
6461. 0.634512,34.273911
6462. 0.444749,34.144864
6463. 0.3651,34.165549
6464. 0.388102,34.14216
6465. 0.016758,34.724908
6466. 0.074909,34.71714
6467. 0.347634,34.839234
6468. 0.229918,34.755077
6469. 0.168378,34.746537
6470. 0.333128,34.794173
6471. 0.048902,34.72332
6472. 0.111172,34.726496
6473. 0.124347,34.737697
6474. 0.282157,34.754047
6475. 0.297896,34.767308
6476. 0.195844,34.768424
6477. 0.207603,34.771943
6478. 0.334952,34.8137
6479. 0.002446,34.604788
6480. 0.109262,34.46497
6481. 0.063815,34.58024
6482. 0.084586,34.567709
6483. 0.016351,34.598866
6484. 0.026135,34.585562
6485. 0.085959,34.545822
6486. 0.164344,34.306312
6487. 0.153444,34.334464
6488. 0.304161,34.203444
6489. 0.181167,34.296441
6490. 0.226786,34.24902
6491. 0.154538,34.381456
6492. 0.263006,34.225416
6493. -0.082998,40.003109
6494. -0.043344,40.025082
6495. -0.515835,39.47113
6496. -0.207538,39.867668
6497. -0.478114,39.551468
6498. -0.024462,40.06216
6499. -0.022144,40.230732
6500. -0.379133,39.712443
6501. -0.458041,39.641955
6502. -0.462773,39.639037
6503. -0.470873,39.606893
6504. -2.527151,40.117264
6505. -2.347242,40.118465
6506. -2.323443,40.111427
6507. -2.624857,40.137177
6508. -2.469978,40.118208
6509. -0.665602,39.137592
6510. -0.68826,39.06086
6511. -0.635477,39.276638
6512. -0.666804,39.215527
6513. -0.22833,37.653408
6514. -0.249874,37.638173
6515. -0.293347,37.670016
6516. -0.228416,37.638688
6517. -0.332227,37.651048
6518. -0.271675,37.652593
6519. -0.070446,37.666411
6520. -0.065167,37.664051
6521. -0.189879,37.677011
6522. -0.040158,37.660575
6523. -0.227579,37.013025
6524. -0.167241,37.023668
6525. -0.295213,37.01045
6526. -0.062077,37.043581
6527. -0.381579,37.614913
6528. -0.355702,37.611394
6529. -0.442431,37.557149
6530. -0.412048,37.571139
6531. -0.470637,37.558018
6532. -0.47569,37.465181
6533. -0.389797,37.598605
6534. -0.590118,37.498226
6535. -0.657502,37.578456
6536. -0.672575,37.643366
6537. -0.631401,37.543974
6538. -0.551582,37.480459
6539. -0.532786,37.185373
6540. -0.597671,37.199621
6541. -0.667361,37.242279
6542. -0.643588,37.195415
6543. -0.665988,37.211037
6544. -0.487062,37.139411
6545. -0.390655,37.002726
6546. -0.358985,37.000065
6547. -0.479895,37.087097
6548. -0.796569,38.489571
6549. -0.968081,38.001709
6550. -0.789102,38.686466
6551. -0.861965,38.202982
6552. -0.737308,38.883276
6553. -0.735592,38.9746
6554. -0.848534,38.238087
6555. -0.781335,38.32881
6556. -0.808198,38.303232
6557. -0.754301,38.862934
6558. -0.920023,38.12067
6559. -0.779834,38.469143
6560. -0.768677,38.421249
6561. -0.723576,39.016657
6562. -0.934526,38.06076
6563. -0.980182,37.991023
6564. -0.826848,38.261143
6565. -0.774041,38.348722
6566. -0.804293,38.535404
6567. -1.335941,37.986388
6568. -1.365544,38.012137
6569. -1.397207,38.012223
6570. -1.03755,37.861805
6571. -1.004725,37.947764
6572. -0.882862,37.68199
6573. -0.807082,37.68096
6574. -0.866557,37.697439
6575. -1.026523,37.701817
6576. -0.946026,37.676153
6577. -0.706841,37.651091
6578. -0.830833,37.696452
6579. -0.783824,37.65873
6580. -0.882176,37.233095
6581. -0.808992,37.263737
6582. -0.928862,37.177048
6583. -1.024619,37.066584
6584. -1.007032,37.077945
6585. -0.940769,37.12379
6586. -0.958019,37.11113
6587. -0.914101,37.202539
6588. -0.83079,37.231207
6589. -1.051571,37.095444
6590. -0.945597,36.624556
6591. -1.024034,36.621981
6592. -1.053491,36.630864
6593. -0.884064,36.577349
6594. -0.916504,36.610565
6595. -0.988334,36.630735
6596. -0.993076,36.600308
6597. -0.98252,36.585631
6598. -1.009081,36.601896
6599. -1.06248,37.291718
6600. -1.107962,37.364674
6601. -1.108928,37.761254
6602. -1.144433,37.460718
6603. -1.101784,37.339783
6604. -1.179853,37.442544
6605. -1.144262,37.548566
6606. -1.244147,37.913818
6607. -1.222179,37.913647
6608. -1.150226,37.744045
6609. -1.060506,37.678385
6610. -1.297005,37.941113
6611. -1.21171,37.894249
6612. -1.19443,36.92565
6613. -1.164803,36.957171
6614. -1.146847,36.96305
6615. -1.133009,36.974444
6616. -1.12497,37.003294
6617. -1.105323,37.017145
6618. -1.068283,37.050791
6619. -1.203976,36.916852
6620. -1.060957,37.237473
6621. -1.059616,37.144861
6622. -1.219573,36.89151
6623. -1.108928,36.631014
6624. -1.17996,36.644211
6625. -1.067565,36.601167
6626. -1.118796,36.618848
6627. -1.118592,36.620007
6628. -1.262322,36.840302
6629. -1.253583,36.858503
6630. -1.244801,36.86692
6631. -1.234482,36.873507
6632. -1.268629,36.820679
6633. -1.272094,36.814531
6634. -1.266795,36.834422
6635. -1.233335,36.669359
6636. -1.28171,36.815057
6637. -1.286548,36.817417
6638. -1.292726,36.820378
6639. -1.299944,36.824155
6640. -1.304911,36.826515
6641. -1.311604,36.829669
6642. -0.279721,36.029148
6643. -0.299076,36.137209
6644. -0.246247,35.942287
6645. -0.317443,36.142702
6646. -0.20462,35.797405
6647. -0.138659,35.677586
6648. -0.082505,35.666857
6649. -0.007231,35.590167
6650. -0.080445,35.648918
6651. -0.039289,35.634756
6652. -0.009742,35.543518
6653. -0.226335,35.757923
6654. -0.061541,35.642266
6655. -0.219254,35.735693
6656. -0.005729,35.566778
6657. -0.098062,35.676212
6658. -0.205736,35.848389
6659. -0.390055,36.242695
6660. -0.672854,36.390409
6661. -0.586857,36.372299
6662. -0.500429,36.315308
6663. -0.699374,36.430664
6664. -0.474166,36.291103
6665. -0.632173,36.387749
6666. -0.317701,35.006561
6667. -0.195565,34.956179
6668. -0.239939,34.957552
6669. -0.101259,34.757781
6670. -0.270151,34.972014
6671. -0.062892,34.77602
6672. -0.023925,34.747396
6673. -0.031071,34.614658
6674. -0.064158,34.647446
6675. -0.083449,34.750185
6676. -0.072634,34.662938
6677. -0.048108,34.650965
6678. -0.082891,34.747996
6679. -0.004249,34.598093
6680. -0.077441,34.72847
6681. -0.617411,34.756279
6682. -0.55553,34.743061
6683. -0.490645,34.758425
6684. -0.585484,34.731045
6685. -0.485152,34.822369
6686. -0.665988,34.724436
6687. -0.36834,35.000896
6688. -0.445156,34.93515
6689. -0.528237,34.72641
6690. -0.420695,35.005617
6691. -0.392286,35.015488
6692. -0.507124,34.73628
6693. -0.678519,34.705381
6694. -0.447431,34.890025
6695. -0.697529,35.140049
6696. -0.703064,34.799109
6697. -0.686801,35.091705
6698. -0.679313,34.77396
6699. -0.680814,34.777136
6700. -0.692744,35.072522
6701. -0.676051,35.138783
6702. -0.83506,36.551943
6703. -0.77507,36.510572
6704. -0.736579,36.455984
6705. -0.857459,36.548681
6706. -0.802877,36.530142
6707. -1.114141,36.046743
6708. -1.09524,36.284409
6709. -0.954929,35.429964
6710. -0.800152,35.348768
6711. -0.842462,35.375247
6712. -1.124052,35.98958
6713. -1.103671,36.007519
6714. -1.091142,35.95027
6715. -1.102298,36.03653
6716. -0.738124,35.167236
6717. -1.019314,36.475811
6718. -1.104379,36.177206
6719. -1.100947,35.835299
6720. -1.001808,35.607805
6721. -0.819805,35.334692
6722. -0.777248,35.338941
6723. -1.091378,35.870748
6724. -1.106932,36.240292
6725. -0.786077,35.300188
6726. -0.839115,35.356922
6727. -0.859112,35.393057
6728. -1.091861,36.161821
6729. -1.09494,36.088543
6730. -1.02146,35.679216
6731. -1.048149,36.334362
6732. -1.173138,34.446688
6733. -0.883806,34.540157
6734. -1.024034,34.479475
6735. -0.703536,34.66547
6736. -0.905948,34.532261
6737. -1.095219,34.456043
6738. -0.758592,34.60247
6739. -0.861579,34.567022
6740. -0.813336,34.592922
6741. -1.237872,34.480355
6742. -1.071083,34.469197
6743. -1.208803,34.471385
6744. -0.735871,34.850779
6745. -0.703494,35.050507
6746. -0.75782,35.015831
6747. -0.739561,34.878502
6748. -0.779898,34.947639
6749. -0.718298,34.834685
6750. -1.978948,38.18985
6751. -1.670072,38.050461
6752. -1.781172,38.132858
6753. -1.794812,38.174829
6754. -1.72558,38.08136
6755. -1.42593,38.041706
6756. -2.066205,38.177791
6757. -1.708679,38.063164
6758. -1.910216,38.17234
6759. -1.613597,38.05398
6760. -1.847572,38.208303
6761. -1.527133,38.023167
6762. -1.598668,38.036406
6763. -1.818876,36.812267
6764. -2.038564,36.799049
6765. -1.570762,36.93037
6766. -1.862305,36.775274
6767. -1.451714,36.96805
6768. -2.097105,36.791668
6769. -1.687273,36.846085
6770. -1.844119,36.79038
6771. -1.810126,37.223396
6772. -1.741494,37.19902
6773. -1.956474,37.310085
6774. -1.653299,37.192326
6775. -1.888191,37.26614
6776. -1.837406,37.255669
6777. -2.075597,37.454195
6778. -1.443401,36.989722
6779. -2.090007,37.482262
6780. -1.53271,37.132072
6781. -2.079629,37.473078
6782. -1.479278,37.041821
6783. -2.015104,37.372828
6784. -2.760148,38.259115
6785. -2.645091,38.085651
6786. -2.599563,38.066769
6787. -2.483034,37.99613
6788. -2.528052,38.02042
6789. -2.692354,38.165474
6790. -2.19424,38.077755
6791. -2.292012,38.034325
6792. -2.204017,38.055096
6793. -2.509616,36.841621
6794. -2.395566,36.850891
6795. -2.235494,36.792183
6796. -2.541514,36.793299
6797. -2.434155,36.847286
6798. -2.280477,36.808834
6799. -2.37001,37.894506
6800. -2.228247,37.7528
6801. -2.329704,37.87322
6802. -2.207963,37.695036
6803. -2.407486,37.929955
6804. -2.168295,37.635298
6805. -2.211865,37.721987
6806. -2.280305,37.818975
6807. -2.155687,37.587748
6808. -3.794245,39.396544
6809. -3.922528,39.528208
6810. -4.008816,39.584599
6811. -3.982809,39.548378
6812. -3.863377,39.473748
6813. -3.856569,39.463792
6814. -4.03005,39.632664
6815. -3.96517,39.549322
6816. -4.038184,39.654937
6817. -4.013525,39.631934
6818. -3.993394,39.569213
6819. -4.007532,39.601421
6820. -3.694551,39.811621
6821. -3.480438,39.896164
6822. -3.34468,39.937534
6823. -2.892016,40.13679
6824. -3.860037,39.788833
6825. -3.768188,39.823465
6826. -3.423528,39.897623
6827. -3.216552,40.117221
6828. -3.682067,39.816599
6829. -3.536316,39.879427
6830. -3.619881,39.849687
6831. -3.144266,40.127263
6832. -3.110327,40.151167
6833. -3.302265,40.011435
6834. -3.036062,40.137906
6835. -3.713223,39.826899
6836. -4.020664,39.719095
6837. -4.038954,39.680514
6838. -2.861403,40.149043
6839. -3.314862,39.968433
6840. -3.646263,39.850116
6841. -3.94569,39.745231
6842. -4.036814,39.682488
6843. -3.38252,39.92996
6844. -3.16809,40.110097
6845. -3.811566,39.810591
6846. -3.50781,38.254566
6847. -3.462746,38.223839
6848. -3.493695,38.424211
6849. -3.508838,38.3428
6850. -3.500442,38.317652
6851. -3.503462,38.378077
6852. -3.457263,38.483047
6853. -3.407057,38.133459
6854. -3.452722,38.204699
6855. -2.928683,38.407087
6856. -3.022605,38.479357
6857. -2.927397,38.39138
6858. -3.081509,38.490944
6859. -2.992885,38.457899
6860. -3.410141,38.592911
6861. -3.374155,38.536863
6862. -3.238254,38.501587
6863. -3.412968,37.929611
6864. -3.393433,37.800694
6865. -3.392298,37.774858
6866. -3.399945,37.893047
6867. -3.373577,37.688513
6868. -3.390113,37.72778
6869. -3.384287,37.649846
6870. -3.384051,37.791381
6871. -3.768723,39.189949
6872. -3.765725,39.225397
6873. -3.7432,39.079142
6874. -3.558182,38.750153
6875. -3.794459,39.263248
6876. -3.730182,39.042234
6877. -3.672431,38.944902
6878. 3.930106,41.280098
6879. 3.722088,41.1026
6880. 3.079666,40.89695
6881. 3.275402,40.866051
6882. 3.392962,40.909996
6883. 3.899364,41.213837
6884. 3.570561,40.974369
6885. 3.158685,40.871544
6886. 2.875322,40.938492
6887. 3.900178,41.728134
6888. 3.433145,40.962696
6889. 3.494488,40.960808
6890. 3.876244,41.557846
6891. 3.681746,41.045952
6892. 3.90827,41.343956
6893. 3.450452,40.964756
6894. 3.932632,41.870613
6895. 3.936721,41.858253
6896. 3.932289,41.220102
6897. 1.509051,39.923587
6898. 1.8142,40.090656
6899. 2.266112,40.324287
6900. 1.287996,39.840975
6901. 2.528352,40.781937
6902. 1.662522,40.027399
6903. 2.474244,40.681858
6904. 2.594461,40.83807
6905. 2.326016,40.398531
6906. 2.272115,40.281887
6907. 2.314782,40.43355
6908. 2.623442,40.87841
6909. 1.94811,40.121641
6910. 2.758133,40.937977
6911. 1.748829,40.05862
6912. 2.810664,40.92978
6913. 1.012192,39.486151
6914. 1.019636,39.499111
6915. 2.378372,40.575707
6916. 2.40337,40.593624
6917. 2.209185,40.118594
6918. 2.307578,40.360079
6919. 1.532249,35.444663
6920. 1.415075,35.533905
6921. 1.528592,35.458975
6922. 1.466129,35.496826
6923. 1.484576,35.471849
6924. 0.794295,39.20085
6925. 0.920666,39.310369
6926. 0.729584,39.172096
6927. 0.690834,39.04541
6928. 0.693109,39.098024
6929. 0.574798,38.092861
6930. 0.633117,38.928766
6931. 0.645862,38.9958
6932. 0.572224,38.78603
6933. 0.549565,38.016729
6934. 0.597221,38.838816
6935. 0.570507,38.51841
6936. 0.570679,38.196502
6937. 0.14029,37.473078
6938. 0.366559,37.587619
6939. 0.366108,37.631779
6940. 0.526092,37.954588
6941. 0.459404,37.838802
6942. 0.437089,37.792454
6943. 0.499786,37.924204
6944. 0.401985,37.691088
6945. 0.491718,37.868156
6946. 1.198924,35.733118
6947. 1.30327,35.632095
6948. 1.175498,35.809765
6949. 1.073615,35.955935
6950. 0.919722,36.036015
6951. 0.742973,36.03344
6952. 1.236166,35.653553
6953. 1.168847,35.898342
6954. 0.777302,36.016617
6955. 1.212654,35.696211
6956. 1.090177,35.933704
6957. 1.137976,35.922675
6958. 1.044909,35.963788
6959. 1.04757,35.974731
6960. 1.259507,35.626602
6961. 1.145527,35.899801
6962. 0.961859,36.004729
6963. 1.401776,35.580854
6964. 1.200641,35.657072
6965. 0.985652,35.972328
6966. 1.289369,35.619736
6967. 0.713535,36.031466
6968. 1.21111,35.753117
6969. 1.362219,35.631151
6970. 0.99314,35.005531
6971. 0.834717,35.119944
6972. 0.762669,35.13402
6973. 0.779104,35.138826
6974. 0.979538,35.044928
6975. 0.731472,35.155907
6976. 0.858404,35.12578
6977. 0.877112,35.120201
6978. 0.606425,35.196118
6979. 0.63301,35.172601
6980. 0.670043,35.161915
6981. 0.024419,35.937738
6982. 0.398037,35.955849
6983. 0.390441,35.942974
6984. 0.240025,35.894566
6985. 0.44756,35.966921
6986. 0.462923,35.972328
6987. 0.140891,35.901518
6988. 0.076218,35.921345
6989. 0.469424,35.979795
6990. 0.287317,35.918941
6991. 0.601705,36.004257
6992. 0.040941,36.29591
6993. 0.008111,36.265955
6994. 0.02871,36.26029
6995. 0.007038,36.250248
6996. 0.015235,36.489029
6997. 0.042422,36.365004
6998. 0.03813,36.364059
6999. 0.025363,36.408606
7000. 0.001266,36.232052
7001. 0.577159,34.806404
7002. 0.608399,34.759798
7003. 0.589797,34.779024
7004. 0.637462,34.268224
7005. 0.465208,34.099417
7006. -0.491246,39.529324
7007. -1.093073,39.789047
7008. -0.678647,39.604683
7009. -1.214156,39.825611
7010. -1.019143,39.792309
7011. -1.355741,39.915562
7012. -1.141601,39.79866
7013. -1.27491,39.899254
7014. -0.652557,39.606056
7015. -1.189056,39.827929
7016. -0.85334,39.707594
7017. -2.008113,40.101643
7018. -1.580715,39.974957
7019. -2.045855,40.06525
7020. -2.26639,40.070958
7021. -1.442232,39.971867
7022. -1.805493,40.047569
7023. -1.481873,39.980965
7024. -2.081966,40.057697
7025. -2.283886,40.098295
7026. -1.505554,40.001907
7027. -1.7976,40.037956
7028. -2.361692,40.359306
7029. -2.267784,40.215454
7030. -2.206119,40.704432
7031. -2.291969,40.68924
7032. -2.210922,40.842018
7033. -2.294671,40.304203
7034. -2.388019,40.420246
7035. -2.264096,40.147047
7036. -2.290082,40.255365
7037. -2.383474,40.454664
7038. -2.181246,40.815668
7039. -2.267184,40.1752
7040. -2.214352,40.732069
7041. -2.242698,40.869956
7042. -2.302775,40.699625
7043. -2.237016,40.847082
7044. -2.386304,40.526247
7045. -2.32979,40.328407
7046. -2.359548,40.565815
7047. -0.156812,36.731844
7048. -0.308796,36.889043
7049. -0.200339,36.839733
7050. -0.251333,36.872649
7051. -0.259058,36.884794
7052. -0.08553,36.65451
7053. -0.229446,36.870632
7054. -0.336583,36.913977
7055. -0.200382,36.8207
7056. -0.329438,36.904964
7057. -0.581171,37.352829
7058. -0.547355,37.389264
7059. -0.664079,37.363772
7060. -0.553449,37.414327
7061. -0.540189,37.42909
7062. -0.547012,37.453723
7063. -0.536917,37.451835
7064. -0.55714,37.363772
7065. -0.542807,37.438273
7066. -0.625801,37.3633
7067. -0.684934,37.353902
7068. -0.451948,37.046456
7069. -0.402822,36.945262
7070. -0.36879,36.927581
7071. -0.431231,36.95951
7072. -0.412134,36.949897
7073. -0.458095,37.000537
7074. -0.418635,36.948599
7075. -0.396427,36.957364
7076. -0.756104,37.276633
7077. -0.706626,37.331371
7078. -0.750825,37.316523
7079. -1.04094,37.062206
7080. -1.098244,37.669158
7081. -1.111738,37.707267
7082. -1.132934,36.634898
7083. -1.344135,36.91462
7084. -1.330621,36.925006
7085. -1.274631,36.812139
7086. -1.26472,36.801925
7087. -1.324786,36.847029
7088. -1.24597,36.679745
7089. -1.33002,36.870289
7090. -1.331672,36.888056
7091. -1.34686,36.904106
7092. -1.260258,36.722016
7093. -1.264076,36.749439
7094. -1.259357,36.775446
7095. -1.317364,36.774158
7096. -1.326116,36.745319
7097. -1.266136,36.659746
7098. -1.332723,36.821666
7099. -1.309169,36.727252
7100. -1.325601,36.794543
7101. -1.290591,36.684465
7102. -1.276948,36.669445
7103. -0.286201,36.063137
7104. -0.282682,36.095409
7105. -0.138659,35.946751
7106. -0.002017,35.964689
7107. -0.22037,36.006832
7108. -0.100722,35.935936
7109. -0.02562,35.965376
7110. -0.189299,35.981426
7111. -0.255581,36.014128
7112. -0.009012,36.4995
7113. -0.046906,36.185446
7114. -0.218074,36.123176
7115. -0.125012,36.159546
7116. -0.15192,36.144676
7117. -0.081646,36.170683
7118. -0.070102,36.534262
7119. -0.057893,36.526108
7120. -0.170427,36.124098
7121. -0.158465,35.692949
7122. -0.253157,35.513906
7123. -0.165846,35.635443
7124. -0.304569,35.19187
7125. -0.337227,35.241394
7126. -0.238652,35.52412
7127. -0.267061,35.443096
7128. -0.324052,35.367565
7129. -0.209727,35.585833
7130. -0.308002,35.158825
7131. -0.266203,35.162086
7132. -0.318623,35.217276
7133. -0.17636,35.618234
7134. -0.165975,35.668917
7135. -0.285321,35.426702
7136. -0.334609,35.325508
7137. -0.376429,35.267487
7138. -0.368919,35.286155
7139. -0.146041,34.803829
7140. -0.164194,34.86949
7141. -0.172391,34.918842
7142. -0.174622,34.935751
7143. -0.109885,34.775162
7144. -0.084136,34.773831
7145. -0.199878,35.147839
7146. -0.256075,35.14801
7147. -0.14632,35.03613
7148. -0.177884,35.087843
7149. -0.212795,35.15286
7150. -0.179579,35.10119
7151. -0.160653,35.073638
7152. -0.095465,34.752674
7153. -0.66307,34.754305
7154. -1.244576,34.475355
7155. -1.43318,36.966763
7156. -2.547827,36.786518
7157. -2.417776,37.960832
7158. -4.19365,39.591765
7159. -4.100297,39.644251
7160. -4.081976,39.66279
7161. -4.132775,39.625819
7162. -4.058475,39.672747
7163. -4.062638,39.671438
7164. -4.067796,39.670043
7165. -4.075822,39.666524
7166. -4.078295,39.665451
7167. -4.045675,39.66116
7168. -4.04346,39.668176
7169. -4.534394,39.393625
7170. -4.349364,39.536362
7171. -4.281675,39.566789
7172. -4.223781,39.579706
7173. -4.458282,39.481945
7174. -3.400706,38.550189
7175. -3.381374,37.641778
7176. -4.524747,39.179478
7177. -4.536105,39.315991
7178. -4.487825,39.222393
7179. -4.541046,39.133987
7180. -4.493986,39.249258
7181. -4.537966,39.366932
7182. -4.560041,39.127722
7183. -4.601685,39.105449
7184. -28.746304,28.598839
7185. -28.735114,28.440868
7186. -28.73501,28.617035
7187. -28.825726,28.740835
7188. -28.768957,28.507204
7189. -28.756918,28.512955
7190. -28.76275,28.648696
7191. -28.75278,28.587155
7192. -28.771101,28.637989
7193. -28.763878,28.472475
7194. -28.755498,28.60106
7195. -28.76448,28.584065
7196. -28.810799,28.732831
7197. -28.809313,28.164225
7198. -28.728034,28.306527
7199. -28.731751,28.399696
7200. -28.761753,28.498868
7201. -28.771614,28.245115
7202. -28.704314,28.358996
7203. -28.815461,28.720247
7204. -28.798953,28.213148
7205. -28.751938,28.271899
7206. -28.706116,28.336632
7207. -29.084639,28.848724
7208. -29.094015,28.862629
7209. -29.162336,28.878508
7210. -29.011199,28.844047
7211. -28.980382,28.853617
7212. -29.022683,28.856438
7213. -28.948781,28.832808
7214. -28.904501,28.812761
7215. -28.829961,28.73149
7216. -29.286848,28.983264
7217. -29.263957,28.902261
7218. -29.222167,28.905287
7219. -29.282721,28.945273
7220. -29.196546,28.863659
7221. -29.211811,28.872113
7222. -29.508828,28.867178
7223. -29.337983,29.032209
7224. -29.362111,28.993392
7225. -29.360652,29.008541
7226. -29.332418,29.024506
7227. -29.42859,28.952665
7228. -29.393543,28.967085
7229. -29.509808,28.837373
7230. -29.376827,28.997726
7231. -29.501115,28.858595
7232. -29.44085,28.948202
7233. -29.502955,28.834391
7234. -29.433674,28.963909
7235. -29.511498,28.850613
7236. -29.346288,29.019914
7237. -29.482811,28.913527
7238. -29.522944,28.349619
7239. -29.518855,28.486047
7240. -29.525185,28.333311
7241. -29.513683,28.457251
7242. -29.526735,28.771026
7243. -29.530936,28.392448
7244. -29.526697,28.552394
7245. -29.50739,28.494544
7246. -29.524419,28.24409
7247. -29.513468,28.323355
7248. -29.526156,28.361378
7249. -29.516316,28.29134
7250. -29.516727,28.604879
7251. -29.524083,28.607529
7252. -29.807601,28.85735
7253. -29.87349,28.969789
7254. -29.842412,28.902583
7255. -29.540354,28.126481
7256. -29.604907,28.724012
7257. -29.559581,28.749032
7258. -29.541558,28.228126
7259. -29.577245,28.649983
7260. -29.592621,28.689165
7261. -29.584896,28.717833
7262. -29.599096,28.713455
7263. -29.550565,28.775253
7264. -29.554252,28.148732
7265. -29.605122,28.672128
7266. -29.565376,28.63183
7267. -29.548064,28.614085
7268. -29.541717,28.769159
7269. -29.590811,28.63153
7270. -29.533997,28.354254
7271. -29.560365,28.735299
7272. -29.534735,28.789952
7273. -29.542137,28.145342
7274. -29.534613,28.265419
7275. -29.597473,28.663116
7276. -29.794977,28.799758
7277. -29.581034,28.758774
7278. -29.624299,28.805165
7279. -29.733517,28.78727
7280. -29.685462,28.812804
7281. -29.757997,28.782699
7282. -29.739461,28.779202
7283. -29.755874,28.792462
7284. -29.682628,28.794265
7285. -29.664245,28.803749
7286. -29.777806,28.8095
7287. -29.646866,28.809199
7288. -29.808867,28.820744
7289. -29.777406,28.797355
7290. -29.723185,28.772593
7291. -29.993337,29.031372
7292. -29.914286,29.054031
7293. -30.050337,28.899965
7294. -30.056948,28.912582
7295. -30.038932,28.933954
7296. -30.004561,29.002705
7297. -30.053011,28.87516
7298. -29.933329,29.027338
7299. -29.895071,28.989744
7300. -30.053308,28.851085
7301. -29.886021,29.03826
7302. -30.02433,28.987942
7303. -30.040009,28.858595
7304. -29.963449,29.022102
7305. -29.901186,29.051081
7306. -30.050114,28.929663
7307. -29.923213,29.041586
7308. -30.049594,28.787999
7309. -30.03947,28.727918
7310. -30.052472,28.6308
7311. -30.030963,28.724012
7312. -30.05797,28.640585
7313. -30.049575,28.798814
7314. -30.051079,28.826666
7315. -30.042628,28.684144
7316. -30.050615,28.495359
7317. -30.033452,28.738046
7318. -30.042851,28.763709
7319. -30.055388,28.803749
7320. -30.033006,28.665819
7321. -30.056466,28.478751
7322. -30.055444,28.382106
7323. -30.056856,28.303485
7324. -30.030257,28.309965
7325. -30.058081,28.270226
7326. -30.047309,28.361421
7327. -30.062873,28.797312
7328. -30.063727,28.612604
7329. -30.07602,28.579388
7330. -30.066438,28.827095
7331. -30.058601,28.752337
7332. -30.062984,28.508706
7333. -30.065621,28.78624
7334. -30.064247,28.396397
7335. -30.104352,28.270097
7336. -30.101911,28.260999
7337. -30.130346,28.246622
7338. -30.191097,28.189116
7339. -30.071954,28.46755
7340. -30.073643,28.380518
7341. -30.068723,28.437552
7342. -30.15446,28.215508
7343. -30.195994,28.140825
7344. -30.174719,28.191047
7345. -28.792315,28.105559
7346. -28.819447,28.092256
7347. -28.789344,28.123541
7348. -28.826083,28.075798
7349. -29.155928,27.656837
7350. -28.888843,28.043761
7351. -29.139249,27.70782
7352. -29.15724,27.678423
7353. -29.139179,27.758181
7354. -29.060784,27.738848
7355. -29.152967,27.742817
7356. -29.148376,27.748461
7357. -28.912503,27.923126
7358. -29.109539,27.752752
7359. -28.946551,27.817554
7360. -28.853028,28.061914
7361. -29.147158,27.688293
7362. -28.894817,28.02814
7363. -29.018346,27.748603
7364. -28.895766,27.956729
7365. -28.887293,27.998743
7366. -29.292902,27.518381
7367. -29.312732,27.509862
7368. -29.305257,27.515436
7369. -29.27268,27.532039
7370. -29.278838,27.528782
7371. -29.24577,27.604855
7372. -29.268412,27.595854
7373. -29.26706,27.573254
7374. -29.314669,27.502057
7375. -29.182908,27.621753
7376. -29.33182,27.505506
7377. -29.346821,27.517684
7378. -29.334008,27.508698
7379. -29.315543,27.478802
7380. -29.317471,27.482793
7381. -29.325382,27.499495
7382. -29.427824,27.964239
7383. -29.477749,28.015738
7384. -29.468409,28.010244
7385. -29.421245,27.935314
7386. -29.428534,27.862787
7387. -29.488583,28.059597
7388. -29.458096,27.994452
7389. -29.450697,27.976341
7390. -29.471809,27.995224
7391. -29.469305,28.024921
7392. -29.434029,27.952566
7393. -29.505224,28.06303
7394. -29.403282,27.817597
7395. -29.478048,28.047774
7396. -29.529423,28.093371
7397. -29.516951,27.524185
7398. -29.384026,27.560835
7399. -29.488265,27.527103
7400. -29.368455,27.53603
7401. -29.423012,27.561945
7402. -29.421582,27.727153
7403. -29.410984,27.619672
7404. -29.402497,27.764693
7405. -29.420196,27.645775
7406. -29.554532,27.495432
7407. -29.655295,27.456551
7408. -29.541652,27.508854
7409. -29.690937,27.436
7410. -29.622112,27.496381
7411. -29.6983,27.433022
7412. -29.591912,27.495947
7413. -29.537106,28.056829
7414. -29.54896,28.121524
7415. -29.847456,27.229099
7416. -29.720054,27.419128
7417. -29.822467,27.244179
7418. -29.778943,27.284546
7419. -29.746904,27.344971
7420. -30.126997,27.465563
7421. -30.149506,27.446659
7422. -30.179162,27.432754
7423. -30.217677,27.435114
7424. -30.152048,27.475305
7425. -30.189558,27.964411
7426. -30.21934,27.906733
7427. -30.22583,27.875876
7428. -30.22672,27.90051
7429. -30.178021,28.020458
7430. -30.197941,27.971148
7431. -30.180191,27.991276
7432. -30.217069,27.934284
7433. -30.193156,28.113928
7434. -29.894122,27.255793
7435. -30.022027,27.366257
7436. -30.063346,27.41665
7437. -30.199332,27.416468
7438. -30.186444,27.420923
7439. -29.951709,27.280995
7440. -30.282084,27.457591
7441. -30.240355,27.436514
7442. -30.340399,27.538691
7443. -30.296207,27.481828
7444. -30.398105,27.659154
7445. -30.296462,27.514063
7446. -30.37256,27.561822
7447. -30.378364,27.576649
7448. -30.288328,27.738762
7449. -30.280842,27.728291
7450. -30.365636,27.725544
7451. -30.34138,27.717605
7452. -30.285734,27.819443
7453. -30.295295,27.813563
7454. -30.329601,27.74507
7455. -30.253572,27.882679
7456. -30.375615,27.70503
7457. -30.277803,27.742753
7458. -30.355731,27.726831
7459. -30.284697,27.808199
7460. -30.27369,27.874117
7461. -30.294035,27.764511
7462. -30.290089,27.8403
7463. -30.339343,27.740865
7464. -28.767612,28.252308
7465. -28.712467,28.24894
7466. -28.694738,28.233876
7467. -29.159338,28.477378
7468. -28.989204,28.185554
7469. -29.069936,28.424978
7470. -29.062641,28.402491
7471. -29.138199,28.494158
7472. -29.116981,28.443904
7473. -29.102433,28.425193
7474. -29.072543,28.379359
7475. -29.040422,28.242545
7476. -29.044615,28.318377
7477. -29.164622,28.479481
7478. -29.108686,28.491347
7479. -28.940167,28.168173
7480. -29.012212,28.217268
7481. -28.936073,28.153453
7482. -29.035929,28.294773
7483. -29.000803,28.209286
7484. -29.032843,28.267243
7485. -29.307334,29.026651
7486. -29.333971,29.032981
7487. -29.519826,29.186211
7488. -29.469063,29.160547
7489. -29.527967,29.210844
7490. -29.402946,29.088879
7491. -29.373144,29.076347
7492. -29.417825,29.113855
7493. -29.51598,28.590074
7494. -29.4407,28.625951
7495. -29.502758,28.598442
7496. -29.180248,28.477592
7497. -29.342155,28.519778
7498. -29.465737,28.603163
7499. -29.369179,28.486261
7500. -29.457423,28.587885
7501. -29.482288,28.574023
7502. -29.369516,28.602819
7503. -29.481261,28.597112
7504. -29.229115,28.54085
7505. -29.294633,28.537588
7506. -29.391617,28.575525
7507. -29.312653,28.541365
7508. -29.374771,28.542781
7509. -29.459011,28.607111
7510. -29.383353,28.486733
7511. -29.421526,28.617926
7512. -29.226062,28.553338
7513. -29.251302,28.55042
7514. -29.374565,28.5251
7515. -29.318752,28.506775
7516. -29.408699,28.598796
7517. -29.373593,28.497806
7518. -29.353994,28.503556
7519. -29.270845,28.550549
7520. -29.548801,29.21947
7521. -29.584449,29.285259
7522. -29.576154,28.734055
7523. -30.051776,28.284066
7524. -30.023327,28.231044
7525. -29.955325,28.149462
7526. -30.012291,28.178
7527. -29.989155,28.143926
7528. -29.967446,28.167186
7529. -29.987297,28.159847
7530. -30.025464,28.176799
7531. -29.908799,28.132854
7532. -29.974063,28.156972
7533. -29.897861,28.134656
7534. -30.038356,28.263359
7535. -29.948297,28.157873
7536. -29.920311,28.150578
7537. -30.042443,28.236666
7538. -30.070821,28.620415
7539. -30.12901,28.684659
7540. -30.115591,28.68247
7541. -28.972742,27.764597
7542. -28.90822,27.93231
7543. -28.871322,28.049555
7544. -28.898734,28.11573
7545. -28.8844,28.105388
7546. -28.869349,28.073673
7547. -28.915748,28.113461
7548. -28.945012,27.734556
7549. -28.88958,27.909404
7550. -28.893399,27.922611
7551. -28.886123,27.89389
7552. -28.88393,27.890167
7553. -29.316423,27.493694
7554. -29.317195,27.49216
7555. -29.304336,27.466936
7556. -29.325258,27.500721
7557. -29.312639,27.47744
7558. -29.31356,27.480669
7559. -29.29788,27.454479
7560. -29.313092,27.491291
7561. -29.298904,27.4801
7562. -29.310206,27.487407
7563. -29.29923,27.469532
7564. -29.347233,27.456272
7565. -29.318462,27.474339
7566. -29.332348,27.477091
7567. -29.338666,27.470992
7568. -29.404404,27.561522
7569. -29.391131,27.551908
7570. -29.424236,27.673616
7571. -29.435711,27.686491
7572. -29.451475,27.720491
7573. -29.520162,27.773094
7574. -29.448025,27.715631
7575. -29.393197,27.505002
7576. -29.397646,27.528906
7577. -29.364719,27.469425
7578. -29.380296,27.502255
7579. -29.3755,27.47745
7580. -29.596875,27.759662
7581. -29.559254,27.752624
7582. -29.636572,27.768717
7583. -29.81933,28.033333
7584. -29.772312,28.020802
7585. -29.556305,27.770648
7586. -29.60404,27.752495
7587. -29.658241,27.907419
7588. -29.65619,27.811031
7589. -29.744501,27.945399
7590. -29.686431,27.948318
7591. -29.647351,27.761679
7592. -29.575025,27.741213
7593. -29.669951,27.798929
7594. -29.8407,28.053203
7595. -29.822495,27.238884
7596. -29.771027,27.185884
7597. -29.756014,27.108979
7598. -29.749903,27.151337
7599. -30.158134,27.438312
7600. -29.883853,28.080797
7601. -29.918675,27.249098
7602. -29.947665,27.199574
7603. -29.943426,27.214766
7604. -30.164108,27.399688
7605. -30.388554,27.622418
7606. -30.398438,27.690825
7607. -30.395634,27.615402
7608. -30.431931,27.567272
7609. -30.422754,27.594867
7610. -30.395208,27.626152
7611. 35.187602,-3.941141
7612. 35.196572,-3.894739
7613. 35.193433,-3.915521
7614. 35.856501,-5.534663
7615. 35.597926,-5.338411
7616. 34.947249,-2.104096
7617. 35.05056,-2.218723
7618. 34.693709,-2.025862
7619. 34.682783,-1.946109
7620. 34.989807,-3.082287
7621. 35.067145,-2.93005
7622. 35.045703,-2.960762
7623. 35.126591,-2.923275
7624. 35.144398,-3.986943
7625. 34.889979,-3.729386
7626. 35.118614,-4.319671
7627. 34.947847,-4.338913
7628. 34.967333,-4.332647
7629. 34.948507,-4.300278
7630. 35.110729,-5.287106
7631. 34.241927,-3.321476
7632. 34.231018,-3.341061
7633. 34.238916,-3.307099
7634. 34.408149,-2.953005
7635. 34.413433,-2.893857
7636. 34.416,-2.915593
7637. 34.229833,-3.995478
7638. 34.231403,-4.008057
7639. 34.144509,-5.520812
7640. 34.148217,-5.46469
7641. 34.167564,-5.531166
7642. 34.050486,-4.918348
7643. 33.945994,-5.072422
7644. 34.048897,-5.04063
7645. 34.033261,-5.10066
7646. 34.034106,-4.997427
7647. 34.043014,-5.063163
7648. 34.054211,-4.975455
7649. 34.062721,-4.959415
7650. 34.04793,-4.994112
7651. 34.053664,-4.97288
7652. 33.974008,-5.577643
7653. 33.844669,-5.523146
7654. 35.674903,-5.932832
7655. 35.681597,-5.921309
7656. 34.95898,-5.915666
7657. 34.68805,-6.004484
7658. 34.687331,-6.004742
7659. 34.225997,-5.712891
7660. 34.224622,-5.710375
7661. 34.291474,-6.502233
7662. 34.296491,-6.494186
7663. 34.015157,-6.549547
7664. 33.966685,-6.887988
7665. 34.02677,-6.711016
7666. 34.024894,-6.820847
7667. 34.03471,-6.817408
7668. 33.876063,-7.010265
7669. 33.800351,-7.159674
7670. 33.789839,-7.158762
7671. 33.070596,-2.003181
7672. 33.438617,-5.212795
7673. 33.435641,-5.205814
7674. 33.238077,-4.671979
7675. 33.328762,-4.697138
7676. 33.199891,-4.660193
7677. 33.247373,-4.683952
7678. 33.03405,-4.077065
7679. 32.839537,-5.613955
7680. 32.823303,-5.61907
7681. 32.875983,-4.945521
7682. 32.886282,-4.968535
7683. 32.821254,-4.960134
7684. 32.6681,-4.627894
7685. 31.918674,-4.447671
7686. 31.94182,-4.409809
7687. 31.88521,-4.316908
7688. 31.525821,-5.530002
7689. 31.287961,-4.290526
7690. 33.29883,-6.537037
7691. 33.650405,-7.417274
7692. 33.631719,-7.452013
7693. 33.635167,-7.450351
7694. 33.499463,-7.684937
7695. 33.500322,-7.628374
7696. 33.29427,-7.54971
7697. 33.317655,-7.602324
7698. 33.271336,-7.585695
7699. 33.261657,-7.581275
7700. 33.265263,-7.582884
7701. 33.081321,-7.237866
7702. 33.235528,-8.406171
7703. 32.894998,-5.638588
7704. 32.904456,-5.671426
7705. 32.757072,-5.674739
7706. 32.933294,-5.66842
7707. 32.863349,-6.571326
7708. 32.861869,-6.564723
7709. 32.579872,-6.19719
7710. 32.604165,-6.110523
7711. 32.583054,-6.266284
7712. 32.598864,-6.06478
7713. 32.581607,-6.259632
7714. 32.402936,-6.333447
7715. 33.005852,-7.619367
7716. 32.656259,-8.428155
7717. 32.639885,-8.417233
7718. 32.652569,-8.425704
7719. 33.246153,-8.450718
7720. 32.825735,-8.511636
7721. 32.216958,-6.780839
7722. 32.260935,-6.547186
7723. 31.76966,-7.012936
7724. 31.834654,-6.990652
7725. 31.862998,-6.962049
7726. 31.862834,-6.942887
7727. 31.835092,-7.015564
7728. 31.733603,-7.004004
7729. 32.150945,-7.06937
7730. 32.149146,-7.276125
7731. 32.140966,-7.04134
7732. 31.826578,-7.032902
7733. 31.788886,-7.040074
7734. 31.877558,-8.02165
7735. 31.769941,-7.981133
7736. 31.953519,-8.20845
7737. 31.654194,-8.01907
7738. 31.64781,-7.929651
7739. 31.644645,-7.98749
7740. 30.940476,-6.985588
7741. 30.977903,-6.782684
7742. 31.637909,-8.017884
7743. 31.635808,-8.000445
7744. 30.968263,-7.077599
7745. 30.976358,-7.065582
7746. 30.948316,-7.034855
7747. 30.989585,-7.137895
7748. 30.974803,-7.104474
7749. 32.28162,-9.114058
7750. 32.253676,-8.982611
7751. 32.080647,-8.622293
7752. 31.547893,-8.758142
7753. 31.532897,-9.547806
7754. 31.532,-9.597427
7755. 30.920303,-6.916323
7756. 30.925006,-6.933424
7757. 30.919898,-6.910357
7758. 30.318097,-5.828346
7759. 30.323221,-5.840491
7760. 29.706189,-7.976203
7761. 30.703136,-8.444066
7762. 30.624853,-8.494288
7763. 30.640441,-8.475201
7764. 30.556496,-8.605728
7765. 30.549493,-8.646626
7766. 30.550269,-8.69113
7767. 30.504134,-8.799706
7768. 30.559249,-8.623817
7769. 30.578094,-8.549552
7770. 30.427047,-9.618123
7771. 30.354731,-9.483894
7772. 30.384241,-9.506435
7773. 30.389295,-9.51298
7774. 30.3626,-9.533569
7775. 28.98683,-10.058327
7776. 28.609146,-9.424043
7777. 28.466371,-11.160049
7778. 35.880097,-5.495567
7779. 35.879888,-5.46793
7780. 35.866195,-5.356259
7781. 35.886695,-5.465248
7782. 35.873777,-5.405799
7783. 35.898472,-5.477779
7784. 35.879106,-5.508378
7785. 35.190776,-3.828658
7786. 35.21989,-3.765779
7787. 35.271373,-3.751439
7788. 35.28595,-3.697844
7789. 35.245654,-3.641582
7790. 35.245689,-3.626872
7791. 35.212641,-3.559957
7792. 35.200324,-3.449407
7793. 35.191977,-3.448763
7794. 35.181525,-3.348556
7795. 35.209971,-3.277788
7796. 35.223956,-3.21187
7797. 35.165029,-3.149589
7798. 35.169108,-3.0601
7799. 35.210182,-3.162413
7800. 35.193766,-3.495455
7801. 35.253364,-2.940559
7802. 35.211072,-2.914585
7803. 35.265314,-2.932137
7804. 35.240651,-2.933747
7805. 35.179228,-2.928157
7806. 35.174229,-2.934294
7807. 35.195274,-2.931161
7808. 35.777436,-5.613585
7809. 35.801525,-5.574532
7810. 35.831766,-5.559039
7811. 35.66155,-5.345964
7812. 35.789899,-5.377979
7813. 35.69404,-5.349741
7814. 35.828531,-5.362744
7815. 35.747905,-5.354376
7816. 35.650588,-5.329067
7817. 35.563774,-5.602915
7818. 35.560475,-5.570401
7819. 35.546046,-5.558111
7820. 35.563372,-5.489216
7821. 35.509208,-5.440378
7822. 35.565375,-5.412601
7823. 35.557996,-5.454165
7824. 35.54719,-5.23932
7825. 35.549302,-5.226424
7826. 35.526289,-5.230243
7827. 35.537091,-5.208442
7828. 35.527339,-5.197019
7829. 35.531528,-5.177908
7830. 35.519897,-5.177929
7831. 35.521189,-5.16778
7832. 35.819066,-5.62191
7833. 35.810992,-5.612125
7834. 35.829227,-5.60895
7835. 35.856605,-5.355985
7836. 35.580965,-5.289102
7837. 35.560632,-5.247173
7838. 35.84073,-5.557435
7839. 35.649215,-5.320923
7840. 35.583513,-5.331802
7841. 35.564769,-5.353893
7842. 35.682111,-5.320945
7843. 35.62521,-5.327296
7844. 35.666118,-5.318069
7845. 35.8537,-5.436044
7846. 35.84196,-5.561185
7847. 35.526429,-5.174904
7848. 35.836803,-5.355363
7849. 35.694093,-5.329099
7850. 35.74841,-5.346694
7851. 35.857892,-5.347295
7852. 35.30243,-4.906289
7853. 35.301537,-4.891191
7854. 35.28672,-4.892735
7855. 35.29933,-4.880977
7856. 35.2741,-4.841462
7857. 35.267355,-4.842251
7858. 35.249702,-4.799223
7859. 35.213719,-4.745407
7860. 35.219364,-4.736352
7861. 35.204076,-4.690583
7862. 35.158653,-4.62224
7863. 35.241586,-4.794744
7864. 35.207348,-4.666606
7865. 35.192845,-4.687219
7866. 35.273903,-5.348105
7867. 35.17037,-5.314937
7868. 35.47175,-5.402784
7869. 35.390347,-5.372856
7870. 35.425279,-5.392646
7871. 35.338444,-5.363302
7872. 35.229524,-5.322592
7873. 35.194358,-5.310178
7874. 35.483912,-5.137095
7875. 35.414708,-5.105467
7876. 35.420461,-5.075684
7877. 35.391639,-5.027876
7878. 35.393808,-5.012941
7879. 35.32675,-4.94565
7880. 35.307648,-4.976721
7881. 35.428723,-5.118309
7882. 35.473672,-5.110874
7883. 35.435262,-5.110059
7884. 35.345025,-4.964018
7885. 34.914229,-2.029467
7886. 34.84461,-2.004704
7887. 34.958936,-2.10753
7888. 34.879524,-2.007408
7889. 34.840154,-1.980972
7890. 34.901947,-2.663648
7891. 34.90797,-2.643371
7892. 34.86206,-2.470894
7893. 34.895822,-2.37206
7894. 34.928876,-2.177916
7895. 34.881777,-2.539033
7896. 34.927918,-2.329938
7897. 34.930662,-2.234237
7898. 34.939726,-2.740571
7899. 34.879823,-2.424524
7900. 34.92337,-2.336236
7901. 35.069907,-2.660751
7902. 35.065811,-2.569838
7903. 35.077149,-2.527467
7904. 35.072331,-2.505827
7905. 35.09837,-2.458684
7906. 35.135659,-2.412636
7907. 35.104304,-2.737484
7908. 35.08968,-2.30258
7909. 35.081524,-2.271059
7910. 35.105182,-2.350945
7911. 35.132553,-2.42462
7912. 35.064094,-2.22647
7913. 35.080549,-2.215864
7914. 35.030611,-2.204261
7915. 35.018768,-2.201707
7916. 35.067325,-2.216363
7917. 34.787532,-1.840339
7918. 34.695773,-1.902781
7919. 34.675597,-1.925381
7920. 34.676294,-1.927977
7921. 34.66916,-2.082472
7922. 34.73191,-1.873287
7923. 34.457314,-2.042969
7924. 34.706552,-1.928959
7925. 34.547685,-2.054545
7926. 34.517802,-2.057877
7927. 34.789673,-1.950996
7928. 34.655221,-1.95709
7929. 34.73746,-1.929259
7930. 34.56533,-2.038844
7931. 34.495381,-2.046976
7932. 34.626145,-2.275457
7933. 34.604742,-2.761945
7934. 34.66004,-2.126284
7935. 34.614632,-2.418795
7936. 34.625439,-2.534409
7937. 34.609546,-2.561016
7938. 34.639634,-2.306871
7939. 34.593721,-2.697744
7940. 34.659969,-2.189283
7941. 34.613431,-2.481279
7942. 34.593655,-2.572646
7943. 34.585825,-2.387606
7944. 34.597545,-2.359955
7945. 34.600415,-2.26122
7946. 34.631524,-2.202866
7947. 34.615506,-2.223146
7948. 34.573308,-2.72947
7949. 34.561646,-2.745903
7950. 34.585948,-2.508702
7951. 34.58669,-2.511052
7952. 33.995732,-2.033415
7953. 33.947935,-2.009897
7954. 33.930257,-2.018995
7955. 33.818719,-2.006601
7956. 33.804541,-1.993203
7957. 33.753951,-1.993418
7958. 34.260267,-2.055902
7959. 34.221696,-2.074375
7960. 34.053726,-2.048221
7961. 34.429249,-2.026505
7962. 34.108154,-2.044463
7963. 34.00782,-2.023491
7964. 34.333005,-2.055229
7965. 34.972696,-3.428764
7966. 34.979386,-3.326288
7967. 34.969883,-3.161874
7968. 35.002441,-2.830696
7969. 34.963482,-2.82214
7970. 35.001755,-3.035467
7971. 35.012248,-3.00239
7972. 34.9843,-3.478589
7973. 34.97667,-3.173085
7974. 35.035149,-2.875054
7975. 34.975228,-3.386321
7976. 34.968995,-3.372931
7977. 34.886934,-3.109002
7978. 34.874964,-3.150802
7979. 35.13823,-3.00283
7980. 35.127315,-2.945065
7981. 35.086958,-2.838142
7982. 35.145626,-2.976801
7983. 35.143599,-3.014245
7984. 35.149275,-3.018923
7985. 35.154223,-3.023622
7986. 34.925349,-2.873998
7987. 34.861989,-2.88065
7988. 35.08241,-2.934079
7989. 34.887792,-2.867397
7990. 34.833435,-2.879872
7991. 35.152083,-2.928532
7992. 35.00756,-4.179431
7993. 35.03073,-4.165597
7994. 35.01991,-4.129035
7995. 35.039128,-4.096948
7996. 35.058162,-4.082606
7997. 35.069986,-4.05348
7998. 35.06931,-4.031403
7999. 35.084517,-3.826504
8000. 34.926233,-3.806355
8001. 34.912622,-3.813463
8002. 34.914605,-3.797091
8003. 34.902035,-3.790763
8004. 34.889522,-3.761272
8005. 34.893658,-3.672652
8006. 34.906773,-3.663211
8007. 34.903594,-3.581457
8008. 35.101794,-3.840789
8009. 34.965599,-3.814085
8010. 35.022454,-4.142286
8011. 34.945842,-3.532974
8012. 35.153122,-3.843783
8013. 35.052062,-4.06131
8014. 35.112993,-4.215403
8015. 35.10376,-4.201498
8016. 35.140213,-4.134614
8017. 35.134308,-4.033777
8018. 35.137311,-4.070649
8019. 34.829129,-3.719559
8020. 34.553649,-2.848721
8021. 34.544601,-2.905111
8022. 34.468566,-3.024158
8023. 34.474156,-2.991371
8024. 34.524449,-2.931633
8025. 34.487033,-2.885284
8026. 34.532334,-2.821555
8027. 34.455527,-2.89136
8028. 34.526854,-3.346968
8029. 34.487351,-3.340681
8030. 34.462763,-3.352332
8031. 34.775134,-3.204843
8032. 34.685469,-3.275685
8033. 34.679664,-3.323278
8034. 34.660772,-3.360325
8035. 34.645354,-3.369198
8036. 34.644754,-3.387737
8037. 34.618058,-3.415053
8038. 34.563722,-3.374906
8039. 34.540219,-3.030802
8040. 34.514394,-3.019904
8041. 34.495796,-2.994842
8042. 34.796713,-2.981629
8043. 34.739973,-2.999112
8044. 34.69812,-2.978368
8045. 34.668441,-2.990341
8046. 34.641228,-3.022369
8047. 34.548489,-3.018537
8048. 34.466019,-2.987326
8049. 34.56472,-3.031754
8050. 34.521833,-3.893194
8051. 34.461145,-3.924179
8052. 34.794444,-3.746064
8053. 34.774244,-3.796034
8054. 34.770326,-3.785407
8055. 34.718387,-3.830023
8056. 34.715124,-3.855944
8057. 34.634267,-3.859205
8058. 34.601775,-3.873625
8059. 34.575737,-3.864226
8060. 34.763403,-3.793867
8061. 34.653668,-3.865042
8062. 34.528016,-3.875867
8063. 34.488779,-3.914014
8064. 34.673594,-3.870192
8065. 34.983245,-4.243598
8066. 34.994021,-4.219265
8067. 35.004163,-4.30913
8068. 35.009957,-4.319936
8069. 35.047916,-4.291277
8070. 35.146477,-4.320245
8071. 35.148152,-4.36728
8072. 35.126753,-4.552892
8073. 35.136581,-4.554276
8074. 35.142095,-4.524401
8075. 35.120648,-4.491686
8076. 35.12463,-4.464505
8077. 35.114397,-4.467123
8078. 35.11854,-4.436159
8079. 35.097514,-4.419049
8080. 35.086677,-4.386549
8081. 35.100108,-4.378481
8082. 35.091927,-4.370413
8083. 35.116293,-4.340415
8084. 34.99657,-4.912541
8085. 35.000701,-4.861761
8086. 34.985676,-4.848356
8087. 34.995261,-4.830809
8088. 34.998618,-4.892231
8089. 35.13979,-4.624836
8090. 35.137669,-4.576299
8091. 35.127455,-4.596362
8092. 34.917889,-4.531517
8093. 34.974964,-4.414079
8094. 34.962851,-4.405158
8095. 34.965539,-4.384017
8096. 34.973109,-4.373599
8097. 34.958235,-4.362173
8098. 34.966902,-4.252519
8099. 34.979448,-4.226518
8100. 34.934022,-4.473951
8101. 34.81446,-4.417078
8102. 34.827143,-4.394075
8103. 34.839908,-4.391785
8104. 34.843183,-4.422405
8105. 34.883537,-4.409723
8106. 34.902886,-4.368919
8107. 34.912734,-4.376378
8108. 34.915285,-4.341316
8109. 34.925734,-4.342872
8110. 34.917502,-4.323206
8111. 34.926264,-4.299817
8112. 34.934849,-4.307735
8113. 34.966296,-4.724035
8114. 34.969804,-4.692192
8115. 34.955076,-4.646487
8116. 34.947544,-4.647136
8117. 34.946205,-4.62493
8118. 34.916482,-4.589195
8119. 34.978815,-4.770706
8120. 34.916939,-4.571493
8121. 35.097475,-5.265155
8122. 35.098493,-5.245457
8123. 35.080027,-5.230418
8124. 35.060212,-5.23417
8125. 35.066889,-5.159135
8126. 35.057384,-5.115895
8127. 35.069767,-5.080962
8128. 35.083745,-5.084181
8129. 35.047383,-5.020827
8130. 35.015438,-5.016192
8131. 35.021483,-4.988136
8132. 35.068212,-5.221478
8133. 35.06535,-5.101776
8134. 35.065815,-5.038712
8135. 35.117381,-5.289767
8136. 35.057433,-5.2062
8137. 35.077217,-5.313561
8138. 34.901276,-5.531286
8139. 35.027185,-5.371606
8140. 35.021773,-5.42201
8141. 35.039528,-5.463126
8142. 34.988642,-5.51312
8143. 34.987662,-5.539853
8144. 34.954135,-5.527877
8145. 34.918593,-5.540993
8146. 34.966929,-5.540972
8147. 35.027196,-5.408514
8148. 34.818172,-5.550478
8149. 35.096983,-5.30277
8150. 34.524531,-4.637384
8151. 34.58255,-4.615175
8152. 34.598437,-4.612252
8153. 34.595474,-4.607665
8154. 34.672165,-4.585051
8155. 34.685408,-4.58396
8156. 34.684252,-4.570656
8157. 34.712368,-4.552653
8158. 34.726624,-4.501052
8159. 34.721207,-4.493963
8160. 34.73511,-4.49895
8161. 34.73396,-4.507999
8162. 34.763346,-4.495648
8163. 34.776024,-4.495897
8164. 34.775433,-4.469518
8165. 34.790845,-4.465084
8166. 34.789805,-4.438798
8167. 34.688963,-4.57514
8168. 34.548135,-4.639835
8169. 34.705101,-4.531329
8170. 34.485423,-4.676228
8171. 34.665072,-4.609049
8172. 34.575878,-4.606206
8173. 34.706494,-5.553889
8174. 34.695976,-5.574403
8175. 34.60234,-5.537796
8176. 34.524078,-5.505159
8177. 34.48992,-5.514016
8178. 34.741789,-5.539899
8179. 34.632272,-5.532711
8180. 34.601122,-5.553524
8181. 34.782673,-5.545338
8182. 34.407476,-3.172131
8183. 34.310263,-3.429966
8184. 34.318061,-3.370485
8185. 34.419089,-3.114796
8186. 34.350026,-3.313322
8187. 34.208919,-3.435652
8188. 34.247109,-3.265721
8189. 34.296863,-3.146038
8190. 34.301352,-3.112803
8191. 34.38244,-3.018708
8192. 34.405998,-2.981329
8193. 34.226201,-3.351635
8194. 34.423171,-2.882184
8195. 34.335215,-3.059564
8196. 34.316218,-3.276114
8197. 34.207756,-3.261137
8198. 34.247222,-3.336947
8199. 34.351267,-3.303709
8200. 34.435956,-3.345852
8201. 34.174761,-3.232856
8202. 34.273904,-2.883648
8203. 34.405732,-2.893964
8204. 34.20332,-2.921376
8205. 34.391949,-2.901099
8206. 34.229403,-4.191113
8207. 34.220107,-4.108715
8208. 34.251399,-3.903408
8209. 34.329403,-3.530044
8210. 34.271403,-3.805046
8211. 34.30523,-3.623943
8212. 34.302961,-3.768396
8213. 34.260621,-3.955679
8214. 34.229829,-4.079533
8215. 34.308562,-3.721275
8216. 34.202503,-4.207399
8217. 34.192795,-4.200747
8218. 34.197516,-4.156952
8219. 34.208856,-4.12734
8220. 34.223047,-3.97446
8221. 34.245227,-3.871415
8222. 34.23618,-3.691256
8223. 34.228037,-4.074828
8224. 34.21166,-4.139743
8225. 34.227735,-3.942332
8226. 34.206266,-3.530731
8227. 34.25958,-3.732744
8228. 34.441778,-3.905039
8229. 34.364623,-3.903666
8230. 34.298068,-3.970163
8231. 34.182589,-4.021339
8232. 34.15476,-4.004278
8233. 34.271204,-3.956532
8234. 34.122037,-4.038506
8235. 34.35783,-3.915274
8236. 34.212239,-4.013003
8237. 34.046232,-3.234326
8238. 33.850933,-3.43463
8239. 33.89769,-3.395931
8240. 33.989955,-3.284461
8241. 33.977625,-3.029426
8242. 33.984104,-3.014519
8243. 33.960229,-3.049103
8244. 33.912202,-3.057461
8245. 33.844899,-3.028278
8246. 33.766804,-3.043427
8247. 33.986801,-3.039222
8248. 34.076052,-2.97442
8249. 33.889284,-4.033924
8250. 34.091696,-4.034799
8251. 34.005327,-4.084025
8252. 33.960483,-4.060028
8253. 33.93275,-4.040544
8254. 33.921355,-4.052753
8255. 33.907252,-4.028764
8256. 33.893467,-4.038033
8257. 33.885119,-4.0258
8258. 33.882868,-4.039793
8259. 33.886511,-4.030867
8260. 33.867369,-4.028871
8261. 33.856393,-4.04269
8262. 33.849408,-4.035459
8263. 33.848178,-4.047389
8264. 33.832619,-4.046359
8265. 33.810538,-4.068021
8266. 33.792933,-4.057576
8267. 33.778024,-4.076378
8268. 33.756676,-4.063354
8269. 34.023543,-4.081995
8270. 34.001763,-4.10297
8271. 33.979738,-4.058075
8272. 33.910257,-4.041483
8273. 34.137987,-4.394488
8274. 34.185607,-4.304667
8275. 34.163381,-4.316254
8276. 34.203071,-4.267759
8277. 34.103436,-4.552567
8278. 34.138129,-4.403372
8279. 34.156423,-4.332612
8280. 34.167819,-4.332991
8281. 34.103508,-4.569197
8282. 34.134089,-4.491622
8283. 34.191815,-4.271311
8284. 34.130727,-4.410925
8285. 34.134388,-4.502968
8286. 34.170766,-4.320738
8287. 34.122805,-4.860656
8288. 34.162599,-4.835916
8289. 34.177699,-4.802039
8290. 34.199185,-4.796691
8291. 34.213399,-4.809673
8292. 34.22361,-4.784452
8293. 34.23816,-4.783213
8294. 34.39754,-4.680393
8295. 34.449635,-4.710002
8296. 34.111751,-4.886684
8297. 34.151519,-4.832439
8298. 34.450856,-4.696591
8299. 34.275925,-4.714572
8300. 34.441212,-4.711525
8301. 34.405033,-4.694531
8302. 34.253173,-4.763002
8303. 34.297306,-4.695454
8304. 34.184671,-5.549625
8305. 34.18527,-5.581806
8306. 34.123565,-5.431902
8307. 34.327631,-5.492392
8308. 34.295494,-5.46396
8309. 34.197361,-5.488441
8310. 34.138591,-5.548697
8311. 34.450365,-5.50643
8312. 34.368635,-5.497659
8313. 34.34026,-5.486485
8314. 34.109588,-5.546698
8315. 34.263893,-5.461793
8316. 33.970983,-4.835358
8317. 34.002867,-4.816733
8318. 34.024352,-4.616403
8319. 34.046543,-4.531088
8320. 34.068374,-4.518213
8321. 33.99696,-4.67906
8322. 33.992121,-4.733906
8323. 33.930756,-4.918184
8324. 34.002724,-4.699831
8325. 34.093184,-4.47135
8326. 33.908877,-4.874641
8327. 33.79625,-4.82023
8328. 33.936266,-4.913388
8329. 33.891904,-4.867335
8330. 33.846886,-4.846387
8331. 33.826046,-4.838571
8332. 34.012934,-4.724936
8333. 33.982567,-4.686334
8334. 34.003826,-4.62091
8335. 34.097182,-4.603465
8336. 34.026446,-4.808584
8337. 33.995795,-4.704198
8338. 33.98093,-4.643333
8339. 34.074115,-4.599602
8340. 34.029891,-4.781746
8341. 34.076377,-4.919104
8342. 33.926981,-5.169668
8343. 33.955161,-5.035949
8344. 34.019337,-4.986688
8345. 34.040987,-5.014637
8346. 34.03712,-5.002985
8347. 34.002706,-4.973953
8348. 34.042961,-5.157866
8349. 34.051662,-5.231686
8350. 34.040036,-5.034506
8351. 34.003898,-5.179689
8352. 34.022609,-5.129467
8353. 33.979044,-5.243837
8354. 34.058239,-5.004549
8355. 34.000598,-4.989928
8356. 34.015317,-4.99658
8357. 33.947116,-4.992085
8358. 33.988331,-4.997009
8359. 34.053393,-5.276871
8360. 34.080247,-5.377979
8361. 34.039245,-5.336083
8362. 34.030176,-5.326213
8363. 34.016277,-5.311332
8364. 34.096311,-5.370276
8365. 34.047966,-5.319464
8366. 33.939112,-5.31112
8367. 34.006477,-5.556357
8368. 33.981684,-5.562864
8369. 34.074435,-5.543954
8370. 34.059059,-5.533097
8371. 34.042134,-5.56891
8372. 34.021906,-5.576822
8373. 34.008754,-5.616653
8374. 33.903904,-5.191469
8375. 33.909033,-5.027275
8376. 33.898062,-4.992171
8377. 33.884218,-5.248276
8378. 33.924061,-5.008864
8379. 33.895604,-4.984789
8380. 33.910707,-4.987128
8381. 33.811495,-4.983802
8382. 33.850958,-5.62294
8383. 33.833849,-5.578995
8384. 33.836201,-5.463295
8385. 33.850388,-5.438232
8386. 33.852098,-5.354805
8387. 33.87234,-5.315151
8388. 33.873266,-5.275068
8389. 33.830498,-5.514021
8390. 33.844542,-5.604572
8391. 33.856132,-5.579123
8392. 33.864197,-5.602802
8393. 33.847216,-5.481008
8394. 33.874362,-5.622436
8395. 33.894295,-5.455002
8396. 33.920358,-5.387195
8397. 33.833786,-5.517358
8398. 33.898098,-5.553203
8399. 33.867707,-5.538139
8400. 33.760494,-5.485697
8401. 33.894464,-5.549877
8402. 33.877212,-5.532925
8403. 35.52594,-5.991669
8404. 35.582082,-5.956821
8405. 35.64544,-5.959396
8406. 35.675845,-5.910087
8407. 35.652588,-5.853567
8408. 35.678843,-5.80224
8409. 35.668593,-5.754261
8410. 35.680516,-5.737782
8411. 35.688115,-5.680275
8412. 35.683514,-5.709457
8413. 35.666414,-5.82211
8414. 35.733241,-5.625172
8415. 35.653121,-5.969846
8416. 35.522261,-5.996663
8417. 35.681867,-5.923889
8418. 35.758765,-5.828837
8419. 35.728455,-5.882905
8420. 35.764505,-5.813103
8421. 35.747644,-5.841304
8422. 35.769854,-5.803485
8423. 35.706255,-5.909255
8424. 35.73335,-5.867708
8425. 35.724712,-5.894626
8426. 35.727101,-5.743865
8427. 35.686895,-5.722761
8428. 35.67744,-5.704823
8429. 35.756878,-5.792032
8430. 35.751449,-5.788722
8431. 35.584329,-5.640227
8432. 35.728368,-5.756742
8433. 35.750692,-5.78817
8434. 35.828948,-5.70405
8435. 35.788681,-5.754476
8436. 35.810783,-5.738897
8437. 35.819205,-5.71141
8438. 35.77223,-5.791276
8439. 35.768997,-5.761074
8440. 35.173808,-6.117325
8441. 35.1985,-6.071148
8442. 35.220801,-6.061535
8443. 35.258236,-6.073208
8444. 35.282482,-6.06205
8445. 35.29243,-6.032524
8446. 35.483038,-5.992183
8447. 35.447701,-6.02304
8448. 35.326435,-6.012483
8449. 35.39958,-6.019735
8450. 35.306755,-5.982764
8451. 35.209353,-5.970984
8452. 35.159635,-5.974674
8453. 35.449999,-6.034702
8454. 35.461548,-6.031076
8455. 35.473917,-6.026473
8456. 35.228891,-5.981423
8457. 35.438942,-6.040056
8458. 35.332606,-6.006539
8459. 35.189755,-6.148589
8460. 34.813521,-6.245213
8461. 34.918593,-6.204357
8462. 34.986972,-6.199379
8463. 35.035478,-6.183929
8464. 35.095754,-6.147022
8465. 35.140616,-6.145778
8466. 34.860264,-6.221952
8467. 35.0541,-5.909872
8468. 34.885491,-5.923948
8469. 34.829728,-5.965919
8470. 35.127859,-5.969439
8471. 35.063866,-5.929527
8472. 34.999734,-5.903714
8473. 34.990945,-5.958836
8474. 35.063892,-6.085374
8475. 35.122054,-6.139555
8476. 35.139314,-6.141572
8477. 35.04796,-6.05896
8478. 35.017547,-5.974819
8479. 34.844187,-6.160482
8480. 34.859841,-6.226823
8481. 34.875537,-6.296287
8482. 34.886125,-6.258645
8483. 34.845032,-6.216336
8484. 34.820264,-6.121756
8485. 34.794352,-6.295853
8486. 34.553676,-6.263355
8487. 34.535913,-6.276176
8488. 34.605939,-6.162938
8489. 34.521409,-6.323876
8490. 34.767176,-5.976782
8491. 34.618129,-5.975683
8492. 34.652591,-5.976026
8493. 34.698984,-6.030142
8494. 34.699694,-6.062688
8495. 34.733589,-6.106682
8496. 34.771741,-6.080718
8497. 34.769784,-6.092842
8498. 34.675782,-6.003878
8499. 34.577027,-5.954976
8500. 34.555045,-5.961843
8501. 34.594039,-5.960791
8502. 34.466372,-5.919185
8503. 34.564818,-5.964825
8504. 34.666535,-6.389923
8505. 34.736816,-6.360226
8506. 34.506539,-6.478672
8507. 34.627876,-6.419277
8508. 34.456394,-6.410898
8509. 34.266137,-6.132946
8510. 34.229616,-5.628347
8511. 34.2751,-6.182556
8512. 34.264026,-5.938969
8513. 34.274631,-6.079946
8514. 34.254804,-5.80224
8515. 34.219964,-5.702033
8516. 34.246912,-5.674256
8517. 34.238912,-5.736376
8518. 34.235743,-5.654743
8519. 34.23879,-5.771092
8520. 34.259557,-5.929098
8521. 34.308969,-6.304243
8522. 34.310148,-6.308081
8523. 34.259207,-5.871575
8524. 34.190222,-5.712848
8525. 34.347192,-5.791233
8526. 34.327017,-5.77854
8527. 34.215599,-5.710852
8528. 34.241839,-5.718985
8529. 34.126971,-5.716614
8530. 34.18085,-5.701518
8531. 34.103774,-5.700359
8532. 34.395614,-5.839577
8533. 34.118342,-6.688099
8534. 34.161782,-6.673722
8535. 34.226706,-6.599178
8536. 34.336208,-6.509056
8537. 34.412185,-6.524119
8538. 34.226138,-6.529141
8539. 34.230077,-6.570725
8540. 34.393879,-6.440048
8541. 34.34779,-6.432903
8542. 34.331795,-6.467214
8543. 34.130281,-6.733257
8544. 34.412079,-6.428139
8545. 34.203382,-6.676254
8546. 34.261912,-6.578622
8547. 34.248561,-6.615003
8548. 34.29392,-6.423311
8549. 33.855662,-6.304779
8550. 33.842689,-6.243496
8551. 33.825721,-6.222639
8552. 33.818376,-6.106768
8553. 33.803257,-6.033297
8554. 33.779361,-5.956221
8555. 33.786709,-5.899315
8556. 33.812315,-5.860949
8557. 33.829999,-5.853138
8558. 33.859796,-5.789108
8559. 33.872696,-5.781898
8560. 33.894785,-5.682163
8561. 33.885024,-5.65753
8562. 33.877364,-6.32585
8563. 33.800083,-6.084538
8564. 33.882948,-6.296722
8565. 33.833514,-5.99485
8566. 33.866238,-5.982034
8567. 33.860387,-5.863357
8568. 33.88554,-5.641254
8569. 33.893111,-6.312603
8570. 33.836814,-6.200168
8571. 33.88391,-5.92854
8572. 33.894829,-5.801382
8573. 33.822031,-6.029831
8574. 33.825903,-6.071274
8575. 33.89303,-6.306796
8576. 33.883456,-6.278086
8577. 33.911419,-5.650835
8578. 33.905898,-5.648561
8579. 34.086165,-5.688429
8580. 34.074773,-5.652353
8581. 33.983794,-6.531544
8582. 33.967566,-6.496696
8583. 34.005659,-6.543453
8584. 33.93834,-6.459489
8585. 34.01055,-6.530106
8586. 34.013072,-6.540154
8587. 34.022822,-6.60141
8588. 33.932821,-6.936922
8589. 33.949982,-6.917739
8590. 34.06489,-6.71093
8591. 34.000304,-6.719298
8592. 34.096418,-6.685309
8593. 33.97786,-6.736899
8594. 33.981646,-6.734182
8595. 33.97254,-6.880295
8596. 33.991276,-6.865972
8597. 34.021184,-6.84062
8598. 34.040512,-6.816013
8599. 34.008558,-6.854246
8600. 33.941108,-6.902118
8601. 34.068758,-6.791458
8602. 33.946524,-6.897408
8603. 34.032176,-6.690652
8604. 34.031003,-6.754167
8605. 34.034977,-6.805794
8606. 34.029189,-6.737108
8607. 34.03459,-6.787882
8608. 34.028976,-6.734641
8609. 34.033101,-6.775689
8610. 34.000393,-6.827445
8611. 33.934904,-6.820643
8612. 33.98214,-6.829247
8613. 33.993633,-6.827252
8614. 34.017185,-6.823561
8615. 34.005694,-6.826565
8616. 33.959433,-6.82605
8617. 34.019639,-6.818969
8618. 33.923136,-6.452493
8619. 33.922227,-6.4417
8620. 33.900676,-6.370305
8621. 33.77451,-6.677864
8622. 33.753077,-6.655843
8623. 33.892541,-6.993828
8624. 33.908774,-6.776912
8625. 33.838269,-6.877828
8626. 33.875333,-6.797361
8627. 33.861721,-6.967134
8628. 33.84685,-6.837047
8629. 33.846253,-6.899114
8630. 33.925753,-6.917299
8631. 33.879083,-6.98355
8632. 33.888858,-6.967049
8633. 33.915239,-6.927835
8634. 33.914713,-6.81736
8635. 33.754179,-6.735139
8636. 33.844863,-6.846328
8637. 33.898302,-6.829247
8638. 33.863182,-6.854975
8639. 33.782215,-6.786911
8640. 33.808143,-6.791074
8641. 33.765306,-6.733096
8642. 33.761863,-6.772556
8643. 33.850851,-7.070904
8644. 33.783178,-7.224412
8645. 33.855484,-7.046399
8646. 33.76841,-7.200165
8647. 33.811434,-7.115597
8648. 33.849813,-7.04075
8649. 33.808517,-7.159524
8650. 32.496117,-1.871592
8651. 32.475161,-1.705145
8652. 32.445356,-1.672851
8653. 32.42788,-1.682732
8654. 32.53151,-1.959279
8655. 32.457542,-1.682217
8656. 33.655352,-1.962948
8657. 33.511558,-1.936812
8658. 33.27335,-1.980951
8659. 33.226483,-2.016549
8660. 33.184327,-2.019467
8661. 33.142115,-1.979942
8662. 33.109373,-1.970844
8663. 32.989441,-2.027342
8664. 32.824337,-2.067865
8665. 32.749168,-2.072119
8666. 32.627232,-1.981981
8667. 32.571554,-1.913209
8668. 32.554699,-1.949301
8669. 32.526661,-1.998525
8670. 32.526616,-1.978666
8671. 32.718632,-2.057394
8672. 33.044977,-2.003042
8673. 33.370629,-2.809212
8674. 33.357152,-2.779058
8675. 33.264478,-2.695089
8676. 33.270601,-2.664839
8677. 33.266824,-2.618179
8678. 33.187505,-2.357195
8679. 33.162051,-2.155874
8680. 33.135474,-2.096439
8681. 33.134101,-2.035432
8682. 33.101995,-2.008781
8683. 33.135597,-2.295713
8684. 33.083388,-4.187808
8685. 33.049658,-4.096988
8686. 33.709651,-3.528838
8687. 33.570435,-3.5706
8688. 33.553819,-3.592819
8689. 33.494488,-3.615017
8690. 33.359029,-3.656731
8691. 33.242402,-3.827577
8692. 33.217041,-3.836246
8693. 33.19625,-3.870106
8694. 33.134281,-3.915768
8695. 33.102902,-3.961945
8696. 33.056544,-3.990725
8697. 33.637918,-3.54322
8698. 33.395834,-3.650293
8699. 33.336005,-3.697441
8700. 33.048817,-3.984776
8701. 33.501816,-3.602228
8702. 33.332196,-3.732626
8703. 33.65211,-3.011692
8704. 33.62048,-2.974377
8705. 33.544122,-2.918013
8706. 33.44069,-2.873043
8707. 33.720413,-3.026519
8708. 33.725866,-4.074533
8709. 33.6393,-4.162595
8710. 33.564266,-4.205875
8711. 33.704242,-4.102192
8712. 33.600501,-4.19137
8713. 33.641312,-4.150579
8714. 33.668443,-4.127474
8715. 33.71356,-4.823942
8716. 33.668658,-4.861804
8717. 33.660139,-4.854884
8718. 33.544954,-4.865447
8719. 33.505475,-4.844939
8720. 33.493397,-4.864819
8721. 33.43513,-4.842052
8722. 33.422787,-4.768201
8723. 33.739544,-4.832954
8724. 33.644617,-4.8663
8725. 33.426718,-4.816255
8726. 33.458674,-4.857599
8727. 33.515029,-4.254413
8728. 33.491876,-4.24525
8729. 33.437995,-4.301491
8730. 33.398539,-4.350811
8731. 33.469898,-4.2978
8732. 33.420517,-4.332776
8733. 33.427824,-4.320931
8734. 33.500536,-5.149283
8735. 33.647886,-5.067283
8736. 33.513687,-5.120101
8737. 33.49345,-5.148211
8738. 33.732861,-5.008907
8739. 33.700605,-5.015811
8740. 33.663104,-5.043111
8741. 33.459301,-5.165462
8742. 33.412637,-5.301697
8743. 33.44607,-5.183272
8744. 33.435846,-5.221295
8745. 33.541734,-5.100532
8746. 33.527515,-5.104995
8747. 33.528532,-5.105738
8748. 33.440321,-5.202458
8749. 33.43496,-5.223119
8750. 33.598214,-5.367465
8751. 33.574868,-5.356565
8752. 33.531915,-5.306182
8753. 33.497163,-5.260466
8754. 33.434405,-5.181465
8755. 33.406349,-5.18486
8756. 33.474194,-5.247517
8757. 33.502959,-5.294184
8758. 33.427511,-5.198845
8759. 33.41955,-5.178123
8760. 33.68915,-5.374817
8761. 33.691701,-5.39992
8762. 33.678865,-5.372435
8763. 33.731409,-5.468327
8764. 33.455774,-5.236573
8765. 33.437351,-5.222883
8766. 33.386231,-4.784074
8767. 33.37118,-4.764687
8768. 33.35039,-4.725323
8769. 33.183824,-4.44912
8770. 33.104197,-4.299678
8771. 33.089097,-4.296942
8772. 33.367453,-4.7297
8773. 33.121756,-4.335222
8774. 33.366395,-4.353139
8775. 33.340747,-4.390497
8776. 33.339617,-4.429657
8777. 33.341715,-4.57366
8778. 33.318049,-4.604731
8779. 33.172959,-4.665778
8780. 33.112105,-4.706354
8781. 33.342002,-4.54304
8782. 33.347406,-4.441341
8783. 33.064419,-5.615017
8784. 33.083631,-5.587728
8785. 33.223108,-5.531616
8786. 33.243641,-5.531359
8787. 33.297552,-5.490739
8788. 33.353695,-5.42488
8789. 33.26302,-5.498453
8790. 33.144931,-5.56855
8791. 33.163313,-5.566335
8792. 33.323213,-5.127611
8793. 33.288961,-5.077615
8794. 33.153577,-5.067916
8795. 33.080031,-5.017882
8796. 33.127345,-5.033884
8797. 33.242544,-5.071789
8798. 33.365952,-5.150879
8799. 33.237108,-5.059934
8800. 33.046101,-4.115496
8801. 32.935721,-4.212441
8802. 33.045292,-3.994131
8803. 33.036213,-4.054596
8804. 32.697809,-4.842653
8805. 32.706242,-4.798021
8806. 32.700283,-4.758196
8807. 32.74563,-4.913163
8808. 32.708948,-4.868397
8809. 32.876199,-4.245014
8810. 32.710959,-4.506792
8811. 32.872487,-4.254627
8812. 32.808709,-4.366513
8813. 32.817837,-4.40497
8814. 32.75487,-4.462509
8815. 33.038547,-4.785168
8816. 32.99038,-4.888487
8817. 33.021663,-4.821185
8818. 33.026251,-5.619633
8819. 32.987059,-5.071113
8820. 32.957581,-5.052896
8821. 32.939917,-5.060792
8822. 33.026647,-5.0721
8823. 32.905821,-5.028176
8824. 32.906145,-4.969141
8825. 32.759345,-5.008049
8826. 32.742346,-5.054119
8827. 32.702811,-5.193958
8828. 32.706346,-5.581677
8829. 32.740848,-5.572343
8830. 32.746298,-5.171535
8831. 32.741082,-5.13849
8832. 32.751983,-5.583715
8833. 32.75829,-5.118733
8834. 32.757397,-5.098321
8835. 32.681285,-4.656959
8836. 32.651571,-4.566128
8837. 32.638711,-4.563824
8838. 32.62528,-4.538512
8839. 32.630277,-4.533073
8840. 32.597644,-4.529672
8841. 32.593251,-4.503995
8842. 32.574176,-4.487615
8843. 32.503048,-4.483709
8844. 32.452784,-4.498711
8845. 32.43094,-4.473506
8846. 32.536946,-4.485104
8847. 32.465924,-4.498086
8848. 32.686956,-4.744806
8849. 32.679791,-4.740869
8850. 32.679208,-5.228398
8851. 32.683155,-5.30968
8852. 32.652668,-5.382013
8853. 32.676734,-5.457158
8854. 32.664758,-5.505524
8855. 32.681958,-5.517004
8856. 32.685403,-5.563545
8857. 32.659484,-5.416861
8858. 32.678125,-5.29659
8859. 32.193628,-1.599745
8860. 32.160845,-1.579145
8861. 32.154106,-1.531048
8862. 32.165514,-1.412108
8863. 32.142152,-1.251411
8864. 32.338191,-1.690038
8865. 32.23919,-1.71833
8866. 32.198458,-1.657004
8867. 32.207209,-1.637177
8868. 32.219559,-1.710327
8869. 32.116262,-1.231424
8870. 32.225872,-2.476559
8871. 32.259447,-2.437849
8872. 32.267467,-2.358413
8873. 32.116312,-2.883053
8874. 32.077338,-2.925282
8875. 32.057209,-2.931719
8876. 32.042277,-2.98238
8877. 31.972115,-3.274312
8878. 31.983727,-3.341732
8879. 31.966799,-3.419108
8880. 31.96517,-3.526858
8881. 31.98673,-3.735137
8882. 31.992909,-3.808115
8883. 31.9793,-3.862799
8884. 31.987658,-3.946495
8885. 31.968911,-4.023399
8886. 31.917782,-4.131546
8887. 31.759006,-4.197823
8888. 31.728313,-4.196777
8889. 31.71488,-4.181843
8890. 31.705807,-4.188945
8891. 31.668221,-4.190984
8892. 31.653802,-4.186639
8893. 31.686692,-4.178667
8894. 31.949395,-3.610554
8895. 32.013644,-3.771787
8896. 32.038057,-3.066216
8897. 32.331352,-4.552245
8898. 32.305942,-4.541259
8899. 32.262509,-4.448841
8900. 32.253459,-4.386699
8901. 32.231975,-4.399316
8902. 32.188729,-4.36908
8903. 32.096718,-4.368471
8904. 32.052753,-4.410195
8905. 32.047879,-4.402299
8906. 32.035256,-4.426847
8907. 32.025942,-4.47547
8908. 32.274583,-4.485844
8909. 32.266378,-4.414315
8910. 31.994569,-5.481102
8911. 32.035802,-5.466814
8912. 32.072656,-5.46955
8913. 32.109623,-5.550327
8914. 32.155155,-5.598441
8915. 32.166352,-5.597035
8916. 32.152262,-5.575368
8917. 32.099672,-5.510255
8918. 32.008913,-5.489849
8919. 31.718507,-4.919719
8920. 31.774513,-4.783816
8921. 31.777026,-4.740434
8922. 31.801434,-4.699402
8923. 31.834244,-4.62713
8924. 31.829222,-4.614859
8925. 31.865531,-4.542139
8926. 31.90344,-4.508075
8927. 31.860647,-4.267502
8928. 31.985802,-4.498129
8929. 31.975464,-4.493601
8930. 31.892024,-4.219737
8931. 31.843332,-4.248705
8932. 31.789616,-4.238362
8933. 31.692886,-4.952796
8934. 31.818866,-5.47342
8935. 31.863143,-5.455399
8936. 31.856191,-5.464263
8937. 31.870733,-5.476365
8938. 31.948789,-5.474668
8939. 31.981024,-5.493915
8940. 31.663299,-5.572901
8941. 31.661765,-5.559275
8942. 31.685742,-5.520458
8943. 31.719457,-5.506173
8944. 31.781549,-5.452459
8945. 31.681164,-5.537823
8946. 31.614911,-4.206562
8947. 31.559595,-4.18416
8948. 31.528736,-4.184879
8949. 31.483283,-4.216733
8950. 31.293918,-4.184997
8951. 31.238197,-4.131203
8952. 30.996303,-3.995998
8953. 30.981748,-3.975527
8954. 31.03534,-4.006469
8955. 31.063724,-4.013336
8956. 31.138058,-4.052732
8957. 31.100414,-4.017987
8958. 31.485625,-5.555992
8959. 31.53233,-5.523591
8960. 31.50974,-5.493132
8961. 31.453268,-5.253911
8962. 31.464175,-5.175489
8963. 31.482293,-5.144592
8964. 31.518806,-5.534679
8965. 31.44763,-5.340128
8966. 31.516618,-5.013971
8967. 31.546283,-5.5885
8968. 31.577585,-5.582514
8969. 31.620628,-5.560257
8970. 31.621356,-5.583195
8971. 31.589704,-5.596697
8972. 31.362716,-4.286336
8973. 31.271655,-4.373074
8974. 31.261412,-4.465508
8975. 31.245095,-4.4871
8976. 31.238802,-4.52435
8977. 31.25346,-4.662838
8978. 31.213595,-4.825517
8979. 31.145721,-5.108256
8980. 30.983156,-5.271989
8981. 30.937937,-5.307212
8982. 31.04457,-5.256711
8983. 31.186683,-4.953375
8984. 31.1158,-5.168231
8985. 31.435447,-4.233384
8986. 31.429743,-4.23641
8987. 31.28777,-4.257004
8988. 31.277845,-4.285966
8989. 33.14154,-6.662457
8990. 33.742702,-6.758094
8991. 33.109427,-6.683502
8992. 33.601341,-6.630571
8993. 33.549246,-6.612911
8994. 33.542164,-6.59832
8995. 33.507011,-6.614081
8996. 33.341356,-6.530728
8997. 33.246871,-6.578836
8998. 33.188969,-6.657082
8999. 33.074066,-6.69503
9000. 33.21512,-6.642909
9001. 33.634684,-6.628103
9002. 33.231006,-6.603041
9003. 33.711203,-6.628339
9004. 33.365517,-6.556327
9005. 33.427215,-6.602204
9006. 33.557749,-6.601957
9007. 33.528409,-6.604693
9008. 33.132233,-5.796919
9009. 33.157799,-5.887685
9010. 33.134209,-5.929914
9011. 33.148367,-5.951586
9012. 33.131101,-6.029692
9013. 33.168522,-6.135349
9014. 33.189086,-6.139716
9015. 33.207382,-6.239998
9016. 33.230808,-6.260887
9017. 33.253851,-6.289308
9018. 33.284225,-6.322074
9019. 33.258355,-6.374838
9020. 33.272924,-6.380653
9021. 33.258589,-6.481703
9022. 33.14764,-6.077693
9023. 33.147646,-6.078685
9024. 33.293956,-6.531273
9025. 33.264743,-6.465282
9026. 33.270538,-6.289458
9027. 33.134029,-5.980189
9028. 33.214366,-6.26092
9029. 33.157727,-5.84816
9030. 33.222377,-6.19837
9031. 33.687139,-7.360969
9032. 33.716701,-7.333224
9033. 33.725125,-7.248874
9034. 33.665032,-7.356548
9035. 33.684421,-7.338594
9036. 33.700149,-7.316642
9037. 33.728139,-7.15126
9038. 33.655102,-7.14931
9039. 33.609651,-7.133238
9040. 33.61126,-7.120128
9041. 33.662389,-7.404056
9042. 33.626377,-7.463
9043. 33.59539,-7.518854
9044. 33.607632,-7.495337
9045. 33.614244,-7.482591
9046. 33.600877,-7.507868
9047. 33.578587,-7.555611
9048. 33.584039,-7.545226
9049. 33.619929,-7.472988
9050. 33.591439,-7.528467
9051. 33.583123,-7.615108
9052. 33.596122,-7.603408
9053. 33.583378,-7.623417
9054. 33.615691,-7.499757
9055. 33.604111,-7.541921
9056. 33.621686,-7.488127
9057. 33.585567,-7.629565
9058. 33.590121,-7.603757
9059. 33.603146,-7.528553
9060. 33.585322,-7.606251
9061. 33.597662,-7.593985
9062. 33.633617,-7.46242
9063. 33.658049,-7.398477
9064. 33.708642,-7.401824
9065. 33.698922,-7.399936
9066. 33.599286,-7.469201
9067. 33.683318,-7.410364
9068. 33.674051,-7.427648
9069. 33.680327,-7.414012
9070. 33.612546,-7.462571
9071. 33.407979,-7.191238
9072. 33.529179,-7.26273
9073. 33.460196,-7.194328
9074. 33.547368,-7.204328
9075. 33.499561,-7.207707
9076. 33.554047,-7.262668
9077. 33.570148,-7.460575
9078. 33.493379,-7.663822
9079. 33.538318,-7.540226
9080. 33.56314,-7.496538
9081. 33.528517,-7.566233
9082. 33.509411,-7.61198
9083. 33.519107,-7.632966
9084. 33.483429,-7.632537
9085. 33.438067,-7.629533
9086. 33.56786,-7.574708
9087. 33.556971,-7.60653
9088. 33.573939,-7.563958
9089. 33.549009,-7.64369
9090. 33.559546,-7.594342
9091. 33.551731,-7.632172
9092. 33.553466,-7.62346
9093. 33.506512,-7.671375
9094. 33.569261,-7.644092
9095. 33.537531,-7.663651
9096. 33.516209,-7.69706
9097. 33.511683,-7.49759
9098. 33.409448,-7.533327
9099. 33.558142,-7.486356
9100. 33.455685,-7.521944
9101. 33.540317,-7.640691
9102. 33.43753,-7.759781
9103. 33.418404,-7.817631
9104. 33.462621,-7.79804
9105. 33.479554,-7.750297
9106. 33.436115,-7.827415
9107. 33.398593,-7.910918
9108. 33.271703,-7.547865
9109. 33.198692,-7.576017
9110. 33.151709,-7.572155
9111. 33.245364,-7.565374
9112. 33.389743,-7.619877
9113. 33.073131,-7.59696
9114. 33.271058,-7.518167
9115. 33.091865,-7.151156
9116. 33.178724,-7.351141
9117. 33.230862,-7.446327
9118. 33.158463,-7.257843
9119. 33.295525,-7.537823
9120. 33.132736,-7.223854
9121. 33.210578,-7.610006
9122. 33.371413,-7.542404
9123. 33.328682,-7.571468
9124. 33.061766,-7.6264
9125. 33.130779,-7.62529
9126. 33.234452,-7.588935
9127. 33.109301,-7.284322
9128. 33.109937,-7.318587
9129. 33.172328,-7.42245
9130. 33.247768,-7.559366
9131. 33.064805,-7.19436
9132. 33.164391,-7.39234
9133. 33.178832,-7.229261
9134. 33.219877,-7.248337
9135. 33.243713,-7.238617
9136. 33.129699,-7.231343
9137. 33.313504,-7.217916
9138. 33.383707,-7.210473
9139. 33.276548,-7.233821
9140. 33.05562,-7.24054
9141. 33.270915,-7.244947
9142. 33.064459,-7.244834
9143. 33.397984,-7.842264
9144. 33.38917,-7.878828
9145. 33.354549,-7.958221
9146. 33.332608,-8.028431
9147. 33.31848,-8.100615
9148. 33.301265,-8.127651
9149. 33.290432,-8.248415
9150. 33.280243,-8.276396
9151. 33.281606,-8.301458
9152. 33.264097,-8.321886
9153. 33.257135,-8.346262
9154. 33.301982,-8.152714
9155. 33.34953,-7.999506
9156. 33.38745,-7.953501
9157. 33.32558,-8.122759
9158. 33.30478,-8.2691
9159. 33.27681,-8.365037
9160. 33.27644,-8.345339
9161. 33.312015,-8.16606
9162. 33.373144,-7.994386
9163. 33.284046,-8.328238
9164. 32.704328,-5.831594
9165. 32.700933,-5.818001
9166. 32.740288,-5.76808
9167. 32.740843,-5.692468
9168. 32.999081,-5.651275
9169. 32.747762,-5.725264
9170. 32.93862,-5.667036
9171. 32.978482,-5.706861
9172. 33.018407,-5.712059
9173. 33.035363,-5.735958
9174. 32.762251,-5.647928
9175. 32.963437,-5.690644
9176. 32.942996,-6.720457
9177. 32.788068,-6.529741
9178. 32.950415,-6.689386
9179. 32.933128,-6.865854
9180. 32.881894,-6.537037
9181. 32.954665,-6.965675
9182. 32.944653,-6.656857
9183. 32.851074,-6.518841
9184. 32.904254,-6.596775
9185. 32.703317,-6.466784
9186. 32.940908,-6.894693
9187. 32.79918,-6.423612
9188. 32.908501,-6.987809
9189. 32.85969,-6.522489
9190. 32.909847,-6.719159
9191. 32.762666,-6.397337
9192. 32.897984,-6.909274
9193. 32.77489,-6.404568
9194. 32.934875,-6.613737
9195. 32.80625,-6.585424
9196. 32.769829,-6.575081
9197. 32.88575,-6.569824
9198. 32.899101,-6.586261
9199. 32.852174,-6.569374
9200. 33.028923,-6.697261
9201. 32.972308,-6.668143
9202. 32.73157,-6.583815
9203. 32.872289,-6.571839
9204. 32.501727,-6.296046
9205. 32.601356,-6.006646
9206. 32.627263,-5.966767
9207. 32.663505,-5.892666
9208. 32.461597,-6.32098
9209. 32.63362,-5.933459
9210. 32.579334,-6.268593
9211. 32.348375,-5.727305
9212. 32.356256,-5.772028
9213. 32.379141,-5.741124
9214. 32.420037,-5.741515
9215. 32.464051,-5.791394
9216. 32.498908,-5.808662
9217. 32.483375,-5.857601
9218. 32.461869,-5.903606
9219. 32.499635,-6.034978
9220. 32.516253,-6.0173
9221. 32.524431,-6.023769
9222. 32.54334,-6.010337
9223. 32.676228,-6.316237
9224. 32.565885,-6.032664
9225. 32.447456,-5.762072
9226. 32.388872,-5.740719
9227. 32.566599,-6.017761
9228. 32.484509,-5.919587
9229. 32.476678,-5.983129
9230. 32.59391,-6.272217
9231. 32.60238,-6.278611
9232. 32.585241,-6.270339
9233. 32.619135,-6.412582
9234. 32.519895,-6.381083
9235. 32.435975,-6.350183
9236. 32.485438,-6.357479
9237. 32.65672,-6.455498
9238. 32.579383,-6.390073
9239. 32.394421,-6.331301
9240. 32.350097,-6.338146
9241. 32.345107,-6.354003
9242. 32.427354,-6.691232
9243. 32.500953,-6.686693
9244. 32.504568,-6.686361
9245. 32.609863,-6.573129
9246. 32.517832,-6.670074
9247. 33.006,-7.588978
9248. 32.894867,-7.669659
9249. 32.829909,-7.697897
9250. 32.963091,-7.602367
9251. 32.991027,-7.068157
9252. 32.937941,-7.64061
9253. 32.911279,-7.695027
9254. 32.87269,-7.718778
9255. 32.995176,-7.62081
9256. 33.006549,-7.721803
9257. 33.0052,-7.646683
9258. 33.021474,-7.699184
9259. 33.027641,-7.142009
9260. 32.992359,-7.127327
9261. 32.755881,-7.201372
9262. 32.834281,-7.221483
9263. 32.899074,-7.248788
9264. 32.992098,-7.237584
9265. 32.872982,-7.2528
9266. 32.790179,-7.21143
9267. 32.915531,-7.262349
9268. 32.910313,-7.260386
9269. 32.766274,-7.739439
9270. 32.83457,-7.760382
9271. 32.750413,-7.774699
9272. 32.736417,-8.268065
9273. 32.781308,-8.134459
9274. 32.857383,-8.05021
9275. 32.902472,-7.98823
9276. 32.948939,-7.847414
9277. 32.705501,-8.314269
9278. 32.745206,-8.196037
9279. 32.967735,-7.814219
9280. 32.952497,-7.826198
9281. 32.899281,-7.959648
9282. 32.828512,-8.088974
9283. 32.863349,-8.061819
9284. 32.362414,-7.220107
9285. 32.429981,-7.218769
9286. 32.546958,-7.187312
9287. 32.595083,-7.195498
9288. 32.608178,-7.219372
9289. 32.499465,-7.193835
9290. 32.666366,-7.220142
9291. 32.505582,-7.191474
9292. 32.530392,-7.198716
9293. 32.693421,-7.741928
9294. 32.65419,-7.769995
9295. 32.602506,-7.826214
9296. 32.579076,-7.84647
9297. 32.540301,-7.905178
9298. 32.373148,-7.935562
9299. 32.409929,-7.939168
9300. 32.503537,-7.918482
9301. 32.510992,-8.385336
9302. 32.470016,-8.368127
9303. 32.486841,-8.378545
9304. 32.539994,-8.373449
9305. 32.399875,-8.364823
9306. 32.575749,-7.817566
9307. 32.542409,-7.837994
9308. 32.366895,-7.928677
9309. 32.499519,-7.905178
9310. 32.438972,-7.920005
9311. 32.669875,-7.79135
9312. 32.657569,-8.409991
9313. 32.628442,-8.434603
9314. 32.657099,-8.423453
9315. 32.684609,-8.927422
9316. 33.102615,-8.571138
9317. 33.055436,-8.557062
9318. 32.56367,-9.001493
9319. 33.15832,-8.55217
9320. 32.499483,-9.033852
9321. 32.403589,-9.074707
9322. 32.981236,-8.545389
9323. 32.793696,-8.757305
9324. 32.827529,-8.676882
9325. 33.03673,-8.536549
9326. 32.956321,-8.545475
9327. 32.794562,-8.793011
9328. 32.838563,-8.615341
9329. 33.191725,-8.515091
9330. 32.436193,-9.046726
9331. 32.768728,-8.842449
9332. 33.202714,-8.461876
9333. 33.00888,-8.527879
9334. 33.195353,-8.486423
9335. 32.866756,-8.58676
9336. 32.64971,-8.938837
9337. 32.387237,-9.07483
9338. 33.132736,-8.556976
9339. 32.767267,-8.555474
9340. 33.145672,-8.480115
9341. 32.6625,-8.655853
9342. 32.503139,-8.747027
9343. 33.190971,-8.491702
9344. 32.456582,-8.790565
9345. 32.732409,-8.606029
9346. 32.968311,-8.491402
9347. 32.548188,-8.725247
9348. 32.621327,-8.702078
9349. 32.348642,-8.843222
9350. 32.346766,-8.84438
9351. 33.242026,-8.498204
9352. 33.081132,-8.475115
9353. 33.096809,-8.478302
9354. 33.233193,-8.493456
9355. 32.792596,-8.491251
9356. 32.679651,-8.45311
9357. 32.366779,-8.512768
9358. 32.496026,-8.492496
9359. 32.569746,-8.450503
9360. 32.394059,-8.516464
9361. 32.207159,-5.641056
9362. 32.207681,-5.695295
9363. 32.236125,-5.708492
9364. 32.249267,-5.645503
9365. 32.272692,-5.645556
9366. 32.279455,-5.657288
9367. 32.321538,-5.652874
9368. 32.340412,-5.761771
9369. 32.15516,-5.631008
9370. 32.139415,-7.027152
9371. 32.173687,-6.982412
9372. 32.324153,-6.379248
9373. 32.281314,-6.456324
9374. 32.341953,-6.368594
9375. 32.337153,-6.374125
9376. 32.308435,-6.403892
9377. 32.200718,-6.549579
9378. 32.188797,-6.509871
9379. 32.182278,-6.527553
9380. 32.155051,-6.537337
9381. 32.147202,-6.527166
9382. 32.111414,-6.51044
9383. 32.102299,-6.46157
9384. 32.088919,-6.502941
9385. 32.054072,-6.54797
9386. 32.208262,-6.537123
9387. 32.131577,-6.528068
9388. 32.294978,-6.699772
9389. 32.339904,-6.68812
9390. 32.300591,-6.700845
9391. 32.289981,-6.704836
9392. 32.10826,-6.472793
9393. 31.663094,-6.927556
9394. 31.691403,-6.944711
9395. 31.701718,-6.934412
9396. 31.707779,-6.957371
9397. 31.717289,-6.997969
9398. 31.725557,-6.990459
9399. 31.900022,-6.953959
9400. 31.92452,-6.948938
9401. 31.935793,-6.934583
9402. 31.949959,-6.983142
9403. 31.960391,-7.000051
9404. 31.961686,-6.98477
9405. 31.724042,-6.971834
9406. 31.98542,-6.571198
9407. 31.946336,-6.603041
9408. 31.924844,-6.616457
9409. 31.905833,-6.703098
9410. 31.881676,-6.907825
9411. 31.887772,-6.921341
9412. 31.959317,-6.571541
9413. 31.88798,-6.826801
9414. 31.911807,-6.738653
9415. 31.898528,-6.793392
9416. 31.970403,-6.565275
9417. 32.112241,-7.312088
9418. 32.029471,-7.394099
9419. 32.007994,-7.384615
9420. 32.089301,-7.344157
9421. 32.055818,-7.393236
9422. 32.145803,-7.28739
9423. 32.05319,-7.407167
9424. 32.020339,-7.049859
9425. 32.083865,-7.067986
9426. 32.09286,-7.05068
9427. 32.118347,-7.070646
9428. 32.210804,-7.26177
9429. 32.269336,-7.206323
9430. 32.292339,-7.202643
9431. 32.065519,-7.042365
9432. 32.128742,-8.00251
9433. 32.059009,-7.994699
9434. 32.323115,-7.958393
9435. 32.220789,-7.981739
9436. 32.306613,-8.337121
9437. 32.175031,-8.232687
9438. 32.223802,-8.261976
9439. 32.252606,-8.293455
9440. 32.289745,-7.954788
9441. 32.229239,-7.95702
9442. 31.710864,-7.663286
9443. 31.884409,-7.444267
9444. 31.973425,-7.390323
9445. 31.808691,-7.559667
9446. 31.817255,-7.507377
9447. 31.852472,-7.476218
9448. 31.936503,-8.017187
9449. 31.912536,-8.025942
9450. 31.83243,-8.033323
9451. 31.824117,-8.056927
9452. 31.774367,-8.166618
9453. 31.641545,-8.303347
9454. 31.784509,-8.132887
9455. 31.693119,-8.268242
9456. 31.850878,-7.995558
9457. 31.912481,-8.189878
9458. 31.773345,-8.130827
9459. 31.881165,-8.189878
9460. 31.704438,-8.062956
9461. 31.68133,-8.049459
9462. 31.983163,-8.368707
9463. 31.642568,-7.858658
9464. 31.649472,-7.83293
9465. 31.835165,-7.972341
9466. 31.667226,-8.011179
9467. 31.68629,-7.992425
9468. 31.90188,-7.942085
9469. 31.70102,-7.983528
9470. 31.697268,-7.987238
9471. 30.969788,-6.838276
9472. 30.974298,-6.727366
9473. 31.012668,-6.599919
9474. 31.112406,-6.41535
9475. 31.107845,-6.377478
9476. 31.135234,-6.348531
9477. 31.131873,-6.334648
9478. 31.197678,-6.199722
9479. 31.195439,-6.169446
9480. 31.256633,-6.075139
9481. 31.322843,-6.014999
9482. 31.36661,-5.986648
9483. 31.375552,-5.884641
9484. 31.367929,-5.854383
9485. 31.382809,-5.804638
9486. 31.369875,-5.78903
9487. 31.237885,-6.128483
9488. 31.063485,-6.54974
9489. 31.364129,-5.91419
9490. 31.374685,-5.992441
9491. 31.133269,-6.81545
9492. 31.358841,-6.919498
9493. 31.40777,-6.882141
9494. 31.44774,-6.887398
9495. 31.451438,-6.933103
9496. 31.469045,-6.945226
9497. 31.51724,-6.928768
9498. 31.556242,-7.00081
9499. 31.571973,-7.003135
9500. 31.594036,-6.937008
9501. 31.623494,-6.937866
9502. 31.161587,-6.802061
9503. 31.628354,-6.947608
9504. 31.228894,-6.818411
9505. 31.224656,-6.837208
9506. 31.239408,-6.82899
9507. 31.267033,-6.854439
9508. 31.284089,-6.852872
9509. 31.30919,-6.909928
9510. 31.186018,-6.806459
9511. 31.485863,-6.942957
9512. 31.428475,-6.875591
9513. 31.552172,-7.587347
9514. 31.484454,-7.451284
9515. 31.489651,-7.437465
9516. 31.473255,-7.432637
9517. 31.470546,-7.397726
9518. 31.456618,-7.40618
9519. 31.431963,-7.411196
9520. 31.411075,-7.391648
9521. 31.37474,-7.41236
9522. 31.370036,-7.387791
9523. 31.342147,-7.393069
9524. 31.312201,-7.370281
9525. 31.554622,-7.680817
9526. 31.45173,-7.394893
9527. 31.543028,-7.652664
9528. 31.533427,-7.487311
9529. 31.625102,-8.359223
9530. 31.604307,-8.393082
9531. 31.458228,-7.982581
9532. 31.429139,-7.961268
9533. 31.315524,-7.96379
9534. 31.604033,-7.999077
9535. 31.630081,-8.016071
9536. 31.573892,-8.017927
9537. 31.36639,-7.94672
9538. 31.514789,-7.988133
9539. 31.335118,-7.947729
9540. 31.610018,-8.003068
9541. 31.598897,-8.40048
9542. 31.62797,-8.070982
9543. 31.630693,-8.163378
9544. 31.630419,-8.258157
9545. 31.574989,-7.845612
9546. 31.581981,-7.794306
9547. 31.576232,-7.813801
9548. 31.587209,-7.888441
9549. 31.285446,-7.384272
9550. 31.276045,-7.375968
9551. 31.25894,-7.398718
9552. 31.270885,-7.412832
9553. 31.23255,-7.415804
9554. 31.196077,-7.452408
9555. 31.125545,-7.352627
9556. 31.126509,-7.326057
9557. 31.084531,-7.290553
9558. 31.016677,-7.156992
9559. 31.04445,-7.21113
9560. 31.26221,-7.384368
9561. 31.162596,-7.465553
9562. 30.952448,-7.206581
9563. 31.234949,-8.014977
9564. 31.142672,-8.103447
9565. 31.130036,-8.096495
9566. 31.117373,-8.128673
9567. 31.019417,-8.143305
9568. 30.946586,-8.266375
9569. 31.282842,-7.959573
9570. 30.998469,-8.157048
9571. 31.247223,-7.984228
9572. 30.962761,-8.244166
9573. 31.175063,-8.080208
9574. 31.17269,-8.086345
9575. 31.193071,-8.051723
9576. 30.98162,-8.227794
9577. 32.33646,-9.085178
9578. 32.294642,-8.89987
9579. 32.049698,-9.139338
9580. 31.99643,-9.215555
9581. 31.872601,-9.26199
9582. 31.850294,-9.30439
9583. 31.826651,-9.307265
9584. 31.713894,-9.440432
9585. 31.686984,-9.486008
9586. 31.758678,-9.385672
9587. 31.649418,-9.506232
9588. 31.815384,-9.340053
9589. 31.884627,-9.260015
9590. 32.111623,-9.082432
9591. 32.035365,-9.164722
9592. 31.965725,-9.234266
9593. 32.101097,-8.676329
9594. 32.102353,-8.769836
9595. 32.125246,-8.795612
9596. 32.124528,-8.814114
9597. 32.267982,-9.015637
9598. 32.176416,-8.877232
9599. 32.220045,-8.928594
9600. 32.100542,-8.727946
9601. 32.300256,-9.221145
9602. 31.669308,-8.718467
9603. 31.751669,-8.735464
9604. 31.899803,-8.666968
9605. 31.974299,-8.653965
9606. 32.142333,-8.594114
9607. 31.702642,-8.729711
9608. 32.189506,-8.591864
9609. 31.784285,-8.728015
9610. 32.262441,-8.519447
9611. 32.29038,-8.555946
9612. 31.545845,-8.45295
9613. 31.531507,-8.486423
9614. 31.516728,-8.548479
9615. 31.484015,-8.673964
9616. 31.412623,-8.745632
9617. 31.311408,-8.823309
9618. 31.473291,-8.692031
9619. 31.546283,-8.788869
9620. 31.573837,-8.685604
9621. 31.580948,-8.494985
9622. 31.581545,-9.021969
9623. 31.58444,-8.568757
9624. 31.550832,-8.738782
9625. 31.330326,-8.840733
9626. 31.378035,-8.808967
9627. 31.441371,-8.803734
9628. 31.457295,-9.646211
9629. 31.461907,-9.680157
9630. 31.446925,-9.730196
9631. 31.44104,-9.697237
9632. 31.415827,-9.716023
9633. 31.340003,-9.707751
9634. 31.49039,-9.7417
9635. 31.561606,-9.294305
9636. 31.593305,-9.231606
9637. 31.596119,-9.149637
9638. 31.496146,-9.756567
9639. 31.496933,-9.762211
9640. 31.541767,-9.515512
9641. 31.525581,-9.452448
9642. 31.579742,-9.26096
9643. 31.500556,-9.696422
9644. 31.277744,-8.845625
9645. 31.226161,-8.903475
9646. 31.194668,-8.977375
9647. 31.121219,-9.016943
9648. 31.078299,-9.021921
9649. 31.042566,-9.012651
9650. 31.265859,-8.865109
9651. 31.109154,-8.966153
9652. 31.151331,-8.855128
9653. 31.107882,-9.010592
9654. 31.265415,-8.857655
9655. 31.119162,-8.936477
9656. 31.111807,-9.000209
9657. 31.166822,-8.850434
9658. 31.260669,-8.857341
9659. 31.147851,-9.709039
9660. 31.062529,-9.652777
9661. 31.034393,-9.673376
9662. 30.955309,-9.697838
9663. 31.24348,-9.728909
9664. 31.176403,-9.712021
9665. 31.113687,-9.691379
9666. 31.006939,-9.674181
9667. 30.992436,-9.698052
9668. 31.208957,-9.704136
9669. 30.210866,-5.56361
9670. 30.179649,-5.581991
9671. 30.036331,-5.558782
9672. 29.913225,-5.599326
9673. 29.895722,-5.620365
9674. 29.840918,-5.619308
9675. 29.990772,-5.583973
9676. 30.201863,-5.561249
9677. 29.97163,-5.583069
9678. 30.90298,-5.351543
9679. 30.874272,-5.468102
9680. 30.853739,-5.510373
9681. 30.806731,-5.490847
9682. 30.765919,-5.56891
9683. 30.740582,-5.534878
9684. 30.66011,-5.492161
9685. 30.638893,-5.493046
9686. 30.6028,-5.358335
9687. 30.629271,-5.355299
9688. 30.626169,-5.328455
9689. 30.612948,-5.32073
9690. 30.592152,-5.334721
9691. 30.562298,-5.326631
9692. 30.486588,-5.421238
9693. 30.463656,-5.486426
9694. 30.463767,-5.509815
9695. 30.423846,-5.588779
9696. 30.597176,-5.428619
9697. 30.545101,-5.334608
9698. 30.779635,-5.526102
9699. 30.780225,-5.566399
9700. 30.926681,-3.976906
9701. 30.909018,-3.992629
9702. 30.870846,-6.877613
9703. 30.799156,-6.740713
9704. 30.774105,-6.684145
9705. 30.748032,-6.689816
9706. 30.734385,-6.637115
9707. 30.718778,-6.620153
9708. 30.726184,-6.607332
9709. 30.704902,-6.592215
9710. 30.723687,-6.562958
9711. 30.727191,-6.532145
9712. 30.716677,-6.536264
9713. 30.667669,-6.380138
9714. 30.672633,-6.284695
9715. 30.697232,-6.247766
9716. 30.667226,-6.142044
9717. 30.626331,-6.165173
9718. 30.595661,-6.164875
9719. 30.478858,-6.078014
9720. 30.476528,-6.040579
9721. 30.444789,-5.979792
9722. 30.452151,-5.956049
9723. 30.424697,-5.920773
9724. 30.405336,-5.869113
9725. 30.377869,-5.845354
9726. 30.305021,-5.818291
9727. 30.303866,-5.764834
9728. 30.267722,-5.702548
9729. 30.688356,-6.445426
9730. 30.848448,-6.819602
9731. 30.693726,-6.448138
9732. 30.899417,-6.910787
9733. 30.674479,-6.407626
9734. 30.684278,-6.191654
9735. 30.694482,-6.458266
9736. 30.935229,-6.889726
9737. 30.924574,-6.891818
9738. 30.92693,-6.889715
9739. 30.421736,-5.626202
9740. 30.391682,-5.676155
9741. 30.377355,-5.736666
9742. 30.240457,-5.920944
9743. 30.349806,-5.772629
9744. 30.318738,-5.859613
9745. 30.917726,-8.276846
9746. 30.917415,-8.294037
9747. 30.90344,-8.310728
9748. 30.906413,-8.319595
9749. 30.914564,-8.312447
9750. 30.863424,-8.379586
9751. 30.852114,-8.364244
9752. 30.858478,-8.39025
9753. 30.852685,-8.374307
9754. 30.831793,-8.402138
9755. 30.732688,-8.433638
9756. 30.910528,-8.287597
9757. 30.789184,-8.389757
9758. 30.521844,-7.896874
9759. 30.527174,-7.877656
9760. 30.493656,-7.879284
9761. 30.463823,-7.792759
9762. 30.452001,-7.688697
9763. 30.453705,-7.636185
9764. 30.464951,-7.615585
9765. 30.451865,-7.528212
9766. 30.456073,-7.416823
9767. 30.465157,-7.415302
9768. 30.501971,-7.304449
9769. 30.547113,-7.2508
9770. 30.606563,-7.227821
9771. 30.626557,-7.265482
9772. 30.707734,-7.270677
9773. 30.780705,-7.298484
9774. 30.814776,-7.289042
9775. 30.82129,-7.306402
9776. 30.855146,-7.268516
9777. 30.88688,-7.263899
9778. 30.892908,-7.245269
9779. 30.718079,-8.166704
9780. 30.61467,-8.119251
9781. 30.620741,-8.09628
9782. 30.557161,-7.971268
9783. 30.470129,-7.398305
9784. 30.481163,-7.359646
9785. 30.757547,-7.289482
9786. 30.666471,-8.182486
9787. 30.625874,-8.15546
9788. 30.700516,-8.153272
9789. 30.529464,-7.907302
9790. 30.487734,-7.871908
9791. 30.471209,-7.842739
9792. 30.473921,-7.740769
9793. 30.560312,-8.03254
9794. 30.577762,-7.20524
9795. 30.171538,-5.627473
9796. 30.080978,-5.628777
9797. 29.824636,-5.676327
9798. 29.824803,-5.719982
9799. 30.111127,-6.397648
9800. 30.029718,-6.578407
9801. 30.068797,-6.655827
9802. 30.117735,-6.70269
9803. 30.149952,-6.780195
9804. 30.148597,-6.83841
9805. 30.026374,-6.903105
9806. 30.022733,-6.935055
9807. 29.968022,-6.965418
9808. 30.210959,-5.969267
9809. 30.193471,-6.080632
9810. 30.134773,-6.204572
9811. 30.14008,-6.360054
9812. 30.060382,-6.869381
9813. 30.124463,-6.881036
9814. 29.644796,-8.395271
9815. 29.67148,-8.25799
9816. 29.684921,-8.192368
9817. 29.679387,-8.179289
9818. 29.699097,-8.153712
9819. 29.713998,-8.012724
9820. 29.649421,-8.270903
9821. 29.906734,-7.050648
9822. 29.857319,-7.087212
9823. 29.842245,-7.218704
9824. 29.850322,-7.262735
9825. 29.878346,-7.305822
9826. 29.876485,-7.31874
9827. 29.907515,-7.341528
9828. 29.890476,-7.361355
9829. 29.760335,-7.644038
9830. 29.747074,-7.805209
9831. 29.692601,-7.987404
9832. 29.61458,-8.01487
9833. 29.589505,-8.001394
9834. 29.560542,-8.016801
9835. 29.763968,-7.700558
9836. 29.80006,-7.166562
9837. 29.838634,-7.499671
9838. 29.743737,-7.973231
9839. 29.675413,-7.98161
9840. 29.906771,-7.318439
9841. 30.92704,-9.070072
9842. 30.879981,-9.079771
9843. 30.820958,-9.122043
9844. 30.868397,-9.106593
9845. 30.821414,-9.131382
9846. 30.897428,-9.070904
9847. 30.7107,-9.219074
9848. 30.75113,-9.166203
9849. 30.690405,-9.225426
9850. 30.683614,-9.242764
9851. 30.664494,-9.251089
9852. 30.620778,-9.340611
9853. 30.909074,-9.708567
9854. 30.871693,-9.757104
9855. 30.792945,-9.7756
9856. 30.772224,-9.785213
9857. 30.782695,-9.788475
9858. 30.779672,-9.796093
9859. 30.760571,-9.810019
9860. 30.76979,-9.815576
9861. 30.73468,-9.824438
9862. 30.713135,-9.842892
9863. 30.694722,-9.827549
9864. 30.629641,-9.829845
9865. 30.891145,-9.737594
9866. 30.844008,-9.763885
9867. 30.699261,-9.824739
9868. 30.605505,-9.778047
9869. 30.626095,-9.34267
9870. 30.652192,-9.275607
9871. 30.694598,-9.218597
9872. 30.755998,-9.155474
9873. 30.711678,-9.216714
9874. 30.60249,-9.345111
9875. 30.732503,-9.184785
9876. 30.779856,-9.142792
9877. 30.485349,-8.788869
9878. 30.422063,-8.623857
9879. 30.395403,-8.615255
9880. 30.391659,-8.578922
9881. 30.344445,-8.578193
9882. 30.284419,-8.483419
9883. 30.260624,-8.474836
9884. 30.482483,-8.757777
9885. 30.300038,-8.524889
9886. 30.435645,-8.664522
9887. 30.419405,-8.942807
9888. 30.442403,-8.897316
9889. 30.453985,-8.876556
9890. 30.430192,-8.984488
9891. 30.428564,-8.896608
9892. 30.418188,-9.042488
9893. 30.471609,-8.871052
9894. 30.465409,-8.872656
9895. 30.585539,-9.346104
9896. 30.525374,-9.316063
9897. 30.423734,-9.38653
9898. 30.483666,-9.34473
9899. 30.541934,-9.680328
9900. 30.42688,-9.630547
9901. 30.404582,-9.533021
9902. 30.497155,-9.672765
9903. 30.309875,-9.502552
9904. 30.43565,-9.579263
9905. 30.339602,-9.478347
9906. 30.324545,-9.483562
9907. 30.448794,-9.654107
9908. 30.548994,-9.728973
9909. 30.516945,-9.684572
9910. 30.371399,-9.505143
9911. 30.364933,-9.329817
9912. 30.412817,-9.159379
9913. 30.371913,-9.551926
9914. 30.40288,-9.584895
9915. 30.373074,-9.356857
9916. 30.377559,-9.266367
9917. 30.391826,-9.217688
9918. 30.401339,-9.189709
9919. 30.348593,-9.503313
9920. 30.431894,-9.37439
9921. 30.533174,-9.329431
9922. 30.552948,-9.348249
9923. 30.485016,-9.351296
9924. 30.383103,-9.519492
9925. 30.708449,-9.860058
9926. 30.683171,-9.878597
9927. 30.628311,-9.880657
9928. 30.069243,-9.556217
9929. 29.889248,-9.591751
9930. 30.181907,-9.537667
9931. 29.989402,-9.59085
9932. 29.917447,-9.60012
9933. 29.540924,-9.696615
9934. 29.692526,-9.724928
9935. 30.125298,-8.466135
9936. 30.050188,-8.461527
9937. 30.02656,-8.439292
9938. 29.988389,-8.496407
9939. 29.891695,-8.523052
9940. 29.771083,-8.529382
9941. 29.740767,-8.513696
9942. 29.724489,-8.455181
9943. 29.681505,-8.461702
9944. 29.656433,-8.444538
9945. 29.900187,-8.532665
9946. 30.139795,-8.485431
9947. 30.092034,-8.462251
9948. 30.098191,-8.464794
9949. 29.462729,-8.061175
9950. 29.436907,-8.060017
9951. 29.39444,-8.091774
9952. 29.392421,-8.107352
9953. 29.365383,-8.136191
9954. 29.360484,-8.174086
9955. 29.247726,-8.323131
9956. 29.208215,-8.38141
9957. 29.391037,-8.255925
9958. 29.384157,-8.26807
9959. 29.407451,-9.717193
9960. 29.411975,-9.726634
9961. 29.309879,-9.751444
9962. 29.305187,-9.736118
9963. 29.189198,-9.74814
9964. 29.128584,-9.779935
9965. 29.356257,-9.755538
9966. 29.463934,-9.694614
9967. 29.178314,-9.711877
9968. 29.211998,-8.453979
9969. 29.234695,-8.51625
9970. 29.21805,-8.542511
9971. 29.154626,-8.594173
9972. 29.12491,-8.647099
9973. 29.072004,-8.705689
9974. 29.031473,-8.801465
9975. 29.017828,-8.892333
9976. 28.949762,-8.934546
9977. 29.012944,-8.887253
9978. 29.032083,-8.843179
9979. 29.032045,-8.84644
9980. 28.882934,-9.775343
9981. 28.836497,-9.689319
9982. 28.852417,-9.628744
9983. 28.830163,-9.561796
9984. 28.835125,-9.536562
9985. 28.830755,-9.527327
9986. 28.828755,-9.516577
9987. 28.953442,-9.782971
9988. 28.907652,-9.788936
9989. 28.839326,-9.722224
9990. 28.982259,-9.814868
9991. 29.079123,-9.906302
9992. 28.937482,-10.141068
9993. 28.904006,-10.167514
9994. 28.853733,-10.215096
9995. 29.015609,-10.035968
9996. 28.980176,-10.074034
9997. 29.379632,-10.158234
9998. 29.348383,-10.147269
9999. 29.351787,-10.136797
10000. 29.256722,-10.105496
10001. 29.161093,-10.085857
10002. 28.956371,-10.009323
10003. 29.001201,-10.073401
10004. 29.029419,-10.079827
10005. 28.974769,-9.922478
10006. 29.262104,-10.111177
10007. 29.272025,-10.136561
10008. 29.114999,-10.10706
10009. 29.383213,-10.171891
10010. 28.971954,-10.04571
10011. 28.772916,-9.103836
10012. 28.731915,-9.186587
10013. 28.672412,-9.344612
10014. 28.568316,-9.419317
10015. 28.534012,-9.399834
10016. 28.514707,-9.408374
10017. 28.465673,-9.392281
10018. 28.462127,-9.365973
10019. 28.435185,-9.407043
10020. 28.418504,-9.411764
10021. 28.318209,-9.367639
10022. 28.284306,-9.334881
10023. 28.233473,-9.335718
10024. 28.203675,-9.300699
10025. 28.142541,-9.311514
10026. 28.358021,-9.38005
10027. 28.448619,-9.365416
10028. 28.820387,-9.537506
10029. 28.817544,-9.529588
10030. 28.802375,-9.456546
10031. 28.733261,-9.4722
10032. 28.686423,-9.459183
10033. 28.667263,-9.47736
10034. 28.626871,-9.466889
10035. 28.612004,-9.431832
10036. 28.82281,-10.282492
10037. 28.819297,-10.38429
10038. 28.747164,-10.492271
10039. 28.710915,-10.523357
10040. 28.662114,-10.693452
10041. 28.620914,-10.779583
10042. 28.626193,-10.825396
10043. 28.524747,-10.953879
10044. 28.505581,-10.960708
10045. 28.489589,-11.003108
10046. 28.441629,-11.04858
10047. 28.478648,-11.20624
10048. 28.628095,-10.807114
10049. 28.813393,-10.357533
10050. 28.43377,-11.083617
10051. 28.663931,-10.621033
10052. 28.428232,-11.179383
10053. 28.326067,-11.171036
10054. 28.274272,-11.210968
10055. 28.218651,-11.233091
10056. 28.205188,-11.217899
10057. 28.17542,-11.214037
10058. 28.38855,-11.422222
10059. 28.333962,-11.463075
10060. 28.249797,-11.625456
10061. 28.248114,-11.676385
10062. 28.206457,-11.785109
10063. 28.174399,-11.873817
10064. 28.150277,-11.947168
10065. 28.485414,-11.322924
10066. 28.276983,-11.55118
10067. 28.129517,-11.292556
10068. 28.045215,-9.292116
10069. 27.941261,-9.300613
10070. 27.931555,-9.288812
10071. 27.740066,-9.289482
10072. 28.019131,-9.29442
10073. 28.061017,-12.161736
10074. 28.013612,-12.209501
10075. 27.991654,-12.26005
10076. 27.92071,-12.30443
10077. 27.899549,-12.343955
10078. 27.91324,-12.409852
10079. 27.9973,-12.545378
10080. 28.094528,-12.051487
10081. 28.113091,-11.296617
10082. 28.083832,-11.358318
10083. 28.023609,-11.35783
10084. 27.976324,-11.389174
10085. 27.971473,-11.406341
10086. 27.933754,-11.445007
10087. 27.853116,-11.517491
10088. 27.805676,-11.523199
10089. 27.70381,-11.576371
10090. 27.899587,-11.45108
10091. 27.965598,-12.806797
10092. 27.913278,-12.87323
10093. 27.787112,-12.923098
10094. 27.946384,-12.885375
10095. 27.885306,-12.878573
10096. 27.672153,-12.956368
10097. -13.996954,39.954185
10098. -13.369162,39.77643
10099. -13.323689,39.809818
10100. -13.239653,39.86166
10101. -13.267724,39.820204
10102. -13.452902,39.779263
10103. -13.603779,39.839687
10104. -13.339766,39.790592
10105. -13.658414,39.851017
10106. -13.110159,39.910069
10107. -13.512664,39.783211
10108. -13.104475,39.978561
10109. -13.406736,39.798403
10110. -13.712995,39.832735
10111. -13.922238,39.907665
10112. -13.38891,39.794626
10113. -13.385486,39.789906
10114. -13.632057,39.839516
10115. -13.337365,35.250149
10116. -14.594797,39.886894
10117. -14.108192,39.918137
10118. -14.351252,39.909897
10119. -14.552266,39.901314
10120. -14.148061,39.917793
10121. -14.672196,39.914188
10122. -14.441829,39.900112
10123. -14.276944,39.879169
10124. -14.307884,39.905262
10125. -14.747701,39.957275
10126. -14.376197,39.904833
10127. -14.547177,40.684819
10128. -14.704867,40.623493
10129. -14.700799,40.565987
10130. -14.718648,40.494833
10131. -14.564332,40.687737
10132. -14.685024,40.651817
10133. -14.54456,40.672417
10134. -14.627064,40.683918
10135. -14.721968,40.535431
10136. -14.662772,40.678082
10137. -15.041539,39.634724
10138. -14.963609,39.884491
10139. -14.781148,39.967146
10140. -14.863708,39.953585
10141. -15.069057,39.48658
10142. -15.130296,39.399891
10143. -15.085839,39.538164
10144. -15.102206,39.41946
10145. -14.995862,39.723902
10146. -14.957514,39.794197
10147. -14.955855,39.841833
10148. -15.001541,39.672575
10149. -15.091102,39.468555
10150. -14.890875,40.092716
10151. -14.900373,40.167303
10152. -14.924176,40.250559
10153. -14.781314,40.37776
10154. -14.915136,40.222149
10155. -14.776003,40.396214
10156. -14.895977,40.118208
10157. -14.894898,40.299225
10158. -14.826954,40.33699
10159. -15.23972,39.079056
10160. -15.17437,39.184971
10161. -15.391212,38.847656
10162. -15.41918,38.799763
10163. -15.286007,39.024296
10164. -15.148938,39.190292
10165. -15.34023,38.89761
10166. -15.111725,39.254708
10167. -15.224316,39.123344
10168. -15.467785,38.682947
10169. -15.433246,38.737793
10170. -15.054594,39.191065
10171. -14.945448,38.291645
10172. -14.976046,38.216629
10173. -15.087663,39.20351
10174. -15.018412,38.332672
10175. -15.044275,38.379879
10176. -15.065286,39.172697
10177. -15.033043,38.433352
10178. -14.969123,38.802853
10179. -14.956436,38.572912
10180. -14.979798,38.887181
10181. -15.019614,39.131842
10182. -14.980731,38.523474
10183. -15.021769,38.490515
10184. -15.033126,39.123344
10185. -14.987136,38.850875
10186. -14.912068,38.731098
10187. -14.964065,38.629303
10188. -14.977912,38.025141
10189. -14.916214,38.776588
10190. -15.059816,38.405542
10191. -15.000505,38.955803
10192. -14.972854,38.061533
10193. -15.04614,38.330269
10194. -14.94209,38.693504
10195. -14.944495,38.323145
10196. -15.012402,39.122658
10197. -14.870511,37.00942
10198. -14.94607,37.508783
10199. -14.893903,37.778463
10200. -14.890917,37.732544
10201. -14.781024,36.948996
10202. -14.931806,37.864895
10203. -14.924674,37.590837
10204. -14.82405,36.997919
10205. -14.766625,36.804285
10206. -14.967298,37.368793
10207. -14.787165,36.696653
10208. -14.95202,37.227173
10209. -14.795007,36.853895
10210. -14.950071,37.414284
10211. -14.839981,36.999979
10212. -14.924114,37.644095
10213. -14.608377,36.341743
10214. -14.714082,36.416674
10215. -14.214966,36.139526
10216. -14.239177,36.18845
10217. -14.190753,35.953789
10218. -14.498217,36.323805
10219. -14.302811,36.228619
10220. -14.362166,35.658274
10221. -14.229942,36.039963
10222. -14.206771,35.917826
10223. -14.34011,35.730886
10224. -14.319195,36.233597
10225. -14.552639,36.34449
10226. -14.432062,36.224585
10227. -14.685502,36.399207
10228. -14.307365,35.779359
10229. -14.206396,36.020908
10230. -14.354911,35.651493
10231. -14.400369,34.325109
10232. -14.778908,36.485167
10233. -14.800795,36.540742
10234. -14.804239,36.525979
10235. -14.798742,36.515036
10236. -15.525393,38.365459
10237. -15.6008,37.970123
10238. -15.521423,38.312073
10239. -15.570707,38.56699
10240. -15.5244,38.226414
10241. -15.50389,38.29319
10242. -15.517371,38.623981
10243. -15.516296,38.19088
10244. -15.580049,38.39859
10245. -15.612208,37.996559
10246. -15.595551,38.475924
10247. -15.511499,38.258514
10248. -15.593856,38.520641
10249. -15.586167,38.036728
10250. -15.584472,38.417559
10251. -15.687501,37.790051
10252. -15.942843,37.527237
10253. -15.808689,37.616673
10254. -15.842958,37.641392
10255. -15.678163,37.835197
10256. -15.752028,37.63298
10257. -15.708406,37.622337
10258. -16.048123,37.494106
10259. -15.663619,37.649803
10260. -15.929308,37.574272
10261. -16.016528,37.529469
10262. -15.774826,37.612896
10263. -16.11105,37.425098
10264. -15.63651,37.719669
10265. -15.876149,37.631264
10266. -15.645023,37.880344
10267. -16.069981,37.490673
10268. -15.960256,37.496166
10269. -16.146669,37.355404
10270. -16.088042,37.467327
10271. -16.036162,37.525349
10272. -15.94177,37.507324
10273. -16.141558,37.385101
10274. -15.645932,37.683449
10275. -16.213397,37.333174
10276. -16.2518,37.33017
10277. -16.558831,37.162714
10278. -16.751414,37.047958
10279. -16.293655,37.245369
10280. -16.619044,37.135248
10281. -16.220815,37.319441
10282. -16.376886,37.212238
10283. -16.287888,37.312317
10284. -16.328459,37.206745
10285. -16.432669,37.200308
10286. -16.839294,36.985517
10287. -16.815654,36.9947
10288. -16.280267,37.322445
10289. -16.730701,37.053366
10290. -16.468477,37.205887
10291. -16.54431,37.177048
10292. -16.833071,36.987576
10293. -16.703081,37.065983
10294. -16.521477,37.17988
10295. -15.759958,34.299831
10296. -15.74228,34.33279
10297. -15.816616,34.165506
10298. -15.786059,34.284897
10299. -15.939996,34.052382
10300. -16.109524,33.76605
10301. -16.016487,33.949127
10302. -15.942472,34.026031
10303. -15.876788,34.124565
10304. -15.961515,34.003201
10305. -14.905805,32.65274
10306. -15.085508,32.878132
10307. -15.224854,33.08979
10308. -14.691459,32.532749
10309. -14.585369,32.467089
10310. -14.673732,32.529831
10311. -14.356366,32.365036
10312. -15.00436,32.792816
10313. -15.306746,33.196049
10314. -15.145375,33.020267
10315. -14.410657,32.355423
10316. -15.362701,33.197594
10317. -14.801024,32.582531
10318. -15.021438,32.846546
10319. -15.138291,32.909975
10320. -14.739027,32.571716
10321. -14.538848,32.463827
10322. -14.382931,32.36495
10323. -15.125863,32.880363
10324. -15.242991,33.143005
10325. -15.136241,32.955508
10326. -15.381819,33.207722
10327. -16.154955,33.64975
10328. -16.117337,33.727942
10329. -16.112658,33.656015
10330. -15.999492,33.538857
10331. -16.037606,33.6028
10332. -15.491028,33.298702
10333. -15.475271,33.263683
10334. -15.966817,33.543921
10335. -15.625393,33.346252
10336. -16.166723,33.599153
10337. -15.545281,33.34239
10338. -15.805096,33.469849
10339. -16.065651,33.618422
10340. -16.029934,33.567009
10341. -15.841926,33.473539
10342. -15.529073,33.330975
10343. -16.152641,33.596063
10344. -15.884322,33.513279
10345. -16.157778,33.590698
10346. -16.135663,33.617134
10347. -16.335954,33.468647
10348. -16.665919,33.338957
10349. -16.375568,33.419552
10350. -16.797762,33.270292
10351. -16.279443,33.544178
10352. -16.33233,33.491907
10353. -16.873178,33.264799
10354. -16.464773,33.387709
10355. -16.578246,33.35638
10356. -16.184384,33.628464
10357. -16.771302,33.286343
10358. -16.731112,33.300419
10359. -16.532277,33.38582
10360. -16.306651,33.517785
10361. -16.505266,33.402643
10362. -16.351068,33.455772
10363. -17.08702,36.998692
10364. -17.491291,36.951656
10365. -17.498617,36.979637
10366. -17.052025,36.997662
10367. -17.572766,36.592712
10368. -17.303812,37.050533
10369. -17.512533,36.846428
10370. -17.17093,36.958952
10371. -16.934646,36.941872
10372. -17.346747,37.049332
10373. -17.55906,36.796217
10374. -17.598948,36.794758
10375. -16.89679,36.939983
10376. -17.578085,36.708927
10377. -17.466628,37.034183
10378. -17.227505,37.022638
10379. -17.122376,36.968908
10380. -17.594735,36.814928
10381. -17.182349,36.966248
10382. -17.262753,37.043324
10383. -17.442413,37.061777
10384. -17.488835,37.029505
10385. -17.561474,36.028805
10386. -17.524974,36.271534
10387. -17.555582,36.125107
10388. -17.542161,36.457272
10389. -17.507294,36.248016
10390. -17.537905,36.364918
10391. -18.015549,35.25856
10392. -18.0131,35.234528
10393. -17.624227,35.826931
10394. -17.626354,35.802212
10395. -17.598458,35.862808
10396. -17.759885,35.41563
10397. -18.054234,35.178394
10398. -17.746643,35.47142
10399. -17.996448,35.290146
10400. -17.722935,35.63982
10401. -17.807779,35.397863
10402. -17.688348,35.671921
10403. -17.743864,35.545835
10404. -17.591421,35.964088
10405. -17.645208,35.773973
10406. -17.78272,35.406489
10407. -17.834294,35.342331
10408. -17.873713,35.332203
10409. -18.091278,34.787693
10410. -18.131741,35.009651
10411. -18.245492,34.221725
10412. -18.266033,34.039593
10413. -18.204852,34.467287
10414. -18.233957,34.428921
10415. -18.117466,34.984589
10416. -18.113469,34.683838
10417. -18.179248,34.168167
10418. -18.178188,34.111176
10419. -18.133209,35.073681
10420. -18.207013,34.180183
10421. -18.249201,34.251509
10422. -18.109227,34.817905
10423. -18.218957,34.332705
10424. -18.206605,34.090233
10425. -18.184059,34.53475
10426. -18.112653,35.116553
10427. -18.23412,34.405746
10428. -18.853173,34.099503
10429. -18.527631,33.988266
10430. -18.719585,34.075813
10431. -19.071447,34.051094
10432. -18.594596,34.026546
10433. -19.539327,33.839607
10434. -19.413254,33.820724
10435. -18.310937,33.938484
10436. -18.469515,33.939171
10437. -19.193406,33.996162
10438. -18.421558,33.918056
10439. -19.36079,33.802185
10440. -18.338884,33.918743
10441. -19.49459,33.843899
10442. -18.694058,34.07135
10443. -19.118003,34.040966
10444. -19.272825,33.883553
10445. -19.680414,33.87394
10446. -18.616071,34.064484
10447. -18.940793,34.132805
10448. -19.603377,33.850765
10449. -18.990794,34.091091
10450. -18.303766,33.986721
10451. -19.266262,33.905182
10452. -19.025365,34.07856
10453. -19.557283,33.86467
10454. -19.329712,33.828921
10455. -18.670234,34.077702
10456. -18.786636,34.099331
10457. -19.582636,34.73465
10458. -19.451661,34.543333
10459. -19.23,34.075642
10460. -19.184124,33.864756
10461. -19.243615,34.032125
10462. -19.351032,34.367294
10463. -19.554654,34.652853
10464. -19.670635,34.779625
10465. -19.291094,34.232025
10466. -19.101377,33.77429
10467. -19.103243,33.81712
10468. -19.618416,34.746408
10469. -19.538882,34.635859
10470. -19.410077,34.441409
10471. -19.576571,34.722633
10472. -19.269463,34.208422
10473. -19.500233,34.596934
10474. -21.44532,34.980297
10475. -21.51784,35.051708
10476. -19.939142,33.828106
10477. -20.085599,33.872051
10478. -20.251971,33.919258
10479. -21.101557,34.55389
10480. -20.965607,34.380684
10481. -21.858073,35.098743
10482. -20.277092,33.909817
10483. -21.798156,35.119858
10484. -22.03839,35.161486
10485. -19.73835,33.863297
10486. -19.890965,33.815231
10487. -19.860454,33.78931
10488. -20.568591,34.010754
10489. -22.383333,35.10355
10490. -20.11115,33.867931
10491. -20.153378,33.90707
10492. -21.713975,35.09531
10493. -22.337771,35.093079
10494. -21.650488,35.095997
10495. -22.277898,35.116425
10496. -19.972623,33.811798
10497. -21.297371,34.76675
10498. -20.880786,34.265327
10499. -22.461564,35.094109
10500. -21.910201,35.100546
10501. -22.14945,35.115738
10502. -20.64166,34.062767
10503. -22.254029,35.111189
10504. -21.997371,35.145092
10505. -21.572446,35.070419
10506. -20.440807,33.975134
10507. -21.371484,34.872665
10508. -20.665594,34.089031
10509. -21.152956,34.57037
10510. -21.234662,34.699631
10511. -19.923569,33.821926
10512. -20.388299,33.937755
10513. -21.044613,34.504967
10514. -19.767915,33.842869
10515. -20.022629,33.842525
10516. -19.742914,34.865627
10517. -19.72102,34.806662
10518. -19.782797,34.878373
10519. -19.830804,34.843826
10520. -19.692738,34.778767
10521. -19.766663,34.881506
10522. -19.809407,34.858847
10523. -17.556687,33.266602
10524. -16.942077,33.286858
10525. -16.964162,33.316813
10526. -17.473157,33.333549
10527. -16.889276,33.278017
10528. -17.003236,33.332691
10529. -17.375173,33.378439
10530. -17.059369,33.335266
10531. -17.424397,33.350372
10532. -17.119998,33.356295
10533. -17.27349,33.403502
10534. -16.895066,33.111935
10535. -16.875396,33.12953
10536. -16.95858,32.926798
10537. -16.933538,32.972546
10538. -16.935426,33.030739
10539. -16.963916,32.874784
10540. -18.195598,33.22506
10541. -17.886701,33.207464
10542. -17.974855,33.187551
10543. -17.626149,33.246346
10544. -17.654859,33.258448
10545. -17.793151,33.21785
10546. -17.835683,33.222227
10547. -18.160859,33.207636
10548. -18.056315,33.174591
10549. -17.717212,33.254542
10550. -17.953903,33.201327
10551. -18.936186,32.87663
10552. -18.523237,33.287287
10553. -18.541588,33.274412
10554. -18.365604,33.210983
10555. -18.48665,33.287716
10556. -18.771643,33.311663
10557. -18.594108,33.29793
10558. -18.702086,33.324881
10559. -18.73383,33.307543
10560. -18.853539,33.28454
10561. -18.915015,33.263426
10562. -18.325624,33.20682
10563. -18.667287,33.316212
10564. -18.95299,33.266044
10565. -18.55713,33.279219
10566. -19.078707,33.343248
10567. -18.988887,32.783718
10568. -19.110096,33.670864
10569. -19.068486,33.621254
10570. -19.122463,33.526411
10571. -18.987345,32.752991
10572. -19.034817,33.165751
10573. -19.103608,33.566322
10574. -19.076192,33.381872
10575. -19.104662,33.693008
10576. -19.086494,33.644428
10577. -19.002197,32.731276
10578. -19.000087,33.084211
10579. -19.105544,33.435194
10580. -19.1267,33.482294
10581. -19.071487,33.726053
10582. -19.119027,33.479805
10583. -19.003333,33.291664
10584. -23.905495,35.310488
10585. -22.951675,35.206547
10586. -23.594352,35.340271
10587. -23.151172,35.303879
10588. -22.540464,35.100975
10589. -23.368023,35.376148
10590. -23.553366,35.37632
10591. -23.331144,35.384045
10592. -23.715582,35.307055
10593. -23.672394,35.319242
10594. -23.514295,35.388594
10595. -22.719111,35.139599
10596. -23.656907,35.339756
10597. -23.319203,35.374947
10598. -23.789822,35.269375
10599. -23.860251,35.349112
10600. -23.254043,35.370827
10601. -23.830439,35.325422
10602. -23.061017,35.26783
10603. -24.15482,35.215816
10604. -24.708709,34.747696
10605. -24.988042,33.967924
10606. -24.983607,33.900633
10607. -24.994966,33.936253
10608. -24.505659,35.002441
10609. -24.597158,34.793186
10610. -24.43918,35.063896
10611. -24.382984,35.185776
10612. -24.539706,34.93309
10613. -24.798656,34.298458
10614. -24.927774,34.032211
10615. -24.544859,34.877987
10616. -24.948709,33.99466
10617. -24.642414,34.764175
10618. -24.916721,34.1922
10619. -24.724926,34.440937
10620. -24.130227,35.233326
10621. -25.004222,33.806906
10622. -24.332316,35.212383
10623. -24.27799,35.236673
10624. -23.955705,35.293493
10625. -24.22278,35.209465
10626. -24.782605,34.325581
10627. -24.67346,34.57552
10628. -24.923882,34.070663
10629. -24.716447,34.740701
10630. -24.906912,34.165077
10631. -24.477931,35.026302
10632. -24.561449,33.011427
10633. -24.585256,33.059492
10634. -24.531664,32.998981
10635. -24.925439,33.38316
10636. -25.055395,33.05357
10637. -25.000178,33.170471
10638. -25.052441,33.710003
10639. -25.228586,32.834272
10640. -24.952561,33.228064
10641. -25.013206,33.617992
10642. -25.159308,32.804918
10643. -24.99516,33.565121
10644. -25.053335,33.648977
10645. -24.951083,33.315525
10646. -25.098075,32.827921
10647. -24.957697,33.510017
10648. -25.077981,32.892036
10649. -24.980807,33.548555
10650. -25.030745,33.728027
10651. -24.964389,33.214331
10652. -25.066747,32.922077
10653. -25.05905,33.015118
10654. -25.072306,32.866974
10655. -24.933884,33.359728
10656. -25.259329,32.87015
10657. -25.026953,33.096271
10658. -25.055862,33.671379
10659. -25.043576,33.642282
10660. -25.067524,32.956924
10661. -24.77637,33.133736
10662. -24.96474,33.118629
10663. -24.803838,33.132277
10664. -24.704342,33.103867
10665. -25.335765,32.812901
10666. -25.417927,32.732906
10667. -25.699971,32.657461
10668. -25.754928,32.634673
10669. -25.918237,32.565236
10670. -25.631892,32.677717
10671. -25.744646,32.668233
10672. -25.928619,32.555966
10673. -25.876929,32.566738
10674. -25.817644,32.571845
10675. -25.493856,32.652483
10676. -25.404632,32.805948
10677. -25.605269,32.670679
10678. -25.73964,32.672868
10679. -25.786696,32.584677
10680. -25.980789,32.433143
10681. -25.931784,32.507172
10682. -25.830585,32.410526
10683. -25.911327,32.434859
10684. -25.879438,32.433186
10685. -25.51088,31.991844
10686. -25.642261,32.208996
10687. -25.457302,31.995192
10688. -25.544803,32.017164
10689. -25.636071,32.148829
10690. -25.549914,32.06583
10691. -25.660395,32.243049
10692. -25.960321,32.137971
10693. -25.98889,32.048922
10694. -25.983374,32.025533
10695. -26.013634,32.296371
10696. -25.727462,32.28899
10697. -26.054797,32.367311
10698. -26.055588,32.233543
10699. -26.044272,32.330961
10700. -26.04645,32.247105
10701. -26.219904,32.102566
10702. -26.199517,32.129345
10703. -12.193689,40.109711
10704. -11.79939,39.936333
10705. -12.42283,40.106535
10706. -12.383264,40.130053
10707. -11.773343,39.877453
10708. -12.32319,40.175629
10709. -11.7241,39.630775
10710. -11.851685,40.107136
10711. -11.771074,39.783211
10712. -12.22045,40.125933
10713. -11.553026,39.526405
10714. -12.034578,40.125246
10715. -12.13676,40.120525
10716. -12.612825,40.012293
10717. -11.451172,39.42358
10718. -12.559213,40.027742
10719. -11.698298,39.618244
10720. -12.302729,40.190134
10721. -12.255721,40.176487
10722. -12.102312,40.106878
10723. -11.481118,39.434223
10724. -12.342727,40.182238
10725. -12.020349,40.147047
10726. -11.760067,39.80484
10727. -11.93265,40.106792
10728. -12.651351,40.023623
10729. -11.897462,40.111685
10730. -11.836145,40.08954
10731. -11.80359,39.992981
10732. -11.664215,39.576359
10733. -11.662618,39.562111
10734. -12.229425,40.145073
10735. -12.473998,40.082073
10736. -12.490842,40.076838
10737. -12.07512,40.10911
10738. -12.367125,40.156059
10739. -12.975599,40.522556
10740. -13.138955,40.257769
10741. -13.077054,40.504017
10742. -13.147731,40.229445
10743. -13.140585,40.052462
10744. -13.030732,40.532598
10745. -13.107191,40.291929
10746. -13.123408,40.19537
10747. -12.961966,40.494275
10748. -12.989609,40.527878
10749. -13.105436,40.453634
10750. -13.106105,39.872475
10751. -13.069404,40.37364
10752. -13.059517,40.524917
10753. -13.072748,40.41029
10754. -12.995442,39.603825
10755. -12.964245,39.583054
10756. -12.92242,39.4174
10757. -13.103053,39.839001
10758. -12.902593,39.500999
10759. -13.05866,39.747677
10760. -12.69791,40.038729
10761. -12.763296,39.974957
10762. -13.028809,39.966373
10763. -12.901212,39.906206
10764. -12.983733,39.942684
10765. -12.785143,39.979935
10766. -12.830088,39.967918
10767. -12.857954,39.952984
10768. -12.9279,39.906549
10769. -12.977899,39.924445
10770. -11.475567,38.743801
10771. -11.463117,38.774014
10772. -11.376294,38.814697
10773. -11.457902,38.699856
10774. -11.252974,39.271789
10775. -11.287087,39.147205
10776. -11.257247,39.204369
10777. -11.34945,38.876324
10778. -11.275218,39.027386
10779. -11.352354,39.323416
10780. -11.375663,38.955202
10781. -11.497183,38.563728
10782. -11.491969,38.644924
10783. -11.352606,38.980951
10784. -11.267769,39.21484
10785. -11.332156,38.978977
10786. -11.26476,39.287539
10787. -11.306298,39.30861
10788. -11.413693,38.493433
10789. -13.405901,37.76679
10790. -13.334588,38.622952
10791. -13.350289,36.755619
10792. -13.094986,39.112873
10793. -13.299342,37.377205
10794. -13.35413,37.082806
10795. -13.276537,37.638988
10796. -13.250723,37.42321
10797. -13.375675,37.044525
10798. -13.416504,38.047714
10799. -13.441466,38.102303
10800. -13.344861,38.688011
10801. -13.396884,36.66275
10802. -13.471851,38.202038
10803. -13.422849,38.092003
10804. -13.000167,39.318867
10805. -13.362565,38.548279
10806. -13.51742,36.594944
10807. -13.363817,37.181168
10808. -13.555973,38.406143
10809. -13.217887,38.884048
10810. -13.346113,36.725407
10811. -13.539201,38.356705
10812. -13.371416,37.701302
10813. -13.446057,36.582069
10814. -13.40373,36.804371
10815. -13.420929,36.868744
10816. -13.494303,38.453865
10817. -13.32014,37.339954
10818. -13.556139,38.268986
10819. -12.986744,39.356804
10820. -13.503066,38.25079
10821. -13.312038,38.776588
10822. -13.459163,38.14642
10823. -13.230838,37.559853
10824. -13.19541,37.499084
10825. -13.036753,39.27887
10826. -13.127212,38.999619
10827. -13.130524,38.995392
10828. -13.526767,36.588078
10829. -13.190061,37.503934
10830. -13.348953,38.569221
10831. -13.350205,35.632181
10832. -13.32845,35.854654
10833. -13.336593,35.798435
10834. -13.35292,35.335379
10835. -13.315504,35.529099
10836. -13.334755,35.600424
10837. -13.302391,35.729856
10838. -13.345237,35.392027
10839. -13.314209,35.701103
10840. -13.353588,35.888643
10841. -13.330454,35.422068
10842. -13.343149,35.368509
10843. -13.291782,35.476913
10844. -13.316757,35.745392
10845. -13.348243,35.298471
10846. -13.348076,35.306454
10847. -13.286687,35.49202
10848. -13.892494,35.421982
10849. -13.528937,35.265427
10850. -13.749807,35.292377
10851. -13.390747,35.228691
10852. -13.572076,35.264225
10853. -13.866914,35.394688
10854. -13.496723,35.264912
10855. -13.723043,35.253925
10856. -14.042505,35.457516
10857. -13.539117,35.253582
10858. -13.486958,35.248604
10859. -13.416546,35.256329
10860. -13.651158,35.26268
10861. -13.605197,35.251865
10862. -13.81091,35.390053
10863. -13.431448,35.240879
10864. -13.756226,35.271091
10865. -13.922654,35.422153
10866. -13.367575,35.993958
10867. -13.485205,36.13987
10868. -13.464505,36.269474
10869. -13.500228,36.472549
10870. -13.472435,36.302776
10871. -13.429445,36.197205
10872. -13.4923,36.30827
10873. -13.362064,36.076527
10874. -13.46918,36.136093
10875. -14.923658,39.981222
10876. -14.892327,40.319996
10877. -14.969123,40.451488
10878. -14.923015,40.406942
10879. -15.028898,40.648985
10880. -15.015137,40.596972
10881. -15.020028,40.566845
10882. -15.045622,40.726833
10883. -15.043404,40.693703
10884. -15.02465,40.6704
10885. -14.905764,40.329008
10886. -14.996484,40.507879
10887. -15.833916,39.419546
10888. -15.808358,39.377403
10889. -16.088826,39.78467
10890. -15.991777,39.580822
10891. -15.961288,39.507265
10892. -15.998749,39.660816
10893. -16.205588,39.915175
10894. -16.227438,39.907129
10895. -16.050721,39.731541
10896. -16.151904,39.831448
10897. -16.120326,39.90406
10898. -16.232136,39.902623
10899. -15.113652,39.261639
10900. -15.111591,39.2278
10901. -15.218353,39.303589
10902. -15.195659,39.318695
10903. -15.423482,39.324703
10904. -15.459802,39.337921
10905. -15.37764,39.332256
10906. -15.233426,39.311829
10907. -15.307449,39.308052
10908. -15.141357,39.294233
10909. -15.124434,39.256425
10910. -14.878775,37.016008
10911. -15.106888,36.925907
10912. -14.945656,36.979122
10913. -15.074195,36.938181
10914. -15.411071,36.882734
10915. -14.995489,36.93449
10916. -15.455211,36.901531
10917. -15.46582,36.992168
10918. -15.467909,36.977921
10919. -15.172424,36.804199
10920. -15.14059,36.934576
10921. -15.327586,36.750426
10922. -15.247918,36.777592
10923. -14.247829,35.524635
10924. -14.31853,35.624714
10925. -14.137242,35.478458
10926. -14.371208,35.615273
10927. -14.609457,34.303951
10928. -14.487331,34.314423
10929. -14.545578,34.290133
10930. -14.570002,34.292622
10931. -14.708437,34.350901
10932. -15.427578,34.356565
10933. -14.924011,34.299402
10934. -15.348465,34.310646
10935. -14.840478,34.339142
10936. -15.456576,34.351158
10937. -15.210899,34.299316
10938. -14.874575,34.344463
10939. -14.806376,34.366865
10940. -15.220506,34.289703
10941. -14.966469,34.306612
10942. -15.041353,34.282494
10943. -15.276526,34.298887
10944. -15.253238,34.316311
10945. -14.893156,34.319057
10946. -14.767496,34.382401
10947. -15.368329,34.337854
10948. -15.593856,39.325905
10949. -15.545239,39.325047
10950. -15.652709,39.343586
10951. -15.719354,39.342813
10952. -15.74259,39.35998
10953. -15.894847,37.147951
10954. -15.979112,37.139883
10955. -16.01921,37.165976
10956. -15.877057,37.139626
10957. -15.680477,37.089415
10958. -15.489622,37.008991
10959. -15.642337,37.079973
10960. -15.567172,37.037616
10961. -15.771811,37.082891
10962. -15.574675,37.06049
10963. -16.087259,37.154818
10964. -16.099052,37.168465
10965. -15.627542,37.041693
10966. -15.797828,37.108469
10967. -16.144649,37.139196
10968. -15.937314,37.131042
10969. -15.682089,37.104692
10970. -16.061444,37.169924
10971. -15.512822,37.010279
10972. -15.563885,37.045856
10973. -15.954686,37.14426
10974. -16.052948,37.161856
10975. -15.813189,37.149754
10976. -16.312262,37.216895
10977. -16.86252,36.96187
10978. -16.308154,37.196789
10979. -16.197408,37.140827
10980. -16.238038,37.160912
10981. -16.28348,37.180481
10982. -16.220299,37.164388
10983. -16.857654,36.842051
10984. -16.83457,36.683779
10985. -16.832352,36.608248
10986. -16.824712,36.725578
10987. -16.82504,36.8154
10988. -16.848125,36.656227
10989. -16.818529,36.790552
10990. -16.116595,35.776763
10991. -16.167073,35.807276
10992. -16.080579,35.736895
10993. -16.140341,35.802512
10994. -16.097093,35.771184
10995. -16.098784,35.765476
10996. -15.586085,34.439049
10997. -15.694525,34.350128
10998. -15.613923,34.308414
10999. -15.485673,34.327254
11000. -15.533848,34.315667
11001. -16.576817,36.267951
11002. -16.217518,35.802383
11003. -16.694099,36.370969
11004. -16.252871,35.864096
11005. -16.219413,35.821352
11006. -16.48716,36.05494
11007. -16.598791,36.294622
11008. -16.5635,36.126266
11009. -16.269907,35.911474
11010. -16.414742,36.02756
11011. -16.258701,35.893922
11012. -16.768097,36.54808
11013. -16.315115,35.950699
11014. -16.361877,35.963359
11015. -16.442486,36.044598
11016. -16.572879,36.200767
11017. -16.709041,36.459417
11018. -16.645094,36.320629
11019. -16.528348,36.12618
11020. -16.573815,36.139891
11021. -16.201055,35.792513
11022. -14.301501,32.348986
11023. -16.835946,33.274627
11024. -16.20499,33.585978
11025. -17.412809,35.355034
11026. -17.369931,35.416317
11027. -17.354817,35.472193
11028. -17.367719,35.591755
11029. -17.393931,35.572014
11030. -17.541056,35.625658
11031. -17.363623,35.509443
11032. -17.357274,35.571499
11033. -17.483432,35.607634
11034. -17.419402,35.621367
11035. -17.477701,35.22809
11036. -17.127872,35.230064
11037. -17.364934,35.352888
11038. -17.32823,35.582829
11039. -17.327657,35.589952
11040. -17.136566,35.192471
11041. -17.458195,35.341644
11042. -17.330893,35.149899
11043. -17.464233,35.108442
11044. -17.408939,35.104966
11045. -17.455493,35.079346
11046. -17.436271,35.07411
11047. -17.670725,35.714149
11048. -17.631344,35.703163
11049. -19.20755,33.93239
11050. -16.963741,32.86235
11051. -19.005088,32.713873
11052. -19.058508,33.288317
11053. -22.192412,31.719246
11054. -22.08385,31.68354
11055. -22.071462,31.681051
11056. -23.867119,35.380096
11057. -25.01972,33.796327
11058. -24.094386,35.273581
11059. -24.071152,35.31538
11060. -24.024319,35.342331
11061. -23.922365,35.40164
11062. -24.104689,35.313148
11063. -23.94488,35.397949
11064. -23.049289,32.260838
11065. -23.796693,32.629652
11066. -23.249568,32.523522
11067. -23.091062,32.348213
11068. -23.204787,32.501335
11069. -23.430135,32.557211
11070. -23.849457,32.625017
11071. -22.750103,32.070379
11072. -24.089998,32.759686
11073. -24.474338,32.884483
11074. -23.981038,32.646818
11075. -24.415852,32.847233
11076. -24.490351,32.940874
11077. -24.317104,32.89444
11078. -24.392795,32.881308
11079. -24.411398,32.873325
11080. -24.240586,32.848091
11081. -24.338377,32.895555
11082. -24.425309,32.845173
11083. -25.025087,33.102021
11084. -24.764836,33.668976
11085. -24.700911,33.6549
11086. -24.730851,33.671036
11087. -24.689487,33.532162
11088. -24.922014,33.74382
11089. -25.943835,32.541182
11090. -25.953916,32.460394
11091. -25.962685,32.561116
11092. -25.987424,32.552834
11093. -25.95489,32.551546
11094. -26.005901,32.557468
11095. -25.442965,31.986695
11096. -25.989295,31.998196
11097. -26.703906,32.802258
11098. -26.079681,32.620296
11099. -26.029079,32.552662
11100. -26.45851,32.636776
11101. -26.519044,32.682781
11102. -26.296147,32.643557
11103. -26.319383,32.660894
11104. -26.125927,32.642956
11105. -26.351306,32.658749
11106. -26.531351,32.720032
11107. -26.015832,32.166939
11108. -26.257628,32.084713
11109. -26.864238,32.829466
11110. -26.8126,32.821398
11111. -26.77481,32.809124
11112. -20.04929,57.664833
11113. -20.108611,57.692149
11114. -20.10035,57.702652
11115. -20.108158,57.692782
11116. -20.115638,57.679194
11117. -20.106586,57.713907
11118. -20.09242,57.699423
11119. -20.078858,57.656422
11120. -20.122454,57.670455
11121. -20.163963,57.700946
11122. -20.169975,57.687962
11123. -20.148634,57.731652
11124. -20.131681,57.656722
11125. -20.145028,57.693973
11126. -20.127501,57.671764
11127. -20.14255,57.690861
11128. -20.16787,57.687321
11129. -20.136667,57.661357
11130. -20.198083,57.758909
11131. -20.196978,57.775254
11132. -20.203543,57.748958
11133. -20.214381,57.789502
11134. -20.173837,57.768484
11135. -20.212831,57.758217
11136. -20.171156,57.685331
11137. -20.178248,57.71918
11138. -20.171695,57.658356
11139. -20.174917,57.672209
11140. -20.188479,57.723176
11141. -20.192125,57.721299
11142. -20.186627,57.724046
11143. -20.193625,57.722597
11144. -20.195991,57.72264
11145. -20.179457,57.722865
11146. -20.176224,57.722672
11147. -20.211764,57.705259
11148. -20.198871,57.721395
11149. -20.209468,57.708907
11150. -20.190564,57.722136
11151. -20.182513,57.715173
11152. -20.192384,57.668186
11153. -20.205572,57.674961
11154. -20.178102,57.661614
11155. -20.190891,57.667558
11156. -20.210183,57.677386
11157. -20.213178,57.736791
11158. -20.209866,57.730247
11159. -20.207938,57.729163
11160. -20.2039,57.733219
11161. -20.196263,57.738218
11162. -20.191979,57.723949
11163. -20.193033,57.726202
11164. -20.196006,57.738862
11165. -20.18215,57.670133
11166. -20.18715,57.717597
11167. -20.191571,57.720805
11168. -20.189066,57.724534
11169. -20.235817,57.674097
11170. -20.243093,57.661743
11171. -20.230691,57.678866
11172. -20.386379,57.69629
11173. -20.231348,57.657682
11174. -20.388993,57.659061
11175. -20.225989,57.671034
11176. -20.222154,57.749677
11177. -20.243309,57.783666
11178. -20.314848,57.713885
11179. -20.291181,57.679167
11180. -20.256032,57.757026
11181. -20.285647,57.661614
11182. -20.260718,57.747767
11183. -20.278129,57.774589
11184. -20.24801,57.752842
11185. -20.258418,57.75856
11186. -20.250602,57.657119
11187. -20.236922,57.795618
11188. -20.220996,57.776821
11189. -20.2216,57.779245
11190. -20.219687,57.777851
11191. -20.03661,57.564046
11192. -20.016442,57.578573
11193. -20.03281,57.625222
11194. -20.038051,57.623119
11195. -20.024706,57.63166
11196. -20.031706,57.641873
11197. -20.027264,57.602021
11198. -20.013068,57.584463
11199. -20.027889,57.598239
11200. -20.015044,57.589678
11201. -20.033858,57.591233
11202. -20.031182,57.613463
11203. -20.023043,57.629492
11204. -20.007518,57.641745
11205. -19.996489,57.587414
11206. -20.01589,57.569475
11207. -19.996065,57.633955
11208. -20.023506,57.559047
11209. -19.986749,57.619772
11210. -20.035622,57.545807
11211. -20.017322,57.62151
11212. -20.008022,57.597928
11213. -20.052807,57.612906
11214. -20.04612,57.586255
11215. -20.063233,57.58088
11216. -20.065903,57.570151
11217. -20.078283,57.604752
11218. -20.076847,57.649748
11219. -20.064326,57.630007
11220. -20.070181,57.610846
11221. -20.042607,57.557781
11222. -20.060466,57.551483
11223. -20.045848,57.555152
11224. -20.057564,57.552223
11225. -20.045775,57.564164
11226. -20.080868,57.550163
11227. -20.060602,57.559315
11228. -20.080072,57.562587
11229. -20.058045,57.523336
11230. -20.117286,57.606423
11231. -20.110874,57.57919
11232. -20.110873,57.573627
11233. -20.102516,57.575376
11234. -20.125843,57.574625
11235. -20.1192,57.557158
11236. -20.126342,57.53944
11237. -20.12271,57.553269
11238. -20.114404,57.56042
11239. -20.124562,57.547701
11240. -20.089367,57.544276
11241. -20.109437,57.541752
11242. -20.093755,57.542728
11243. -20.117014,57.532225
11244. -20.109888,57.541446
11245. -20.101337,57.540979
11246. -20.126251,57.531989
11247. -20.09639,57.553103
11248. -20.093906,57.552942
11249. -20.10908,57.54202
11250. -20.125491,57.564561
11251. -20.111201,57.506561
11252. -20.111886,57.559261
11253. -20.115795,57.547631
11254. -20.155442,57.647696
11255. -20.135129,57.610961
11256. -20.135768,57.612849
11257. -20.144605,57.620217
11258. -20.151051,57.572265
11259. -20.162784,57.568703
11260. -20.161495,57.501524
11261. -20.164839,57.496176
11262. -20.167588,57.486531
11263. -20.127077,57.532976
11264. -20.146627,57.523304
11265. -20.152045,57.514704
11266. -20.16248,57.50264
11267. -20.143577,57.524221
11268. -20.143456,57.559562
11269. -20.136718,57.550678
11270. -20.142792,57.511411
11271. -20.152501,57.505531
11272. -20.164086,57.504571
11273. -20.158204,57.510912
11274. -20.152589,57.514699
11275. -20.158461,57.510638
11276. -20.132054,57.52229
11277. -20.148402,57.507527
11278. -20.168475,57.486262
11279. -20.166725,57.507377
11280. -20.165126,57.518159
11281. -20.165408,57.517859
11282. -20.170866,57.503042
11283. -20.163522,57.495527
11284. -20.158912,57.511625
11285. -20.154186,57.519066
11286. -20.159146,57.511368
11287. -20.153028,57.520375
11288. -20.177528,57.598786
11289. -20.177085,57.617626
11290. -20.192109,57.588015
11291. -20.201061,57.571986
11292. -20.213787,57.60076
11293. -20.212368,57.555013
11294. -20.194778,57.4824
11295. -20.176244,57.481434
11296. -20.171491,57.511303
11297. -20.211386,57.55556
11298. -20.208305,57.46989
11299. -20.18278,57.470126
11300. -20.214145,57.469676
11301. -20.192709,57.469901
11302. -20.175826,57.471113
11303. -20.174484,57.473313
11304. -20.203764,57.441663
11305. -20.207223,57.440171
11306. -20.186453,57.459623
11307. -20.196631,57.445557
11308. -20.208124,57.45517
11309. -20.206714,57.449913
11310. -20.172563,57.445643
11311. -20.175645,57.438176
11312. -20.196711,57.442768
11313. -20.213576,57.407598
11314. -20.242006,57.638837
11315. -20.249414,57.608914
11316. -20.246369,57.599162
11317. -20.234717,57.569818
11318. -20.245629,57.590203
11319. -20.236384,57.640865
11320. -20.236547,57.62776
11321. -20.253511,57.584667
11322. -20.230238,57.639363
11323. -20.230479,57.63829
11324. -20.22758,57.59383
11325. -20.247013,57.480683
11326. -20.228129,57.543876
11327. -20.230318,57.502911
11328. -20.232982,57.496919
11329. -20.224444,57.536505
11330. -20.22613,57.507012
11331. -20.22423,57.535116
11332. -20.224192,57.525927
11333. -20.224937,57.538152
11334. -20.232342,57.554026
11335. -20.228773,57.545303
11336. -20.24186,57.486112
11337. -20.230686,57.527558
11338. -20.235699,57.499287
11339. -20.258302,57.562995
11340. -20.220941,57.501916
11341. -20.218721,57.50006
11342. -20.217543,57.485179
11343. -20.2224,57.53642
11344. -20.252514,57.539091
11345. -20.222582,57.540797
11346. -20.246128,57.559519
11347. -20.227781,57.498515
11348. -20.225204,57.493193
11349. -20.276469,57.64329
11350. -20.259082,57.484803
11351. -20.28149,57.502484
11352. -20.289632,57.51111
11353. -20.284112,57.505488
11354. -20.277022,57.501047
11355. -20.295446,57.499716
11356. -20.298354,57.493832
11357. -20.298811,57.492796
11358. -20.293347,57.503783
11359. -20.300706,57.504437
11360. -20.299141,57.53613
11361. -20.270576,57.53686
11362. -20.275301,57.539274
11363. -20.295579,57.493429
11364. -20.284112,57.498204
11365. -20.277057,57.496637
11366. -20.28149,57.497957
11367. -20.273686,57.497549
11368. -20.26808,57.523288
11369. -20.291071,57.502463
11370. -20.283521,57.499292
11371. -20.286925,57.5248
11372. -20.269036,57.487679
11373. -20.277923,57.493955
11374. -20.26502,57.491112
11375. -20.264296,57.492024
11376. -20.227072,57.46783
11377. -20.243324,57.475855
11378. -20.245494,57.478623
11379. -20.230298,57.467637
11380. -20.224273,57.429045
11381. -20.222073,57.430344
11382. -20.277732,57.404745
11383. -20.280494,57.404165
11384. -20.257039,57.417866
11385. -20.266148,57.478784
11386. -20.240488,57.47615
11387. -20.291317,57.443889
11388. -20.279457,57.413778
11389. -20.28453,57.479911
11390. -20.252585,57.476306
11391. -20.266173,57.464225
11392. -20.253289,57.471757
11393. -20.231708,57.463109
11394. -20.244673,57.467144
11395. -20.368954,57.563274
11396. -20.384769,57.565548
11397. -20.314077,57.523481
11398. -20.306658,57.52553
11399. -20.313942,57.523534
11400. -20.32837,57.529001
11401. -20.381516,57.575108
11402. -20.343209,57.545705
11403. -20.307478,57.508085
11404. -20.306768,57.571449
11405. -20.338541,57.571213
11406. -20.321212,57.542127
11407. -20.315602,57.484696
11408. -20.322987,57.48491
11409. -20.369713,57.61106
11410. -20.336323,57.561976
11411. -20.364408,57.379907
11412. -20.367551,57.380111
11413. -20.43211,57.660906
11414. -20.429657,57.666314
11415. -20.420372,57.666314
11416. -20.424167,57.699294
11417. -20.408115,57.706048
11418. -20.423846,57.659876
11419. -20.408241,57.673759
11420. -20.43293,57.660327
11421. -20.44057,57.721953
11422. -20.442239,57.67538
11423. -20.453765,57.674446
11424. -20.439233,57.671238
11425. -20.404791,57.565098
11426. -20.429687,57.565774
11427. -20.407527,57.560919
11428. -20.448975,57.566951
11429. -20.399638,57.598003
11430. -20.41231,57.618704
11431. -20.41911,57.626853
11432. -20.396093,57.592
11433. -20.41263,57.619096
11434. -20.426339,57.651358
11435. -20.394323,57.636745
11436. -20.444496,57.652216
11437. -20.466586,57.622755
11438. -20.454448,57.645221
11439. -20.476803,57.584925
11440. -20.439535,57.655864
11441. -20.428169,57.616768
11442. -20.399713,57.586663
11443. -20.421433,57.607648
11444. -20.403937,57.595503
11445. -20.432191,57.642775
11446. -20.413288,57.369039
11447. -20.448256,57.346895
11448. -20.408321,57.47313
11449. -20.428926,57.474337
11450. -20.422777,57.38664
11451. -20.516994,57.530776
11452. -20.487663,57.557014
11453. -20.518991,57.522268
11454. -20.515117,57.515852
11455. -20.516894,57.520546
11456. -20.512218,57.509673
11457. -20.48015,57.482443
11458. -20.491572,57.377332
11459. -20.503426,57.456264
11460. -20.491718,57.470512
11461. -20.007926,57.668395
11462. -20.064228,57.681624
11463. -20.109478,57.746694
11464. -20.075391,57.661014
11465. -20.118877,57.69732
11466. -20.06288,57.684993
11467. -20.059655,57.685411
11468. -20.086967,57.707748
11469. -20.138289,57.752166
11470. -20.162457,57.757766
11471. -20.163865,57.73979
11472. -20.131973,57.675261
11473. -20.149741,57.682471
11474. -20.133484,57.665327
11475. -20.140712,57.673491
11476. -20.193222,57.717651
11477. -20.190121,57.67229
11478. -20.289632,57.739205
11479. -20.301546,57.690368
11480. -20.332334,57.767358
11481. -20.337967,57.759547
11482. -20.370639,57.735429
11483. -20.312654,57.780704
11484. -20.336961,57.779117
11485. -20.364926,57.705388
11486. -20.348711,57.764955
11487. -20.374943,57.720666
11488. -20.352448,57.745439
11489. -20.261925,57.689166
11490. -20.250109,57.682793
11491. -20.265086,57.714915
11492. -20.218972,57.714615
11493. -20.255011,57.782378
11494. -20.228526,57.804415
11495. -20.293189,57.694777
11496. -20.294638,57.695228
11497. -20.292296,57.788295
11498. -20.242333,57.763045
11499. -20.021205,57.581888
11500. -20.024444,57.578573
11501. -20.006071,57.556
11502. -19.997598,57.615695
11503. -20.075688,57.600567
11504. -20.049451,57.651036
11505. -20.039916,57.636187
11506. -20.071998,57.653954
11507. -20.080601,57.545314
11508. -20.081664,57.525659
11509. -20.082813,57.524875
11510. -20.081009,57.519178
11511. -20.080263,57.513117
11512. -20.082551,57.517762
11513. -20.110722,57.57742
11514. -20.102828,57.580622
11515. -20.096511,57.63314
11516. -20.126735,57.497721
11517. -20.103569,57.519361
11518. -20.085518,57.52362
11519. -20.091196,57.530165
11520. -20.086422,57.521485
11521. -20.092163,57.509855
11522. -20.09039,57.51596
11523. -20.09171,57.51111
11524. -20.10976,57.547878
11525. -20.149036,57.584324
11526. -20.157295,57.590203
11527. -20.165484,57.492206
11528. -20.152436,57.512945
11529. -20.14817,57.519854
11530. -20.156587,57.508688
11531. -20.161135,57.501084
11532. -20.156336,57.508927
11533. -20.155931,57.499523
11534. -20.154349,57.501326
11535. -20.142585,57.495264
11536. -20.14611,57.501111
11537. -20.164371,57.518969
11538. -20.159677,57.530057
11539. -20.167694,57.536548
11540. -20.155588,57.526571
11541. -20.166596,57.485726
11542. -20.163839,57.492732
11543. -20.159071,57.503058
11544. -20.187075,57.636037
11545. -20.18494,57.578745
11546. -20.193791,57.563124
11547. -20.212594,57.522955
11548. -20.174837,57.507369
11549. -20.186239,57.544799
11550. -20.203543,57.552094
11551. -20.198513,57.559733
11552. -20.206216,57.481424
11553. -20.174175,57.437983
11554. -20.165635,57.468152
11555. -20.214452,57.455363
11556. -20.174943,57.442499
11557. -20.208894,57.478173
11558. -20.246274,57.604923
11559. -20.246646,57.5931
11560. -20.242036,57.59692
11561. -20.2549,57.573981
11562. -20.225003,57.580526
11563. -20.244391,57.59501
11564. -20.215242,57.622529
11565. -20.24347,57.569915
11566. -20.25113,57.589409
11567. -20.253838,57.585526
11568. -20.256596,57.593958
11569. -20.257094,57.488708
11570. -20.231587,57.500982
11571. -20.249163,57.493515
11572. -20.233298,57.50478
11573. -20.234501,57.499437
11574. -20.252504,57.566321
11575. -20.236172,57.55482
11576. -20.240893,57.567919
11577. -20.230545,57.538093
11578. -20.224137,57.558188
11579. -20.243802,57.542911
11580. -20.301229,57.601619
11581. -20.293858,57.518116
11582. -20.302658,57.484846
11583. -20.283141,57.549541
11584. -20.274768,57.51626
11585. -20.261568,57.524414
11586. -20.265433,57.520401
11587. -20.277279,57.512634
11588. -20.285153,57.524071
11589. -20.267949,57.486262
11590. -20.263113,57.490447
11591. -20.273404,57.484063
11592. -20.278486,57.504212
11593. -20.283141,57.513514
11594. -20.259349,57.523191
11595. -20.274295,57.508935
11596. -20.24425,57.477036
11597. -20.261316,57.407609
11598. -20.291443,57.402156
11599. -20.270953,57.474933
11600. -20.230333,57.470137
11601. -20.284726,57.446555
11602. -20.278657,57.459043
11603. -20.27597,57.476746
11604. -20.284907,57.364404
11605. -20.275784,57.37126
11606. -20.255484,57.473645
11607. -20.263571,57.462584
11608. -20.250773,57.473924
11609. -20.290145,57.459934
11610. -20.379841,57.573037
11611. -20.313313,57.515606
11612. -20.33172,57.58147
11613. -20.307281,57.51184
11614. -20.304776,57.498214
11615. -20.340694,57.492378
11616. -20.373545,57.628119
11617. -20.36306,57.640725
11618. -20.362472,57.605953
11619. -20.359746,57.500038
11620. -20.354867,57.574325
11621. -20.389838,57.574346
11622. -20.350942,57.364461
11623. -20.332324,57.368953
11624. -20.315039,57.404251
11625. -20.329949,57.373395
11626. -20.355964,57.366636
11627. -20.310129,57.402942
11628. -20.385911,57.381227
11629. -20.31602,57.372386
11630. -20.33339,57.475558
11631. -20.343063,57.471414
11632. -20.38307,57.420902
11633. -20.36228,57.393887
11634. -20.416923,57.704819
11635. -20.405898,57.702411
11636. -20.39911,57.691505
11637. -20.437449,57.70247
11638. -20.44047,57.715623
11639. -20.442551,57.690175
11640. -20.450995,57.700732
11641. -20.465465,57.679532
11642. -20.42656,57.726374
11643. -20.443295,57.719711
11644. -20.434407,57.674135
11645. -20.393876,57.566375
11646. -20.428385,57.640908
11647. -20.40095,57.636219
11648. -20.44138,57.592714
11649. -20.429727,57.533212
11650. -20.41541,57.490854
11651. -20.476049,57.493
11652. -20.464259,57.586148
11653. -20.433598,57.634041
11654. -20.457554,57.340264
11655. -20.477657,57.349105
11656. -20.420256,57.444377
11657. -20.428649,57.458373
11658. -20.424504,57.429518
11659. -20.4586,57.404509
11660. -20.439062,57.389907
11661. -20.464963,57.309065
11662. -20.443141,57.322176
11663. -20.465621,57.316328
11664. -20.518052,57.528051
11665. -20.484884,57.585075
11666. -20.485954,57.621531
11667. -20.524442,57.529714
11668. -20.51661,57.501841
11669. -20.509194,57.487829
11670. -20.508591,57.419658
11671. -9.63515,33.811798
11672. -9.660281,33.811197
11673. -9.705631,33.865614
11674. -9.833356,33.879089
11675. -9.595609,33.776135
11676. -9.768696,33.873854
11677. -10.017032,33.952732
11678. -10.139735,34.009724
11679. -10.381538,34.212456
11680. -9.901639,33.928699
11681. -9.861727,33.886814
11682. -10.516759,34.204903
11683. -9.955452,33.915911
11684. -10.544099,34.208679
11685. -10.174965,34.040966
11686. -9.995985,33.927841
11687. -10.341349,34.188938
11688. -10.230887,34.106026
11689. -10.283927,34.108944
11690. -10.431176,34.210567
11691. -10.316355,34.138641
11692. -9.945053,33.75721
11693. -9.931611,33.782101
11694. -9.94294,33.846302
11695. -9.964333,33.814094
11696. -10.702653,34.179626
11697. -11.244493,33.869305
11698. -10.717117,34.153919
11699. -10.809448,34.111691
11700. -10.577006,34.170399
11701. -10.728923,34.162159
11702. -10.690066,34.178338
11703. -10.64184,34.199066
11704. -10.908704,34.030409
11705. -11.180675,33.882351
11706. -10.762063,34.123878
11707. -10.944141,33.978481
11708. -10.593627,34.168854
11709. -10.886158,34.045429
11710. -11.104589,33.88896
11711. -9.6957,33.245316
11712. -9.731772,33.396206
11713. -9.71297,33.354406
11714. -9.790899,33.445473
11715. -9.693078,33.238792
11716. -9.902695,33.706055
11717. -9.90872,33.585162
11718. -9.89739,33.61825
11719. -9.919225,33.668375
11720. -10.918038,33.584347
11721. -11.465935,33.991699
11722. -11.275639,33.885441
11723. -11.8151,33.815489
11724. -11.693928,33.785019
11725. -11.802666,33.793259
11726. -11.389756,33.902092
11727. -11.544785,33.924923
11728. -11.624831,33.789482
11729. -11.535408,33.867416
11730. -11.870795,33.798237
11731. -11.419688,33.996119
11732. -11.361989,33.878574
11733. -11.52704,33.947411
11734. -11.399054,33.955822
11735. -11.530446,34.115896
11736. -11.555843,34.210482
11737. -11.497225,34.06517
11738. -11.545752,34.100618
11739. -11.469384,34.074011
11740. -11.463159,34.02586
11741. -11.610286,34.268374
11742. -12.926854,34.283352
11743. -13.129071,33.957453
11744. -13.697069,33.779697
11745. -13.653535,33.769999
11746. -13.662188,33.853469
11747. -13.659311,33.872309
11748. -13.682037,33.844972
11749. -13.798761,33.814845
11750. -13.77119,33.813944
11751. -13.95029,33.776693
11752. -13.759144,34.389095
11753. -13.724752,34.027319
11754. -14.419427,35.361986
11755. -14.4368,35.359154
11756. -14.390247,35.390654
11757. -14.354828,35.469189
11758. -14.561113,35.179939
11759. -14.409784,35.397606
11760. -14.361438,35.43786
11761. -14.686913,35.181785
11762. -14.366552,35.494766
11763. -14.453922,35.30139
11764. -14.371541,35.601368
11765. -14.358882,35.399237
11766. -14.302354,34.530201
11767. -14.946568,35.191097
11768. -15.144919,35.239763
11769. -15.345237,35.388937
11770. -14.802185,35.1614
11771. -15.176276,35.323792
11772. -15.381178,35.323834
11773. -15.45215,35.282679
11774. -15.314858,35.393658
11775. -15.299129,35.396233
11776. -14.994183,35.173159
11777. -15.177394,35.295982
11778. -15.210982,35.356321
11779. -14.974761,35.177536
11780. -15.384902,35.318427
11781. -15.070259,35.227146
11782. -14.876649,35.17127
11783. -15.400604,35.312119
11784. -15.381736,35.354261
11785. -15.157057,35.255556
11786. -14.841598,35.1717
11787. -15.105148,34.873266
11788. -15.184435,34.887943
11789. -15.02608,34.846315
11790. -15.299874,34.902878
11791. -15.448717,34.916182
11792. -15.290188,34.89275
11793. -15.130089,34.868889
11794. -15.001127,34.851894
11795. -15.462987,34.944506
11796. -15.423607,34.845457
11797. -15.224233,34.889059
11798. -15.0657,34.857302
11799. -15.364688,34.885969
11800. -15.443277,34.862709
11801. -16.012486,35.280104
11802. -15.986538,35.36499
11803. -16.078599,35.597162
11804. -15.998873,35.436401
11805. -16.030759,35.261736
11806. -16.04107,35.530643
11807. -16.007804,35.306883
11808. -16.071919,35.627718
11809. -16.056825,35.578365
11810. -16.004112,35.478458
11811. -16.013167,35.49202
11812. -15.999863,35.321431
11813. -16.060887,35.160542
11814. -16.077919,35.733418
11815. -15.599684,35.15831
11816. -15.549415,35.185518
11817. -15.502856,35.222769
11818. -15.607538,35.026131
11819. -15.688968,35.026603
11820. -15.578933,35.012054
11821. -15.645395,35.016861
11822. -15.804776,35.002012
11823. -15.765719,34.999437
11824. -15.72586,35.018749
11825. -15.518239,35.022097
11826. -15.799831,35.020037
11827. -15.801813,35.036001
11828. -15.801947,35.050614
11829. -15.719437,35.109901
11830. -15.692862,35.126445
11831. -15.638204,35.155907
11832. -15.778749,35.094109
11833. -15.80506,35.06925
11834. -15.588772,34.713879
11835. -15.573786,34.458318
11836. -15.550738,34.744005
11837. -15.47068,34.816103
11838. -15.612807,34.546251
11839. -15.522622,34.750357
11840. -15.609759,34.521811
11841. -15.592171,34.509816
11842. -15.62719,34.57685
11843. -15.503104,34.789066
11844. -15.578954,34.476686
11845. -15.620908,34.646244
11846. -15.986992,34.882965
11847. -15.841307,34.985018
11848. -15.930299,34.930172
11849. -16.021231,34.818592
11850. -16.151575,34.848461
11851. -15.968508,34.909143
11852. -16.071919,34.824085
11853. -15.917608,34.949527
11854. -16.102515,34.834728
11855. -16.04107,34.800053
11856. -16.035379,34.856873
11857. -15.828601,34.998064
11858. -15.94371,35.085011
11859. -15.873796,35.055656
11860. -16.055175,35.11385
11861. -16.065352,35.134063
11862. -15.922416,35.074196
11863. -15.989116,35.078573
11864. -16.82693,35.289974
11865. -16.682774,35.216846
11866. -16.735099,35.2565
11867. -16.229962,34.850607
11868. -16.571089,35.037031
11869. -16.284181,34.883223
11870. -16.34975,34.854555
11871. -16.517527,34.974117
11872. -16.585773,35.081406
11873. -16.314085,34.870176
11874. -16.618469,35.148268
11875. -16.398583,34.859877
11876. -16.263418,34.870262
11877. -16.507241,34.933863
11878. -16.571912,35.120716
11879. -16.543117,35.014114
11880. -16.467654,34.873781
11881. -11.936429,33.698931
11882. -11.902354,33.600354
11883. -12.105711,33.647175
11884. -12.238946,33.662109
11885. -12.336229,33.584347
11886. -12.182321,33.650436
11887. -12.513174,33.508987
11888. -12.297571,33.620224
11889. -12.605831,33.495598
11890. -12.422746,33.528557
11891. -12.004272,33.666487
11892. -12.470017,33.532162
11893. -12.162269,33.660221
11894. -12.073966,33.666787
11895. -12.200023,33.668461
11896. -12.254044,33.640995
11897. -12.35719,33.550014
11898. -12.480241,33.517914
11899. -12.583633,33.507786
11900. -13.315379,33.559456
11901. -13.350373,33.58263
11902. -12.87402,33.450193
11903. -13.293411,33.535767
11904. -12.935178,33.481264
11905. -13.018816,33.458347
11906. -12.815819,33.43483
11907. -12.701218,33.489676
11908. -13.407821,33.594646
11909. -13.415294,33.604603
11910. -13.470056,33.640051
11911. -13.52298,33.728435
11912. -13.531221,33.73749
11913. -13.912615,33.116226
11914. -13.804533,32.986107
11915. -13.783986,32.830238
11916. -13.789509,32.904696
11917. -14.008571,33.30265
11918. -13.800074,32.87693
11919. -13.922321,33.210468
11920. -13.99,33.590612
11921. -14.027933,33.495941
11922. -13.992498,33.683825
11923. -13.974966,33.739614
11924. -14.021146,33.360844
11925. -13.932193,33.220682
11926. -13.975175,33.72262
11927. -13.796615,32.889333
11928. -13.986502,33.627219
11929. -17.0121,35.226202
11930. -16.951642,35.212469
11931. -17.032043,35.222082
11932. -16.996341,35.217962
11933. -17.077913,35.208778
11934. -16.930253,35.254011
11935. -16.886483,35.268774
11936. -9.589621,33.776178
11937. -9.934972,33.93106
11938. -10.698088,34.185312
11939. -11.054135,33.921103
11940. -10.740729,34.203701
11941. -10.934871,34.221039
11942. -11.113769,34.232883
11943. -10.828206,34.204302
11944. -10.798867,34.211512
11945. -11.178002,34.203744
11946. -11.014751,34.210052
11947. -10.761346,34.200439
11948. -11.226688,34.211426
11949. -11.038782,33.905396
11950. -11.023344,33.855271
11951. -11.016267,33.775749
11952. -11.034907,33.891191
11953. -11.050534,33.906727
11954. -9.470439,33.105669
11955. -9.372303,32.98748
11956. -9.836019,33.358784
11957. -9.666923,33.239651
11958. -9.52648,33.123093
11959. -9.619452,33.255787
11960. -9.580819,33.214931
11961. -9.702606,33.272524
11962. -9.541547,33.142061
11963. -9.537315,33.137684
11964. -9.767004,33.32531
11965. -10.267247,33.561344
11966. -10.523003,33.65078
11967. -10.325643,33.611298
11968. -10.042092,33.477659
11969. -10.532201,33.676529
11970. -10.483845,33.634129
11971. -10.071333,33.528557
11972. -10.232787,33.567181
11973. -10.201111,33.546495
11974. -9.918549,33.43689
11975. -10.006931,33.459549
11976. -9.978023,33.427792
11977. -10.0284,33.505125
11978. -10.369887,33.662281
11979. -10.476756,33.644772
11980. -10.05029,33.534994
11981. -9.944546,33.413286
11982. -10.402475,33.668804
11983. -10.187342,33.551989
11984. -10.112317,33.563147
11985. -9.887391,33.408995
11986. -10.279747,33.586407
11987. -9.980728,33.393373
11988. -10.349159,33.642368
11989. -10.718382,33.649578
11990. -10.566038,33.710346
11991. -11.051481,33.588467
11992. -10.833137,33.585892
11993. -11.103452,33.659878
11994. -10.623914,33.64872
11995. -10.790731,33.593445
11996. -10.878699,33.540659
11997. -10.60721,33.68494
11998. -10.669127,33.613701
11999. -10.786684,33.619709
12000. -10.696707,33.620052
12001. -10.748319,33.644428
12002. -10.575403,33.681164
12003. -10.917384,33.573961
12004. -11.004388,33.583488
12005. -10.869595,33.544264
12006. -11.157182,33.644772
12007. -11.102357,33.687344
12008. -10.966725,33.664169
12009. -10.927118,33.623829
12010. -10.984419,33.744507
12011. -11.460804,34.014874
12012. -11.722671,34.23357
12013. -11.746538,34.231853
12014. -11.671822,34.241552
12015. -11.777418,34.201212
12016. -11.714519,34.266701
12017. -11.869115,34.151001
12018. -11.832364,34.168768
12019. -11.660558,34.25005
12020. -11.936807,34.110661
12021. -11.905566,34.157696
12022. -11.545331,34.188938
12023. -11.702249,34.266357
12024. -11.305267,34.228764
12025. -11.334765,34.1819
12026. -11.485113,34.188337
12027. -11.398128,34.174433
12028. -11.607743,34.301462
12029. -12.437373,34.100533
12030. -12.19759,34.017277
12031. -12.230558,33.979855
12032. -12.353124,34.051781
12033. -12.575884,34.139414
12034. -11.987523,34.043198
12035. -12.310108,34.00466
12036. -12.239449,33.995991
12037. -12.003978,34.049034
12038. -12.307425,34.034529
12039. -12.649509,34.173403
12040. -12.368718,34.070063
12041. -12.47844,34.106112
12042. -12.310863,34.016075
12043. -12.086912,34.052467
12044. -13.249052,34.283524
12045. -13.134734,34.328842
12046. -13.304855,34.280949
12047. -12.786441,34.176664
12048. -12.801465,34.215889
12049. -12.674799,34.158297
12050. -13.051971,34.296227
12051. -13.1858,34.325581
12052. -12.703604,34.168854
12053. -12.989546,34.302235
12054. -12.873434,34.259062
12055. -13.227747,34.298801
12056. -12.907382,34.286957
12057. -13.243371,33.899002
12058. -13.341687,33.922691
12059. -13.204267,33.937969
12060. -13.243538,33.871708
12061. -13.262419,33.869305
12062. -13.025339,34.053326
12063. -13.02584,34.086971
12064. -13.137409,33.878059
12065. -13.00669,34.113235
12066. -13.080962,34.009466
12067. -13.141923,33.79961
12068. -13.101298,33.787251
12069. -12.961234,34.254084
12070. -13.149946,33.838921
12071. -13.65904,33.777809
12072. -13.38461,34.25005
12073. -13.65366,34.334249
12074. -13.457181,34.237261
12075. -13.370498,34.261036
12076. -13.399723,34.257774
12077. -13.542121,34.287472
12078. -13.479071,33.931189
12079. -13.42047,33.942347
12080. -13.616917,33.903723
12081. -13.537365,33.913937
12082. -13.554012,33.899088
12083. -13.576248,33.916683
12084. -13.433285,33.93342
12085. -13.362189,33.918657
12086. -13.701989,33.974876
12087. -13.654953,33.932219
12088. -13.676721,33.954191
12089. -13.939815,34.485569
12090. -13.903992,34.461365
12091. -13.996954,34.500332
12092. -14.059886,33.801756
12093. -13.99406,33.780127
12094. -13.974008,33.756952
12095. -13.900951,33.791542
12096. -13.723752,33.804588
12097. -13.989916,33.770256
12098. -14.011257,33.786821
12099. -13.721167,34.383688
12100. -13.831829,34.434929
12101. -13.770857,34.439993
12102. -13.711411,33.837118
12103. -13.730839,34.141731
12104. -13.749161,34.307513
12105. -13.792947,33.992558
12106. -13.819786,33.883381
12107. -13.890099,33.811927
12108. -13.82462,33.858061
12109. -13.765688,34.191599
12110. -13.816119,33.954792
12111. -13.768585,34.360042
12112. -13.753767,34.252539
12113. -13.72667,34.121733
12114. -14.483862,35.257766
12115. -14.384885,34.583416
12116. -14.167411,34.527283
12117. -14.225158,34.513893
12118. -14.285885,34.519215
12119. -14.09787,34.517326
12120. -14.343353,34.701176
12121. -14.284596,34.585304
12122. -14.204524,34.901762
12123. -14.262262,35.078144
12124. -14.339943,35.148697
12125. -14.215923,35.031195
12126. -14.342937,34.719114
12127. -14.313082,34.65929
12128. -14.170157,34.943733
12129. -14.253111,34.819279
12130. -14.31275,34.80752
12131. -14.09069,33.881707
12132. -14.229817,34.137697
12133. -14.387067,34.361243
12134. -14.383243,34.306226
12135. -14.07789,33.933678
12136. -14.120012,34.0662
12137. -14.335702,34.202671
12138. -14.395735,34.393559
12139. -14.073207,33.832397
12140. -14.081199,33.907585
12141. -14.10969,34.007835
12142. -14.396649,34.341974
12143. -14.172404,34.119759
12144. -14.290626,34.162931
12145. -14.394716,34.336996
12146. -14.567302,34.52445
12147. -14.647742,34.551659
12148. -14.752847,34.548397
12149. -14.686685,34.52033
12150. -14.520569,34.465656
12151. -14.483301,34.65414
12152. -14.599781,34.719372
12153. -14.64114,34.765549
12154. -14.675725,34.782629
12155. -14.429444,34.597492
12156. -14.419136,34.591827
12157. -14.529169,34.674225
12158. -14.434389,34.420853
12159. -15.045477,35.188866
12160. -14.86545,34.707956
12161. -14.86321,34.781771
12162. -14.924384,34.86949
12163. -15.450785,34.850521
12164. -14.958094,34.894037
12165. -14.847468,34.685447
12166. -14.872253,34.748468
12167. -14.819321,34.647145
12168. -14.775837,34.568481
12169. -14.802725,34.620409
12170. -14.821229,34.845114
12171. -14.847779,34.872837
12172. -15.022018,35.028191
12173. -15.016547,35.07823
12174. -14.988027,34.951973
12175. -15.984537,35.416832
12176. -15.848201,35.180883
12177. -15.87524,35.259762
12178. -15.924604,35.362415
12179. -15.84399,35.208778
12180. -15.896044,35.314178
12181. -15.787329,35.011969
12182. -15.81288,35.060871
12183. -15.825803,35.063424
12184. -15.835733,35.112906
12185. -15.82665,35.136766
12186. -15.838541,35.149384
12187. -11.929123,33.746653
12188. -11.839547,33.442039
12189. -11.342045,33.492336
12190. -11.821065,33.431396
12191. -11.863739,33.517914
12192. -11.892486,33.577995
12193. -11.30695,33.581257
12194. -11.750991,33.38213
12195. -11.286918,33.602886
12196. -11.898029,33.594046
12197. -11.604065,33.413715
12198. -11.454369,33.428822
12199. -11.452182,33.417149
12200. -11.900527,33.555508
12201. -11.802582,33.357754
12202. -11.663332,33.408909
12203. -11.867435,33.686485
12204. -11.910731,33.740816
12205. -11.906406,33.718243
12206. -11.890155,33.604088
12207. -11.875855,33.704896
12208. -12.05294,33.634644
12209. -12.023266,33.636489
12210. -12.010191,33.622799
12211. -12.104956,33.562889
12212. -12.089933,33.520489
12213. -12.138942,33.433628
12214. -12.132817,33.357239
12215. -12.119558,33.491135
12216. -12.172169,33.314495
12217. -12.071804,33.600826
12218. -12.244251,33.311319
12219. -12.129712,33.457832
12220. -13.134024,33.485041
12221. -13.173933,33.509417
12222. -13.05519,33.47693
12223. -13.225919,33.504288
12224. -13.062213,33.482766
12225. -13.028558,33.558769
12226. -13.042606,33.575935
12227. -13.101298,33.743477
12228. -13.046139,33.497572
12229. -13.05473,33.692665
12230. -13.036272,33.480878
12231. -13.259579,33.445473
12232. -13.035917,33.599968
12233. -13.831454,33.042412
12234. -13.7526,32.79685
12235. -13.366991,33.427963
12236. -13.439296,33.266516
12237. -13.448896,33.247375
12238. -13.406402,33.38728
12239. -13.577666,33.150043
12240. -13.623445,33.081937
12241. -13.686311,33.046446
12242. -13.434662,33.391528
12243. -13.534778,33.181629
12244. -12.696644,45.07022
12245. -12.725373,45.123167
12246. -12.687171,45.103619
12247. -12.729663,45.169859
12248. -12.802699,45.213718
12249. -12.786101,45.273392
12250. -12.784019,45.27954
12251. -12.78981,45.268071
12252. -12.781058,45.279529
12253. -12.775789,45.224651
12254. -12.785541,45.225896
12255. -12.796234,45.274293
12256. -12.776082,45.232054
12257. -12.82311,45.132437
12258. -12.790239,45.11276
12259. -12.746954,45.05587
12260. -12.764907,45.104928
12261. -12.789757,45.133874
12262. -12.834167,45.138788
12263. -12.935086,45.126632
12264. -12.95357,45.113039
12265. -12.960999,45.112191
12266. -12.968861,45.111462
12267. -12.985725,45.136594
12268. -12.968349,45.158465
12269. -12.925887,45.105722
12270. -12.926985,45.104703
12271. -12.937353,45.160589
12272. -12.939276,45.13675
12273. -12.845193,45.105314
12274. -12.932898,45.151577
12275. -12.83355,45.113962
12276. -12.832444,45.113742
12277. -12.839468,45.121365
12278. -12.840862,45.121579
12279. -12.838734,45.128489
12280. -12.944996,45.123446
12281. -12.836704,45.177208
12282. -12.736937,45.205393
12283. -12.702149,45.051928
12284. -12.712191,45.052518
12285. -12.723086,45.059073
12286. -12.735626,45.11902
12287. -12.682184,45.100476
12288. -12.722144,45.16855
12289. -12.677228,45.094779
12290. -12.725686,45.165761
12291. -12.684303,45.092762
12292. -12.721773,45.130184
12293. -12.742556,45.150139
12294. -12.672036,45.084693
12295. -12.704064,45.122931
12296. -12.722212,45.120592
12297. -12.681352,45.083642
12298. -12.787911,45.17664
12299. -12.782428,45.287865
12300. -12.788779,45.270506
12301. -12.768086,45.279111
12302. -12.784032,45.223195
12303. -12.779062,45.225126
12304. -12.792159,45.280098
12305. -12.789145,45.279915
12306. -12.7449,45.218503
12307. -12.755637,45.232955
12308. -12.783061,45.234548
12309. -12.778295,45.231894
12310. -12.800733,45.283359
12311. -12.782946,45.254284
12312. -12.782015,45.257503
12313. -12.751587,45.091217
12314. -12.807292,45.126085
12315. -12.764557,45.075563
12316. -12.760999,45.08435
12317. -12.789669,45.107055
12318. -12.747879,45.056536
12319. -12.7499,45.055908
12320. -12.750686,45.055302
12321. -12.822469,45.106274
12322. -12.98297,45.109713
12323. -12.962823,45.088835
12324. -12.9847,45.152167
12325. -12.960886,45.172665
12326. -12.978156,45.123795
12327. -12.965892,45.113693
12328. -12.95736,45.103683
12329. -12.965842,45.111599
12330. -12.989073,45.137007
12331. -12.970712,45.160654
12332. -12.906263,45.155826
12333. -12.855637,45.100186
12334. -12.900791,45.097568
12335. -12.908078,45.080284
12336. -12.924496,45.091388
12337. -12.835271,45.110099
12338. -12.84978,45.139657
12339. -12.960884,45.126581
12340. -12.832933,45.190887
12341. -12.850883,45.098952
12342. -12.911304,45.192915
12343. -12.843425,45.184847
12344. -12.866291,45.198462
12345. -12.883297,45.215124
12346. -12.844733,45.189664
12347. -12.89294,45.202303
12348. -17.538867,24.268928
12349. -17.494934,24.312401
12350. -17.560359,24.252105
12351. -17.558221,24.355799
12352. -17.490615,24.28103
12353. -17.87161,24.664392
12354. -17.656976,24.152616
12355. -17.631732,24.19257
12356. -17.72807,24.528641
12357. -17.897115,24.689155
12358. -17.726706,24.526709
12359. -17.796603,24.622539
12360. -17.826512,24.644351
12361. -17.630076,24.41102
12362. -17.695054,24.033859
12363. -17.807942,23.109055
12364. -17.872141,23.491302
12365. -17.83119,23.704977
12366. -17.911327,22.788563
12367. -17.87793,23.552284
12368. -17.811007,23.180466
12369. -17.864625,23.614511
12370. -17.786163,23.25222
12371. -17.821864,23.397896
12372. -17.957465,22.559566
12373. -17.762041,23.823627
12374. -17.813836,23.384088
12375. -17.781811,23.32611
12376. -17.740757,23.872454
12377. -18.081365,21.763916
12378. -17.979917,22.467041
12379. -18.103761,21.497326
12380. -17.983468,21.192949
12381. -18.058191,22.105436
12382. -18.017385,22.401896
12383. -18.015508,22.314863
12384. -18.038442,21.964926
12385. -18.099529,21.547116
12386. -17.985887,21.153601
12387. -17.996775,21.231251
12388. -18.039162,21.348265
12389. -18.082956,21.424713
12390. -18.041625,22.199936
12391. -18.030077,20.549755
12392. -17.929987,19.981041
12393. -18.060578,20.812408
12394. -17.938643,19.925423
12395. -17.94191,20.112019
12396. -17.968824,20.463924
12397. -17.970079,20.465684
12398. -17.932784,19.771314
12399. -17.910551,20.176048
12400. -18.044461,20.699852
12401. -18.052826,20.772336
12402. -18.055233,20.891962
12403. -18.030332,20.984498
12404. -17.92964,19.867594
12405. -17.951606,19.740028
12406. -17.937031,19.757752
12407. -17.943543,20.026016
12408. -17.919915,20.250962
12409. -17.942425,20.380395
12410. -17.996639,20.503229
12411. -18.038027,20.582379
12412. -17.997244,21.070329
12413. -18.048677,20.666278
12414. -17.923026,19.803715
12415. -17.906263,19.699345
12416. -18.088504,19.578838
12417. -18.053744,19.632568
12418. -18.198879,19.480906
12419. -17.872937,19.450092
12420. -17.809801,18.866744
12421. -17.486666,18.432312
12422. -17.612856,17.618122
12423. -17.566547,18.314552
12424. -17.850472,19.284267
12425. -17.622509,17.558727
12426. -17.561535,18.53754
12427. -17.716517,18.701477
12428. -17.607784,17.031802
12429. -17.614165,17.95166
12430. -17.622202,18.570757
12431. -17.624432,17.373333
12432. -17.637069,18.194218
12433. -17.867566,19.357642
12434. -17.646374,18.614101
12435. -17.636037,18.59627
12436. -17.635715,18.595734
12437. -17.824561,18.921247
12438. -17.57923,17.216263
12439. -17.683708,18.666973
12440. -17.878615,19.631023
12441. -17.839278,19.082394
12442. -17.516318,18.50338
12443. -17.771696,18.791041
12444. -18.97862,18.750744
12445. -18.895157,18.829907
12446. -18.567331,19.142389
12447. -18.528832,19.179468
12448. -18.32266,19.36763
12449. -18.787672,18.934593
12450. -19.000614,18.712807
12451. -19.181976,18.55608
12452. -19.315112,18.412228
12453. -19.131546,18.619938
12454. -19.363867,18.32468
12455. -19.154493,18.56535
12456. -19.242754,18.501105
12457. -19.037759,18.684418
12458. -19.645215,17.495384
12459. -19.611746,18.046331
12460. -19.433491,18.256016
12461. -19.649337,17.418737
12462. -19.538033,18.121519
12463. -19.660088,17.384748
12464. -19.657905,17.410326
12465. -19.498605,18.223051
12466. -19.536766,18.123134
12467. -19.584658,18.05131
12468. -19.525798,18.136411
12469. -19.656127,18.1071
12470. -19.573771,18.110726
12471. -19.615788,18.108559
12472. -17.473157,16.387653
12473. -17.47897,16.514339
12474. -17.505248,16.197281
12475. -17.506271,16.557856
12476. -17.474754,16.331949
12477. -17.516769,16.077418
12478. -17.51906,16.015534
12479. -17.569534,16.750159
12480. -19.699607,17.980585
12481. -19.688213,17.666273
12482. -19.726918,17.880249
12483. -19.724736,17.853642
12484. -19.716939,17.712536
12485. -19.713182,17.695799
12486. -20.98957,18.478489
12487. -21.045814,18.54681
12488. -20.106234,18.235159
12489. -21.072887,18.628349
12490. -20.697031,18.22031
12491. -20.534193,18.201771
12492. -20.991393,18.249836
12493. -20.6621,18.212757
12494. -20.227489,18.215675
12495. -19.99791,18.129973
12496. -19.753497,18.13096
12497. -20.447039,18.211384
12498. -19.810517,18.098001
12499. -21.026267,18.344765
12500. -20.97258,18.227134
12501. -20.0861,18.212816
12502. -20.08574,18.212339
12503. -19.964092,18.125317
12504. -20.410757,18.200266
12505. -20.326509,18.214012
12506. -20.36916,18.212897
12507. -20.410216,18.200215
12508. -20.855293,18.196052
12509. -20.597377,18.218787
12510. -22.309183,19.862117
12511. -22.3102,19.688444
12512. -22.309247,19.749427
12513. -22.284033,19.987307
12514. -21.39594,18.897858
12515. -21.480786,18.957253
12516. -21.103479,18.670406
12517. -21.6165,19.039478
12518. -21.250502,18.799324
12519. -21.276018,18.844643
12520. -21.790506,19.056816
12521. -21.391305,18.861637
12522. -21.533011,19.03656
12523. -21.218051,18.777663
12524. -21.370365,18.856659
12525. -21.70618,19.048651
12526. -21.705049,19.048421
12527. -21.15884,18.779132
12528. -21.144391,18.768725
12529. -22.411862,18.509045
12530. -22.380754,18.569899
12531. -22.450657,18.967896
12532. -22.427889,18.947725
12533. -22.340912,19.293585
12534. -22.340153,19.393616
12535. -22.386634,18.420143
12536. -22.408301,18.487802
12537. -22.396348,19.109859
12538. -22.330189,19.633512
12539. -22.329971,19.634714
12540. -22.33916,19.479741
12541. -22.410185,18.494003
12542. -22.449864,18.982573
12543. -22.44324,18.961716
12544. -22.026614,19.069519
12545. -22.224197,19.000854
12546. -22.091446,19.053383
12547. -22.416384,19.001455
12548. -21.853931,19.075871
12549. -22.087549,19.054048
12550. -22.392063,17.777252
12551. -22.351941,18.275671
12552. -22.390357,17.893724
12553. -22.497506,17.462983
12554. -22.377559,17.950201
12555. -22.44326,17.591901
12556. -22.438044,17.602501
12557. -22.408152,17.66696
12558. -22.357815,18.076458
12559. -22.488669,17.495304
12560. -22.198889,15.16139
12561. -21.894035,16.448679
12562. -21.992258,15.313697
12563. -22.226144,15.156755
12564. -21.977553,15.465574
12565. -21.944379,16.710806
12566. -22.370912,15.06217
12567. -21.940378,15.917902
12568. -21.930108,15.786839
12569. -21.915537,16.125269
12570. -22.092599,15.227973
12571. -21.969833,15.995235
12572. -21.917707,16.638021
12573. -22.432967,14.994707
12574. -21.938906,15.849323
12575. -21.914631,16.316628
12576. -22.000773,15.587668
12577. -21.979603,15.35996
12578. -22.000813,15.585995
12579. -21.91274,16.328838
12580. -21.897858,16.504984
12581. -21.911336,16.577597
12582. -21.936079,15.669765
12583. -23.543058,17.135153
12584. -22.683876,17.067775
12585. -23.753375,17.31308
12586. -23.363768,17.098331
12587. -23.444191,17.117901
12588. -23.658204,17.200642
12589. -23.037876,17.103481
12590. -23.352855,17.089319
12591. -23.285977,17.078462
12592. -23.815658,17.369556
12593. -23.706702,17.253685
12594. -23.116286,17.101421
12595. -23.322001,17.070093
12596. -23.524094,17.131977
12597. -23.725753,17.277184
12598. -22.945906,17.131119
12599. -22.75501,17.134155
12600. -23.007996,17.116023
12601. -22.707156,17.088375
12602. -22.625598,17.088965
12603. -22.84889,17.113352
12604. -22.551919,17.275915
12605. -22.585296,17.146118
12606. -22.533765,17.331791
12607. -22.571635,17.081959
12608. -22.54748,17.259951
12609. -22.5122,17.372217
12610. -22.555407,17.21034
12611. -22.570781,17.08495
12612. -22.574265,17.110809
12613. -22.572096,17.103213
12614. -22.57117,17.088203
12615. -22.580046,17.117021
12616. -22.61722,17.057455
12617. -24.223563,17.747469
12618. -24.141584,17.679577
12619. -24.957347,17.918873
12620. -24.266058,17.792702
12621. -25.01904,17.903681
12622. -24.402057,17.90205
12623. -25.242483,17.824502
12624. -24.464729,17.911835
12625. -24.603167,17.961102
12626. -24.440586,17.91707
12627. -24.903487,17.91398
12628. -25.158492,17.835231
12629. -24.663008,17.95372
12630. -24.536388,17.947111
12631. -24.068409,17.588038
12632. -24.072563,17.590742
12633. -25.165173,17.832441
12634. -23.935898,17.477617
12635. -24.002249,17.533064
12636. -24.628137,17.955265
12637. -24.496373,17.927247
12638. -22.931302,14.543538
12639. -22.569594,14.811802
12640. -22.58909,14.721594
12641. -22.702682,14.522123
12642. -22.817436,14.545641
12643. -22.669452,14.56241
12644. -22.955074,14.520493
12645. -22.677382,14.533668
12646. -22.531466,14.870596
12647. -22.672729,14.548516
12648. -22.682311,14.528303
12649. -22.947971,14.528131
12650. -22.678265,14.527692
12651. -25.441104,17.924838
12652. -25.905479,18.121262
12653. -26.344883,18.195677
12654. -25.600819,17.981358
12655. -26.42016,18.197136
12656. -26.492775,18.159113
12657. -26.048918,18.150187
12658. -26.299725,18.190012
12659. -25.976873,18.127355
12660. -26.318421,18.18821
12661. -25.65762,18.031998
12662. -26.561622,18.148985
12663. -25.464948,17.950059
12664. -25.464323,17.949469
12665. -25.892353,18.112893
12666. -26.239152,18.171129
12667. -25.696191,18.050859
12668. -25.477101,17.962346
12669. -25.883087,18.109331
12670. -26.575325,18.147097
12671. -26.694163,17.181668
12672. -26.642165,16.908474
12673. -26.660921,18.048391
12674. -26.655974,16.938343
12675. -26.609767,18.134909
12676. -26.704098,18.018179
12677. -26.659795,17.074605
12678. -28.11425,19.954777
12679. -28.112982,19.752645
12680. -28.123372,19.829593
12681. -28.119663,19.836674
12682. -28.098162,19.986491
12683. -26.758257,17.716055
12684. -26.78933,17.410583
12685. -26.807487,17.37359
12686. -26.780365,17.467854
12687. -26.799136,17.318487
12688. -26.784771,17.925181
12689. -26.758448,17.23227
12690. -26.75201,17.673655
12691. -26.749328,17.221842
12692. -26.805725,17.352819
12693. -26.78399,17.560857
12694. -26.807353,17.807593
12695. -27.773785,18.330345
12696. -27.727982,18.374891
12697. -28.085801,19.565706
12698. -28.074745,19.329994
12699. -28.090798,19.680204
12700. -28.097689,19.628191
12701. -28.005068,18.796105
12702. -28.090496,19.466743
12703. -27.993681,19.094324
12704. -27.856759,18.633757
12705. -28.014976,18.969955
12706. -28.003363,18.744113
12707. -27.906172,18.684214
12708. -28.060052,19.285984
12709. -28.053689,19.261479
12710. -27.728873,18.384901
12711. -27.736985,18.389418
12712. -28.016733,18.749741
12713. -28.041985,18.085385
12714. -27.910851,18.195076
12715. -27.853192,18.26992
12716. -27.987126,18.152128
12717. -27.941943,18.176966
12718. -26.580122,15.599899
12719. -26.644007,16.849251
12720. -26.632844,16.500692
12721. -26.618726,16.106987
12722. -26.707242,15.390043
12723. -26.623905,16.800671
12724. -26.647804,16.244488
12725. -26.618956,16.470652
12726. -26.696123,15.232801
12727. -26.639442,15.448751
12728. -26.643201,16.157541
12729. -26.610438,16.676388
12730. -26.724454,15.304899
12731. -26.701338,15.350475
12732. -26.657086,16.412802
12733. -26.567572,15.818939
12734. -26.662091,16.263328
12735. -26.660921,16.304483
12736. -26.662494,16.281223
12737. -26.636373,16.573734
12738. -26.620059,15.167774
12739. -26.592355,16.01054
12740. -26.644026,15.156691
12741. -26.691877,15.246534
12742. -26.653078,15.156884
12743. -28.132607,19.786162
12744. -28.153136,18.048134
12745. -28.285789,18.009338
12746. -28.659562,17.669964
12747. -28.620994,17.75528
12748. -28.559798,17.81725
12749. -28.736045,17.617071
12750. -28.503393,17.873898
12751. -28.412691,17.953377
12752. -28.368897,17.971916
12753. -17.495691,24.269389
12754. -17.494402,24.256868
12755. -17.475327,24.244165
12756. -18.098907,21.54891
12757. -18.095072,21.574917
12758. -18.159248,21.671648
12759. -18.186424,21.684093
12760. -18.063944,21.545134
12761. -18.106443,21.620643
12762. -18.125277,21.572127
12763. -17.941093,19.749427
12764. -17.485601,18.456473
12765. -17.652201,18.240137
12766. -17.434551,18.453169
12767. -17.47195,18.469133
12768. -17.389641,18.409706
12769. -18.180879,18.09268
12770. -17.757106,18.217564
12771. -17.723262,18.208294
12772. -17.859805,18.196267
12773. -17.656945,18.240824
12774. -18.523603,17.109404
12775. -18.475315,16.953321
12776. -18.768393,17.261753
12777. -18.706944,17.21386
12778. -18.878473,17.335911
12779. -18.61784,17.166181
12780. -18.818121,17.935696
12781. -18.737102,17.998867
12782. -18.9358,17.930975
12783. -18.806015,17.944622
12784. -18.291889,17.998996
12785. -18.762257,17.970285
12786. -18.775544,17.963247
12787. -18.527204,17.99891
12788. -19.286396,17.682753
12789. -19.284937,17.698288
12790. -19.496815,17.555122
12791. -19.324711,17.671938
12792. -19.083969,17.514932
12793. -19.193426,17.550058
12794. -19.343905,17.645931
12795. -19.595898,17.449551
12796. -19.627753,17.368269
12797. -19.396294,17.629613
12798. -19.230486,17.708673
12799. -19.643719,17.348528
12800. -19.227164,17.659181
12801. -19.266627,17.703695
12802. -19.030679,17.465515
12803. -19.539044,17.545938
12804. -19.135012,17.529202
12805. -19.241173,17.709939
12806. -19.252255,17.711763
12807. -19.563723,18.106713
12808. -19.570951,18.088646
12809. -19.221004,17.70421
12810. -19.18153,17.726097
12811. -19.169127,17.759228
12812. -19.085358,17.850723
12813. -19.124856,17.802916
12814. -19.477638,17.993031
12815. -19.275701,17.772789
12816. -19.321633,17.834158
12817. -19.480875,18.031139
12818. -19.558739,18.083153
12819. -19.544463,18.0756
12820. -19.297251,17.819395
12821. -19.414995,17.926769
12822. -17.673383,15.952106
12823. -17.912909,15.971439
12824. -17.571232,15.912409
12825. -17.804919,15.969443
12826. -17.608173,15.909104
12827. -18.441589,16.758614
12828. -17.786919,15.975709
12829. -17.878247,15.980129
12830. -17.518999,15.90168
12831. -17.530759,15.901667
12832. -17.902159,15.968285
12833. -17.997224,16.150246
12834. -17.91688,15.990515
12835. -17.44839,15.888548
12836. -17.936724,16.030512
12837. -17.935913,16.028752
12838. -18.217815,16.413231
12839. -17.640116,15.924146
12840. -18.12389,16.302209
12841. -18.396139,16.627196
12842. -18.360085,16.580601
12843. -17.398487,15.889878
12844. -17.47064,15.897431
12845. -20.055508,17.015977
12846. -20.154526,16.882167
12847. -20.102728,16.952333
12848. -19.94241,17.094684
12849. -19.776719,17.230446
12850. -19.867598,17.152233
12851. -20.00779,17.049279
12852. -21.697917,16.887606
12853. -22.436056,19.012806
12854. -22.222052,17.020226
12855. -22.157976,16.99894
12856. -22.17745,16.99791
12857. -22.120531,16.969585
12858. -22.414044,17.069782
12859. -22.47249,17.078226
12860. -22.377153,17.06063
12861. -22.310279,17.045803
12862. -22.328571,17.051082
12863. -22.059352,16.935768
12864. -22.038907,16.941347
12865. -21.97035,16.890664
12866. -21.8975,16.895771
12867. -21.985871,16.911392
12868. -22.007199,16.929932
12869. -21.958748,16.895943
12870. -21.998316,16.92163
12871. -21.974651,16.906588
12872. -20.361003,16.753035
12873. -20.762735,16.809082
12874. -21.032476,16.818008
12875. -20.948535,16.798096
12876. -20.588157,16.747799
12877. -21.052503,16.837921
12878. -20.682016,16.779299
12879. -20.460872,16.651196
12880. -20.429386,16.671324
12881. -20.272081,16.811936
12882. -20.452227,16.653857
12883. -20.17777,16.86779
12884. -21.000027,16.809683
12885. -20.511003,16.684113
12886. -20.84642,16.801314
12887. -20.475356,16.653321
12888. -20.671255,16.311607
12889. -21.013769,16.100979
12890. -20.589804,16.415977
12891. -20.541105,16.526012
12892. -20.459565,16.642914
12893. -20.46841,16.625619
12894. -21.085982,16.054802
12895. -21.02835,16.079865
12896. -20.896864,16.184042
12897. -20.888685,16.18947
12898. -20.839802,16.206379
12899. -20.623225,16.373405
12900. -20.465676,16.636004
12901. -20.774011,16.241055
12902. -21.749376,16.872253
12903. -21.223101,16.811571
12904. -21.639957,16.866932
12905. -21.284536,16.830883
12906. -21.494083,16.853371
12907. -21.390866,16.842728
12908. -21.163322,16.820841
12909. -21.562648,16.863799
12910. -21.937154,15.878849
12911. -21.675336,15.980387
12912. -21.940856,15.878677
12913. -21.940697,15.881424
12914. -21.299691,15.991459
12915. -21.220621,16.028023
12916. -21.900884,15.880222
12917. -21.839232,15.923052
12918. -21.415858,15.958929
12919. -21.469524,15.967641
12920. -21.439428,15.9582
12921. -21.42996,15.951591
12922. -21.406209,15.967941
12923. -21.860822,15.900564
12924. -21.423129,15.950046
12925. -22.534994,17.06857
12926. -22.568168,17.05164
12927. -22.5518,17.062132
12928. -22.511923,17.07505
12929. -22.598582,17.084194
12930. -22.570377,17.077067
12931. -22.617962,17.087935
12932. -22.59226,17.080135
12933. -22.578402,17.073956
12934. -22.565468,17.078902
12935. -22.538413,17.074599
12936. -22.611753,17.08705
12937. -22.611178,17.106614
12938. -22.663957,14.580102
12939. -22.699644,14.585831
12940. -22.916144,14.599285
12941. -26.595857,18.141518
12942. -26.625824,18.192844
12943. -28.094811,19.999237
12944. -27.300191,18.565543
12945. -27.324043,18.573418
12946. -27.208534,18.60981
12947. -27.401337,18.524494
12948. -26.721387,18.390598
12949. -27.247152,18.582344
12950. -26.962776,18.587322
12951. -27.057153,18.635999
12952. -26.904007,18.577193
12953. -26.734573,18.486385
12954. -26.769632,18.536242
12955. -27.142629,18.620351
12956. -27.03711,18.62732
12957. -27.429528,18.515224
12958. -27.533847,18.440552
12959. -27.723804,18.377509
12960. -28.765891,17.625976
12961. -20.897,55.557539
12962. -20.905905,55.599639
12963. -20.901495,55.559406
12964. -20.916027,55.618823
12965. -20.930709,55.638478
12966. -20.960623,55.649915
12967. -20.952049,55.625389
12968. -20.963008,55.658852
12969. -20.944582,55.682166
12970. -20.959601,55.663326
12971. -20.931721,55.633821
12972. -20.962441,55.657876
12973. -20.977885,55.640076
12974. -20.982292,55.64941
12975. -20.990612,55.66294
12976. -20.969014,55.655944
12977. -20.920081,55.620904
12978. -21.081317,55.746195
12979. -21.041303,55.714921
12980. -21.047617,55.717206
12981. -20.876767,55.44214
12982. -20.88623,55.440059
12983. -20.88852,55.445949
12984. -20.890665,55.455004
12985. -20.891126,55.480217
12986. -20.896333,55.492008
12987. -20.898849,55.496557
12988. -20.885528,55.472803
12989. -20.907704,55.503531
12990. -20.912966,55.50985
12991. -20.904692,55.506921
12992. -20.904928,55.504169
12993. -20.900904,55.492168
12994. -20.91726,55.54209
12995. -20.902738,55.543184
12996. -20.896644,55.543807
12997. -20.873769,55.446743
12998. -20.876616,55.436325
12999. -20.886741,55.489411
13000. -20.902277,55.50293
13001. -20.92283,55.435123
13002. -20.987406,55.290627
13003. -20.922897,55.343993
13004. -20.945409,55.324831
13005. -20.955789,55.311656
13006. -20.940406,55.30771
13007. -20.949985,55.301944
13008. -21.040512,55.533721
13009. -21.073783,55.3098
13010. -21.008393,55.31996
13011. -21.039861,55.304618
13012. -21.062731,55.279866
13013. -21.080233,55.279003
13014. -21.030989,55.285016
13015. -21.022437,55.287849
13016. -21.037999,55.288514
13017. -21.045812,55.285939
13018. -21.034174,55.276852
13019. -21.010148,55.275178
13020. -21.043902,55.267754
13021. -21.068052,55.266616
13022. -21.052793,55.26741
13023. -21.081512,55.270457
13024. -21.034249,55.268869
13025. -21.083164,55.27138
13026. -21.012036,55.27249
13027. -21.040157,55.248844
13028. -21.038044,55.219045
13029. -21.067922,55.248613
13030. -21.074849,55.227885
13031. -21.009723,55.276551
13032. -21.220716,55.559959
13033. -21.143095,55.620378
13034. -21.156256,55.602499
13035. -21.164608,55.799421
13036. -21.120974,55.75995
13037. -21.189744,55.822305
13038. -21.153567,55.822113
13039. -21.220451,55.553248
13040. -21.342922,55.561166
13041. -21.368097,55.553141
13042. -21.364985,55.552411
13043. -21.367742,55.568107
13044. -21.372716,55.6204
13045. -21.377589,55.619842
13046. -21.337755,55.658916
13047. -21.371404,55.670578
13048. -21.372124,55.684955
13049. -21.374239,55.598218
13050. -21.170171,55.467793
13051. -21.129378,55.473796
13052. -21.133143,55.471988
13053. -21.155058,55.475335
13054. -21.127091,55.301737
13055. -21.162447,55.328575
13056. -21.11005,55.29979
13057. -21.098582,55.28842
13058. -21.099941,55.288911
13059. -21.103764,55.275446
13060. -21.123136,55.263961
13061. -21.139253,55.298417
13062. -21.140709,55.285478
13063. -21.151981,55.279824
13064. -21.160756,55.307139
13065. -21.169588,55.306227
13066. -21.17356,55.305589
13067. -21.174838,55.28779
13068. -21.160636,55.287371
13069. -21.24742,55.470968
13070. -21.250595,55.521029
13071. -21.259689,55.52288
13072. -21.260026,55.379376
13073. -21.210414,55.335935
13074. -21.219628,55.345264
13075. -21.226228,55.322658
13076. -21.227057,55.324531
13077. -21.242597,55.333275
13078. -21.239717,55.332974
13079. -21.251477,55.342619
13080. -21.259686,55.356685
13081. -21.258736,55.354507
13082. -21.261576,55.360547
13083. -21.205446,55.295681
13084. -21.199897,55.293889
13085. -21.185507,55.287189
13086. -21.185402,55.309167
13087. -21.238185,55.339513
13088. -21.241057,55.339186
13089. -21.259566,55.341235
13090. -21.25026,55.365171
13091. -21.275023,55.46349
13092. -21.277793,55.467911
13093. -21.282494,55.463807
13094. -21.283891,55.478339
13095. -21.307287,55.498853
13096. -21.269965,55.494239
13097. -21.289592,55.514399
13098. -21.26983,55.377917
13099. -21.273984,55.440842
13100. -21.271227,55.440118
13101. -21.271412,55.440665
13102. -21.274294,55.437924
13103. -21.297017,55.440413
13104. -21.294757,55.446432
13105. -21.305008,55.428493
13106. -21.296005,55.449763
13107. -21.292173,55.409245
13108. -21.33058,55.525203
13109. -21.353014,55.509796
13110. -21.323009,55.485452
13111. -21.324164,55.486729
13112. -21.332009,55.478951
13113. -21.329206,55.47129
13114. -21.321405,55.488349
13115. -21.331814,55.45759
13116. -20.903324,55.601099
13117. -20.909553,55.567799
13118. -20.902427,55.595648
13119. -20.898007,55.573096
13120. -20.898177,55.577538
13121. -20.896564,55.560544
13122. -20.895446,55.551778
13123. -20.968403,55.62791
13124. -20.929125,55.635313
13125. -20.972265,55.689054
13126. -20.971714,55.667188
13127. -20.937921,55.674672
13128. -20.966186,55.665303
13129. -20.93232,55.646026
13130. -21.00185,55.59906
13131. -20.998104,55.58095
13132. -20.966917,55.659541
13133. -20.929554,55.582983
13134. -20.928925,55.575349
13135. -20.956625,55.666748
13136. -20.984311,55.642426
13137. -20.98696,55.64411
13138. -20.91967,55.549976
13139. -20.941801,55.601485
13140. -20.93884,55.601925
13141. -20.952047,55.612975
13142. -20.925227,55.626813
13143. -20.95111,55.622765
13144. -20.933905,55.619799
13145. -20.920928,55.626161
13146. -20.942423,55.64749
13147. -20.952928,55.656266
13148. -21.00209,55.676136
13149. -21.0687,55.735525
13150. -21.053134,55.726089
13151. -21.080296,55.691285
13152. -21.036707,55.669967
13153. -21.019042,55.702089
13154. -21.091247,55.619831
13155. -21.038109,55.717431
13156. -21.048082,55.698978
13157. -21.047572,55.671598
13158. -21.045899,55.679687
13159. -21.044473,55.669602
13160. -21.036056,55.715436
13161. -21.049672,55.684934
13162. -21.04601,55.711305
13163. -21.039866,55.710039
13164. -21.01431,55.692208
13165. -21.027749,55.703977
13166. -21.035761,55.706692
13167. -21.041136,55.720972
13168. -21.039603,55.721916
13169. -20.891241,55.420983
13170. -20.916784,55.408537
13171. -20.915752,55.461195
13172. -20.887503,55.47239
13173. -20.889056,55.475764
13174. -20.916273,55.510064
13175. -20.9057,55.478468
13176. -20.89935,55.475485
13177. -20.913637,55.483382
13178. -20.911122,55.517918
13179. -20.915667,55.523867
13180. -20.881789,55.395513
13181. -20.874546,55.42183
13182. -20.896631,55.375562
13183. -20.880085,55.460379
13184. -20.878782,55.458319
13185. -20.897105,55.510612
13186. -20.883779,55.465904
13187. -20.898468,55.520182
13188. -20.877333,55.456377
13189. -20.893457,55.501857
13190. -20.889863,55.463877
13191. -20.902327,55.499175
13192. -20.893552,55.47055
13193. -20.89083,55.457922
13194. -20.897386,55.47541
13195. -20.900876,55.496686
13196. -20.892795,55.511878
13197. -20.892374,55.491439
13198. -20.899596,55.497694
13199. -20.984196,55.384376
13200. -20.933174,55.389075
13201. -20.923383,55.381308
13202. -20.921429,55.394247
13203. -20.927086,55.433321
13204. -20.919049,55.474316
13205. -20.919558,55.494167
13206. -20.927665,55.493295
13207. -20.933189,55.533153
13208. -20.96431,55.332963
13209. -20.952167,55.340999
13210. -20.96295,55.320228
13211. -20.959389,55.321701
13212. -20.957778,55.348638
13213. -20.957327,55.336397
13214. -20.974939,55.330496
13215. -20.971097,55.298781
13216. -20.973862,55.319005
13217. -20.977544,55.328661
13218. -20.985242,55.29839
13219. -20.989545,55.330485
13220. -20.976617,55.319231
13221. -20.931105,55.355505
13222. -20.929376,55.331569
13223. -20.930488,55.308362
13224. -20.952658,55.294484
13225. -20.945529,55.327964
13226. -21.057349,55.501363
13227. -21.0622,55.508648
13228. -21.066235,55.520171
13229. -21.047842,55.530556
13230. -21.026986,55.539274
13231. -21.028325,55.508798
13232. -21.035938,55.466516
13233. -21.033182,55.533882
13234. -21.043183,55.460878
13235. -21.030478,55.477073
13236. -21.012051,55.276409
13237. -21.02139,55.273397
13238. -21.031024,55.270565
13239. -21.019097,55.265586
13240. -21.037268,55.297204
13241. -21.044723,55.229859
13242. -21.067651,55.22943
13243. -21.014915,55.270618
13244. -21.021731,55.256284
13245. -21.019037,55.235395
13246. -21.053474,55.229344
13247. -21.014815,55.261713
13248. -21.029993,55.22612
13249. -21.046976,55.22222
13250. -21.061244,55.22339
13251. -21.09397,55.705587
13252. -21.105586,55.719438
13253. -21.117331,55.750015
13254. -21.26524,55.60112
13255. -21.228584,55.575465
13256. -21.246132,55.593739
13257. -21.147723,55.600369
13258. -21.137056,55.605111
13259. -21.133003,55.744672
13260. -21.188183,55.807414
13261. -21.210994,55.549203
13262. -21.124217,55.747547
13263. -21.234382,55.799518
13264. -21.128255,55.793992
13265. -21.164913,55.824752
13266. -21.138547,55.807843
13267. -21.167764,55.586057
13268. -21.203125,55.573627
13269. -21.231007,55.550716
13270. -21.366299,55.615625
13271. -21.3648,55.605819
13272. -21.356437,55.617986
13273. -21.329551,55.566664
13274. -21.350816,55.612439
13275. -21.352305,55.612299
13276. -21.373645,55.614982
13277. -21.37326,55.614
13278. -21.3766,55.615325
13279. -21.370095,55.580778
13280. -21.337765,55.571069
13281. -21.354376,55.565093
13282. -21.359524,55.595391
13283. -21.327669,55.607702
13284. -21.353074,55.632384
13285. -21.295787,55.627062
13286. -21.338585,55.629787
13287. -21.335547,55.651996
13288. -21.347214,55.651159
13289. -21.346534,55.685481
13290. -21.37058,55.553243
13291. -21.367643,55.54724
13292. -21.359514,55.766516
13293. -21.381835,55.645688
13294. -21.272539,55.795226
13295. -21.340249,55.799067
13296. -21.371187,55.718402
13297. -21.367722,55.743213
13298. -21.371129,55.630968
13299. -21.166021,55.483961
13300. -21.127569,55.494153
13301. -21.139613,55.491396
13302. -21.11558,55.454779
13303. -21.149549,55.437065
13304. -21.159868,55.434037
13305. -21.150895,55.465658
13306. -21.098709,55.271047
13307. -21.136896,55.278096
13308. -21.144581,55.275006
13309. -21.110563,55.282967
13310. -21.17348,55.290713
13311. -21.175088,55.290408
13312. -21.156854,55.29699
13313. -21.166564,55.298395
13314. -21.100957,55.267582
13315. -21.102878,55.24783
13316. -21.164958,55.287516
13317. -21.178975,55.288551
13318. -21.238537,55.385653
13319. -21.23445,55.374001
13320. -21.246492,55.415275
13321. -21.250692,55.421498
13322. -21.257224,55.438986
13323. -21.255597,55.4336
13324. -21.254294,55.425478
13325. -21.259931,55.446517
13326. -21.244627,55.492437
13327. -21.260454,55.503573
13328. -21.268185,55.510654
13329. -21.202265,55.421466
13330. -21.207796,55.403653
13331. -21.247007,55.434018
13332. -21.245785,55.429952
13333. -21.227472,55.484991
13334. -21.224064,55.493783
13335. -21.248955,55.465542
13336. -21.244335,55.480329
13337. -21.219926,55.474809
13338. -21.235987,55.504834
13339. -21.198211,55.540395
13340. -21.193125,55.536854
13341. -21.267472,55.512655
13342. -21.184932,55.450466
13343. -21.263381,55.459306
13344. -21.214853,55.454478
13345. -21.202728,55.331569
13346. -21.215915,55.307053
13347. -21.212262,55.302512
13348. -21.240805,55.333006
13349. -21.211125,55.35543
13350. -21.206854,55.354164
13351. -21.236932,55.339028
13352. -21.263181,55.338693
13353. -21.262071,55.354292
13354. -21.244892,55.360816
13355. -21.255307,55.369659
13356. -21.217101,55.297194
13357. -21.26518,55.33659
13358. -21.232257,55.297349
13359. -21.250977,55.322353
13360. -21.200547,55.284719
13361. -21.271684,55.511191
13362. -21.295882,55.531018
13363. -21.283349,55.520463
13364. -21.285731,55.469029
13365. -21.305788,55.497361
13366. -21.303419,55.46024
13367. -21.310541,55.471269
13368. -21.280722,55.501202
13369. -21.288,55.51176
13370. -21.285635,55.515461
13371. -21.278941,55.525063
13372. -21.278588,55.449994
13373. -21.284781,55.455444
13374. -21.269935,55.451195
13375. -21.269565,55.448567
13376. -21.271189,55.382938
13377. -21.286575,55.407829
13378. -21.279197,55.413116
13379. -21.284611,55.411037
13380. -21.298621,55.453816
13381. -21.281197,55.377445
13382. -21.284736,55.394869
13383. -21.298146,55.418837
13384. -21.289609,55.412067
13385. -21.285736,55.42006
13386. -21.313809,55.542251
13387. -21.348295,55.51052
13388. -21.314614,55.476757
13389. -21.335492,55.487866
13390. -21.348348,55.501524
13391. -21.353714,55.516169
13392. -21.341348,55.494432
13393. -21.333158,55.460669
13394. -21.324138,55.475227
13395. -21.327144,55.450224
13396. -21.317477,55.444125
13397. -21.280677,55.346997
13398. -21.362722,55.538968
13399. -1.364531,30.370358
13400. -1.379638,29.745741
13401. -1.522028,30.032437
13402. -1.433325,30.015206
13403. -1.579042,30.082777
13404. -1.580071,30.064173
13405. -1.560402,29.703169
13406. -1.553452,29.555712
13407. -1.522028,29.576354
13408. -1.504396,29.611115
13409. -1.512612,29.598305
13410. -1.524538,29.662313
13411. -1.557946,29.683009
13412. -1.498889,29.636419
13413. -1.420739,29.832344
13414. -1.662264,30.097218
13415. -1.656259,30.112581
13416. -1.673589,30.092325
13417. -1.711939,30.123825
13418. -1.716936,29.918861
13419. -1.725687,29.920074
13420. -1.641266,29.894357
13421. -1.666275,29.838781
13422. -1.651733,29.854059
13423. -1.596266,29.755783
13424. -1.611152,29.768143
13425. -1.648687,29.77694
13426. -1.646532,29.788216
13427. -1.796517,30.416658
13428. -1.833503,30.460732
13429. -1.854005,30.097218
13430. -1.81479,30.106766
13431. -1.770116,30.123031
13432. -1.904468,30.049925
13433. -1.866466,30.087132
13434. -1.865254,30.087712
13435. -1.812506,30.120327
13436. -1.808227,30.124919
13437. -1.825846,30.079601
13438. -1.845598,29.956627
13439. -1.796464,29.929032
13440. -1.866895,29.980617
13441. -1.897305,29.99229
13442. -1.766566,29.928131
13443. -1.940116,30.043659
13444. -1.936551,30.027437
13445. -1.947306,30.021096
13446. -2.101737,29.753444
13447. -2.084223,29.751384
13448. -2.068542,29.542923
13449. -2.079092,29.722052
13450. -2.076755,29.617682
13451. -2.054647,29.607296
13452. -2.057906,29.591846
13453. -2.05433,29.602307
13454. -2.084062,29.646062
13455. -2.087584,29.638453
13456. -2.08827,29.676991
13457. -2.067684,29.6945
13458. -1.581004,29.527516
13459. -1.698491,29.344225
13460. -1.599537,29.515092
13461. -1.636719,29.405251
13462. -1.625115,29.469795
13463. -1.703215,29.261152
13464. -1.65006,29.374094
13465. -1.689011,29.278049
13466. -1.656194,29.369159
13467. -1.70189,29.326565
13468. -1.697182,29.244661
13469. -1.611495,29.452028
13470. -2.082609,29.33341
13471. -2.102685,29.338464
13472. -2.088442,29.401989
13473. -2.10119,29.33149
13474. -2.06108,29.432373
13475. -2.04341,29.465504
13476. -2.06331,29.484816
13477. -2.058206,29.5099
13478. -2.050637,29.445891
13479. -2.2704,30.212724
13480. -2.251339,30.214376
13481. -2.212498,29.7974
13482. -2.119599,29.740505
13483. -2.281077,29.7843
13484. -2.246407,29.689189
13485. -2.227989,29.662142
13486. -2.222243,29.648066
13487. -2.284669,29.571354
13488. -2.329297,30.200558
13489. -2.407271,29.772048
13490. -2.289771,29.769108
13491. -2.387483,29.788506
13492. -2.304351,29.761856
13493. -2.431411,29.776211
13494. -2.347306,29.871354
13495. -2.29153,29.570217
13496. -2.486378,29.769945
13497. -2.628458,29.732609
13498. -2.565094,29.762907
13499. -2.619884,29.741793
13500. -2.498211,29.772702
13501. -2.467942,29.755354
13502. -2.605292,29.740918
13503. -2.532253,29.76162
13504. -2.551439,29.764624
13505. -2.537998,29.664803
13506. -2.482777,29.552193
13507. -2.564237,29.723511
13508. -2.524022,29.652529
13509. -2.467427,29.576107
13510. -2.546059,29.690981
13511. -2.545008,29.690402
13512. -2.501127,29.598799
13513. -2.501797,29.599247
13514. -2.652336,29.741278
13515. -2.695591,29.713383
13516. -2.763556,29.671025
13517. -2.744052,29.696002
13518. -2.195719,29.289808
13519. -2.202302,29.249511
13520. -2.27353,29.193592
13521. -2.190906,29.280539
13522. -2.17655,29.289937
13523. -2.17774,29.288532
13524. -2.137525,29.316587
13525. -2.219498,29.242001
13526. -2.258093,29.222517
13527. -2.290768,29.186726
13528. -2.413783,29.453133
13529. -2.459109,29.092484
13530. -2.437521,29.090466
13531. -2.292827,29.162178
13532. -2.341775,29.092226
13533. -2.404227,29.082956
13534. -2.342214,29.125099
13535. -2.332062,29.136729
13536. -2.30969,29.143606
13537. -2.340552,29.106903
13538. -2.350543,29.088192
13539. -2.492123,29.307318
13540. -2.490408,29.191446
13541. -2.512103,29.461985
13542. -2.532596,29.388771
13543. -2.488136,29.277105
13544. -2.517591,29.321995
13545. -2.47716,29.202261
13546. -2.524965,29.441042
13547. -2.474716,29.228697
13548. -2.524879,29.452114
13549. -2.485349,29.515457
13550. -2.502585,29.510565
13551. -2.507199,29.480948
13552. -2.481533,29.17531
13553. -2.492766,29.141922
13554. -2.512087,28.87943
13555. -2.604793,28.933611
13556. -2.589619,28.924223
13557. -2.548802,28.91181
13558. -2.52414,28.873229
13559. -2.7352,29.03635
13560. -2.670984,29.00382
13561. -2.663525,28.980131
13562. -2.706565,29.031286
13563. -2.699706,29.00588
13564. -2.644073,28.953727
13565. -1.051989,30.459037
13566. -1.363249,30.346384
13567. -1.397271,30.288792
13568. -1.320517,30.305647
13569. -1.303034,30.321708
13570. -1.291685,30.261412
13571. -1.221621,30.258751
13572. -1.213341,30.298834
13573. -1.146321,30.30673
13574. -1.33017,30.368443
13575. -1.119032,30.421164
13576. -1.113133,30.441592
13577. -1.055604,30.457562
13578. -1.171899,30.410725
13579. -1.28688,30.412002
13580. -1.402526,30.3874
13581. -1.366756,30.372616
13582. -1.341111,29.740334
13583. -1.378673,29.780245
13584. -1.392058,29.757285
13585. -1.388047,29.786038
13586. -1.405691,29.800919
13587. -1.384035,29.799868
13588. -1.288167,30.201845
13589. -1.366424,30.152836
13590. -1.337249,30.182705
13591. -1.314768,30.179701
13592. -1.399834,30.155041
13593. -1.252899,30.234203
13594. -1.425715,30.272312
13595. -1.561861,30.241081
13596. -1.546288,30.243629
13597. -1.448282,30.246971
13598. -1.603891,30.239326
13599. -1.592083,30.389214
13600. -1.501994,30.407495
13601. -1.753462,30.389385
13602. -1.547125,30.394449
13603. -1.661578,30.407066
13604. -1.644247,30.386553
13605. -1.711853,30.411615
13606. -1.661063,30.599874
13607. -1.688517,30.641899
13608. -1.593531,30.589328
13609. -1.750931,30.657177
13610. -1.736475,30.538902
13611. -1.659433,30.580359
13612. -1.607736,30.571142
13613. -1.705247,30.546799
13614. -1.485091,30.028682
13615. -1.424803,30.011725
13616. -1.472735,30.23283
13617. -1.563512,30.233978
13618. -1.489102,29.908948
13619. -1.483825,29.923582
13620. -1.518575,29.943795
13621. -1.56008,30.018425
13622. -1.539574,30.017223
13623. -1.520162,29.996924
13624. -1.479364,29.907918
13625. -1.523208,29.969931
13626. -1.52664,29.964652
13627. -1.408383,30.077369
13628. -1.499484,30.059752
13629. -1.432494,30.148544
13630. -1.421382,30.072584
13631. -1.438071,30.114899
13632. -1.410699,30.096016
13633. -1.462332,30.07576
13634. -1.484281,30.035645
13635. -1.487198,30.036224
13636. -1.458449,30.088667
13637. -1.50401,29.635395
13638. -1.503629,29.635062
13639. -1.416084,29.729819
13640. -1.487064,29.681711
13641. -1.537858,29.636516
13642. -1.457344,29.695187
13643. -1.4561,29.695428
13644. -1.49218,29.653752
13645. -1.430949,29.560947
13646. -1.452657,29.605923
13647. -1.548031,29.535499
13648. -1.510048,29.533492
13649. -1.43629,29.553995
13650. -1.448882,29.589272
13651. -1.49144,29.841142
13652. -1.551972,29.853759
13653. -1.495097,29.834104
13654. -1.452979,29.831808
13655. -1.418325,29.815886
13656. -1.452035,29.875174
13657. -1.42638,29.868608
13658. -1.415869,29.845476
13659. -1.62933,30.103059
13660. -1.641566,29.925857
13661. -1.599118,29.925385
13662. -1.648065,30.226135
13663. -1.642231,30.211029
13664. -1.622906,29.998727
13665. -1.684056,30.182276
13666. -1.591654,29.956198
13667. -1.610594,30.009069
13668. -1.667541,30.140991
13669. -1.668527,30.16717
13670. -1.6542,29.911051
13671. -1.614069,29.980874
13672. -1.627195,29.925138
13673. -1.626667,29.924934
13674. -1.654671,29.907188
13675. -1.628381,30.030216
13676. -1.648843,29.884738
13677. -1.628944,30.027813
13678. -1.646698,30.12103
13679. -1.657299,30.189164
13680. -1.669761,30.184025
13681. -1.612396,30.22289
13682. -1.657323,29.878695
13683. -1.743038,29.54215
13684. -1.698126,29.557686
13685. -1.688517,29.555025
13686. -1.71803,29.636908
13687. -1.756121,29.717159
13688. -1.752346,29.745226
13689. -1.732615,29.656048
13690. -1.63733,29.631951
13691. -1.688088,29.63871
13692. -1.733805,29.695863
13693. -1.736111,29.695356
13694. -1.650977,29.881144
13695. -1.801375,30.641041
13696. -1.907749,30.641642
13697. -1.832452,30.643444
13698. -1.840044,30.654302
13699. -1.916456,30.493155
13700. -1.897284,30.274801
13701. -1.912339,30.442772
13702. -1.89218,30.297718
13703. -1.890807,30.449209
13704. -1.902088,30.507263
13705. -1.893724,30.283728
13706. -1.828784,30.272655
13707. -1.855121,30.320721
13708. -1.819691,30.289307
13709. -1.812871,30.272741
13710. -1.806823,30.394449
13711. -1.815058,30.269222
13712. -1.821407,30.375566
13713. -1.841309,30.254717
13714. -1.827583,30.390072
13715. -1.826725,30.27566
13716. -1.8299,30.257721
13717. -1.87839,30.507832
13718. -1.824945,30.456204
13719. -1.813772,30.441055
13720. -1.839014,30.475559
13721. -1.768132,30.38063
13722. -1.827841,30.441999
13723. -1.79318,30.506265
13724. -1.79381,30.506297
13725. -2.087927,30.791416
13726. -1.943735,30.642586
13727. -2.028228,30.84197
13728. -2.091701,30.672455
13729. -2.059193,30.857763
13730. -2.104481,30.841284
13731. -2.023424,30.637007
13732. -1.938159,30.668056
13733. -1.961835,30.616751
13734. -2.051559,30.66679
13735. -2.087155,30.776396
13736. -2.103195,30.69005
13737. -1.969298,30.548601
13738. -1.938846,30.326643
13739. -1.946437,30.268278
13740. -1.988169,30.55727
13741. -2.008863,30.558493
13742. -1.952517,30.520213
13743. -1.952656,30.242271
13744. -1.953418,30.342157
13745. -2.028785,30.562248
13746. -1.943135,30.452213
13747. -1.961556,30.34853
13748. -2.083413,30.556862
13749. -1.948796,30.44363
13750. -1.943392,30.418911
13751. -1.77863,30.129533
13752. -1.831615,30.206308
13753. -1.794769,30.171118
13754. -1.832216,29.623003
13755. -1.806565,29.602575
13756. -1.776797,29.564638
13757. -1.895011,29.621201
13758. -1.918515,29.63047
13759. -1.75818,29.544382
13760. -1.924112,29.654288
13761. -1.867817,29.626093
13762. -1.849373,29.633646
13763. -1.783059,29.600515
13764. -1.810211,29.626694
13765. -1.812142,29.77046
13766. -1.909508,29.773207
13767. -1.826296,29.755526
13768. -1.848451,29.758149
13769. -1.877811,29.755096
13770. -1.870085,29.750451
13771. -1.900844,29.761448
13772. -1.977511,29.953365
13773. -1.950362,30.004649
13774. -1.949622,30.020442
13775. -1.942738,30.042114
13776. -1.960773,30.00407
13777. -1.963368,29.995927
13778. -1.967904,29.986024
13779. -1.980471,29.980617
13780. -1.98491,29.934161
13781. -2.000639,29.901567
13782. -1.941944,30.044303
13783. -1.949021,30.022309
13784. -2.012841,29.883907
13785. -1.944025,30.06192
13786. -1.95331,30.073571
13787. -1.955905,30.07458
13788. -1.966317,30.162191
13789. -1.960939,30.120295
13790. -1.978648,30.226908
13791. -1.985274,30.191395
13792. -1.971737,30.176461
13793. -1.954007,30.138845
13794. -1.96777,30.088854
13795. -1.968858,30.083914
13796. -1.940743,30.047028
13797. -1.9628,30.125155
13798. -1.959358,30.116916
13799. -1.939349,30.056491
13800. -1.9674,30.102625
13801. -2.076412,30.09872
13802. -2.051516,30.088849
13803. -1.983687,30.103655
13804. -2.001701,30.091767
13805. -2.024989,30.105672
13806. -1.973509,30.103899
13807. -2.008906,30.100822
13808. -2.105508,29.919055
13809. -2.104475,29.917756
13810. -2.046133,29.828761
13811. -2.028485,29.848995
13812. -2.073206,29.783292
13813. -2.079682,29.762542
13814. -2.070118,29.785261
13815. -2.06614,29.733596
13816. -2.029021,29.73248
13817. -2.004832,29.722309
13818. -2.032709,29.718575
13819. -2.047549,29.743509
13820. -1.956924,29.692569
13821. -2.014567,29.71128
13822. -1.934857,29.661798
13823. -1.996297,29.712181
13824. -1.999342,29.705701
13825. -1.951605,29.676089
13826. -1.972938,29.690316
13827. -1.977104,29.769945
13828. -1.967025,29.797411
13829. -1.956474,29.760418
13830. -1.536539,29.371305
13831. -1.454416,29.525414
13832. -1.574666,29.497519
13833. -1.550685,29.513311
13834. -1.540454,29.356241
13835. -1.541977,29.38242
13836. -1.547589,29.361675
13837. -1.699198,29.317617
13838. -1.614476,29.501655
13839. -1.70278,29.262729
13840. -1.757258,29.315
13841. -1.750695,29.298348
13842. -1.64592,29.503548
13843. -1.687482,29.519336
13844. -1.601607,29.331179
13845. -1.627603,29.313326
13846. -1.655422,29.310451
13847. -1.664431,29.263115
13848. -1.671519,29.264102
13849. -1.602057,29.348109
13850. -1.611109,29.326694
13851. -1.624525,29.317875
13852. -1.687981,29.263115
13853. -1.595258,29.452543
13854. -2.071887,29.430914
13855. -2.100316,29.485728
13856. -2.08529,29.415421
13857. -2.02351,29.387741
13858. -1.906313,29.366283
13859. -1.813042,29.346457
13860. -1.910988,29.350491
13861. -1.995664,29.404478
13862. -1.967518,29.387183
13863. -1.892694,29.338388
13864. -2.006783,29.39332
13865. -1.950362,29.381036
13866. -1.778427,29.319291
13867. -1.77773,29.315042
13868. -1.859496,29.359331
13869. -2.069904,29.352379
13870. -2.051795,29.413662
13871. -1.880417,29.351102
13872. -2.089814,29.344397
13873. -2.152814,30.580873
13874. -2.272008,30.69726
13875. -2.269628,30.547614
13876. -2.126353,30.547056
13877. -2.261523,30.636663
13878. -2.281763,30.731592
13879. -2.349085,30.757513
13880. -2.285253,30.708713
13881. -2.200094,30.562677
13882. -2.282535,30.560853
13883. -2.290608,30.740132
13884. -2.137139,30.557136
13885. -2.274366,30.674558
13886. -2.376753,30.778584
13887. -2.382247,30.783187
13888. -2.185963,30.371532
13889. -2.187379,30.530491
13890. -2.158732,30.489206
13891. -2.158389,30.519848
13892. -2.229705,30.39608
13893. -2.184527,30.515471
13894. -2.218791,30.414577
13895. -2.217719,30.42022
13896. -2.208434,30.243044
13897. -2.185363,30.349989
13898. -2.21804,30.385265
13899. -2.123265,30.853214
13900. -2.215553,30.829954
13901. -2.231763,30.806007
13902. -2.11769,30.750303
13903. -2.245014,30.804205
13904. -2.282793,30.755281
13905. -2.231849,30.174379
13906. -2.137418,30.072584
13907. -2.145888,30.093398
13908. -2.223787,30.183563
13909. -2.142564,30.089729
13910. -2.142178,30.089107
13911. -2.178759,30.102625
13912. -2.112523,30.069923
13913. -2.144494,29.939632
13914. -2.191088,29.903669
13915. -2.152599,29.748788
13916. -2.243797,29.791832
13917. -2.236952,29.787637
13918. -2.274559,29.700422
13919. -2.162892,29.55245
13920. -2.233564,29.745483
13921. -2.241411,29.814835
13922. -2.236566,29.799986
13923. -2.220528,29.703598
13924. -2.185315,29.570126
13925. -2.199257,29.57593
13926. -2.220356,29.732008
13927. -2.226445,29.725485
13928. -2.186821,29.727545
13929. -2.217354,29.658451
13930. -2.189223,29.691324
13931. -2.24585,29.611073
13932. -2.25374,29.600301
13933. -2.209978,29.665318
13934. -2.157418,29.743064
13935. -2.154443,29.743853
13936. -2.255177,29.614275
13937. -2.234164,29.547043
13938. -2.198443,29.537687
13939. -2.211136,29.552708
13940. -2.205604,29.561291
13941. -2.343286,30.212038
13942. -2.375971,30.156355
13943. -2.310108,29.92178
13944. -2.285623,29.964352
13945. -2.308864,30.002117
13946. -2.365422,30.12228
13947. -2.329661,30.172834
13948. -2.299002,30.028811
13949. -2.319841,30.083055
13950. -2.288882,29.926414
13951. -2.332791,29.901094
13952. -2.386904,29.890022
13953. -2.441873,29.905558
13954. -2.425923,29.886246
13955. -2.330208,29.777477
13956. -2.348303,29.767102
13957. -2.327474,29.850454
13958. -2.313452,29.729605
13959. -2.318041,29.795437
13960. -2.297794,29.716341
13961. -2.297394,29.716081
13962. -2.353459,29.750118
13963. -2.437414,29.863672
13964. -2.310837,29.560089
13965. -2.318962,29.532537
13966. -2.356589,29.599657
13967. -2.376399,29.595795
13968. -2.338065,29.583349
13969. -2.410284,29.603552
13970. -2.442473,29.602232
13971. -2.352173,29.60971
13972. -2.395153,29.600596
13973. -2.592286,29.743488
13974. -2.600538,29.741857
13975. -2.472347,29.581439
13976. -2.566337,29.865046
13977. -2.620141,29.850197
13978. -2.538642,29.856763
13979. -2.600335,29.836721
13980. -2.495157,29.880034
13981. -2.488993,29.87792
13982. -2.594654,29.674244
13983. -2.611931,29.654803
13984. -2.65478,29.850197
13985. -2.732864,29.818826
13986. -2.648907,29.863844
13987. -2.798533,29.734712
13988. -2.755026,29.751234
13989. -2.699931,29.851463
13990. -2.727891,29.80299
13991. -2.682259,29.858351
13992. -2.775301,29.736643
13993. -2.67167,29.852514
13994. -2.761412,29.743831
13995. -2.686599,29.852772
13996. -2.725555,29.833503
13997. -2.695762,29.55451
13998. -2.712523,29.540691
13999. -2.646431,29.584594
14000. -2.649035,29.60927
14001. -2.697391,29.570174
14002. -2.650407,29.556656
14003. -2.140849,29.506702
14004. -2.14771,29.528761
14005. -2.154851,29.298692
14006. -2.284272,29.384158
14007. -2.266444,29.360404
14008. -2.183176,29.337358
14009. -2.256586,29.343844
14010. -2.208349,29.34622
14011. -2.212717,29.345013
14012. -2.234507,29.418039
14013. -2.253504,29.428511
14014. -2.170096,29.395981
14015. -2.15989,29.414778
14016. -2.139391,29.380102
14017. -2.216068,29.51932
14018. -2.247973,29.466705
14019. -2.15543,29.380445
14020. -2.176636,29.44543
14021. -2.17447,29.440956
14022. -2.220402,29.493281
14023. -2.220956,29.49268
14024. -2.314524,29.418297
14025. -2.33382,29.442844
14026. -2.340424,29.431086
14027. -2.438443,29.452972
14028. -2.291444,29.369051
14029. -2.46091,29.466244
14030. -2.311726,29.384662
14031. -2.427874,29.443445
14032. -2.346427,29.444818
14033. -2.357747,29.495845
14034. -2.400004,29.498377
14035. -2.328267,29.531089
14036. -2.41008,29.490609
14037. -2.441787,29.027467
14038. -2.447297,29.037209
14039. -2.425162,29.069867
14040. -2.519198,29.43262
14041. -2.480333,29.426193
14042. -2.496207,28.899729
14043. -2.486453,28.894129
14044. -2.47165,28.981676
14045. -2.480697,28.963952
14046. -2.47731,28.900867
14047. -2.485328,28.913956
14048. -2.465476,28.985796
14049. -2.532596,28.878422
14050. -2.78561,29.488678
14051. -2.730678,29.474301
14052. -2.798641,29.495802
14053. -2.742659,29.470825
14054. -2.766706,29.517689
14055. -2.791182,29.519835
14056. -2.788096,29.475203
14057. -2.704743,29.508162
14058. -2.815593,29.726858
14059. 15.60884,-13.319979
14060. 15.547017,-13.301697
14061. 16.4581,-15.802031
14062. 14.99608,-12.620137
14063. 14.873497,-12.489481
14064. 14.454483,-12.210617
14065. 14.138823,-16.076388
14066. 14.138823,-16.071668
14067. 14.65698,-16.230583
14068. 14.105341,-16.067033
14069. 14.79146,-16.92564
14070. 14.697924,-17.442277
14071. 14.731867,-17.159421
14072. 14.725392,-17.440453
14073. 14.73552,-17.439723
14074. 14.740749,-17.438285
14075. 14.696025,-17.039623
14076. 14.682492,-17.439712
14077. 14.679586,-17.437684
14078. 14.718035,-17.440968
14079. 14.430607,-16.902466
14080. 14.721657,-17.17854
14081. 13.775296,-13.669825
14082. 13.733476,-13.669739
14083. 15.682667,-13.374996
14084. 16.06862,-13.916245
14085. 16.170288,-13.982162
14086. 15.994129,-13.661585
14087. 15.885271,-13.491211
14088. 16.103092,-13.950663
14089. 15.91408,-13.519707
14090. 16.056578,-13.7675
14091. 16.075383,-13.857622
14092. 15.486727,-13.178444
14093. 16.188753,-14.018297
14094. 16.060949,-13.812132
14095. 15.734969,-13.39448
14096. 16.007742,-13.700638
14097. 16.035214,-13.723555
14098. 15.510548,-13.260412
14099. 15.963351,-13.593693
14100. 15.574055,-13.373194
14101. 15.581496,-13.342896
14102. 15.530344,-13.3992
14103. 15.659703,-13.255305
14104. 15.470142,-13.360405
14105. 16.315568,-14.198971
14106. 16.442259,-14.399815
14107. 16.511602,-14.914455
14108. 16.510532,-15.115643
14109. 16.341596,-14.23296
14110. 16.494012,-15.033116
14111. 16.522814,-15.160532
14112. 16.320675,-14.221201
14113. 16.436373,-14.36265
14114. 16.512116,-14.735498
14115. 16.490041,-14.944582
14116. 16.393972,-14.324198
14117. 16.503208,-15.060625
14118. 16.524131,-14.861412
14119. 16.275087,-14.15657
14120. 16.485596,-14.432774
14121. 16.526908,-15.224304
14122. 16.517136,-14.694901
14123. 16.241499,-14.114857
14124. 16.519831,-14.7579
14125. 16.21451,-14.063745
14126. 16.510429,-14.64602
14127. 16.498744,-14.504206
14128. 16.523328,-15.408497
14129. 16.517445,-15.091095
14130. 16.259422,-16.192732
14131. 16.300287,-16.069736
14132. 16.378533,-15.915413
14133. 16.217106,-16.246548
14134. 16.476049,-15.744438
14135. 16.460328,-15.667877
14136. 16.507014,-15.505657
14137. 16.339743,-16.02622
14138. 16.484856,-15.563335
14139. 16.41361,-15.859795
14140. 16.276415,-16.147456
14141. 16.498697,-15.800121
14142. 16.502771,-15.809798
14143. 16.504551,-15.810206
14144. 15.528328,-16.300106
14145. 16.083795,-16.363878
14146. 15.953056,-16.436834
14147. 15.915174,-16.415935
14148. 15.883991,-16.241398
14149. 15.577114,-16.282768
14150. 16.056805,-16.399498
14151. 15.626157,-16.242728
14152. 15.844031,-16.233673
14153. 15.610782,-16.250024
14154. 16.071465,-16.389542
14155. 16.057299,-16.424646
14156. 15.928689,-16.325169
14157. 15.962835,-16.450052
14158. 15.482033,-16.339116
14159. 16.038451,-16.457648
14160. 15.917629,-16.271782
14161. 16.026407,-16.478548
14162. 16.14737,-16.310234
14163. 15.712207,-16.273069
14164. 16.025583,-16.498461
14165. 15.631158,-16.24157
14166. 15.921261,-16.397781
14167. 16.024979,-16.489567
14168. 15.975007,-16.482754
14169. 15.990612,-16.486466
14170. 16.032682,-16.489652
14171. 14.853006,-12.489138
14172. 14.830356,-12.453432
14173. 14.939104,-12.562008
14174. 15.027738,-12.62063
14175. 14.908169,-12.45635
14176. 15.021396,-12.543983
14177. 15.014661,-12.506518
14178. 15.0542,-12.598014
14179. 14.973434,-12.467937
14180. 15.215413,-12.923269
14181. 15.077138,-12.770233
14182. 15.433825,-13.180246
14183. 15.121472,-12.948589
14184. 15.147902,-12.942753
14185. 15.053848,-12.746973
14186. 15.035696,-12.698307
14187. 15.113186,-12.936916
14188. 15.083768,-12.90061
14189. 15.077055,-12.815809
14190. 15.345237,-13.023262
14191. 15.246386,-12.933311
14192. 15.199427,-12.947044
14193. 15.369157,-13.130207
14194. 15.067109,-12.868767
14195. 15.257399,-14.000359
14196. 15.352563,-13.908348
14197. 15.38575,-13.691883
14198. 15.394066,-13.528204
14199. 15.340602,-13.769388
14200. 15.347969,-13.755913
14201. 15.297308,-13.957014
14202. 15.045684,-13.620472
14203. 14.974056,-13.543224
14204. 15.185885,-13.570518
14205. 15.11911,-13.595066
14206. 15.419676,-13.35268
14207. 14.867068,-13.514214
14208. 15.01037,-13.560219
14209. 15.296356,-13.443317
14210. 15.377309,-13.399372
14211. 14.939395,-13.485031
14212. 15.081986,-13.64399
14213. 14.253777,-12.619858
14214. 14.299276,-12.453175
14215. 14.399476,-12.349062
14216. 14.264258,-12.543468
14217. 14.318072,-12.451544
14218. 14.416206,-12.209501
14219. 14.290876,-12.465878
14220. 14.413442,-12.29825
14221. 14.455501,-12.20506
14222. 14.352832,-12.401075
14223. 14.49587,-12.245078
14224. 14.546512,-12.250485
14225. 14.636116,-12.32563
14226. 14.673753,-12.372322
14227. 14.720059,-12.41704
14228. 14.601629,-12.302327
14229. 14.176128,-12.779117
14230. 14.096663,-12.934599
14231. 14.217837,-12.67067
14232. 14.186488,-12.71925
14233. 14.468009,-13.533611
14234. 14.137741,-13.660297
14235. 14.152389,-13.635063
14236. 14.753386,-13.534126
14237. 14.632379,-13.559361
14238. 14.238012,-13.572922
14239. 14.698391,-13.566055
14240. 14.671491,-13.550863
14241. 14.081553,-13.671284
14242. 14.323478,-13.520651
14243. 14.274157,-13.591032
14244. 15.190896,-14.204721
14245. 15.351983,-14.933167
14246. 15.227007,-14.391403
14247. 15.246551,-14.688292
14248. 15.401679,-15.166712
14249. 15.34561,-15.344553
14250. 15.245144,-14.581432
14251. 15.245144,-14.09606
14252. 15.324047,-14.855404
14253. 15.346438,-15.444674
14254. 15.207462,-14.145241
14255. 15.395184,-15.114269
14256. 15.263278,-14.72434
14257. 15.395639,-15.219154
14258. 15.21769,-14.453373
14259. 14.80538,-16.623774
14260. 14.796335,-16.834316
14261. 14.780152,-16.310921
14262. 14.788368,-16.112394
14263. 14.788161,-16.057978
14264. 14.802476,-16.675701
14265. 14.769695,-16.22303
14266. 14.803306,-15.964851
14267. 14.904686,-16.855688
14268. 14.991178,-16.751661
14269. 14.955752,-16.816506
14270. 15.112978,-16.63815
14271. 15.013811,-16.740246
14272. 15.18808,-16.584034
14273. 15.281349,-16.528158
14274. 15.373957,-16.449709
14275. 14.991136,-15.767612
14276. 15.141854,-15.654659
14277. 15.349148,-15.476947
14278. 15.349335,-15.48862
14279. 14.766728,-16.731448
14280. 15.335967,-15.499649
14281. 15.04616,-15.716758
14282. 14.817018,-15.898976
14283. 14.794655,-15.926185
14284. 14.781148,-15.972662
14285. 14.873725,-15.830998
14286. 14.861447,-15.876532
14287. 14.79648,-15.905371
14288. 14.866259,-15.861211
14289. 14.842034,-15.886402
14290. 15.218891,-15.555696
14291. 15.293003,-15.522137
14292. 14.066193,-15.251513
14293. 14.07968,-15.347042
14294. 14.105403,-15.417938
14295. 14.069107,-15.286446
14296. 14.758823,-16.370659
14297. 14.764384,-16.555109
14298. 14.755337,-16.863842
14299. 14.756333,-16.463013
14300. 14.343935,-16.460781
14301. 14.298237,-16.354179
14302. 14.110939,-15.72401
14303. 14.143109,-15.77611
14304. 14.367425,-16.513824
14305. 14.440125,-16.842213
14306. 14.155572,-16.020513
14307. 14.423999,-16.602573
14308. 14.083343,-15.623159
14309. 14.125547,-15.747271
14310. 14.336565,-16.389627
14311. 14.101324,-15.543337
14312. 14.155448,-16.039782
14313. 14.414044,-16.660295
14314. 14.435397,-16.796744
14315. 14.419905,-16.698704
14316. 14.242276,-16.27131
14317. 14.125818,-15.939574
14318. 14.345286,-16.417909
14319. 14.344663,-16.422286
14320. 14.098577,-15.550547
14321. 14.760628,-16.866074
14322. 14.692766,-16.452584
14323. 14.763284,-16.685014
14324. 14.765276,-16.690936
14325. 14.724936,-16.566696
14326. 14.680499,-16.190329
14327. 14.655226,-16.274078
14328. 14.737408,-16.105871
14329. 14.763699,-16.798139
14330. 14.581195,-16.176939
14331. 14.488142,-16.067848
14332. 14.633116,-16.210885
14333. 14.087495,-16.062784
14334. 14.328114,-16.031671
14335. 14.200884,-16.068192
14336. 14.553782,-16.164622
14337. 14.084467,-16.100335
14338. 14.083405,-16.137328
14339. 14.073706,-16.171231
14340. 14.783659,-16.977954
14341. 14.832669,-16.90253
14342. 14.800619,-16.926928
14343. 14.823241,-16.9274
14344. 14.781501,-16.950788
14345. 14.787953,-16.920533
14346. 14.74546,-16.922035
14347. 14.739774,-17.187295
14348. 14.742575,-17.399383
14349. 14.706278,-17.050781
14350. 14.759445,-17.347884
14351. 14.735582,-17.253342
14352. 14.73276,-17.207015
14353. 14.705656,-17.074728
14354. 14.727032,-16.961002
14355. 14.74465,-17.424429
14356. 14.74575,-17.409682
14357. 14.749848,-17.377067
14358. 14.756291,-17.32235
14359. 14.747535,-17.288103
14360. 14.580759,-17.057261
14361. 14.508023,-17.018509
14362. 14.473183,-16.958728
14363. 14.637382,-17.072582
14364. 14.745231,-17.424574
14365. 14.72008,-17.282481
14366. 14.582691,-17.035117
14367. 14.50608,-17.00145
14368. 14.747721,-17.325354
14369. 14.699616,-17.15867
14370. 14.746674,-17.409661
14371. 14.716287,-17.274746
14372. 14.420695,-16.971495
14373. 14.745677,-17.377796
14374. 14.743021,-17.394855
14375. 14.446213,-16.980722
14376. 14.697001,-17.229695
14377. 14.710865,-17.197766
14378. 14.764218,-17.015333
14379. 14.764819,-17.108116
14380. 14.762288,-17.062368
14381. 13.779318,-13.809814
14382. 13.853372,-13.523054
14383. 13.977173,-13.271141
14384. 13.929194,-13.406239
14385. 13.861414,-14.035378
14386. 14.021667,-13.168788
14387. 13.806159,-13.579831
14388. 13.896202,-13.453703
14389. 13.818599,-13.921223
14390. 13.77365,-13.717031
14391. 13.957433,-13.339205
14392. 13.506112,-13.692312
14393. 13.414626,-13.789301
14394. 13.670132,-13.690166
14395. 13.470223,-13.717461
14396. 13.720688,-13.674288
14397. 13.84433,-13.646736
14398. 13.906325,-13.639698
14399. 13.508532,-13.472929
14400. 13.800741,-13.66785
14401. 13.595395,-13.582106
14402. 13.763437,-13.670425
14403. 13.526058,-13.514729
14404. 13.435414,-13.42495
14405. 13.5203,-13.499193
14406. 13.533234,-13.529663
14407. 13.722887,-13.662379
14408. 12.884228,-12.384853
14409. 12.785143,-12.286062
14410. 12.990048,-12.52141
14411. 12.713316,-12.274818
14412. 13.035666,-12.638569
14413. 12.926979,-12.419357
14414. 12.682922,-12.282543
14415. 12.850193,-12.354298
14416. 12.875233,-12.354126
14417. 12.985615,-14.02276
14418. 13.059705,-14.035463
14419. 13.229878,-13.949032
14420. 13.179198,-13.988256
14421. 13.332521,-13.823333
14422. 12.938795,-14.056621
14423. 13.324086,-13.852344
14424. 13.257803,-13.906031
14425. 13.162901,-12.981033
14426. 13.160268,-12.872028
14427. 13.038174,-12.665348
14428. 13.086877,-12.736759
14429. 13.257574,-13.177242
14430. 13.355592,-13.349848
14431. 13.211454,-13.109951
14432. 13.260414,-13.201962
14433. 13.31613,-13.284616
14434. 13.970739,-14.393806
14435. 13.97101,-15.0735
14436. 13.876663,-14.152451
14437. 13.999744,-14.711552
14438. 13.869705,-14.076405
14439. 13.979839,-14.559889
14440. 14.001409,-14.767342
14441. 13.961764,-14.857979
14442. 13.98138,-14.804678
14443. 13.939503,-14.298878
14444. 13.977007,-15.045862
14445. 13.990916,-15.115557
14446. 13.59164,-16.422071
14447. 13.774421,-15.789285
14448. 13.63677,-15.612946
14449. 14.056514,-16.048193
14450. 13.745284,-15.774865
14451. 13.618461,-15.608225
14452. 13.844601,-15.854387
14453. 13.699883,-15.68882
14454. 14.016066,-16.018152
14455. 13.917426,-15.927601
14456. 13.686374,-15.664101
14457. 13.591359,-15.605564
14458. 13.363525,-15.517159
14459. 13.383336,-15.529089
14460. 13.891307,-16.368299
14461. 13.862268,-16.364093
14462. 13.680703,-16.430311
14463. 13.781006,-16.468935
14464. 13.985315,-16.257148
14465. 13.830121,-16.383212
14466. 13.607136,-16.424603
14467. 13.961869,-16.292167
14468. 13.818223,-16.44752
14469. 13.879142,-16.370015
14470. 13.90997,-16.334095
14471. 13.725607,-16.423616
14472. 12.850088,-14.61585
14473. 12.817744,-15.041485
14474. 12.824983,-14.94381
14475. 12.765473,-15.132723
14476. 12.74174,-15.151949
14477. 12.84059,-14.746571
14478. 12.66408,-15.416222
14479. 13.106523,-14.063616
14480. 12.859963,-14.502554
14481. 12.911252,-14.181547
14482. 12.697282,-15.297432
14483. 12.678484,-15.332451
14484. 12.86628,-14.889908
14485. 12.85059,-14.653873
14486. 12.91418,-14.121552
14487. 12.891235,-14.937329
14488. 12.892846,-14.332781
14489. 13.146206,-14.101253
14490. 12.878036,-14.475861
14491. 12.930054,-14.079881
14492. 12.919869,-14.26918
14493. 12.765326,-15.105257
14494. 12.861301,-14.551306
14495. 13.166432,-16.576352
14496. 12.957846,-16.002274
14497. 13.0684,-15.617666
14498. 12.909244,-16.012573
14499. 13.274073,-15.517588
14500. 12.85603,-16.128359
14501. 12.675134,-16.226807
14502. 12.992557,-15.833788
14503. 13.038969,-15.698347
14504. 12.662824,-16.262169
14505. 12.88314,-16.067162
14506. 12.787968,-16.242514
14507. 12.857787,-16.092224
14508. 13.058117,-15.643072
14509. 13.249825,-15.526986
14510. 12.848624,-16.298132
14511. 12.995066,-16.550388
14512. 12.918154,-16.436062
14513. 12.896862,-16.349888
14514. 12.823037,-16.248951
14515. 12.842787,-16.284528
14516. 13.050696,-16.597252
14517. 13.146561,-16.577253
14518. 12.811404,-16.231441
14519. 12.96253,-16.478205
14520. 13.042993,-16.598196
14521. 12.555579,-12.180791
14522. 12.577581,-12.215424
14523. 12.655622,-15.427895
14524. 12.651184,-15.478621
14525. 12.597664,-15.980387
14526. 12.614332,-15.986652
14527. 12.595528,-15.494328
14528. 12.608721,-16.037292
14529. 12.627734,-16.018066
14530. 12.582146,-16.117887
14531. 12.49895,-15.55634
14532. 12.543714,-15.808725
14533. 12.570188,-15.879364
14534. 12.567507,-15.911036
14535. 12.56935,-16.166039
14536. 12.496582,-15.628996
14537. 12.625514,-15.516171
14538. 12.558627,-15.77817
14539. 12.516672,-15.521579
14540. 12.562062,-15.683434
14541. 12.629995,-16.280794
14542. 12.501233,-16.272984
14543. 12.545442,-16.266482
14544. 12.581633,-16.264079
14545. 12.529554,-16.280022
14546. 12.565674,-16.267941
14547. 12.560239,-16.233373
14548. 12.572135,-16.210585
14549. 0.406813,6.614242
14550. 0.371408,6.577678
14551. 0.246398,6.465969
14552. 0.318323,6.498199
14553. 0.337044,6.729534
14554. 0.343803,6.724062
14555. 0.375185,6.66398
14556. 0.340542,6.727281
14557. 0.366269,6.688786
14558. 0.350943,6.71549
14559. 0.342838,6.725049
14560. 0.38115,6.637791
14561. 0.357745,6.552803
14562. 0.235562,6.478007
14563. 0.265624,6.468673
14564. 0.096087,6.583171
14565. 0.110013,6.633039
14566. 0.134518,6.63806
14567. 0.069244,6.556478
14568. 0.170524,6.684966
14569. 0.219833,6.73007
14570. 0.187089,6.6887
14571. 0.258183,6.741035
14572. 0.299011,6.743717
14573. 0.312535,6.729271
14574. 0.32476,6.727624
14575. 0.311011,6.729437
14576. 0.269186,6.745648
14577. 0.048773,6.53502
14578. 0.04019,6.546682
14579. 0.03459,6.535814
14580. 0.098813,6.614928
14581. 0.132903,6.647184
14582. 0.300406,6.660461
14583. 0.310695,6.696435
14584. 0.295514,6.681291
14585. 0.322207,6.705053
14586. 0.322357,6.706638
14587. 0.300996,6.643746
14588. 0.28641,6.635361
14589. -25.952401,31.25855
14590. -25.958064,31.249452
14591. -25.985476,31.239195
14592. -25.780764,31.419525
14593. -25.944655,31.121006
14594. -26.129318,32.001457
14595. -26.104656,32.005062
14596. -26.045139,31.986008
14597. -26.262977,31.883783
14598. -26.213166,31.915455
14599. -26.321037,31.993046
14600. -26.35915,31.956224
14601. -26.130435,31.971502
14602. -26.088585,31.854773
14603. -26.115986,31.890392
14604. -26.053506,31.827221
14605. -26.128046,31.929789
14606. -26.074092,31.514883
14607. -26.089414,31.548786
14608. -26.129896,31.180487
14609. -26.213532,30.993376
14610. -26.306948,31.120555
14611. -26.315584,31.118689
14612. -26.334663,31.134417
14613. -26.34047,31.144738
14614. -26.219808,31.008997
14615. -26.232955,31.042042
14616. -26.252528,31.065216
14617. -26.269577,31.073198
14618. -26.271809,31.08573
14619. -26.281651,31.100364
14620. -26.299273,31.115577
14621. -26.406515,31.679764
14622. -26.415433,31.644144
14623. -26.413972,31.773148
14624. -26.441565,31.91597
14625. -26.422658,31.912622
14626. -26.451017,31.945667
14627. -26.656472,31.679163
14628. -26.705727,31.761003
14629. -26.684189,31.746476
14630. -26.536323,31.875286
14631. -26.469421,31.898804
14632. -26.415586,31.573334
14633. -26.497941,31.365881
14634. -26.493755,31.390643
14635. -26.48857,31.37691
14636. -26.491066,31.328545
14637. -26.527242,31.607881
14638. -26.50689,31.491194
14639. -26.434629,31.219411
14640. -26.402191,31.189499
14641. -26.471284,31.26018
14642. -26.511306,31.26194
14643. -26.507735,31.250095
14644. -26.532752,31.002302
14645. -26.533136,31.188383
14646. -26.491719,31.225891
14647. -26.589141,31.63084
14648. -26.593324,31.382017
14649. -26.58419,31.115856
14650. -26.569721,30.791416
14651. -27.047813,31.943007
14652. -26.750056,31.843014
14653. -26.835981,31.971931
14654. -26.911241,31.956654
14655. -26.810704,31.967039
14656. -26.781744,31.937943
14657. -26.867913,31.95322
14658. -27.003276,31.653671
14659. -26.733998,31.875544
14660. -26.879627,31.593075
14661. -26.856073,30.951834
14662. -26.930832,31.33584
14663. -26.97054,31.298847
14664. -27.044621,31.433215
14665. -27.039633,31.63187
14666. -26.94187,31.373949
14667. -26.944854,31.34644
14668. -27.183303,31.898975
14669. -27.240933,31.89992
14670. -27.263595,31.878548
14671. -27.105379,31.201859
14672. -27.100814,31.169157
14673. -27.198362,31.38927
14674. -27.202007,31.638136
14675. -25.976564,31.650496
14676. -25.971047,31.712379
14677. -25.974992,31.745918
14678. -25.933386,31.761217
14679. -25.758812,31.435404
14680. -25.920012,31.27636
14681. -25.831454,31.395578
14682. -25.942281,31.261854
14683. -25.897411,31.309233
14684. -25.910999,31.310091
14685. -25.942474,31.282153
14686. -25.853913,31.362147
14687. -25.750695,31.468019
14688. -25.999999,31.336999
14689. -25.979053,31.323481
14690. -25.986228,31.299834
14691. -25.976082,31.293225
14692. -26.00052,31.631613
14693. -25.836746,31.489563
14694. -25.937863,31.511364
14695. -26.011744,31.545353
14696. -25.956231,31.539774
14697. -25.925242,31.510162
14698. -25.871137,31.503811
14699. -25.939783,31.151583
14700. -25.945726,31.158257
14701. -25.93299,31.171796
14702. -25.942899,31.238551
14703. -25.950414,31.178963
14704. -25.953135,31.127508
14705. -26.143689,31.982145
14706. -26.015716,31.643286
14707. -26.067385,31.453686
14708. -26.055511,31.409569
14709. -26.076636,31.478577
14710. -26.022118,31.385365
14711. -26.062913,31.472225
14712. -26.05366,31.438837
14713. -26.041553,31.636333
14714. -26.052889,31.57917
14715. -26.120687,31.569643
14716. -26.164163,31.581488
14717. -26.038006,31.606035
14718. -26.105928,31.522264
14719. -26.049496,31.203146
14720. -26.144305,31.111736
14721. -26.150238,31.132593
14722. -26.131822,31.161175
14723. -26.031489,31.19791
14724. -26.104849,31.165895
14725. -26.18937,31.080408
14726. -26.05312,31.186924
14727. -26.143689,31.153107
14728. -26.082987,31.250052
14729. -26.128201,31.231728
14730. -26.027074,31.275201
14731. -26.079595,31.266296
14732. -26.140915,31.206923
14733. -26.286913,31.500635
14734. -26.24966,31.543465
14735. -26.197303,31.568871
14736. -26.23973,31.582346
14737. -26.322691,31.48098
14738. -26.361458,31.527328
14739. -26.233263,31.077318
14740. -26.243232,31.054101
14741. -26.330355,31.130705
14742. -26.212627,30.989084
14743. -26.333826,31.115212
14744. -26.400442,31.856661
14745. -26.419968,31.893911
14746. -26.681917,31.682897
14747. -26.708794,31.653972
14748. -26.490288,31.303267
14749. -26.44047,31.516128
14750. -26.487801,31.454844
14751. -26.489645,31.340218
14752. -26.385315,31.168685
14753. -26.539471,31.050711
14754. -26.451402,31.085815
14755. -26.515742,30.987883
14756. -26.372166,31.093798
14757. -26.37082,31.080451
14758. -26.458702,31.006765
14759. -26.540738,31.00668
14760. -26.395925,31.086631
14761. -26.457165,31.046419
14762. -26.46506,31.222672
14763. -26.446407,31.201773
14764. -26.427865,31.179843
14765. -26.397588,31.17435
14766. -26.692749,31.42725
14767. -26.627243,31.391973
14768. -26.546698,31.369014
14769. -26.705248,31.41798
14770. -26.640669,31.41017
14771. -26.657316,31.414633
14772. -26.670586,31.413946
14773. -26.614083,31.361332
14774. -26.559261,31.294684
14775. -26.643623,31.082296
14776. -26.60522,31.111135
14777. -26.660077,31.085043
14778. -26.711804,31.048393
14779. -26.594782,31.102295
14780. -26.683777,31.05526
14781. -26.54475,31.271081
14782. -26.587932,31.166582
14783. -26.576822,31.08736
14784. -26.574653,31.173277
14785. -26.583615,30.995951
14786. -26.572523,30.9793
14787. -26.566151,30.86978
14788. -26.597852,30.923424
14789. -27.024916,31.939316
14790. -26.752317,31.887388
14791. -26.993429,31.783705
14792. -26.914723,31.689978
14793. -26.985705,31.752248
14794. -26.884297,31.672039
14795. -27.012815,31.801128
14796. -26.723572,31.649981
14797. -27.000236,31.716671
14798. -27.009451,31.810441
14799. -27.01316,31.893268
14800. -26.826598,31.322708
14801. -26.813424,31.312237
14802. -26.724224,31.411114
14803. -26.785537,31.358757
14804. -26.766763,31.36219
14805. -26.882,31.31052
14806. -26.814381,31.600027
14807. -26.728402,31.624317
14808. -26.748638,31.59771
14809. -26.772932,31.592731
14810. -26.862783,31.408024
14811. -26.861252,31.473169
14812. -26.861902,31.458492
14813. -26.874038,31.385193
14814. -26.836057,31.423903
14815. -26.841188,31.41283
14816. -26.883435,31.494198
14817. -26.724607,31.025219
14818. -26.83533,30.968914
14819. -26.789215,30.94883
14820. -26.751416,31.002688
14821. -26.885215,30.984449
14822. -26.906151,31.343393
14823. -27.053947,31.610928
14824. -26.959123,31.391416
14825. -26.949445,31.370473
14826. -27.041277,31.517286
14827. -27.044659,31.607065
14828. -27.03409,31.565952
14829. -27.041888,31.404505
14830. -27.012376,31.48613
14831. -27.046169,31.621399
14832. -27.016199,31.480808
14833. -27.046322,31.576338
14834. -26.897923,31.578312
14835. -26.960806,31.328588
14836. -26.973849,31.325412
14837. -26.977348,31.282539
14838. -27.037454,31.230783
14839. -26.99234,31.269665
14840. -27.023004,31.232672
14841. -27.069788,31.221256
14842. -27.045099,31.209755
14843. -27.002205,31.247692
14844. -26.930641,30.995178
14845. -27.055419,31.110706
14846. -27.043417,31.074572
14847. -26.906113,30.978184
14848. -27.3084,31.887925
14849. -27.31716,31.88859
14850. -27.278509,31.792288
14851. -27.263976,31.818981
14852. -27.124268,31.661654
14853. -27.160013,31.666889
14854. -27.31615,31.643887
14855. -27.091472,31.118217
14856. -27.112026,31.145682
14857. -27.104815,31.128237
14858. -27.110498,31.189671
14859. -27.105398,31.069164
14860. -27.220002,31.59153
14861. -27.221185,31.52514
14862. -27.147088,31.258979
14863. -27.202809,31.565866
14864. -27.178817,31.269021
14865. -27.244519,31.444588
14866. -27.204393,31.31361
14867. -27.190651,31.381116
14868. -27.248296,31.419439
14869. -27.253161,31.513038
14870. -27.218934,31.614404
14871. -27.113134,31.209068
14872. -27.09833,31.425405
14873. -27.081309,31.423945
14874. -27.149684,31.392789
14875. -27.088607,31.160059
14876. -27.098942,31.640024
14877. -27.277632,31.634016
14878. -26.860486,30.908318
14879. 37.272371,9.871538
14880. 37.256361,9.901686
14881. 36.859038,10.20278
14882. 36.825552,10.200419
14883. 36.863652,10.297097
14884. 36.773267,10.072317
14885. 36.898224,10.118194
14886. 36.788318,10.181322
14887. 36.792318,10.163319
14888. 36.79633,10.163931
14889. 37.038136,9.680736
14890. 37.037999,9.674449
14891. 36.951973,8.760046
14892. 36.641367,9.594069
14893. 36.717567,9.201307
14894. 36.715538,9.17985
14895. 36.723346,9.204912
14896. 36.729847,9.206371
14897. 36.637062,8.952763
14898. 36.624896,9.028058
14899. 36.607058,8.970863
14900. 36.635728,9.133587
14901. 36.612514,8.977332
14902. 36.662033,8.687868
14903. 36.660553,8.689499
14904. 36.371686,9.90205
14905. 35.935139,10.508251
14906. 36.38219,9.231241
14907. 36.486755,8.777454
14908. 35.873542,9.215126
14909. 35.903256,9.207659
14910. 36.162379,8.771639
14911. 36.14997,8.676324
14912. 36.114113,8.630276
14913. 36.089386,8.956679
14914. 35.775939,10.557132
14915. 35.803109,10.614467
14916. 35.648247,10.08399
14917. 35.666484,10.070944
14918. 35.624469,9.949172
14919. 35.596408,9.858813
14920. 35.855905,9.205835
14921. 35.666562,8.593798
14922. 35.655265,8.592832
14923. 35.85217,8.547063
14924. 35.331411,9.399426
14925. 35.233185,9.136269
14926. 35.18612,8.787518
14927. 35.239363,8.756833
14928. 35.175475,8.795156
14929. 35.04484,10.052973
14930. 34.733739,10.751259
14931. 34.735538,10.74877
14932. 34.740713,10.095878
14933. 35.1471,9.363141
14934. 34.980678,8.598433
14935. 33.949643,10.02202
14936. 33.888141,10.02172
14937. 34.294355,10.066502
14938. 34.430426,8.81685
14939. 34.419788,8.784664
14940. 34.415079,8.792195
14941. 33.997382,8.170674
14942. 34.010021,8.179418
14943. 33.147244,11.42312
14944. 33.343516,10.491042
14945. 33.372412,10.447301
14946. 33.733602,7.587175
14947. 37.266317,9.85744
14948. 37.030994,9.994726
14949. 36.938367,10.092916
14950. 37.192801,10.008545
14951. 37.117039,10.034766
14952. 36.99844,10.020046
14953. 37.072437,10.001593
14954. 37.16124,10.025797
14955. 36.918916,9.944773
14956. 36.958774,9.925117
14957. 37.022462,9.86083
14958. 37.078086,10.00258
14959. 37.235778,9.920182
14960. 37.148721,9.983568
14961. 36.989974,10.061202
14962. 37.00257,10.055237
14963. 37.03722,10.041375
14964. 36.739211,10.280671
14965. 36.755502,10.246854
14966. 36.774239,10.202072
14967. 36.746054,10.26123
14968. 36.838845,10.201449
14969. 36.850247,10.202265
14970. 36.864433,10.200323
14971. 36.877621,10.328865
14972. 36.831482,10.212253
14973. 36.847556,10.260479
14974. 36.870206,10.312407
14975. 36.85269,10.27241
14976. 36.839197,10.23694
14977. 36.856467,10.281336
14978. 36.82444,10.196385
14979. 36.854755,10.331118
14980. 36.875252,10.245545
14981. 36.881105,10.251853
14982. 36.875063,10.27138
14983. 36.858703,10.312986
14984. 36.867433,10.223851
14985. 36.740707,10.031161
14986. 36.78864,10.183189
14987. 36.755506,10.18747
14988. 36.774514,10.17909
14989. 36.753104,9.982452
14990. 36.791078,10.159167
14991. 36.773491,10.05352
14992. 36.785461,10.122528
14993. 36.807627,10.135703
14994. 36.810771,10.120082
14995. 36.832491,10.038843
14996. 36.853596,9.921985
14997. 36.834234,9.942455
14998. 36.798985,10.157032
14999. 36.836407,10.004811
15000. 36.815117,10.106306
15001. 36.800252,10.161088
15002. 36.889077,9.942927
15003. 36.890354,10.161399
15004. 36.89308,10.129319
15005. 36.913357,10.10622
15006. 36.874943,10.185571
15007. 36.814456,10.189605
15008. 36.879372,10.178854
15009. 36.868935,10.194089
15010. 36.806179,10.181075
15011. 36.79941,10.17849
15012. 36.818192,10.183082
15013. 36.792593,10.176344
15014. 36.815199,10.179541
15015. 36.717215,10.268912
15016. 36.695367,10.305133
15017. 36.646032,10.364614
15018. 36.585347,10.485249
15019. 36.567184,10.516405
15020. 36.728016,10.246124
15021. 36.736563,10.299597
15022. 36.667059,10.448213
15023. 36.713792,10.368476
15024. 36.726339,10.339637
15025. 36.733141,10.325346
15026. 36.700212,10.40387
15027. 36.568942,10.521255
15028. 36.733571,10.316849
15029. 36.613685,10.487995
15030. 36.598389,10.49911
15031. 36.729787,10.199261
15032. 36.666422,9.879713
15033. 36.682909,9.912801
15034. 36.654167,10.17128
15035. 36.681619,10.176172
15036. 36.598561,10.118623
15037. 36.73333,10.194583
15038. 36.66465,10.176859
15039. 36.644887,10.132098
15040. 36.564616,10.082231
15041. 36.627015,10.126562
15042. 36.691909,10.188403
15043. 36.712863,9.88306
15044. 36.726373,9.924731
15045. 37.053704,9.483604
15046. 37.041374,9.427471
15047. 37.017939,9.741783
15048. 37.06617,9.269714
15049. 37.077983,9.157877
15050. 37.075279,9.502659
15051. 37.060528,9.612222
15052. 37.027259,9.326105
15053. 37.033289,9.296579
15054. 37.047676,9.390049
15055. 37.023148,9.836969
15056. 37.039044,9.778519
15057. 37.090188,9.561324
15058. 37.066307,9.492874
15059. 37.057609,9.239845
15060. 37.187775,9.764185
15061. 36.968204,9.561024
15062. 37.220589,9.744272
15063. 37.009715,9.62677
15064. 37.094587,9.698439
15065. 36.952155,9.481802
15066. 37.031165,9.64488
15067. 37.249491,9.779903
15068. 37.160351,9.764357
15069. 37.244285,9.76028
15070. 37.129991,9.771008
15071. 37.032929,9.665179
15072. 37.173141,9.759464
15073. 36.914292,8.65051
15074. 36.941695,8.80331
15075. 36.959528,8.725891
15076. 37.069218,9.129896
15077. 37.027054,9.102173
15078. 36.963746,8.959007
15079. 36.957059,8.827
15080. 37.010127,9.105434
15081. 36.991756,9.076338
15082. 36.959563,8.983898
15083. 36.949566,8.711472
15084. 36.975353,9.081101
15085. 36.952052,8.874722
15086. 36.959005,8.75164
15087. 36.626067,9.713974
15088. 36.680741,9.42275
15089. 36.706825,9.399834
15090. 36.716939,9.270229
15091. 36.585898,9.577246
15092. 36.673032,9.146032
15093. 36.669176,9.450989
15094. 36.631785,9.680414
15095. 36.68377,9.371767
15096. 36.610705,9.495792
15097. 36.596029,9.619045
15098. 36.698017,9.292889
15099. 36.703591,9.337542
15100. 36.645008,9.739723
15101. 36.623967,9.663806
15102. 36.602971,9.529803
15103. 36.653478,9.458413
15104. 36.685835,9.225769
15105. 36.643975,9.636641
15106. 36.693733,9.832206
15107. 36.653874,9.775128
15108. 36.63893,9.615011
15109. 36.579885,9.510083
15110. 36.602506,9.523709
15111. 36.646403,9.691529
15112. 36.653719,9.588575
15113. 36.684252,9.371552
15114. 36.663341,9.546561
15115. 36.734018,9.246969
15116. 36.707978,9.395714
15117. 36.703952,9.301085
15118. 36.660742,9.460602
15119. 36.704468,9.331126
15120. 36.717903,9.277353
15121. 36.664925,9.43893
15122. 36.825672,9.373312
15123. 36.862214,9.381552
15124. 36.869219,9.414082
15125. 36.78107,9.268599
15126. 36.782926,9.319754
15127. 36.896259,9.445431
15128. 36.739348,9.199677
15129. 36.894114,9.443843
15130. 36.651343,9.124231
15131. 36.628048,9.030912
15132. 36.636623,8.964157
15133. 36.56684,8.895922
15134. 36.59944,8.965101
15135. 36.912808,8.664694
15136. 36.6615,8.659201
15137. 36.726399,8.524189
15138. 36.73799,8.512344
15139. 36.670725,8.762197
15140. 36.687762,8.721685
15141. 36.680982,8.794298
15142. 36.676095,8.628731
15143. 36.689483,8.736105
15144. 36.668625,8.908367
15145. 36.7459,8.539295
15146. 36.648589,8.947678
15147. 36.739675,8.479128
15148. 36.745693,8.597231
15149. 36.625637,8.953342
15150. 36.565047,8.698769
15151. 36.59689,8.686409
15152. 36.795849,8.674564
15153. 36.708442,8.670144
15154. 36.79255,8.692417
15155. 36.828644,8.704605
15156. 36.776602,8.688726
15157. 36.802309,8.677654
15158. 36.655785,8.697224
15159. 36.894071,8.744602
15160. 36.481726,10.570393
15161. 36.44067,10.564835
15162. 36.420005,10.554686
15163. 36.405327,10.554729
15164. 36.431624,10.571165
15165. 36.419953,10.566831
15166. 36.505126,10.571187
15167. 36.404705,10.560222
15168. 36.233404,10.413237
15169. 36.323631,10.455465
15170. 36.34256,10.489669
15171. 36.304128,10.443707
15172. 36.325879,10.498981
15173. 36.227329,10.429587
15174. 36.299096,10.460401
15175. 36.378156,10.537605
15176. 36.324842,9.951038
15177. 36.425461,9.92795
15178. 36.469993,9.930439
15179. 36.230739,10.025282
15180. 36.558102,10.023222
15181. 36.274397,10.016441
15182. 36.382328,9.908917
15183. 36.39638,9.910784
15184. 36.514034,9.957776
15185. 36.560342,10.039444
15186. 35.892257,10.569277
15187. 35.89543,10.560179
15188. 35.868726,10.58301
15189. 35.951886,10.506277
15190. 36.200131,10.432248
15191. 35.973352,10.459671
15192. 35.909595,10.491171
15193. 36.086702,10.401564
15194. 35.995542,10.441003
15195. 35.877159,10.505505
15196. 36.106745,10.404739
15197. 36.022759,10.416327
15198. 36.164921,10.418773
15199. 36.086737,10.393581
15200. 35.995056,10.438042
15201. 35.956298,10.470486
15202. 36.123221,10.381994
15203. 36.101908,10.388775
15204. 35.876846,10.223379
15205. 36.038828,10.324659
15206. 36.018594,10.319767
15207. 36.130466,10.37972
15208. 35.932498,10.300155
15209. 36.097947,10.360408
15210. 36.18316,10.052748
15211. 36.208996,10.015411
15212. 36.1984,10.023994
15213. 36.114979,10.060558
15214. 35.932602,10.017385
15215. 36.15191,10.054121
15216. 36.055292,10.058327
15217. 36.254742,9.760365
15218. 36.272874,9.804654
15219. 36.303869,9.809632
15220. 36.327832,9.839673
15221. 36.221764,9.744101
15222. 36.365768,9.188862
15223. 36.474203,9.28894
15224. 36.509033,9.321985
15225. 36.523553,9.357691
15226. 36.400646,9.241519
15227. 36.552,9.440775
15228. 36.460001,9.259028
15229. 36.445227,9.254308
15230. 36.295983,9.177704
15231. 36.300825,9.216499
15232. 36.305684,9.161825
15233. 36.294686,9.010248
15234. 36.248461,8.914804
15235. 36.326631,9.134595
15236. 36.289843,9.061146
15237. 36.217791,8.851633
15238. 36.532864,8.851333
15239. 36.45094,8.716021
15240. 36.451243,8.445203
15241. 36.507032,8.793697
15242. 36.46781,8.550067
15243. 36.452839,8.659329
15244. 36.459846,8.781166
15245. 36.412338,8.752241
15246. 36.351737,8.794899
15247. 36.230704,8.785114
15248. 36.371643,8.762283
15249. 36.4967,8.776617
15250. 36.308174,8.774729
15251. 36.540019,8.73765
15252. 36.336735,8.790178
15253. 36.267978,8.803997
15254. 36.258428,9.12715
15255. 36.239929,9.100885
15256. 35.945215,9.23315
15257. 35.97106,9.260273
15258. 36.081708,9.347477
15259. 36.09024,9.476738
15260. 36.091436,9.566731
15261. 36.160564,9.642917
15262. 36.084673,9.374385
15263. 36.075794,9.388976
15264. 36.044571,9.304647
15265. 35.948064,9.173412
15266. 36.115135,8.522129
15267. 36.127996,8.442993
15268. 36.180251,8.806057
15269. 36.167208,8.728895
15270. 36.15664,8.697567
15271. 36.104492,8.926735
15272. 36.15586,8.817558
15273. 36.16156,8.87764
15274. 36.00811,9.113588
15275. 36.07321,9.019303
15276. 35.935035,8.547363
15277. 36.178432,8.707352
15278. 36.175141,8.699369
15279. 36.177756,8.714647
15280. 35.891779,8.552899
15281. 35.902782,8.765373
15282. 36.150178,8.972912
15283. 36.056281,8.922272
15284. 36.200755,9.054794
15285. 35.889328,8.727179
15286. 36.02269,8.907337
15287. 35.946153,8.831034
15288. 35.662666,10.561295
15289. 35.532925,10.624852
15290. 35.625419,10.592537
15291. 35.712023,10.558376
15292. 35.641603,10.577774
15293. 35.662544,10.582323
15294. 35.775991,10.608974
15295. 35.698937,10.578504
15296. 35.825486,10.59155
15297. 35.7319,10.57404
15298. 35.71988,10.574512
15299. 35.799002,10.620689
15300. 35.64741,10.586486
15301. 35.538914,10.629616
15302. 35.840169,10.583611
15303. 35.840012,10.533786
15304. 35.761871,10.119181
15305. 35.836289,10.171709
15306. 35.704827,10.106735
15307. 35.738135,10.115147
15308. 35.802048,10.148277
15309. 35.540136,10.048242
15310. 35.684934,10.070987
15311. 35.780952,9.976187
15312. 35.585607,9.849329
15313. 35.858622,10.006657
15314. 35.711151,10.00082
15315. 35.693727,10.437956
15316. 35.642196,10.097551
15317. 35.67642,10.132785
15318. 35.692681,10.40534
15319. 35.682172,10.206084
15320. 35.763281,10.524688
15321. 35.71508,10.455079
15322. 35.654472,10.116005
15323. 35.680952,10.311785
15324. 35.168546,10.653734
15325. 35.20341,10.64558
15326. 35.40843,10.675535
15327. 35.462767,10.634766
15328. 35.309522,10.652575
15329. 35.397796,10.671072
15330. 35.377539,10.664377
15331. 35.198395,10.714502
15332. 35.314232,10.695877
15333. 35.281798,10.70446
15334. 35.300294,10.690556
15335. 35.471767,10.640173
15336. 35.467329,10.64013
15337. 35.311098,10.030947
15338. 35.158056,10.041075
15339. 35.394263,10.048885
15340. 35.52601,9.738092
15341. 35.57388,9.79002
15342. 35.561103,9.763241
15343. 35.854831,9.15453
15344. 35.772596,9.441204
15345. 35.830305,9.26199
15346. 35.660609,9.771996
15347. 35.636267,9.714746
15348. 35.785582,9.527893
15349. 35.721465,9.632263
15350. 35.659911,9.750109
15351. 35.788646,9.494419
15352. 35.630198,9.823151
15353. 35.730349,9.604797
15354. 35.798132,9.357347
15355. 35.789934,9.401979
15356. 35.767634,9.57098
15357. 35.681248,9.650888
15358. 35.6355,9.671574
15359. 35.686756,8.708811
15360. 35.732701,8.914504
15361. 35.766468,8.797302
15362. 35.770315,8.963513
15363. 35.822024,9.075394
15364. 35.789586,8.83893
15365. 35.707388,8.745546
15366. 35.821815,9.087667
15367. 35.681875,8.630362
15368. 35.735662,9.000978
15369. 35.848013,9.123716
15370. 35.577754,8.478012
15371. 35.771273,8.858757
15372. 35.76248,9.017673
15373. 35.56497,8.448722
15374. 35.542965,8.684006
15375. 35.822755,8.563671
15376. 35.59161,8.664865
15377. 35.531615,8.698726
15378. 35.572152,8.676882
15379. 35.845335,8.612251
15380. 35.850483,8.645983
15381. 35.377539,9.495878
15382. 35.231616,9.385242
15383. 35.401749,9.517078
15384. 35.269781,9.418502
15385. 35.477691,9.660501
15386. 35.313689,9.361382
15387. 35.31488,9.334002
15388. 35.271656,9.256411
15389. 35.264315,9.198604
15390. 35.203866,9.229889
15391. 35.177544,9.279799
15392. 35.269098,9.071789
15393. 35.311028,8.628387
15394. 35.253995,8.719282
15395. 35.379008,8.446941
15396. 35.168766,8.836484
15397. 35.211229,8.900642
15398. 35.197133,8.875837
15399. 35.258481,9.092474
15400. 35.355351,8.502388
15401. 35.449484,8.757477
15402. 35.324264,8.71748
15403. 35.478914,8.749065
15404. 35.394403,8.734388
15405. 35.347511,8.71748
15406. 35.546561,8.361239
15407. 36.223071,8.351712
15408. 36.228376,8.350918
15409. 36.463556,8.40055
15410. 36.428448,8.371711
15411. 35.333473,8.329439
15412. 35.34121,8.335361
15413. 35.370155,8.31768
15414. 35.411333,8.350039
15415. 35.403148,8.41321
15416. 35.313339,8.349781
15417. 35.171379,8.41969
15418. 35.848361,8.396387
15419. 35.800203,8.376217
15420. 35.766868,8.341069
15421. 35.786644,8.265452
15422. 34.844663,10.673175
15423. 34.819018,10.634508
15424. 35.008628,10.740209
15425. 35.050551,10.716519
15426. 34.913596,10.736818
15427. 35.095895,10.712786
15428. 34.891546,10.716498
15429. 34.891598,10.762739
15430. 34.935236,10.743942
15431. 35.066184,10.746603
15432. 35.12284,10.741582
15433. 34.856408,10.759778
15434. 34.849769,10.574341
15435. 35.071681,10.039487
15436. 35.114678,10.033522
15437. 34.925789,10.072274
15438. 35.090171,9.945803
15439. 35.081743,9.86804
15440. 34.970058,10.371351
15441. 34.946141,10.405512
15442. 35.019629,10.255566
15443. 35.057788,9.981251
15444. 34.727223,10.588417
15445. 34.754585,10.762149
15446. 34.80244,10.76128
15447. 34.744755,10.759821
15448. 34.730569,10.747064
15449. 34.560488,10.560265
15450. 34.746765,10.759928
15451. 34.73984,10.759971
15452. 34.65508,10.667253
15453. 34.772375,10.760894
15454. 34.717444,10.73051
15455. 34.707337,10.722098
15456. 34.780871,10.663433
15457. 34.74599,10.726154
15458. 34.731667,10.594382
15459. 34.730062,10.641289
15460. 34.733431,10.72448
15461. 34.732955,10.682659
15462. 34.517201,10.205956
15463. 34.676206,10.544429
15464. 34.53046,10.092316
15465. 34.518721,10.233936
15466. 34.522964,10.080342
15467. 34.514584,10.16613
15468. 34.649308,10.500998
15469. 34.611136,10.468469
15470. 34.593756,10.434995
15471. 34.501711,10.407572
15472. 34.521771,10.498316
15473. 34.466399,10.331869
15474. 34.541313,10.068884
15475. 34.523318,10.073175
15476. 34.798158,10.101328
15477. 34.634691,10.092831
15478. 34.606473,10.105791
15479. 34.494496,10.052233
15480. 34.659546,9.926233
15481. 34.756475,10.327492
15482. 34.752844,10.175915
15483. 34.724454,10.451603
15484. 34.741136,10.37766
15485. 34.729957,10.515718
15486. 34.757295,10.2705
15487. 35.091506,9.3013
15488. 35.015552,9.267998
15489. 35.049497,9.278297
15490. 34.6737,9.0275
15491. 34.93221,9.196072
15492. 35.13923,9.361124
15493. 34.52498,8.891459
15494. 34.852446,9.144745
15495. 35.056945,9.65209
15496. 35.100003,9.534845
15497. 35.069604,9.683365
15498. 34.63063,9.729853
15499. 34.583228,9.539137
15500. 34.465134,8.924589
15501. 34.529505,9.202938
15502. 34.464285,9.029903
15503. 34.625333,9.761696
15504. 34.503904,9.15144
15505. 34.567539,9.354687
15506. 34.573899,9.442835
15507. 34.575578,9.831176
15508. 34.604707,9.602222
15509. 34.580472,9.842291
15510. 34.540359,9.252806
15511. 35.119663,8.492432
15512. 35.065762,8.559895
15513. 34.92512,8.545218
15514. 34.818172,8.516207
15515. 34.663323,8.576803
15516. 34.949712,8.576803
15517. 34.719498,8.512859
15518. 34.498281,8.732328
15519. 34.945104,8.559465
15520. 34.748559,8.522816
15521. 34.597006,8.587103
15522. 35.124788,8.471575
15523. 35.104532,8.718853
15524. 35.046089,8.632679
15525. 35.153951,8.77327
15526. 35.100389,8.741341
15527. 34.105267,9.942284
15528. 34.157273,9.970951
15529. 34.020368,9.919538
15530. 33.934032,9.963055
15531. 34.33479,10.007172
15532. 34.399757,10.063219
15533. 34.388443,10.049121
15534. 34.032319,9.921513
15535. 33.881817,9.996099
15536. 33.800155,10.06073
15537. 34.446804,10.294704
15538. 33.871663,10.015669
15539. 34.254272,10.042105
15540. 34.419071,10.171108
15541. 33.841584,10.04837
15542. 34.084619,9.984341
15543. 34.215262,9.996142
15544. 33.929029,10.035195
15545. 34.421018,10.184927
15546. 33.759526,10.204325
15547. 33.841423,10.083776
15548. 34.40236,10.15995
15549. 33.98794,10.003009
15550. 33.838322,10.116177
15551. 34.318434,10.049615
15552. 34.385521,10.054121
15553. 34.428682,10.054464
15554. 34.302757,10.060043
15555. 34.025952,9.924002
15556. 33.985609,9.957733
15557. 33.86646,9.934902
15558. 33.905097,9.863834
15559. 33.88171,10.005927
15560. 33.875083,9.976273
15561. 34.313489,8.490372
15562. 34.357927,8.66581
15563. 34.423142,8.755975
15564. 34.410534,8.804469
15565. 34.435266,8.858757
15566. 34.279595,9.457083
15567. 34.292573,9.002008
15568. 34.372381,8.832407
15569. 34.150561,9.767275
15570. 34.339786,8.886824
15571. 34.175844,9.69655
15572. 34.269098,9.516649
15573. 34.245936,9.239674
15574. 34.274205,9.391508
15575. 34.451776,8.776488
15576. 34.339343,8.950424
15577. 34.406281,8.800714
15578. 34.23932,9.147191
15579. 34.329368,8.973169
15580. 34.228906,9.600163
15581. 34.255691,9.551668
15582. 33.822262,9.532356
15583. 33.804291,8.78726
15584. 33.814704,8.725805
15585. 33.780967,9.455538
15586. 33.889762,8.565302
15587. 33.844578,9.631577
15588. 33.791096,8.792667
15589. 33.882423,9.670887
15590. 33.939666,8.450997
15591. 33.754531,9.336748
15592. 33.900734,9.837742
15593. 33.885629,9.7229
15594. 33.883242,9.794526
15595. 33.766626,9.079771
15596. 33.758367,9.023337
15597. 33.778256,8.852663
15598. 34.30234,8.361068
15599. 34.239178,8.345618
15600. 33.846574,7.727079
15601. 33.761899,7.652407
15602. 33.877684,7.800808
15603. 33.97472,8.155546
15604. 33.919726,8.111172
15605. 34.069263,8.234682
15606. 33.87087,7.879107
15607. 33.924044,8.13705
15608. 34.315669,8.40188
15609. 34.352294,7.893677
15610. 34.037404,8.144302
15611. 34.305655,7.9426
15612. 34.214144,8.011608
15613. 34.396322,7.967405
15614. 34.151377,8.07066
15615. 34.384494,7.919941
15616. 34.008709,8.247299
15617. 34.008985,8.270645
15618. 33.984115,8.215585
15619. 34.405608,7.972126
15620. 34.386265,7.932987
15621. 33.081222,11.312399
15622. 33.124793,11.370764
15623. 33.140767,11.484919
15624. 33.158355,11.351452
15625. 33.148412,11.559334
15626. 33.459014,10.454178
15627. 33.407944,10.506191
15628. 33.529161,10.369377
15629. 33.734155,10.147247
15630. 33.633219,10.180206
15631. 33.600993,10.206299
15632. 33.560762,10.310111
15633. 33.555665,10.314102
15634. 33.532845,10.331869
15635. 33.495777,10.341997
15636. 33.565393,10.316763
15637. 33.63522,10.282173
15638. 33.584352,10.31848
15639. 33.617559,10.286529
15640. 33.590769,10.314124
15641. 33.538318,9.988632
15642. 33.524868,9.987602
15643. 33.48393,10.063477
15644. 33.511987,10.015068
15645. 33.49252,10.102444
15646. 33.554485,9.921899
15647. 33.436903,10.171881
15648. 33.435363,10.201492
15649. 33.545642,9.967239
15650. 33.535761,9.865808
15651. 33.504544,10.00906
15652. 33.467088,10.129609
15653. 33.37462,10.559406
15654. 33.144199,11.037054
15655. 33.065039,11.197815
15656. 33.310913,10.589275
15657. 33.148295,10.983152
15658. 33.058925,11.242104
15659. 33.26076,10.686264
15660. 33.104161,11.097565
15661. 33.129393,11.066236
15662. 33.199563,10.83282
15663. 33.347827,10.574298
15664. 33.295418,10.772181
15665. 33.310697,10.710726
15666. 33.134568,11.070828
15667. 33.140336,11.217041
15668. 33.137138,11.186357
15669. 33.242223,10.865564
15670. 33.365302,10.648563
15671. 33.137821,11.221118
15672. 33.361431,10.586743
15673. 33.347756,10.521512
15674. 33.359979,10.469284
15675. 33.348473,10.48748
15676. 33.064284,10.47821
15677. 33.082912,10.494175
15678. 33.124542,10.492973
15679. 33.178634,10.442033
15680. 33.370427,10.414782
15681. 33.395942,10.32835
15682. 33.738223,9.19899
15683. 33.708865,8.971324
15684. 33.734994,8.986173
15685. 33.705224,8.967075
15686. 33.714291,8.919182
15687. 33.451352,8.869228
15688. 33.494667,9.436054
15689. 33.403609,8.749666
15690. 33.542039,9.532185
15691. 33.555165,9.772253
15692. 33.36842,8.639288
15693. 33.533275,9.812679
15694. 33.385049,8.620148
15695. 33.584093,9.650116
15696. 33.498711,9.387817
15697. 33.45837,9.304476
15698. 33.567216,9.540596
15699. 33.593566,9.583254
15700. 33.36204,8.685293
15701. 33.355875,8.673534
15702. 33.364908,8.664265
15703. 33.367632,8.728294
15704. 33.430797,8.817987
15705. 33.574868,9.685478
15706. 33.444942,8.633795
15707. 33.47652,8.952827
15708. 33.457045,9.025097
15709. 33.444871,8.924246
15710. 32.448724,10.270329
15711. 32.528217,10.268784
15712. 32.764398,10.366116
15713. 32.649854,10.313416
15714. 32.872144,10.380921
15715. 32.92731,10.444479
15716. 32.933938,10.451088
15717. 32.363053,10.318308
15718. 32.985736,10.461817
15719. 32.915855,10.426412
15720. 33.727284,7.564859
15721. 33.320882,7.992811
15722. 33.690995,7.601166
15723. 33.320488,8.092804
15724. 33.648565,7.598419
15725. 33.411884,8.215714
15726. 33.573081,7.635326
15727. 33.425353,7.744503
15728. 33.396837,8.42823
15729. 33.335871,7.84647
15730. 33.722841,7.572498
15731. 33.319878,8.03298
15732. 33.3491,7.782097
15733. 31.188905,10.10519
15734. 31.413959,10.090556
15735. 31.293624,10.121155
15736. 31.244306,10.149779
15737. 31.103399,10.149822
15738. 31.437872,10.100384
15739. 31.700641,10.303288
15740. 31.569724,10.087166
15741. 31.850951,10.279942
15742. 31.971059,10.319424
15743. 31.404088,10.115747
15744. 31.722765,10.313244
15745. 31.674677,10.2075
15746. 31.733934,10.342941
15747. 31.038411,10.161667
15748. 31.788375,10.355644
15749. 31.325853,10.122786
15750. 31.454769,10.125532
15751. 31.632666,10.12639
15752. 30.863405,10.163383
15753. 30.479043,9.981422
15754. 30.575896,9.997473
15755. 30.441533,9.896107
15756. 30.371283,9.742985
15757. 30.606078,10.031376
15758. 30.454038,9.94606
15759. 30.344176,9.72333
15760. 30.829508,10.137978
15761. 30.739844,10.102272
15762. 30.393792,9.846153
15763. 30.688781,10.066223
15764. 30.251496,9.5539
15765. -3.374669,37.608519
15766. -3.358904,35.612097
15767. -4.216527,35.596046
15768. -4.209336,35.563946
15769. -4.200776,35.670118
15770. -4.217811,35.554504
15771. -4.204971,35.634413
15772. -4.548276,35.274525
15773. -4.517773,35.328684
15774. -4.345898,35.562315
15775. -4.277684,35.54944
15776. -4.638109,35.217533
15777. -4.580275,35.240536
15778. -4.385736,35.553217
15779. -4.529453,35.275898
15780. -4.421251,35.51322
15781. -4.522565,35.386019
15782. -4.299039,35.555105
15783. -4.219437,35.727797
15784. -4.499163,35.448589
15785. -4.701584,35.09737
15786. -4.683898,35.106511
15787. -4.841516,34.824429
15788. -4.802858,34.937897
15789. -4.744525,34.971886
15790. -4.725621,35.04982
15791. -4.674189,35.153804
15792. -4.709796,35.070763
15793. -4.853169,34.878159
15794. -1.519326,31.157312
15795. -2.651993,33.028851
15796. -2.592189,33.048677
15797. -2.620227,33.032627
15798. -2.648907,30.449982
15799. -2.518748,30.753651
15800. -2.518234,30.695801
15801. -2.505286,30.66267
15802. -2.599006,30.51487
15803. -2.548931,30.803261
15804. -3.390306,33.453541
15805. -3.451994,33.538857
15806. -3.043711,33.218622
15807. -3.101564,33.266773
15808. -3.227178,33.331189
15809. -2.84699,33.091164
15810. -3.33654,33.35372
15811. -2.987999,33.183346
15812. -3.169269,33.300848
15813. -3.155214,33.292437
15814. -3.364602,33.392258
15815. -2.945827,33.15588
15816. -3.819894,33.320246
15817. -3.518476,33.557396
15818. -3.584438,33.554134
15819. -3.62774,33.495169
15820. -3.56148,33.557396
15821. -3.665943,33.457575
15822. -3.727098,33.401184
15823. -3.67211,33.428736
15824. -5.016605,32.81908
15825. -4.406638,29.831657
15826. -4.495933,29.99186
15827. -4.438216,29.875174
15828. -4.519763,30.043659
15829. -4.422534,29.896631
15830. -4.429744,29.84509
15831. -4.538394,30.047693
15832. -4.411024,29.811401
15833. -4.450773,29.921093
15834. -4.479932,29.973278
15835. -4.514864,29.758615
15836. -4.542715,29.747372
15837. -4.487654,29.749517
15838. -4.556447,29.753809
15839. -4.873117,29.836464
15840. -4.843868,29.994736
15841. -4.840404,30.00701
15842. -4.888681,29.863586
15843. -4.675162,30.06988
15844. -4.854986,29.73484
15845. -4.780128,30.034819
15846. -4.83848,29.976797
15847. -4.857466,29.900665
15848. -4.715741,30.048723
15849. -4.694591,30.060439
15850. -4.657828,30.121078
15851. -4.850924,29.92487
15852. -4.842842,29.679823
15853. -4.890263,29.743423
15854. -4.820028,30.012653
15855. -4.72267,29.708748
15856. -4.623052,29.723253
15857. -4.667666,29.725227
15858. -4.612786,29.741106
15859. -4.781689,29.670467
15860. -4.690977,29.713812
15861. -6.457416,38.907523
15862. -6.843921,39.245868
15863. -6.81029,39.286723
15864. -6.764319,39.229217
15865. -5.685427,34.504452
15866. -8.95333,34.815502
15867. -8.876337,34.820995
15868. -8.910765,34.838505
15869. -9.019456,34.828033
15870. -9.087943,34.808636
15871. -8.99199,34.82975
15872. -9.131673,34.791641
15873. -9.037596,34.811726
15874. -9.759899,35.339584
15875. -9.817921,35.351429
15876. -9.648223,35.26062
15877. -9.692898,35.315208
15878. -9.809295,35.333748
15879. -9.69036,35.297184
15880. -9.740781,35.30508
15881. -9.587675,35.165176
15882. -9.62343,35.229034
15883. -9.4759,34.985962
15884. -9.504768,35.076942
15885. -9.168153,34.798594
15886. -9.585686,35.135307
15887. -9.462523,34.986305
15888. -9.222972,34.775848
15889. -9.55454,35.105095
15890. -9.349374,34.770055
15891. -9.549546,35.108528
15892. -9.325268,34.763231
15893. -9.296841,34.776707
15894. -9.910094,35.514507
15895. -10.24136,35.665741
15896. -9.899525,35.47348
15897. -9.908994,35.456486
15898. -10.416953,35.662994
15899. -10.057685,35.630035
15900. -9.851918,35.355377
15901. -10.338816,35.653038
15902. -10.024301,35.641537
15903. -10.384366,35.66823
15904. -9.96344,35.616817
15905. -10.093009,35.645485
15906. -10.501357,35.671406
15907. -10.481018,35.689344
15908. -9.935289,35.533733
15909. -10.204194,35.671234
15910. -10.266614,35.651665
15911. -10.580698,35.767579
15912. -10.580698,35.767622
15913. -5.795444,32.729988
15914. -6.945214,33.5186
15915. -7.962762,31.581917
15916. -8.105033,31.522522
15917. -8.355158,31.515741
15918. -7.988943,31.527672
15919. -8.433234,31.509476
15920. -8.087316,31.497974
15921. -8.296814,31.521492
15922. -8.342399,31.52514
15923. -8.379062,31.237907
15924. -8.422282,31.21233
15925. -8.309596,31.46965
15926. -8.3231,31.290264
15927. -8.300763,31.48304
15928. -8.27832,31.445575
15929. -8.260164,31.35601
15930. -8.625554,31.505742
15931. -8.542319,31.48819
15932. -8.52199,31.503124
15933. -8.477339,31.489563
15934. -8.461888,31.180143
15935. -8.464307,31.20718
15936. -8.458089,31.144524
15937. -8.45465,31.131821
15938. -8.439665,31.150103
15939. -1.358873,34.279661
15940. -1.281142,34.440186
15941. -1.319058,34.405403
15942. -1.256074,34.456987
15943. -1.36917,34.261637
15944. -1.257791,34.470806
15945. -1.333281,34.387593
15946. -1.349627,34.352403
15947. -2.700692,36.673908
15948. -2.591117,36.763344
15949. -2.77858,36.711674
15950. -2.674542,36.680088
15951. -2.733121,36.696911
15952. -1.533997,33.975821
15953. -1.44013,34.070492
15954. -1.804163,33.856773
15955. -1.428804,34.187307
15956. -1.691348,33.87969
15957. -1.552273,33.955393
15958. -1.832259,33.833599
15959. -1.442297,34.124093
15960. -1.585477,33.929472
15961. -1.974809,33.861108
15962. -2.024775,33.873596
15963. -1.49306,33.991034
15964. -1.744968,33.868961
15965. -2.047677,33.874712
15966. -1.601317,33.907177
15967. -1.615549,33.912585
15968. -1.972729,34.330816
15969. -1.735531,33.972301
15970. -2.092173,34.473038
15971. -1.778963,33.958654
15972. -1.512483,33.815317
15973. -1.915942,34.054871
15974. -1.70662,33.952732
15975. -1.535048,33.848233
15976. -2.087166,34.632211
15977. -1.96132,34.272795
15978. -2.011394,34.396563
15979. -2.02633,34.455786
15980. -1.545409,33.865528
15981. -1.985424,34.346437
15982. -1.496781,33.806477
15983. -1.903696,34.019294
15984. -1.76618,33.965006
15985. -1.93224,34.193659
15986. -1.933184,34.214773
15987. -1.914226,34.116325
15988. -2.192375,33.87042
15989. -2.25181,33.844285
15990. -2.133815,34.508657
15991. -2.423672,34.800868
15992. -2.488522,34.827089
15993. -2.157059,34.714737
15994. -2.140077,34.537325
15995. -2.259722,34.798336
15996. -2.187679,34.72332
15997. -2.321235,34.845972
15998. -2.271215,34.829664
15999. -2.150712,34.684353
16000. -2.445132,34.815845
16001. -2.511438,33.97625
16002. -2.766728,33.999982
16003. -2.258178,33.854713
16004. -2.339073,33.885398
16005. -2.681594,33.996077
16006. -2.50192,33.968182
16007. -2.520999,33.971314
16008. -2.803891,33.986206
16009. -2.806635,33.984962
16010. -2.368445,33.965435
16011. -3.08588,37.596416
16012. -3.097493,37.614698
16013. -3.011463,37.570539
16014. -3.140816,37.6056
16015. -3.051425,37.595558
16016. -2.990785,37.568264
16017. -2.999934,37.563715
16018. -3.028541,36.693821
16019. -3.095693,36.708241
16020. -3.405514,37.521143
16021. -3.388635,37.548094
16022. -3.376254,37.429218
16023. -3.510423,37.5632
16024. -3.34558,37.32163
16025. -3.336026,37.369909
16026. -3.343138,37.344074
16027. -3.45435,37.532816
16028. -3.25625,37.606544
16029. -3.284356,37.523031
16030. -3.191636,37.604227
16031. -3.280929,37.580624
16032. -3.328828,37.540798
16033. -3.191293,36.638031
16034. -3.223086,36.606274
16035. -3.36111,36.593485
16036. -3.182338,36.670818
16037. -3.367194,36.636443
16038. -3.32855,36.634641
16039. -3.363338,36.613955
16040. -3.373813,36.572371
16041. -3.3498,36.649017
16042. -3.317604,36.637301
16043. -3.375419,36.674423
16044. -3.363102,36.676226
16045. -3.323216,37.225027
16046. -3.388721,36.921015
16047. -3.389107,36.944618
16048. -3.369914,37.063751
16049. -3.371499,36.896553
16050. -3.305864,37.20696
16051. -3.37544,36.749697
16052. -3.322231,37.234297
16053. -3.37167,36.858273
16054. -3.332384,37.150784
16055. -3.365758,36.70764
16056. -4.191917,37.763271
16057. -4.074934,37.752371
16058. -4.163839,37.769966
16059. -3.758831,37.605515
16060. -4.040645,37.708683
16061. -3.828886,37.612209
16062. -3.603284,37.546978
16063. -3.739346,37.591696
16064. -3.91709,37.656841
16065. -3.661874,37.57719
16066. -4.069498,37.73941
16067. -3.410055,36.221066
16068. -3.428862,36.412039
16069. -3.404229,36.521559
16070. -3.412583,36.250334
16071. -3.40982,36.486497
16072. -3.450452,36.195638
16073. -3.399859,36.26471
16074. -3.249609,35.505323
16075. -3.270646,35.58506
16076. -3.112491,35.408077
16077. -3.507853,36.014729
16078. -3.37015,35.839376
16079. -3.334826,35.705738
16080. -3.046454,35.367651
16081. -2.94587,35.227661
16082. -3.383387,35.822361
16083. -3.073881,35.389538
16084. -3.149729,35.476398
16085. -3.156114,35.453653
16086. -3.264648,35.573816
16087. -3.339025,35.667801
16088. -3.374562,35.885639
16089. -3.224286,35.470734
16090. -3.020655,35.314951
16091. -3.312634,35.733204
16092. -3.385808,35.57476
16093. -3.467287,35.493135
16094. -3.378439,35.531845
16095. -3.468401,35.467644
16096. -3.439785,35.527554
16097. -3.496544,35.412626
16098. -3.513036,35.4037
16099. -3.37287,35.555363
16100. -2.90301,35.125694
16101. -2.832546,35.000038
16102. -2.884366,33.952389
16103. -3.056396,33.900719
16104. -3.086823,33.875313
16105. -2.97437,33.938828
16106. -3.024062,33.907843
16107. -3.17966,33.793387
16108. -2.914025,33.958311
16109. -3.173104,33.801928
16110. -3.183559,33.77708
16111. -3.46476,34.137955
16112. -3.419437,34.098129
16113. -3.443427,34.034615
16114. -3.453022,33.982944
16115. -3.419351,34.068604
16116. -3.441585,33.94887
16117. -3.483479,34.008265
16118. -4.215521,35.748568
16119. -3.675814,35.939798
16120. -3.779578,35.865512
16121. -3.605597,36.048546
16122. -3.906493,35.814357
16123. -3.695258,35.93658
16124. -4.031869,35.770798
16125. -3.708962,35.91598
16126. -3.549594,36.101632
16127. -3.524344,35.42181
16128. -3.538093,35.404129
16129. -3.604826,35.284824
16130. -3.557711,35.35881
16131. -3.697163,35.160542
16132. -3.633779,35.26886
16133. -3.657077,35.208607
16134. -3.535438,35.38456
16135. -3.655193,34.416561
16136. -3.521517,34.233141
16137. -3.80268,34.466
16138. -3.713437,34.414845
16139. -3.51719,33.91943
16140. -3.836251,34.464111
16141. -3.893927,34.625473
16142. -3.555527,34.192715
16143. -3.873246,34.512691
16144. -3.898765,34.711304
16145. -3.733822,35.079002
16146. -3.716178,35.091362
16147. -3.777159,34.969482
16148. -3.886776,34.820995
16149. -3.829914,34.878845
16150. -3.60217,34.387379
16151. -3.620394,33.806219
16152. -3.526935,34.308844
16153. -3.900092,34.52342
16154. -3.567306,34.383087
16155. -3.610137,33.869476
16156. -3.545547,34.175892
16157. -4.650428,39.093132
16158. -4.744867,39.130898
16159. -4.903347,39.092102
16160. -4.682636,39.105148
16161. -4.840404,39.138107
16162. -4.773435,39.158535
16163. -4.629254,38.042994
16164. -4.808674,38.215771
16165. -4.66959,38.093891
16166. -4.888168,38.288813
16167. -4.593365,37.964373
16168. -4.450431,37.872105
16169. -4.279396,37.782497
16170. -4.507249,37.913218
16171. -4.350562,37.822838
16172. -4.987106,39.085236
16173. -5.179807,38.823366
16174. -5.253786,38.640289
16175. -5.070105,39.065022
16176. -5.235281,38.716335
16177. -5.140143,38.868341
16178. -5.210836,38.729982
16179. -5.043965,39.040518
16180. -5.028147,39.065065
16181. -5.201348,38.780794
16182. -5.58075,38.44099
16183. -5.296306,38.605013
16184. -5.077575,39.08854
16185. -5.498609,38.479185
16186. -5.617566,38.411808
16187. -5.06723,39.090729
16188. -5.176815,38.792124
16189. -5.124072,38.976488
16190. -5.324113,38.554158
16191. -5.397017,38.531971
16192. -5.18203,38.474293
16193. -5.308292,38.531156
16194. -5.15724,38.448286
16195. -5.212823,38.486052
16196. -5.133475,38.387346
16197. -4.941743,38.295937
16198. -5.137749,38.433094
16199. -5.088636,38.342457
16200. -5.016305,38.328724
16201. -4.370524,35.771399
16202. -4.485782,35.758739
16203. -4.559057,35.742302
16204. -4.356403,35.750284
16205. -4.856611,35.834656
16206. -4.885175,35.807533
16207. -4.35084,35.763974
16208. -4.451094,35.740113
16209. -4.348872,35.736594
16210. -4.326449,35.775304
16211. -4.330514,35.772343
16212. -4.734453,35.834956
16213. -4.917458,35.810022
16214. -4.366652,34.013414
16215. -4.545153,34.545994
16216. -4.540618,34.530888
16217. -4.299938,33.914623
16218. -4.304217,33.820381
16219. -4.396562,34.275799
16220. -4.454154,34.509773
16221. -4.395706,34.058647
16222. -4.921391,34.76469
16223. -4.576468,34.578524
16224. -4.30135,33.984575
16225. -4.714885,34.708986
16226. -4.569987,34.60938
16227. -4.406574,34.421711
16228. -4.585366,34.62616
16229. -4.286286,33.879604
16230. -4.410489,34.375534
16231. -4.393074,34.344463
16232. -4.359891,34.195375
16233. -4.822893,34.748425
16234. -4.81256,34.742525
16235. -5.371723,35.859032
16236. -4.984669,35.79792
16237. -5.156257,35.847874
16238. -5.53936,35.854397
16239. -5.330533,35.879459
16240. -5.208998,35.883579
16241. -5.083164,35.79689
16242. -4.94572,35.812597
16243. -5.243529,35.889759
16244. -5.485024,35.8465
16245. -5.110693,35.826931
16246. -5.486178,34.71036
16247. -5.332926,34.779453
16248. -5.404067,34.752073
16249. -5.004378,34.757481
16250. -5.143947,34.772587
16251. -5.565352,34.656458
16252. -5.202331,34.78426
16253. -5.540385,33.943291
16254. -5.567551,34.018993
16255. -5.512364,33.91428
16256. -5.536114,33.969212
16257. -5.568406,34.202671
16258. -5.606504,34.253826
16259. -5.443714,33.761845
16260. -5.561742,34.095039
16261. -5.495661,33.824415
16262. -5.44491,33.806992
16263. -5.495832,33.844585
16264. -5.493055,33.86879
16265. -5.606761,34.54874
16266. -5.576436,34.606247
16267. -1.249896,31.59462
16268. -1.260386,31.628222
16269. -1.235308,31.595392
16270. -1.277527,31.732035
16271. -1.226706,31.569986
16272. -1.125039,31.394548
16273. -1.176892,31.400728
16274. -1.287824,31.667147
16275. -1.297799,31.761646
16276. -1.322555,31.796107
16277. -1.239706,31.412916
16278. -1.342033,31.787224
16279. -1.390235,31.763706
16280. -1.209072,31.408281
16281. -1.302218,31.76023
16282. -1.281967,31.637106
16283. -1.251966,31.423409
16284. -1.000027,31.416736
16285. -1.381611,31.240654
16286. -1.26384,31.38176
16287. -1.245884,31.395407
16288. -1.393367,31.211815
16289. -1.302411,31.294212
16290. -1.269536,31.056182
16291. -1.18734,30.992517
16292. -1.126713,30.949645
16293. -1.378951,31.128645
16294. -1.3448,31.117229
16295. -1.034933,30.677648
16296. -1.037786,30.692282
16297. -1.051388,30.797381
16298. -1.092301,30.884972
16299. -1.147372,30.853086
16300. -1.08284,30.753951
16301. -1.060614,30.73245
16302. -1.088354,30.905571
16303. -1.1469,30.864887
16304. -1.05791,30.673099
16305. -1.075975,30.821199
16306. -1.118796,30.832272
16307. -1.078206,30.768328
16308. -1.066749,30.717645
16309. -1.067136,30.652843
16310. -1.065591,30.648251
16311. -2.05306,31.565266
16312. -1.893552,31.64732
16313. -1.494014,31.749544
16314. -1.739607,31.711693
16315. -1.803477,31.693411
16316. -1.564499,31.699333
16317. -1.461452,31.751003
16318. -1.918086,31.636419
16319. -1.659304,31.699076
16320. -1.602507,31.721649
16321. -1.435025,31.742935
16322. -1.513963,31.731949
16323. -1.568188,31.70311
16324. -1.851818,31.649723
16325. -2.023381,31.573505
16326. -1.627903,31.715813
16327. -1.986925,31.596894
16328. -2.085783,31.042557
16329. -1.435239,31.175337
16330. -1.702244,31.10281
16331. -1.484533,31.174736
16332. -1.883387,31.113195
16333. -1.635432,31.15036
16334. -1.819069,31.131005
16335. -1.531616,31.154952
16336. -1.461324,31.174049
16337. -1.768325,31.134825
16338. -1.752775,31.11959
16339. -1.733301,31.113968
16340. -1.592662,31.140661
16341. -1.410185,31.143837
16342. -2.626229,32.947483
16343. -2.535598,32.939672
16344. -2.581814,32.919245
16345. -2.517612,32.898474
16346. -2.680565,32.993488
16347. -2.555383,33.04769
16348. -2.569681,33.283081
16349. -2.545265,33.477359
16350. -2.713681,32.893238
16351. -2.708365,32.931862
16352. -2.482562,33.475513
16353. -2.453064,33.540745
16354. -2.540013,33.190813
16355. -2.320528,33.669834
16356. -2.586959,33.451138
16357. -2.587473,33.41938
16358. -2.363579,33.58984
16359. -2.710852,32.782774
16360. -2.725255,32.868261
16361. -2.80147,32.469835
16362. -2.700435,32.75151
16363. -2.734686,32.808695
16364. -2.650289,32.643449
16365. -2.650954,32.640896
16366. -2.727827,32.852898
16367. -2.714452,32.547684
16368. -2.673942,32.685356
16369. -2.598748,31.384163
16370. -2.671156,31.3379
16371. -2.230434,31.525097
16372. -2.777937,31.316528
16373. -2.471586,31.463985
16374. -2.504771,31.421757
16375. -2.344326,31.490936
16376. -2.153586,31.570244
16377. -2.640954,31.318974
16378. -2.281034,31.515312
16379. -2.110528,31.577797
16380. -2.636346,31.349916
16381. -2.637332,30.992088
16382. -2.788139,31.016464
16383. -2.801084,31.073112
16384. -2.636389,30.938873
16385. -2.767392,30.997753
16386. -2.767049,31.427422
16387. -2.722211,31.385193
16388. -2.745102,31.424675
16389. -2.752218,31.41386
16390. -2.659367,31.365795
16391. -2.794311,31.472569
16392. -2.355003,30.971661
16393. -2.271129,31.013288
16394. -2.226617,31.012173
16395. -2.467084,30.942993
16396. -2.117647,31.055174
16397. -2.433169,30.823002
16398. -2.417648,30.830212
16399. -2.384053,30.801029
16400. -2.38461,30.783906
16401. -2.463354,30.851154
16402. -2.534719,30.857677
16403. -2.49566,30.852227
16404. -2.574612,30.902481
16405. -2.621427,30.919132
16406. -2.489551,30.888147
16407. -3.440385,33.523064
16408. -2.839575,32.423229
16409. -3.397846,33.524952
16410. -3.289219,33.581386
16411. -3.261906,33.572245
16412. -3.31032,33.560529
16413. -3.221865,33.60147
16414. -3.366615,33.541431
16415. -2.848148,31.263485
16416. -2.874036,31.224689
16417. -2.909589,31.200228
16418. -3.409841,31.706028
16419. -2.889981,31.141777
16420. -3.252179,31.41386
16421. -3.392877,31.639938
16422. -2.926669,31.212502
16423. -3.414982,31.669464
16424. -3.00677,31.22838
16425. -3.096207,31.30125
16426. -2.849691,31.08633
16427. -2.961684,31.207352
16428. -3.503698,32.027721
16429. -3.047354,31.25061
16430. -3.442527,31.844044
16431. -3.38705,31.582603
16432. -2.829631,31.081181
16433. -3.192364,31.36219
16434. -3.486863,31.943178
16435. -3.470671,31.898975
16436. -3.339239,31.523552
16437. -3.035976,31.220527
16438. -3.235298,31.023846
16439. -3.108635,31.143665
16440. -3.109406,31.10075
16441. -3.186708,31.034317
16442. -3.282664,30.962563
16443. -3.015898,31.706543
16444. -2.833574,31.52544
16445. -2.917583,31.582775
16446. -2.885223,32.3174
16447. -2.894824,32.15518
16448. -3.021598,31.884298
16449. -2.876619,32.226784
16450. -2.911711,32.219124
16451. -3.031241,31.759543
16452. -2.909053,32.160244
16453. -2.897824,32.228909
16454. -2.95427,32.011414
16455. -2.892038,32.12677
16456. -2.870672,32.236719
16457. -2.999999,31.930819
16458. -3.034605,31.747656
16459. -3.869917,33.196478
16460. -3.61018,33.533621
16461. -4.085936,33.143177
16462. -4.192644,33.202229
16463. -4.209165,33.324709
16464. -3.904374,32.906971
16465. -3.847427,32.69042
16466. -3.900092,32.988167
16467. -3.87877,33.163433
16468. -3.850681,33.086357
16469. -3.905145,32.943277
16470. -3.836037,32.615404
16471. -3.872154,33.145795
16472. -4.026219,33.135109
16473. -4.216441,33.224201
16474. -3.874959,33.051939
16475. -3.800411,32.552834
16476. -3.780627,32.480907
16477. -3.840405,32.596049
16478. -3.837193,32.589312
16479. -3.874552,32.762003
16480. -3.874831,32.833672
16481. -4.192345,33.182831
16482. -3.956286,33.148284
16483. -4.215072,33.185492
16484. -3.607353,33.72674
16485. -3.650353,33.637819
16486. -3.655578,33.669062
16487. -3.517576,32.047291
16488. -3.704487,32.263756
16489. -3.606646,32.119174
16490. -3.646135,32.163935
16491. -3.479067,30.820942
16492. -3.45148,30.822659
16493. -3.375398,30.876389
16494. -3.497808,30.607696
16495. -3.542463,30.772533
16496. -3.747611,30.699234
16497. -3.610479,30.688076
16498. -3.687313,30.697174
16499. -3.656563,30.681038
16500. -3.825975,30.637093
16501. -3.780071,30.683956
16502. -3.84687,30.627823
16503. -3.582746,30.717473
16504. -3.518518,30.642672
16505. -3.552742,30.509033
16506. -3.552614,30.70713
16507. -3.545589,30.661297
16508. -3.533853,30.522766
16509. -3.565978,30.494528
16510. -3.975659,30.593662
16511. -4.003058,30.550919
16512. -4.052375,30.548172
16513. -3.883694,30.629711
16514. -4.118553,30.515728
16515. -4.204757,30.49015
16516. -4.255131,33.536797
16517. -4.259025,33.637047
16518. -4.287271,33.717899
16519. -4.230822,33.485556
16520. -4.240922,33.402987
16521. -4.289967,33.177423
16522. -4.36601,33.154335
16523. -4.680391,33.175106
16524. -4.854601,33.128157
16525. -4.90091,33.096142
16526. -4.514008,33.170815
16527. -4.595974,33.162403
16528. -4.732763,33.17369
16529. -4.796828,33.135281
16530. -4.961453,32.966022
16531. -5.364289,32.689819
16532. -5.007285,32.884827
16533. -5.507793,32.679176
16534. -4.953929,33.031855
16535. -5.437135,32.705011
16536. -5.014702,32.846503
16537. -5.096052,32.791271
16538. -5.273978,32.716427
16539. -5.022055,32.804532
16540. -5.028938,32.80127
16541. -5.619702,32.750845
16542. -5.493269,32.682352
16543. -5.0859,33.027992
16544. -5.055122,32.881994
16545. -5.114668,32.413101
16546. -5.312458,33.462811
16547. -5.114668,33.170557
16548. -5.288315,33.403587
16549. -5.241264,33.368998
16550. -5.075662,32.708702
16551. -5.352496,33.654728
16552. -5.319808,33.518858
16553. -5.088508,32.370014
16554. -5.104623,33.063097
16555. -5.395949,33.742704
16556. -5.140228,33.226519
16557. -5.097399,32.632484
16558. -5.119199,33.132448
16559. -5.349654,33.573918
16560. -5.106675,32.530861
16561. -5.013045,32.78065
16562. -4.998809,32.792859
16563. -5.076581,32.69336
16564. -5.025112,31.169243
16565. -4.980308,31.423988
16566. -5.091671,31.831083
16567. -4.923144,31.689034
16568. -5.073589,31.04702
16569. -5.094834,32.270107
16570. -4.965643,31.762505
16571. -5.053241,31.279106
16572. -5.062133,31.395493
16573. -5.009764,31.116114
16574. -5.050505,31.357555
16575. -5.05307,31.20615
16576. -4.94542,31.515484
16577. -5.065339,31.906614
16578. -5.079873,31.072855
16579. -5.014467,31.224346
16580. -4.983856,31.762075
16581. -5.040459,31.111908
16582. -5.076539,31.807566
16583. -5.103982,31.022987
16584. -5.029686,31.803703
16585. -5.071601,32.066817
16586. -5.064014,31.328545
16587. -5.08714,32.320919
16588. -4.427583,30.328102
16589. -4.301436,30.408182
16590. -4.490991,30.273428
16591. -4.366224,30.376081
16592. -4.446752,30.300293
16593. -4.384024,30.351963
16594. -4.471439,30.288019
16595. -4.497494,30.25197
16596. -4.26399,30.447235
16597. -4.503056,30.209398
16598. -4.539934,30.143394
16599. -4.569538,30.095501
16600. -4.437189,29.782219
16601. -4.829543,30.243988
16602. -4.883593,30.258408
16603. -4.839677,29.658623
16604. -4.604166,30.114341
16605. -4.882438,29.814405
16606. -4.64074,30.125756
16607. -4.714586,30.17807
16608. -4.810898,30.216351
16609. -4.896164,29.84024
16610. -5.192843,30.401402
16611. -5.38954,30.453672
16612. -5.007413,30.308533
16613. -5.553413,30.552034
16614. -5.622221,30.571518
16615. -5.502838,30.531178
16616. -5.377876,30.458736
16617. -5.459264,30.529032
16618. -5.041955,30.356083
16619. -5.285323,30.368958
16620. -5.599201,30.548429
16621. -4.980222,30.293598
16622. -5.095689,30.379858
16623. -5.064826,30.364666
16624. -5.088892,30.276604
16625. -5.107102,30.875273
16626. -5.059824,30.424318
16627. -5.10723,30.683956
16628. -5.070127,30.197382
16629. -5.091842,30.917673
16630. -5.046957,30.511694
16631. -5.085002,30.562935
16632. -5.090303,30.806952
16633. -5.052664,30.45187
16634. -4.959487,29.877062
16635. -5.047513,30.175753
16636. -5.105093,30.7582
16637. -4.990697,29.989843
16638. -5.103383,30.389471
16639. -5.818136,38.291645
16640. -6.182966,38.372326
16641. -5.975315,38.222294
16642. -5.649939,38.396788
16643. -6.218762,38.393011
16644. -5.908641,38.23637
16645. -6.079406,38.24358
16646. -5.786286,38.291388
16647. -5.670438,38.364601
16648. -6.167606,37.002296
16649. -6.313507,37.230949
16650. -6.145504,36.98822
16651. -6.144054,36.949253
16652. -6.136203,36.870117
16653. -6.081412,36.646271
16654. -6.131253,36.917667
16655. -6.196107,37.097912
16656. -6.249009,37.165375
16657. -6.085167,36.733131
16658. -6.133472,36.938953
16659. -6.131594,36.804028
16660. -6.502562,38.925076
16661. -6.581652,39.033823
16662. -6.44378,38.908296
16663. -6.618655,39.099398
16664. -6.630208,39.152613
16665. -6.52192,38.979149
16666. -6.478513,38.829031
16667. -6.448151,38.742085
16668. -6.471434,38.798904
16669. -6.47152,38.868513
16670. -6.641334,38.051834
16671. -6.626158,38.269501
16672. -6.638328,38.352284
16673. -6.636048,38.165474
16674. -6.394972,38.348808
16675. -6.457192,38.330183
16676. -6.507935,38.313532
16677. -6.557137,38.319283
16678. -6.333309,38.38975
16679. -6.37514,38.571367
16680. -6.403928,38.659
16681. -6.717034,38.738651
16682. -6.80736,39.257669
16683. -6.783688,38.990479
16684. -6.684002,38.68475
16685. -6.795705,39.078541
16686. -6.797346,39.225955
16687. -6.78437,39.116993
16688. -6.739026,38.870316
16689. -6.816053,39.280329
16690. -6.792446,39.208274
16691. -6.967472,39.285393
16692. -7.030492,39.293461
16693. -6.851718,39.281144
16694. -6.90078,39.269235
16695. -6.824149,39.281402
16696. -6.921687,39.270887
16697. -6.830498,39.286165
16698. -6.857385,39.279127
16699. -6.827558,39.276166
16700. -7.007002,39.308138
16701. -6.858067,39.217501
16702. -6.873406,39.202137
16703. -6.832032,39.268742
16704. -6.851644,39.230418
16705. -6.865299,39.202781
16706. -6.843079,39.29359
16707. -6.852911,39.266081
16708. -6.805698,39.213166
16709. -6.857385,39.290199
16710. -6.824533,39.23162
16711. -6.838935,39.24355
16712. -6.700774,39.207115
16713. -6.728904,39.214883
16714. -6.777253,39.263763
16715. -6.798582,39.282389
16716. -6.764298,37.790051
16717. -6.736554,37.652206
16718. -6.768688,37.85717
16719. -6.69112,37.966175
16720. -6.364093,37.292747
16721. -6.438898,37.529812
16722. -6.383457,37.344246
16723. -6.774995,37.75486
16724. -6.799306,37.719455
16725. -6.749212,37.879915
16726. -6.775463,37.829018
16727. -6.805144,37.66345
16728. -6.786607,37.660747
16729. -6.470283,37.54818
16730. -6.904529,37.476082
16731. -6.9214,37.507324
16732. -6.952882,37.306051
16733. -6.974863,37.279959
16734. -6.918971,37.426128
16735. -6.949815,37.336264
16736. -6.939229,37.402825
16737. -6.870913,37.601566
16738. -6.892301,37.561398
16739. -6.144224,35.81955
16740. -6.120073,36.276684
16741. -6.090587,35.629349
16742. -6.0608,35.566349
16743. -6.146528,36.119957
16744. -5.949833,35.31332
16745. -6.060502,35.544891
16746. -6.014623,35.437775
16747. -5.896816,35.209637
16748. -6.085167,36.434784
16749. -6.103517,36.317883
16750. -5.999088,35.383272
16751. -6.178124,35.75788
16752. -6.173644,35.747581
16753. -6.02333,35.486612
16754. -6.14576,35.942287
16755. -6.150347,35.705309
16756. -6.181329,35.746744
16757. -6.170497,35.742109
16758. -6.175468,35.738482
16759. -6.134837,35.961342
16760. -5.766175,35.803328
16761. -5.63213,35.826244
16762. -5.871075,35.747967
16763. -5.700501,35.833025
16764. -6.29781,35.742302
16765. -5.669541,35.80307
16766. -5.677484,35.829163
16767. -5.997594,35.753632
16768. -5.960376,35.737667
16769. -5.813525,35.797405
16770. -6.187553,35.733547
16771. -6.251291,35.69797
16772. -6.220489,35.715995
16773. -6.200576,35.743375
16774. -5.846698,35.761013
16775. -5.811946,35.059261
16776. -5.803748,34.980125
16777. -5.782144,35.031538
16778. -5.793757,34.919271
16779. -5.866229,35.072522
16780. -5.759365,34.852452
16781. -5.782443,34.88657
16782. -5.658352,34.686413
16783. -5.82928,34.961071
16784. -5.755842,34.826832
16785. -5.78334,35.00948
16786. -5.748717,34.813989
16787. -5.763272,34.759026
16788. -5.679577,34.481449
16789. -5.693413,34.463167
16790. -5.625382,34.328671
16791. -5.710921,34.531832
16792. -5.691448,34.438019
16793. -5.7555,34.700489
16794. -5.800674,34.328327
16795. -5.845844,34.325323
16796. -5.776679,34.356651
16797. -6.159585,33.897285
16798. -5.877692,34.305496
16799. -6.286548,33.845959
16800. -5.76831,34.390469
16801. -5.698366,34.450722
16802. -5.705882,34.492779
16803. -6.08777,33.947067
16804. -5.906122,34.202499
16805. -5.963235,34.122763
16806. -6.74333,36.03507
16807. -6.473652,35.805817
16808. -6.854978,36.037045
16809. -6.724748,36.034641
16810. -6.640055,35.96117
16811. -6.923083,36.027989
16812. -6.900567,36.045456
16813. -6.689117,35.976791
16814. -7.029129,35.997391
16815. -6.60787,35.927525
16816. -6.562936,35.870018
16817. -6.499918,35.834656
16818. -6.39864,35.744147
16819. -6.414355,35.781355
16820. -6.870977,36.03816
16821. -6.802311,36.07275
16822. -6.328521,33.840809
16823. -6.481029,33.770084
16824. -7.31752,39.078712
16825. -7.224759,39.164543
16826. -7.47524,39.148149
16827. -7.700062,38.948936
16828. -7.430135,39.092617
16829. -7.041992,39.249086
16830. -7.139474,39.183426
16831. -7.549485,39.127035
16832. -7.275292,39.134846
16833. -7.376852,39.091072
16834. -7.701636,38.981724
16835. -7.632011,39.061031
16836. -7.365276,39.067039
16837. -7.120354,39.204798
16838. -7.72309,38.937693
16839. -7.513705,36.809692
16840. -7.523448,36.612883
16841. -7.496558,36.575975
16842. -7.251623,37.198162
16843. -7.568587,36.694508
16844. -7.465411,36.918526
16845. -7.056643,37.244854
16846. -7.583476,36.780853
16847. -7.561525,36.801968
16848. -7.49743,36.875138
16849. -7.517874,36.644726
16850. -7.203854,37.223911
16851. -7.094888,37.236786
16852. -7.349613,37.162628
16853. -7.353103,37.077141
16854. -7.427964,36.930199
16855. -7.407112,36.973114
16856. -7.634627,36.991653
16857. -7.723962,36.932859
16858. -7.49643,37.037315
16859. -7.530893,37.033539
16860. -7.655384,36.981826
16861. -7.604341,36.991396
16862. -7.809899,38.948936
16863. -8.206138,39.182396
16864. -8.25872,39.205742
16865. -8.000715,38.965502
16866. -8.12806,39.078369
16867. -7.97224,38.990736
16868. -7.757684,38.963528
16869. -8.148197,39.177246
16870. -7.950394,38.9849
16871. -8.127933,38.998032
16872. -8.391842,39.281316
16873. -8.089185,36.743603
16874. -8.40097,36.635284
16875. -8.040066,36.827803
16876. -8.165147,36.693649
16877. -8.095473,36.684895
16878. -7.950394,36.856642
16879. -7.896582,36.871834
16880. -8.386132,36.672235
16881. -7.844804,36.886168
16882. -7.863424,36.889772
16883. -8.141867,36.677084
16884. -8.063436,36.802483
16885. -7.766316,36.916552
16886. -8.018308,36.831493
16887. -7.509407,36.530914
16888. -7.696022,35.970783
16889. -7.673864,36.22407
16890. -7.650003,36.14296
16891. -7.6691,36.166563
16892. -7.477496,36.481733
16893. -7.590431,36.344619
16894. -7.677011,36.206818
16895. -7.704038,36.009278
16896. -7.669845,36.047988
16897. -7.633032,36.267929
16898. -7.71299,35.927353
16899. -7.539976,36.429806
16900. -7.556845,36.385131
16901. -7.465496,36.517267
16902. -7.378002,35.73741
16903. -7.569544,35.760841
16904. -7.323074,35.738912
16905. -7.080579,35.943661
16906. -7.191635,35.740414
16907. -7.304132,35.753632
16908. -7.146585,35.958252
16909. -7.393663,35.775046
16910. -7.414027,35.776076
16911. -7.133555,35.988722
16912. -7.132491,35.832081
16913. -7.706016,35.729427
16914. -7.437262,35.810108
16915. -7.617358,35.763803
16916. -7.242608,35.721424
16917. -7.448986,35.806332
16918. -7.682795,35.74728
16919. -7.589644,35.77024
16920. -7.159466,35.769382
16921. -7.116862,35.973701
16922. -7.423815,35.798221
16923. -7.952859,35.561628
16924. -8.339448,35.250921
16925. -8.432088,35.19453
16926. -8.005559,35.505066
16927. -7.753049,35.862465
16928. -8.112128,35.428419
16929. -8.267681,35.314136
16930. -8.220453,35.370741
16931. -8.299489,35.302205
16932. -7.786056,35.702691
16933. -7.862574,35.625744
16934. -7.785535,35.814657
16935. -7.784217,35.685482
16936. -7.780199,35.696769
16937. -7.750243,35.709343
16938. -8.392436,35.362415
16939. -8.377831,35.332117
16940. -8.323397,35.317011
16941. -8.337304,35.304995
16942. -8.409843,35.367393
16943. -9.880584,39.740295
16944. -10.280084,40.136833
16945. -9.965427,39.705877
16946. -10.203814,39.766731
16947. -10.263193,40.094004
16948. -10.075981,39.617386
16949. -9.268252,39.391479
16950. -10.001902,39.657984
16951. -10.179358,39.673862
16952. -10.305166,40.163097
16953. -10.132807,39.653692
16954. -9.725723,39.576359
16955. -10.212177,39.850245
16956. -10.238995,39.950924
16957. -9.627915,39.501343
16958. -10.032436,39.697251
16959. -9.369117,39.436884
16960. -9.944377,39.724073
16961. -10.01177,39.714503
16962. -9.598634,39.508553
16963. -9.750763,39.727077
16964. -9.479752,39.469156
16965. -10.122203,39.616528
16966. -9.237671,39.399033
16967. -10.255465,39.994526
16968. -9.519031,39.473276
16969. -9.680122,39.549408
16970. -9.996936,39.711328
16971. -9.73947,39.691887
16972. -10.28,40.115461
16973. -9.297942,39.409332
16974. -10.194184,39.795399
16975. -10.283885,40.178976
16976. -10.226199,39.738665
16977. -9.428699,39.443321
16978. -10.03981,39.636955
16979. -10.256183,39.921741
16980. -10.264376,40.034695
16981. -10.291908,40.177517
16982. -10.112401,39.61833
16983. -10.282787,39.403152
16984. -10.204406,39.522629
16985. -10.252214,39.423151
16986. -10.242332,39.463234
16987. -8.578051,39.252434
16988. -8.696936,39.25312
16989. -8.911444,39.315434
16990. -8.603002,39.2593
16991. -9.084892,39.317322
16992. -8.868366,39.337578
16993. -8.843687,39.33054
16994. -8.794917,39.331055
16995. -9.159722,39.347706
16996. -9.02361,39.312172
16997. -9.062516,39.318523
16998. -8.500514,39.259043
16999. -8.799625,39.348822
17000. -8.4621,36.589108
17001. -9.125656,36.0149
17002. -8.683403,36.404486
17003. -8.633849,36.47006
17004. -9.058151,35.994902
17005. -8.96804,36.297798
17006. -8.961851,36.138754
17007. -9.032807,36.004944
17008. -8.589805,36.484995
17009. -8.989235,36.11558
17010. -8.775917,36.373501
17011. -8.95227,36.30106
17012. -8.627654,36.465855
17013. -8.529884,36.518555
17014. -8.822229,36.357536
17015. -8.988302,36.079359
17016. -8.63334,36.453152
17017. -8.479758,36.544476
17018. -8.545056,36.513448
17019. -8.660833,36.429462
17020. -8.91721,36.279001
17021. -8.784272,36.360455
17022. -8.956509,36.209221
17023. -8.604232,35.368338
17024. -8.606184,35.391855
17025. -8.685694,35.3092
17026. -8.723618,35.32053
17027. -8.724212,35.296755
17028. -8.619253,35.39237
17029. -8.625618,35.431252
17030. -8.65379,35.421553
17031. -8.590229,35.371685
17032. -8.466133,35.339241
17033. -8.644541,35.387478
17034. -8.707668,35.309458
17035. -8.524451,35.343704
17036. -8.5803,35.353746
17037. -8.74347,35.286198
17038. -8.563071,35.337439
17039. -8.836414,34.836702
17040. -8.852549,34.57243
17041. -8.839022,34.171257
17042. -8.838386,33.969812
17043. -8.803739,34.283352
17044. -8.797547,34.239922
17045. -8.698633,34.926052
17046. -8.863659,34.609251
17047. -8.86544,34.515696
17048. -8.771973,34.421453
17049. -8.489818,35.141487
17050. -8.835842,34.456558
17051. -8.5253,35.025787
17052. -8.841397,34.736023
17053. -8.798713,34.846187
17054. -8.860775,34.030666
17055. -8.557809,35.00227
17056. -8.827169,33.852954
17057. -8.857595,34.558868
17058. -8.778504,33.783216
17059. -8.768749,34.377422
17060. -8.773372,34.871635
17061. -8.603978,34.966736
17062. -8.509151,35.055184
17063. -8.854373,34.487286
17064. -8.85698,34.099395
17065. -8.841874,34.822605
17066. -8.852761,34.632275
17067. -9.821008,36.08777
17068. -9.825913,36.06039
17069. -9.14591,36.038933
17070. -9.379205,36.056099
17071. -9.793182,36.098757
17072. -9.633373,36.120987
17073. -9.501001,36.076441
17074. -9.726865,36.090088
17075. -9.613529,36.11352
17076. -9.587505,36.072578
17077. -9.481614,36.06657
17078. -9.276893,36.073351
17079. -9.431154,36.092148
17080. -9.297815,36.083822
17081. -9.19137,36.006575
17082. -9.525676,33.751717
17083. -9.564083,33.760386
17084. -9.575382,33.772445
17085. -9.550562,33.764763
17086. -9.421544,34.841595
17087. -9.593049,33.946295
17088. -9.623578,33.87836
17089. -9.584988,33.946166
17090. -9.60149,33.865185
17091. -9.575995,33.848276
17092. -9.740993,34.610281
17093. -9.798004,34.536295
17094. -9.74869,34.58951
17095. -9.561184,34.651823
17096. -9.437716,34.834042
17097. -9.811282,34.509516
17098. -9.744207,34.632425
17099. -9.520809,34.761171
17100. -9.55035,34.728985
17101. -9.604981,34.645472
17102. -9.77007,34.525352
17103. -9.546033,34.69594
17104. -9.668277,34.657145
17105. -9.665781,34.652596
17106. -9.730545,34.65251
17107. -9.520809,34.780054
17108. -9.764932,34.614916
17109. -9.774447,34.520073
17110. -9.474503,34.786835
17111. -10.437803,39.113989
17112. -10.531484,38.954344
17113. -10.355977,39.280715
17114. -10.368853,39.224238
17115. -10.460698,39.094462
17116. -10.332293,39.301701
17117. -10.407329,39.165487
17118. -10.301788,39.368219
17119. -10.506231,39.008503
17120. -11.068497,38.459702
17121. -11.111285,38.466568
17122. -11.047101,38.424854
17123. -10.951725,38.381081
17124. -11.136719,38.493862
17125. -10.933734,38.383913
17126. -10.831536,38.674278
17127. -10.946669,38.324432
17128. -10.887844,38.569908
17129. -10.927287,38.091831
17130. -10.904195,38.177104
17131. -10.929941,38.450432
17132. -10.831704,38.656425
17133. -10.937737,38.290272
17134. -10.90706,38.053036
17135. -10.899644,38.263664
17136. -10.600102,38.894863
17137. -10.648641,38.883598
17138. -10.92143,38.167534
17139. -10.728333,38.804913
17140. -10.903731,38.516865
17141. -10.949534,37.238674
17142. -10.905038,37.164345
17143. -10.750216,36.936722
17144. -10.876549,37.734089
17145. -10.85438,37.468872
17146. -10.857247,37.183399
17147. -10.765478,36.890888
17148. -10.791953,36.833296
17149. -10.939169,37.394028
17150. -10.882281,37.686367
17151. -10.927877,37.958279
17152. -10.772139,36.917582
17153. -10.774922,36.624727
17154. -10.77977,37.092419
17155. -10.76396,37.07345
17156. -10.994025,37.391968
17157. -10.768387,36.788235
17158. -10.857247,37.556763
17159. -10.779222,36.706009
17160. -10.801987,36.654768
17161. -10.799246,36.686525
17162. -10.93445,37.239361
17163. -10.757383,36.954832
17164. -10.871871,37.451878
17165. -10.757383,37.013712
17166. -11.044468,37.334504
17167. -10.926276,37.879314
17168. -10.98008,37.289743
17169. -10.780107,37.120571
17170. -10.465826,36.145277
17171. -10.536378,35.989838
17172. -10.523721,36.052065
17173. -10.518995,36.163731
17174. -10.504395,36.105022
17175. -10.515788,36.186991
17176. -10.530176,36.077728
17177. -10.468864,36.131973
17178. -10.464729,35.806246
17179. -9.864137,36.028032
17180. -9.891408,35.985975
17181. -10.389136,35.7938
17182. -10.327923,35.805473
17183. -10.526252,35.756979
17184. -9.990153,35.965462
17185. -10.509121,35.78702
17186. -10.046191,35.943747
17187. -10.260997,35.87285
17188. -10.125794,35.883923
17189. -10.079192,35.893879
17190. -10.440926,35.792685
17191. -10.187088,35.902462
17192. -10.446328,34.706326
17193. -10.421173,34.747267
17194. -10.274975,34.731903
17195. -10.005114,34.659548
17196. -9.944292,34.608736
17197. -10.179865,34.671822
17198. -10.024512,34.645901
17199. -10.45135,34.672165
17200. -9.885024,34.511919
17201. -10.242543,34.721947
17202. -10.214331,34.684525
17203. -10.149747,34.689159
17204. -10.352748,34.724178
17205. -9.97312,34.628048
17206. -10.10243,34.689846
17207. -10.392513,34.744134
17208. -9.850861,34.497585
17209. -10.46342,34.591999
17210. -9.93922,34.582558
17211. -10.298283,34.730186
17212. -10.489922,34.610195
17213. -10.679185,35.653338
17214. -10.639562,35.700588
17215. -10.564013,35.813885
17216. -10.708219,35.267744
17217. -10.551947,35.978551
17218. -10.606577,35.718355
17219. -10.743807,36.542931
17220. -10.582575,35.797234
17221. -10.560849,35.905037
17222. -10.555659,35.890446
17223. -10.71952,36.482162
17224. -10.736344,36.507998
17225. -10.695231,36.484652
17226. -10.762991,36.522675
17227. -10.685342,36.448517
17228. -10.750469,35.165949
17229. -10.578314,36.377964
17230. -10.612314,36.403542
17231. -10.611892,36.441479
17232. -10.704677,35.244226
17233. -10.731769,35.177364
17234. -10.6752,35.487814
17235. -10.560174,36.242352
17236. -10.706533,35.389967
17237. -10.584642,36.334791
17238. -10.565532,35.855255
17239. -10.690593,35.436401
17240. -10.715304,35.191612
17241. -10.671826,35.600338
17242. -10.674799,35.628576
17243. -10.573927,35.773201
17244. -11.052492,35.461636
17245. -10.796928,35.558882
17246. -11.093092,35.486355
17247. -10.907735,35.488243
17248. -10.986694,35.464039
17249. -10.938916,35.491333
17250. -10.752408,35.516739
17251. -11.207955,35.449619
17252. -10.812778,35.543261
17253. -10.814211,35.04158
17254. -11.13314,34.904509
17255. -10.855771,35.006561
17256. -11.101431,34.910774
17257. -11.094566,34.925194
17258. -10.898337,35.02965
17259. -10.91415,35.029564
17260. -11.173392,34.908972
17261. -10.985388,34.969311
17262. -11.143077,34.919872
17263. -10.994994,34.974546
17264. -11.18619,34.917212
17265. -10.795579,35.081491
17266. -10.752408,35.136681
17267. -10.952505,34.998107
17268. -11.079068,34.920301
17269. -5.958241,32.776337
17270. -5.654039,32.740717
17271. -6.113587,32.876415
17272. -6.188683,32.968426
17273. -6.162486,32.946968
17274. -6.033103,32.849979
17275. -5.684231,32.750244
17276. -6.097799,32.44606
17277. -6.032164,32.511463
17278. -6.043943,32.487946
17279. -6.125791,32.369328
17280. -5.965156,30.969257
17281. -5.906592,30.941105
17282. -6.251909,30.976124
17283. -6.193718,30.989857
17284. -6.128821,30.947886
17285. -6.310436,30.980587
17286. -6.220169,32.292767
17287. -6.252933,32.231655
17288. -6.224777,32.267704
17289. -6.806444,33.340416
17290. -6.491263,33.127728
17291. -6.977845,33.505983
17292. -6.753345,33.171673
17293. -6.772949,33.201027
17294. -6.874151,33.411999
17295. -6.671172,33.134937
17296. -6.916458,33.496284
17297. -6.81927,33.365135
17298. -6.803291,33.205705
17299. -6.553002,33.707085
17300. -6.90176,33.590355
17301. -6.748146,33.657646
17302. -6.689074,33.684254
17303. -6.654463,33.679962
17304. -6.86989,33.598509
17305. -6.804186,33.649664
17306. -6.457746,31.123066
17307. -6.403416,31.075172
17308. -6.778233,30.962906
17309. -6.539529,31.111565
17310. -6.6947,31.047707
17311. -6.628503,31.142721
17312. -6.351479,31.069701
17313. -6.467128,31.682682
17314. -6.441243,31.363478
17315. -6.55556,31.839752
17316. -6.375737,31.21911
17317. -6.474633,32.178783
17318. -6.447256,31.384163
17319. -6.400473,31.317301
17320. -6.705057,32.088661
17321. -6.612815,32.116728
17322. -6.439623,31.562777
17323. -6.364136,31.250954
17324. -6.504651,31.735039
17325. -6.367463,31.124525
17326. -6.379106,32.164879
17327. -6.652502,31.997337
17328. -6.723235,32.05832
17329. -6.452906,31.360688
17330. -5.724543,30.783005
17331. -5.794056,30.843773
17332. -5.674068,30.656319
17333. -5.636998,30.615635
17334. -5.669883,30.633659
17335. -5.866635,30.891495
17336. -5.862793,30.866604
17337. -6.063916,30.930634
17338. -5.699178,30.67709
17339. -5.629567,30.596237
17340. -6.877091,30.901108
17341. -6.900439,30.906944
17342. -6.920718,30.890293
17343. -6.963745,30.897675
17344. -7.020824,30.867634
17345. -7.124144,33.484268
17346. -7.446901,33.422813
17347. -7.653278,33.400927
17348. -7.036796,33.517914
17349. -7.223865,33.519115
17350. -7.349613,33.474483
17351. -7.576754,33.394318
17352. -7.512683,33.446074
17353. -7.688452,31.355667
17354. -7.409537,31.053028
17355. -7.592834,31.269493
17356. -7.541189,31.102638
17357. -7.298152,31.051741
17358. -7.191635,31.021957
17359. -7.248685,31.030455
17360. -7.472134,31.028395
17361. -8.173346,33.266087
17362. -8.37989,33.169441
17363. -8.221514,33.256474
17364. -8.413133,33.178067
17365. -8.355031,33.195705
17366. -7.919324,33.315182
17367. -7.772099,33.352432
17368. -8.318769,33.204632
17369. -8.303142,33.227634
17370. -8.125851,33.254929
17371. -7.962082,33.305569
17372. -8.030122,33.273554
17373. -8.418015,33.159442
17374. -7.832517,33.352604
17375. -8.155504,31.665173
17376. -7.734381,31.350346
17377. -7.908697,31.565437
17378. -8.324968,31.82456
17379. -8.387002,31.882582
17380. -8.291846,31.754351
17381. -8.052686,31.665688
17382. -8.263689,31.732206
17383. -8.398338,31.928415
17384. -7.879791,31.460724
17385. -7.81313,31.386223
17386. -8.250608,31.699419
17387. -8.356008,31.837435
17388. -7.853434,31.431541
17389. -7.904106,31.536341
17390. -8.136472,31.673412
17391. -7.987795,31.630068
17392. -7.939662,31.591616
17393. -8.259994,31.52544
17394. -7.081728,30.895271
17395. -7.085391,30.918961
17396. -9.027,33.604345
17397. -8.925859,33.57276
17398. -9.131059,33.534865
17399. -8.920644,33.5501
17400. -9.004399,33.626919
17401. -8.985335,33.619795
17402. -8.900717,33.542161
17403. -9.043742,32.975807
17404. -9.097902,32.952032
17405. -8.933998,33.169613
17406. -8.889608,33.568382
17407. -8.866903,33.621039
17408. -8.969778,33.158112
17409. -8.858825,33.637648
17410. -8.927024,33.41702
17411. -8.893509,33.603573
17412. -8.97372,33.066273
17413. -8.999577,33.039923
17414. -8.936139,33.35681
17415. -8.91084,33.434722
17416. -9.016701,33.00396
17417. -8.770488,33.737469
17418. -9.110106,32.932463
17419. -8.950702,33.242869
17420. -8.927173,33.277159
17421. -8.91049,33.455086
17422. -8.912175,33.497508
17423. -9.013056,32.434216
17424. -8.907374,32.345295
17425. -9.03357,32.472496
17426. -9.083239,32.497816
17427. -9.128411,32.469406
17428. -8.460444,33.221283
17429. -8.57177,33.445473
17430. -8.814511,33.527355
17431. -8.440408,33.190985
17432. -8.685142,33.573189
17433. -8.797292,33.549843
17434. -8.723067,33.57439
17435. -8.843135,33.539715
17436. -8.577372,33.487873
17437. -8.480649,33.380327
17438. -8.52025,33.421612
17439. -8.553098,33.439121
17440. -8.863765,33.475084
17441. -8.895354,33.448176
17442. -8.453568,33.270979
17443. -8.645602,33.559842
17444. -8.439262,31.996822
17445. -8.853524,32.283154
17446. -8.605378,32.083683
17447. -8.874471,32.294827
17448. -8.477805,32.021198
17449. -8.794705,32.221441
17450. -8.571834,32.045274
17451. -8.630624,32.136211
17452. -8.684384,31.492696
17453. -9.477678,33.69627
17454. -9.173364,33.538985
17455. -9.207955,33.589625
17456. -9.257685,33.643484
17457. -9.221225,33.639643
17458. -9.466418,33.127213
17459. -9.398639,33.057175
17460. -9.478736,33.181114
17461. -9.479075,33.186092
17462. -9.144173,32.886114
17463. -9.181965,32.86294
17464. -9.258977,32.834187
17465. -9.313607,32.764117
17466. -9.315539,32.763462
17467. -9.273356,32.645144
17468. -9.178702,32.564635
17469. -9.27865,32.740459
17470. -9.296312,32.763376
17471. -9.297095,32.864571
17472. -9.300907,32.920704
17473. -9.324983,32.962289
17474. -9.497191,33.181286
17475. -11.327317,38.393269
17476. -11.361316,38.454552
17477. -11.268063,38.40992
17478. -11.302153,35.439148
17479. -11.469678,35.397091
17480. -11.482548,35.409279
17481. -11.52149,35.462837
17482. -11.481118,35.441036
17483. -11.336659,35.404472
17484. -11.57985,35.429535
17485. -11.255816,34.903049
17486. -11.298997,34.803829
17487. -11.270715,34.875069
17488. -11.285193,34.877729
17489. -11.285035,34.80134
17490. -11.305625,34.819579
17491. 1.668248,33.757725
17492. 1.544036,33.889904
17493. 1.409627,33.993845
17494. 1.645813,33.794246
17495. 1.61128,33.813772
17496. 1.489124,33.936853
17497. 1.17155,34.154348
17498. 0.85068,34.176493
17499. 1.248952,34.092808
17500. 0.734991,34.18705
17501. 0.794037,34.172459
17502. 1.029956,34.176664
17503. 1.347975,34.044056
17504. 0.920023,34.1607
17505. 1.071212,34.174991
17506. 1.213426,34.120188
17507. 1.142738,34.164562
17508. 0.638599,34.266529
17509. 0.66822,34.189281
17510. 0.692894,34.18087
17511. 0.54094,34.010496
17512. 0.512789,33.806305
17513. 0.566001,33.753176
17514. 0.536391,33.912306
17515. 0.575893,34.041996
17516. 0.658929,34.149585
17517. 0.482341,34.015946
17518. 0.466345,34.088688
17519. 2.927183,32.146339
17520. 3.495901,32.078104
17521. 3.175182,32.158184
17522. 3.409927,32.071667
17523. 3.036769,32.170029
17524. 2.987699,32.139816
17525. 3.260342,32.12265
17526. 2.838589,32.173376
17527. 3.474312,32.06789
17528. 3.091022,32.158442
17529. 3.571032,32.073298
17530. 2.294885,32.732048
17531. 2.524708,32.402716
17532. 2.552061,32.3913
17533. 2.357683,32.682352
17534. 2.294285,32.784233
17535. 2.237874,32.893796
17536. 2.529059,32.425847
17537. 2.434498,32.623215
17538. 2.260655,32.875557
17539. 2.316325,32.686644
17540. 2.245507,32.898903
17541. 2.493495,32.501335
17542. 2.78741,32.201529
17543. 2.776801,32.295041
17544. 2.767778,32.237406
17545. 2.616647,32.335382
17546. 2.771743,32.297916
17547. 2.809357,32.188911
17548. 2.761348,32.279205
17549. 2.743537,32.305856
17550. 1.680195,33.6761
17551. 1.9171,33.182487
17552. 1.886775,33.425646
17553. 1.714663,33.655972
17554. 1.913282,33.29484
17555. 1.979763,33.049622
17556. 1.976761,32.985678
17557. 1.938674,33.341618
17558. 2.037749,32.959242
17559. 1.916885,33.171844
17560. 1.845813,33.491564
17561. 1.873178,33.275614
17562. 1.672624,33.696227
17563. 1.789837,33.534822
17564. 1.897155,33.458347
17565. 0.406877,33.129101
17566. 0.597585,33.708973
17567. 0.577931,33.428307
17568. 0.626358,33.600225
17569. 0.441401,33.213
17570. 0.455692,33.219438
17571. 0.628461,33.517957
17572. 0.616059,33.482337
17573. 0.52813,33.384876
17574. 0.410482,33.047476
17575. 0.445221,33.197808
17576. 0.433119,33.152189
17577. 0.520309,33.348248
17578. 0.463116,33.229566
17579. 0.387823,32.843199
17580. 0.372782,32.731662
17581. 0.369048,32.713766
17582. 0.384991,32.863626
17583. 0.358362,32.751188
17584. 0.369327,32.94081
17585. 0.365508,32.815304
17586. 0.372996,32.87281
17587. 0.383446,32.966022
17588. 0.332807,32.491636
17589. 0.335553,32.366409
17590. 0.306822,32.51657
17591. 0.350423,32.772517
17592. 0.320533,32.440567
17593. 0.348513,32.654114
17594. 0.349565,32.562962
17595. 0.345187,32.542491
17596. 0.498756,31.302109
17597. 0.495795,31.157312
17598. 0.381965,32.145352
17599. 0.480174,31.125727
17600. 0.384132,32.237921
17601. 0.495966,31.512051
17602. 0.490645,31.018696
17603. 0.349372,32.306929
17604. 0.459833,31.751261
17605. 0.429579,31.879578
17606. 0.46009,31.810141
17607. 0.529868,31.466646
17608. 0.43181,31.941977
17609. 0.375399,32.267704
17610. 0.448332,31.837091
17611. 0.433655,31.897516
17612. 0.505086,31.506944
17613. 0.48144,31.054358
17614. 0.447903,31.687489
17615. 0.484981,31.228037
17616. 0.497683,31.56621
17617. 0.405364,32.04433
17618. 0.554844,31.393347
17619. 0.41546,31.980085
17620. 0.455799,31.787653
17621. 0.499915,31.253786
17622. 0.38542,32.104197
17623. 0.394861,32.131748
17624. 0.379133,32.165651
17625. 0.563641,30.775881
17626. 0.643717,30.396423
17627. 0.549351,30.166483
17628. 0.630714,30.329304
17629. 0.267512,30.151548
17630. 0.340188,30.189571
17631. 0.40898,30.216093
17632. 0.108876,30.058422
17633. 0.678175,30.467062
17634. 0.647493,30.365267
17635. 0.632645,30.614862
17636. 0.601748,30.70816
17637. 0.295921,30.179572
17638. 0.586514,30.208454
17639. 0.531928,30.935354
17640. 0.638717,30.232143
17641. 0.62344,30.256391
17642. 0.498927,30.181332
17643. 0.587286,30.732536
17644. 0.00015,29.99907
17645. 0.172358,30.085673
17646. 0.611811,30.643508
17647. 0.554586,30.854502
17648. 0.664894,30.502532
17649. 0.261289,30.123267
17650. 0.6588,30.294414
17651. 0.19859,30.110135
17652. 0.378725,30.216265
17653. -0.308367,31.764092
17654. -0.602842,30.618811
17655. 2.124209,34.692764
17656. 2.186221,34.682035
17657. 2.464297,34.481792
17658. 2.2716,34.292278
17659. 2.422793,34.468575
17660. 2.349986,34.584274
17661. 2.204875,34.244213
17662. 2.425623,34.426861
17663. 2.33129,34.356737
17664. 2.404184,34.40712
17665. 2.504471,34.564877
17666. 2.114603,34.227304
17667. 1.55223,34.499302
17668. 1.886003,33.926125
17669. 1.832602,34.584103
17670. 1.632794,34.55389
17671. 2.076519,34.656544
17672. 2.099335,34.226189
17673. 1.892652,34.565907
17674. 1.406409,34.346437
17675. 2.03539,34.568825
17676. 1.85645,33.839436
17677. 1.446866,34.370213
17678. 1.944207,34.558353
17679. 1.915641,34.042511
17680. 2.089214,34.622297
17681. 2.101951,34.684954
17682. 1.752861,34.612513
17683. 1.866916,33.755064
17684. 1.573165,34.533291
17685. 2.09213,34.195805
17686. 1.913561,33.955951
17687. 2.073732,34.591312
17688. 1.867431,34.584274
17689. 1.952571,34.096498
17690. 1.525975,34.489346
17691. 1.991686,34.085169
17692. 1.124589,34.168382
17693. 1.206733,34.213142
17694. 1.392723,34.320002
17695. 1.201499,34.19383
17696. 1.148896,34.199581
17697. 1.326588,34.291592
17698. 1.140421,34.185805
17699. 1.177042,34.193745
17700. 1.232477,34.247646
17701. 1.24818,34.272366
17702. 0.659895,34.172974
17703. 0.524955,33.967667
17704. 2.569617,32.356539
17705. 2.32964,32.386451
17706. 2.443867,32.379713
17707. 2.247887,32.235775
17708. 2.255005,32.242899
17709. 2.250545,32.339802
17710. 2.233736,32.245903
17711. 2.170032,32.221785
17712. 1.715424,33.616683
17713. 1.85718,33.682966
17714. 1.766673,33.620996
17715. 1.498733,32.127972
17716. 1.423227,32.177668
17717. 1.522414,32.045918
17718. 1.94959,32.137971
17719. 1.545087,32.041497
17720. 1.809396,32.011585
17721. 1.877918,32.062011
17722. 1.988255,32.171659
17723. 1.710137,32.02858
17724. 1.408726,32.260323
17725. 1.507914,32.096043
17726. 2.095754,32.197065
17727. 1.432558,31.353865
17728. 1.42179,31.371331
17729. 0.987476,32.475929
17730. 0.920838,32.470779
17731. 1.29692,32.423143
17732. 0.717311,32.528286
17733. 1.054478,32.467003
17734. 0.833365,32.499232
17735. 1.160394,32.46417
17736. 0.842205,32.493181
17737. 1.325837,32.422113
17738. 1.251784,32.458248
17739. 1.400832,32.308903
17740. 0.971771,31.737185
17741. 1.219326,31.552348
17742. 1.349927,31.407208
17743. 0.87531,31.849966
17744. 1.125726,31.595564
17745. 1.312708,31.452055
17746. 0.916332,31.765251
17747. 1.277784,31.481216
17748. 0.802276,31.93305
17749. 0.98591,31.709375
17750. 1.067264,31.653285
17751. 0.572245,32.531204
17752. 0.380345,32.557018
17753. 0.465669,32.52142
17754. 0.4134,32.454472
17755. 0.386342,32.514253
17756. 0.419923,32.39233
17757. 0.36982,32.522621
17758. 0.398358,32.479534
17759. 0.36643,32.645316
17760. 0.35274,32.57206
17761. 0.365347,32.604933
17762. 0.352354,32.589054
17763. 0.363469,32.633471
17764. 0.293518,32.572875
17765. 0.310555,32.514725
17766. 0.325522,32.606478
17767. 0.316649,32.593303
17768. 0.240776,32.350574
17769. 0.244123,32.379541
17770. 0.273606,32.467003
17771. 0.28339,32.455888
17772. 0.332013,32.527127
17773. 0.285493,32.511549
17774. 0.14353,32.510347
17775. 0.105395,32.512075
17776. 0.215327,32.531247
17777. 0.593509,32.159128
17778. 0.683754,32.052956
17779. 0.565143,32.205648
17780. 0.45743,32.333965
17781. 0.490152,32.312551
17782. 0.689268,32.011113
17783. 0.638739,32.099562
17784. 0.672447,32.086344
17785. 0.617497,32.136726
17786. 0.527637,32.25071
17787. 0.162949,32.244616
17788. 0.062377,32.106128
17789. 0.21919,32.333407
17790. 0.007939,29.963236
17791. 0.652996,30.274544
17792. 0.033152,29.759431
17793. 0.009055,29.896631
17794. 0.009913,29.76119
17795. -0.404474,31.365623
17796. -0.36864,31.260395
17797. -0.493048,30.980673
17798. -0.464811,31.035862
17799. -0.224661,31.837435
17800. -0.373018,31.521149
17801. -0.183656,31.849451
17802. -0.012563,32.031155
17803. -0.118639,31.935024
17804. -0.353406,31.554279
17805. -0.387566,31.31876
17806. -0.39735,31.407681
17807. -0.142586,31.880608
17808. -0.405289,31.15345
17809. -0.336562,31.719804
17810. -0.390741,31.461239
17811. -0.272125,31.810656
17812. -0.340789,31.642427
17813. -0.609601,31.577196
17814. -0.433419,31.662855
17815. -0.500859,31.633072
17816. -0.342698,31.736798
17817. -0.355144,31.72195
17818. -0.470561,31.665173
17819. -0.536134,31.61891
17820. -0.419,31.674185
17821. -0.635005,31.540976
17822. -0.694911,31.523466
17823. -0.575871,31.598825
17824. -0.901228,31.439792
17825. -0.726924,31.512308
17826. -0.95272,31.418667
17827. -0.912234,31.433945
17828. -0.786399,31.499605
17829. -0.838579,31.49394
17830. -0.018067,29.772778
17831. -0.213396,30.093055
17832. -0.260452,30.090351
17833. -0.535018,30.123138
17834. -0.373919,30.115671
17835. -0.344136,30.092068
17836. -0.329545,30.105028
17837. -0.544888,30.138931
17838. -0.589518,30.583534
17839. -0.081732,30.030098
17840. -0.148465,30.066061
17841. -0.494078,30.110092
17842. -0.544652,30.220041
17843. -0.580163,30.378056
17844. -0.213525,30.102196
17845. -0.266375,30.106659
17846. -0.55759,30.324755
17847. -0.556668,30.278535
17848. -0.277618,30.107431
17849. -0.582866,30.510278
17850. -0.503519,30.89467
17851. -0.642386,30.57847
17852. -0.506266,30.844116
17853. -0.485324,30.863686
17854. -0.523646,30.733223
17855. -0.681973,30.398312
17856. -0.581965,30.655975
17857. -0.583596,30.680695
17858. -0.632688,30.598812
17859. -0.496803,30.908318
17860. -0.635091,30.52062
17861. -0.90494,30.250597
17862. -0.787643,30.271368
17863. -0.804593,30.263901
17864. -0.722375,30.373592
17865. -0.828366,30.272055
17866. -0.877606,30.265532
17867. -0.931158,30.214806
17868. -0.985867,30.200129
17869. -1.017459,30.188155
17870. -1.340103,30.003104
17871. -1.176978,30.112066
17872. -1.167925,30.131593
17873. -1.2473,30.02851
17874. -1.321182,29.996152
17875. -1.229366,30.055976
17876. -1.143082,30.14318
17877. -1.250604,30.049453
17878. -1.201306,30.123911
17879. -1.259485,29.993148
17880. -1.238805,30.105071
17881. -1.386138,30.002203
17882. -1.261802,30.031042
17883. -1.254208,30.08091
17884. -1.344264,30.018768
17885. -1.139735,30.127387
17886. -1.123216,30.177941
17887. -1.423291,30.010614
17888. -22.408252,30.007782
17889. -22.285125,30.00186
17890. -22.496222,29.980316
17891. -22.350115,30.036106
17892. -22.324989,30.023232
17893. -22.332551,30.03719
17894. -22.574865,29.935341
17895. -23.01481,29.924183
17896. -22.755288,29.90015
17897. -22.953414,29.923496
17898. -22.930018,29.932508
17899. -22.975621,29.946756
17900. -22.986052,29.927273
17901. -23.121653,29.894228
17902. -22.860121,29.886246
17903. -23.050276,29.917059
17904. -22.906301,29.919977
17905. -22.887325,29.874144
17906. -23.043681,29.917531
17907. -22.639917,29.919548
17908. -23.078231,29.908648
17909. -23.00059,29.948559
17910. -23.165869,28.216282
17911. -23.304345,29.809341
17912. -23.221234,29.861097
17913. -23.373538,29.769688
17914. -23.263663,29.836292
17915. -23.333429,29.802303
17916. -23.493555,29.723167
17917. -23.879245,30.504956
17918. -23.838977,30.359173
17919. -23.801602,30.277977
17920. -23.85923,30.382347
17921. -23.864882,30.39402
17922. -23.827671,30.320206
17923. -23.671254,29.605064
17924. -23.568628,29.677678
17925. -23.72509,29.589014
17926. -23.601843,30.094256
17927. -23.601686,30.080137
17928. -23.814009,30.18219
17929. -23.861703,30.01482
17930. -23.900356,29.600945
17931. -23.900866,29.992933
17932. -23.820899,30.162706
17933. -23.828967,30.043917
17934. -23.868767,29.995251
17935. -23.888545,29.699736
17936. -23.825237,29.495716
17937. -23.347299,28.493471
17938. -23.633359,28.855934
17939. -23.423243,28.615265
17940. -23.592543,28.789244
17941. -23.218473,28.358974
17942. -23.813538,28.890352
17943. -23.894863,28.914042
17944. -23.38504,28.562393
17945. -23.413635,28.585052
17946. -23.554625,28.743582
17947. -23.439152,28.622818
17948. -23.267606,28.436909
17949. -23.270917,28.442488
17950. -23.695228,28.881598
17951. -23.510596,28.671934
17952. -23.541485,28.714914
17953. -23.905103,29.478378
17954. -24.422808,31.010199
17955. -24.462737,31.028824
17956. -24.398091,30.989943
17957. -24.599909,31.046205
17958. -24.349032,30.954323
17959. -24.55495,31.038394
17960. -24.540233,31.03127
17961. -23.92415,31.083241
17962. -24.977694,31.108303
17963. -24.825495,31.086588
17964. -25.114396,31.060066
17965. -25.243493,31.020927
17966. -24.848084,31.10178
17967. -25.121157,31.015863
17968. -25.080157,31.10178
17969. -25.198146,31.03569
17970. -25.147538,31.002817
17971. -24.925322,31.13019
17972. -25.193136,31.004963
17973. -24.77976,31.053629
17974. -25.079497,31.083069
17975. -24.785371,31.076889
17976. -24.666791,31.043673
17977. -24.889979,31.101952
17978. -24.801968,31.08367
17979. -24.956452,31.126928
17980. -24.669521,31.02479
17981. -24.726134,31.01861
17982. -25.066066,31.107402
17983. -24.703523,31.026936
17984. -24.834376,31.070709
17985. -25.025301,31.124439
17986. -25.042818,31.12843
17987. -25.035216,31.124868
17988. -25.063773,31.128945
17989. -25.305972,31.03054
17990. -24.61538,31.038952
17991. -25.282769,31.024103
17992. -24.19223,30.821714
17993. -24.119613,30.846691
17994. -24.16506,30.831499
17995. -24.22006,30.861712
17996. -24.27488,30.899992
17997. -23.931152,29.897232
17998. -23.91295,29.964094
17999. -23.944096,29.798698
18000. -23.940017,29.892597
18001. -23.928739,29.795179
18002. -23.952705,30.610271
18003. -23.939938,29.947186
18004. -23.912793,29.782991
18005. -23.920011,29.881783
18006. -24.426989,28.810272
18007. -24.320272,28.952579
18008. -24.14879,29.122696
18009. -24.07123,29.22389
18010. -24.347097,28.892155
18011. -23.987899,29.353495
18012. -23.914715,29.506617
18013. -24.530766,28.725257
18014. -24.08988,29.177799
18015. -24.572182,28.679295
18016. -24.503238,28.733625
18017. -24.168681,29.087162
18018. -24.037489,29.253373
18019. -23.941703,29.412289
18020. -23.945547,29.415722
18021. -24.22869,29.033132
18022. -24.02232,28.977471
18023. -24.394358,29.014206
18024. -24.47758,29.058237
18025. -24.181053,29.013777
18026. -24.275076,28.977363
18027. -24.13289,28.962536
18028. -24.186064,29.011888
18029. -24.598914,29.081197
18030. -24.595441,29.080467
18031. -24.172871,28.987126
18032. -25.095801,30.455518
18033. -25.082703,30.452857
18034. -25.092964,30.448136
18035. -24.840179,28.40086
18036. -25.092828,28.314257
18037. -24.627825,28.614922
18038. -25.282886,28.29812
18039. -25.205252,28.304214
18040. -25.04066,28.330135
18041. -24.918978,28.372707
18042. -24.683326,28.556986
18043. -25.222879,29.429026
18044. -24.724614,29.131193
18045. -24.832701,29.175052
18046. -23.11226,28.073931
18047. -23.112141,28.036637
18048. -23.07381,27.994494
18049. -25.312373,25.75882
18050. -25.439399,31.865673
18051. -25.444282,31.67985
18052. -25.439011,31.778726
18053. -25.446801,31.944594
18054. -25.48667,31.146326
18055. -25.489847,31.114826
18056. -25.535007,31.293161
18057. -25.440601,30.980201
18058. -25.524164,31.413431
18059. -25.499492,31.509111
18060. -25.453311,31.023846
18061. -25.468616,31.077104
18062. -25.472646,31.092596
18063. -25.480162,31.551061
18064. -25.499298,31.180143
18065. -25.445503,30.954752
18066. -25.36524,30.996895
18067. -25.410679,30.9799
18068. -25.337723,31.000886
18069. -25.326998,31.022215
18070. -25.448448,30.962176
18071. -25.380643,30.985544
18072. -25.754126,31.016936
18073. -25.736576,30.991445
18074. -25.762359,31.049874
18075. -26.181937,30.939474
18076. -26.206236,30.958829
18077. -25.445987,30.815105
18078. -25.421571,30.767212
18079. -25.446491,30.918574
18080. -25.432888,30.738587
18081. -25.713698,30.068464
18082. -25.764108,29.972162
18083. -25.816234,29.598799
18084. -25.712074,30.15378
18085. -25.828827,29.758101
18086. -25.706932,30.186267
18087. -25.73388,30.110092
18088. -25.829407,29.669137
18089. -25.839063,29.72733
18090. -25.832381,29.794321
18091. -25.729202,30.134082
18092. -25.814109,29.888992
18093. -25.952874,29.637079
18094. -25.889496,29.584637
18095. -25.423819,29.413576
18096. -25.401104,29.369888
18097. -25.434206,29.414349
18098. -25.628139,29.436579
18099. -25.45986,29.455547
18100. -25.370629,29.346028
18101. -25.53338,29.477949
18102. -25.417385,29.361305
18103. -25.331847,29.396238
18104. -25.44281,29.468164
18105. -25.579376,28.281641
18106. -25.503172,28.287992
18107. -25.403042,28.297863
18108. -25.326804,28.297777
18109. -25.646788,28.15208
18110. -25.63816,28.204093
18111. -25.643422,28.245077
18112. -25.876021,29.345984
18113. -25.877952,29.291954
18114. -25.878338,28.944597
18115. -25.889728,29.231658
18116. -25.887489,29.271698
18117. -25.84447,29.402976
18118. -25.849414,28.858166
18119. -25.87131,28.971291
18120. -25.870422,29.077377
18121. -25.874129,29.135013
18122. -25.879882,29.164367
18123. -25.884863,29.207239
18124. -25.732952,29.463401
18125. -25.775103,29.494429
18126. -25.771412,29.470911
18127. -25.768011,29.454775
18128. -25.971163,29.182605
18129. -26.000713,29.122095
18130. -25.917214,29.233847
18131. -25.797418,28.517203
18132. -25.799118,28.616424
18133. -25.807503,28.695989
18134. -25.784744,28.270311
18135. -25.778407,28.271985
18136. -25.766117,28.274989
18137. -25.759817,28.362279
18138. -25.77319,28.433948
18139. -25.745825,28.292027
18140. -25.753092,28.304622
18141. -25.752242,28.325543
18142. -25.703973,28.13796
18143. -25.848912,28.734999
18144. -25.980229,28.126287
18145. -25.954225,28.134313
18146. -25.928561,28.145299
18147. -25.907061,28.158904
18148. -25.867024,28.192592
18149. -25.858915,28.220186
18150. -26.001465,28.409271
18151. -26.180781,30.706787
18152. -26.176854,30.908575
18153. -26.134481,30.821543
18154. -26.272483,30.29274
18155. -26.164028,30.900593
18156. -26.203579,30.603533
18157. -26.164914,30.656147
18158. -26.148966,30.770645
18159. -26.349806,29.876204
18160. -26.208431,29.759474
18161. -26.035422,29.662957
18162. -26.259052,29.843116
18163. -26.322883,30.143394
18164. -26.281718,30.206738
18165. -26.073996,30.125284
18166. -26.098355,30.083013
18167. -26.621354,30.664344
18168. -26.602956,30.113783
18169. -26.652061,30.154338
18170. -26.712724,30.184121
18171. -26.53375,29.99701
18172. -26.419929,29.938002
18173. -26.482558,29.562664
18174. -26.511133,29.955769
18175. -26.506295,29.86187
18176. -26.389255,30.076189
18177. -26.516126,29.797583
18178. -26.468806,29.659224
18179. -26.024239,28.884001
18180. -26.017143,28.960562
18181. -26.022157,29.035749
18182. -26.162217,28.516045
18183. -26.164066,28.495016
18184. -26.147811,28.533554
18185. -26.070276,28.757143
18186. -26.056706,28.809586
18187. -26.174215,28.698692
18188. -26.140375,28.678694
18189. -26.146867,28.691311
18190. -26.12192,28.135815
18191. -26.157056,28.426695
18192. -26.163103,28.167229
18193. -26.175698,28.198514
18194. -26.179935,28.214951
18195. -26.172386,28.241429
18196. -26.173888,28.28001
18197. -26.17566,28.333697
18198. -26.164721,28.36936
18199. -26.161717,28.444076
18200. -26.031142,28.265762
18201. -26.063125,28.277693
18202. -26.131803,28.226538
18203. -26.269019,28.492956
18204. -26.357958,28.657322
18205. -26.298821,28.606853
18206. -26.265402,28.150535
18207. -26.341307,28.220315
18208. -26.320383,28.191347
18209. -26.291453,28.154998
18210. -26.248236,28.163538
18211. -26.255549,28.188601
18212. -26.266017,28.358288
18213. -26.274676,28.376956
18214. -26.284912,28.429399
18215. -26.206217,28.241901
18216. -26.192316,28.316703
18217. -26.202135,28.405581
18218. -26.24279,28.424549
18219. -26.401595,28.885031
18220. -26.497154,29.300065
18221. -26.437146,29.124455
18222. -26.416778,29.007339
18223. -26.430959,29.092484
18224. -26.491489,29.280238
18225. -26.459893,29.358644
18226. -26.49001,29.240949
18227. -26.448789,29.457693
18228. -26.482366,29.228139
18229. -26.372041,28.919535
18230. -26.44877,29.468765
18231. -26.518238,28.389359
18232. -26.699919,28.400173
18233. -26.660116,28.389359
18234. -26.416547,28.275204
18235. -26.372878,28.780704
18236. -26.505238,28.348675
18237. -26.676338,28.584023
18238. -26.415202,28.456392
18239. -26.410667,28.475275
18240. -26.907643,32.782345
18241. -26.950114,32.774706
18242. -27.070705,32.604761
18243. -27.372606,32.539272
18244. -27.029885,32.665615
18245. -26.988668,32.756166
18246. -27.367156,32.526054
18247. -27.339635,32.529659
18248. -27.083391,32.554464
18249. -27.385639,31.665301
18250. -27.337005,31.677189
18251. -27.33121,31.699848
18252. -27.393488,31.824818
18253. -27.398099,31.846318
18254. -27.357665,31.813059
18255. -27.168375,31.020155
18256. -27.202389,31.134009
18257. -27.239025,31.22117
18258. -27.223475,31.214626
18259. -27.153407,30.953207
18260. -27.326101,31.426392
18261. -27.383429,31.556768
18262. -27.200442,31.060538
18263. -27.32267,31.44845
18264. -27.28917,31.353071
18265. -27.210518,31.108303
18266. -27.336776,31.46184
18267. -27.255393,31.286144
18268. -27.273875,31.341956
18269. -27.687708,32.428894
18270. -27.823364,32.393188
18271. -27.907286,32.363491
18272. -27.686644,32.442284
18273. -27.726767,32.465458
18274. -27.872693,32.362289
18275. -27.617307,32.433014
18276. -27.767937,32.443485
18277. -27.48151,32.581329
18278. -27.666882,32.418423
18279. -27.58015,32.00768
18280. -27.730489,32.096043
18281. -27.445906,31.888418
18282. -27.700286,32.066131
18283. -27.624608,32.02652
18284. -27.542942,31.97897
18285. -27.541344,31.672211
18286. -27.56227,31.684828
18287. -27.836002,32.163033
18288. -27.882139,32.181959
18289. -28.109916,32.271652
18290. -27.922531,32.209039
18291. -28.010088,32.311821
18292. -28.011206,32.282124
18293. -28.023756,32.278197
18294. -27.976362,32.316113
18295. -27.928522,32.320919
18296. -27.111777,30.896645
18297. -26.754731,30.372434
18298. -26.881847,30.608554
18299. -26.824684,30.483799
18300. -26.736681,30.329647
18301. -27.077698,30.875444
18302. -26.73235,30.212831
18303. -26.845707,30.525985
18304. -26.809249,30.436678
18305. -26.731583,30.285745
18306. -27.367575,29.885902
18307. -27.007673,29.87114
18308. -26.731449,29.617896
18309. -26.73302,29.615192
18310. -26.94912,29.235649
18311. -26.829241,29.358387
18312. -26.931368,29.234791
18313. -26.905768,28.539906
18314. -26.855738,28.481584
18315. -26.806453,28.458366
18316. -27.040894,28.612947
18317. -26.983697,28.577971
18318. -27.156614,28.700752
18319. -27.254477,28.749332
18320. -27.281828,28.511667
18321. -27.262221,28.526001
18322. -27.29571,28.478279
18323. -27.771944,30.781331
18324. -27.76621,30.798154
18325. -27.645975,29.963751
18326. -27.707543,29.971304
18327. -27.864764,30.658035
18328. -27.829664,30.701036
18329. -27.79275,30.741591
18330. -27.89733,30.577998
18331. -27.781322,30.765109
18332. -28.119909,29.977827
18333. -27.736567,28.950691
18334. -27.919952,28.962021
18335. -27.991976,28.983822
18336. -27.577982,28.843746
18337. -27.450552,28.818169
18338. -27.691736,28.927689
18339. -27.553862,28.838253
18340. -27.807574,28.966398
18341. -27.866396,28.959274
18342. -28.100575,29.040126
18343. -27.777848,28.413048
18344. -25.651546,27.883945
18345. -25.649999,27.94733
18346. -25.655299,28.045392
18347. -25.650502,26.769218
18348. -25.624812,26.947489
18349. -25.636806,26.874447
18350. -25.637348,27.023792
18351. -25.638393,27.156787
18352. -25.751749,27.491226
18353. -25.737475,27.556586
18354. -25.729395,27.66572
18355. -25.692508,27.74065
18356. -25.683574,27.784038
18357. -25.671584,27.845364
18358. -25.893203,28.104315
18359. -25.91154,27.426338
18360. -25.915091,27.451658
18361. -25.976121,27.541008
18362. -25.935315,27.472
18363. -25.998167,27.543969
18364. -25.94834,27.515602
18365. -25.746134,27.411618
18366. -25.75143,27.362909
18367. -25.681717,27.196312
18368. -25.689916,27.226267
18369. -25.729666,27.309995
18370. -25.857486,27.289009
18371. -25.810361,27.25605
18372. -25.862738,27.332182
18373. -25.860343,27.305832
18374. -25.787333,27.241716
18375. -25.77004,27.2715
18376. -25.663809,26.644678
18377. -25.570859,26.239643
18378. -25.541977,26.117764
18379. -25.53036,26.190891
18380. -25.589362,26.412935
18381. -25.638973,26.491728
18382. -25.601747,26.341438
18383. -25.520368,26.160164
18384. -25.650328,26.7083
18385. -25.41754,25.815125
18386. -25.500499,25.943785
18387. -25.366364,25.770149
18388. -25.50445,25.983524
18389. -25.460858,25.881997
18390. -25.651875,25.575507
18391. -25.665511,26.576958
18392. -25.994734,26.608028
18393. -26.002487,25.382537
18394. -25.963292,25.42923
18395. -25.762639,25.624495
18396. -25.687635,25.577631
18397. -25.907255,25.551109
18398. -25.817354,25.634065
18399. -25.87131,25.624537
18400. -26.038353,28.060884
18401. -26.015832,28.115473
18402. -26.166146,27.940207
18403. -26.151663,27.927461
18404. -26.114946,27.953854
18405. -26.07228,27.973766
18406. -26.038777,28.013077
18407. -26.061833,27.832618
18408. -26.16371,27.871499
18409. -26.139884,27.857337
18410. -26.182582,27.911689
18411. -26.108298,27.785239
18412. -26.119242,27.802577
18413. -26.121708,27.817125
18414. -26.179867,27.900467
18415. -26.179675,27.935336
18416. -26.186135,27.440715
18417. -26.109994,27.707648
18418. -26.03683,27.625122
18419. -26.024933,27.589674
18420. -26.101516,27.738934
18421. -26.174206,27.707841
18422. -26.261322,28.007648
18423. -26.26646,28.031123
18424. -26.269,28.061335
18425. -26.258186,28.117597
18426. -26.206169,28.033011
18427. -26.207978,28.027196
18428. -26.357727,27.912913
18429. -26.341576,27.672543
18430. -26.329114,26.798594
18431. -26.292896,26.832776
18432. -26.315902,26.82621
18433. -26.486553,27.816353
18434. -26.415394,27.880898
18435. -26.57118,27.800646
18436. -26.622466,27.852402
18437. -26.676357,27.931151
18438. -26.635011,27.869911
18439. -26.619512,27.812662
18440. -26.672033,27.906926
18441. -26.653035,28.002681
18442. -26.652421,28.002541
18443. -26.709235,27.81558
18444. -26.693209,27.903042
18445. -26.68046,27.930465
18446. -26.681764,27.936773
18447. -26.668553,27.720566
18448. -26.699689,27.705803
18449. -26.71188,27.108893
18450. -26.664871,27.171335
18451. -26.380298,25.9025
18452. -26.385258,25.021534
18453. -26.222368,25.183496
18454. -26.69041,24.820518
18455. -26.467807,24.950981
18456. -26.170653,25.239072
18457. -26.103385,25.292974
18458. -26.555211,24.874764
18459. -26.558129,24.872017
18460. -26.276331,25.117707
18461. -26.958759,27.589417
18462. -26.746683,27.677565
18463. -26.849756,27.628191
18464. -26.903797,27.45007
18465. -26.785824,27.824292
18466. -26.846549,27.889481
18467. -27.257605,27.492342
18468. -27.288274,27.471399
18469. -27.18922,27.503672
18470. -27.071966,27.544098
18471. -27.303013,27.951193
18472. -27.298819,27.97986
18473. -27.30267,27.963381
18474. -27.371538,27.412691
18475. -27.182616,26.940236
18476. -26.86085,26.665363
18477. -27.35595,26.6294
18478. -27.410443,26.620045
18479. -27.393298,26.620989
18480. -27.052418,26.715274
18481. -27.970297,27.189273
18482. -27.557895,27.28343
18483. -27.83103,27.216225
18484. -28.088584,27.140887
18485. -27.443697,27.362223
18486. -27.62381,27.269783
18487. -27.649016,25.616426
18488. -27.652513,25.596471
18489. -27.886511,26.681435
18490. -27.894277,26.683388
18491. -27.872968,26.672637
18492. -27.87974,26.693966
18493. -27.878431,26.691735
18494. -27.825091,25.904732
18495. -27.829873,25.916018
18496. -27.839968,25.936661
18497. -27.83401,25.898466
18498. -26.970846,24.770436
18499. -27.029561,24.754042
18500. -27.265464,24.738464
18501. -26.82545,24.774856
18502. -27.391316,24.709969
18503. -27.167421,24.747047
18504. -28.117789,24.84777
18505. -27.998645,24.831634
18506. -27.816494,24.802215
18507. -27.658767,24.767046
18508. -27.912861,24.823737
18509. -27.56111,24.743443
18510. -27.422671,24.714561
18511. -27.760437,24.789662
18512. -28.105449,24.83953
18513. -27.463462,23.433924
18514. -28.164865,32.287831
18515. -28.268101,32.284398
18516. -28.44994,32.142134
18517. -28.362251,32.198009
18518. -28.471257,32.145867
18519. -28.388418,32.178354
18520. -28.28817,32.274399
18521. -28.472426,31.36734
18522. -28.455996,31.326656
18523. -28.465767,31.349144
18524. -28.423146,31.325369
18525. -28.576608,32.105184
18526. -28.664684,32.057548
18527. -28.629206,32.068577
18528. -28.688216,31.995792
18529. -28.702257,31.968069
18530. -28.694051,32.028923
18531. -28.52123,32.1381
18532. -28.599368,32.097287
18533. -28.732329,31.943393
18534. -28.497548,31.410942
18535. -28.513312,31.414633
18536. -28.681552,31.514797
18537. -28.657567,31.426649
18538. -28.491588,31.374807
18539. -28.65075,31.492996
18540. -28.64898,31.457977
18541. -28.58667,31.396437
18542. -28.633236,31.406307
18543. -28.721284,31.530418
18544. -29.206642,31.440897
18545. -29.161531,31.533852
18546. -29.302268,31.379528
18547. -29.320754,31.345882
18548. -28.933313,31.755509
18549. -28.928956,31.788769
18550. -29.517156,31.199283
18551. -29.502235,31.21027
18552. -29.481597,31.225719
18553. -29.428235,31.273184
18554. -29.394889,31.291122
18555. -29.270003,31.400857
18556. -29.184351,31.482697
18557. -29.123823,31.564021
18558. -29.040337,31.649122
18559. -28.953104,31.740661
18560. -28.86452,31.885586
18561. -28.143051,30.286517
18562. -28.162273,30.237637
18563. -28.476387,29.572964
18564. -28.455373,29.559274
18565. -28.522701,29.579401
18566. -28.632973,29.615707
18567. -28.553616,29.604292
18568. -28.725367,29.646177
18569. -28.66491,29.632874
18570. -28.778342,29.677677
18571. -28.382377,29.393878
18572. -28.404236,29.390187
18573. -28.27207,29.14012
18574. -28.437185,29.460053
18575. -28.366669,29.341221
18576. -28.317075,29.241142
18577. -28.155709,29.068279
18578. -28.375732,29.331479
18579. -28.434657,29.479151
18580. -28.317227,29.167757
18581. -28.424996,29.431343
18582. -28.420504,29.441428
18583. -28.258954,29.117761
18584. -28.239523,29.119778
18585. -28.337512,29.275517
18586. -28.356057,29.285302
18587. -28.375732,29.379373
18588. -28.270445,28.855591
18589. -28.286318,28.965669
18590. -28.266514,29.022703
18591. -28.283144,29.116216
18592. -28.289644,29.054804
18593. -28.313033,28.718991
18594. -28.245383,28.253359
18595. -28.244551,28.346658
18596. -28.30491,28.575869
18597. -28.311975,28.766928
18598. -28.309293,28.486347
18599. -28.280725,28.62608
18600. -28.291269,28.420386
18601. -28.293725,28.523254
18602. -28.265834,28.360562
18603. -29.056601,30.607181
18604. -29.064291,30.589242
18605. -28.912841,29.775267
18606. -29.068399,29.922209
18607. -29.083101,29.918518
18608. -28.966848,29.79415
18609. -28.828283,29.702311
18610. -29.106989,29.939547
18611. -29.094802,29.940963
18612. -29.149425,29.969845
18613. -29.048704,29.892597
18614. -29.027505,29.826937
18615. -28.989223,29.807539
18616. -29.524662,30.245447
18617. -29.401731,30.139275
18618. -29.1848,29.985509
18619. -29.465083,30.176911
18620. -29.374546,30.1261
18621. -29.502105,30.213261
18622. -29.478534,30.19176
18623. -29.421208,30.166268
18624. -29.359436,30.096617
18625. -29.316862,30.046835
18626. -29.220913,30.004263
18627. -29.193792,29.994221
18628. -29.545684,31.182117
18629. -29.806056,30.978355
18630. -29.801755,30.982647
18631. -29.775925,30.998354
18632. -29.757001,31.016722
18633. -29.722943,31.058607
18634. -29.684324,31.088476
18635. -29.662698,31.10075
18636. -29.630771,31.121349
18637. -29.582862,31.143322
18638. -29.854807,31.011164
18639. -29.852867,30.998456
18640. -29.851034,30.993488
18641. -29.850327,30.990334
18642. -29.846535,30.98534
18643. -29.840141,30.976971
18644. -29.858134,31.017494
18645. -29.567746,30.316815
18646. -29.574651,30.361748
18647. -29.742023,30.660825
18648. -29.824114,30.784507
18649. -29.848238,30.931234
18650. -29.833813,30.889091
18651. -29.83681,30.861669
18652. -29.827763,30.833817
18653. -29.822737,30.808754
18654. -29.804007,30.746355
18655. -29.788068,30.727301
18656. -29.771008,30.684514
18657. -29.757783,30.666318
18658. -29.734458,30.583084
18659. -29.730471,30.53813
18660. -29.719328,30.498133
18661. -29.691259,30.481782
18662. -29.659528,30.454917
18663. -29.637001,30.414276
18664. -29.628533,30.408525
18665. -29.615662,30.406981
18666. -29.597342,30.403118
18667. -29.586706,30.379
18668. -29.581108,30.373721
18669. -29.585139,30.34883
18670. -29.541689,30.298662
18671. -29.53859,30.275917
18672. -30.52445,29.67978
18673. -30.523378,29.578714
18674. -30.538349,29.531722
18675. -30.526446,29.727159
18676. -30.50944,29.558372
18677. -30.502304,29.623432
18678. -30.515411,29.75765
18679. -30.517833,29.641285
18680. -30.53432,29.684501
18681. -30.75279,30.432987
18682. -30.576432,29.444797
18683. -28.296597,27.761421
18684. -28.273695,28.096333
18685. -28.278987,28.001747
18686. -28.310199,27.845964
18687. -28.361949,27.567272
18688. -28.406424,27.427926
18689. -28.30064,27.958059
18690. -28.306137,27.939283
18691. -28.339892,27.065935
18692. -28.469766,27.029994
18693. -28.125283,27.122583
18694. -28.282539,27.064819
18695. -28.241489,27.087994
18696. -28.457826,27.244463
18697. -28.432393,27.279053
18698. -28.708204,26.787372
18699. -28.481442,27.005424
18700. -28.588479,26.945815
18701. -28.627154,26.910238
18702. -28.538235,26.983109
18703. -28.49751,27.093744
18704. -28.493832,27.034929
18705. -28.781934,26.711326
18706. -28.815499,26.667852
18707. -28.621691,25.594754
18708. -28.838527,27.893085
18709. -29.17757,27.202063
18710. -29.249973,27.438912
18711. -29.28696,27.435994
18712. -29.24357,26.935215
18713. -29.201023,27.293816
18714. -29.227092,26.961479
18715. -29.227804,26.816812
18716. -29.226905,26.865134
18717. -29.215332,27.025766
18718. -28.870157,26.523657
18719. -28.953067,26.390963
18720. -29.515812,26.085663
18721. -29.449539,26.110983
18722. -29.409208,26.13111
18723. -29.283498,26.168296
18724. -29.165278,26.181407
18725. -29.038049,26.225138
18726. -29.019812,26.259341
18727. -28.997969,26.271057
18728. -28.965421,26.34676
18729. -28.933839,26.42096
18730. -29.160182,26.574769
18731. -29.153473,26.058712
18732. -29.149313,25.684404
18733. -29.135669,25.57703
18734. -29.133907,26.424351
18735. -29.184201,25.961595
18736. -29.167751,25.829716
18737. -29.110345,26.296206
18738. -29.115931,26.266658
18739. -29.114863,26.226254
18740. -29.110176,26.202157
18741. -29.114094,26.222799
18742. -29.196265,26.711369
18743. -29.117731,26.236639
18744. -29.121893,25.421698
18745. -29.11325,26.218464
18746. -29.112463,26.21501
18747. -28.229692,24.849615
18748. -28.455034,24.791422
18749. -28.174323,24.837599
18750. -28.347144,24.816141
18751. -28.743881,24.653406
18752. -28.801134,24.793825
18753. -28.757972,24.767818
18754. -28.783947,24.773161
18755. -28.772023,24.764707
18756. -28.751256,24.769406
18757. -28.744408,24.745159
18758. -28.48544,24.796486
18759. -28.610295,24.770565
18760. -28.796321,24.717436
18761. -28.526698,24.779491
18762. -28.705382,24.776895
18763. -28.727889,24.76696
18764. -28.726346,24.277639
18765. -28.711442,24.526033
18766. -28.704968,24.12838
18767. -28.760285,23.925648
18768. -28.721754,24.401493
18769. -28.70572,24.063663
18770. -28.732894,24.014997
18771. -28.817906,23.566833
18772. -28.795945,23.808403
18773. -28.801435,23.721199
18774. -28.828659,24.847512
18775. -28.858243,24.864678
18776. -28.998344,25.118222
18777. -29.107739,25.290956
18778. -29.050055,25.183282
18779. -28.930233,24.97909
18780. -28.897776,24.90386
18781. -28.992076,25.074921
18782. -28.921556,24.665251
18783. -29.499303,24.275923
18784. -29.175245,24.553585
18785. -28.990574,24.6486
18786. -29.322475,24.435482
18787. -29.251059,24.49831
18788. -29.407301,24.356689
18789. -29.049042,24.618902
18790. -29.025253,24.631541
18791. -29.509836,24.254465
18792. -28.927416,22.689428
18793. -28.90916,22.652264
18794. -28.835201,23.411522
18795. -28.856852,23.230162
18796. -28.899466,22.529182
18797. -28.894732,22.947436
18798. -28.852567,23.187675
18799. -28.900143,22.78616
18800. -28.890562,23.108239
18801. -28.848169,23.252821
18802. -29.66322,25.987129
18803. -30.202114,25.723543
18804. -29.867219,25.879583
18805. -30.121893,25.757833
18806. -29.774771,25.952024
18807. -29.803523,25.929623
18808. -29.733564,25.964427
18809. -29.605626,26.020861
18810. -30.037966,25.793152
18811. -29.961925,25.824738
18812. -30.413558,26.83136
18813. -30.440127,25.623733
18814. -30.618931,25.357647
18815. -30.591671,25.403051
18816. -30.532694,25.536003
18817. -30.400714,25.671101
18818. -30.479672,25.592651
18819. -30.551174,25.493517
18820. -30.239938,25.724229
18821. -30.294202,25.723736
18822. -30.693541,26.708922
18823. -30.69022,26.708837
18824. -29.658969,24.068041
18825. -29.582564,24.12117
18826. -29.749177,23.957019
18827. -29.622005,24.093661
18828. -29.637672,24.083018
18829. -29.662847,22.589006
18830. -30.012328,23.017387
18831. -29.607118,22.506351
18832. -30.113652,23.062706
18833. -29.796559,22.856798
18834. -30.215614,23.119182
18835. -29.89855,22.96958
18836. -29.635621,22.615528
18837. -29.692676,22.746806
18838. -30.223772,23.622494
18839. -30.049928,23.665752
18840. -29.843771,23.845224
18841. -30.146167,23.64996
18842. -29.885826,23.771195
18843. -29.94601,23.670559
18844. -30.853458,24.894334
18845. -30.616198,25.290356
18846. -30.785276,25.011321
18847. -30.922991,24.759579
18848. -30.649727,25.204697
18849. -30.686566,25.154743
18850. -30.709741,25.105133
18851. -30.907306,25.046854
18852. -30.833488,25.072775
18853. -30.851542,24.204254
18854. -30.649579,23.97294
18855. -30.763816,24.095077
18856. -30.681104,24.021091
18857. -30.403971,23.309383
18858. -30.577928,23.791752
18859. -30.588716,23.521557
18860. -30.291978,23.161669
18861. -30.613243,23.877926
18862. -30.493207,23.43092
18863. -30.366877,23.226986
18864. -30.333324,23.20879
18865. -30.579332,23.636827
18866. -30.487734,23.522415
18867. -30.338213,23.596745
18868. -30.651056,23.470573
18869. -30.903108,23.284321
18870. -30.786087,23.356075
18871. -30.454001,23.556404
18872. -30.589048,23.503146
18873. -30.718227,23.43092
18874. -31.588479,28.790874
18875. -31.334523,27.84781
18876. -31.388648,27.79129
18877. -31.937177,26.955857
18878. -31.898692,26.878567
18879. -32.00229,27.002764
18880. -31.892972,26.862946
18881. -31.675316,28.002133
18882. -31.901306,26.847196
18883. -31.970221,25.478239
18884. -32.212728,25.680113
18885. -32.275813,25.727062
18886. -32.184257,25.66093
18887. -32.320504,25.746374
18888. -32.246926,25.729208
18889. -32.045333,25.503902
18890. -31.84869,25.373011
18891. -32.221442,25.71393
18892. -31.935338,25.459099
18893. -31.908019,25.41069
18894. -31.378994,23.991652
18895. -30.976284,24.621563
18896. -31.247883,24.219532
18897. -31.170364,24.316521
18898. -31.331499,24.100485
18899. -31.074568,24.433229
18900. -31.062272,24.46578
18901. -31.051831,24.484663
18902. -31.404565,23.958778
18903. -31.410571,23.949251
18904. -31.258816,24.940939
18905. -31.003656,24.996128
18906. -31.305542,24.952011
18907. -31.092485,24.956131
18908. -30.954131,25.029945
18909. -31.174402,24.963255
18910. -31.300115,24.861588
18911. -31.225867,24.695635
18912. -31.322261,24.925833
18913. -30.9492,24.301414
18914. -31.532824,25.044107
18915. -31.257275,24.751511
18916. -31.041683,24.38673
18917. -31.605586,25.100069
18918. -31.300078,24.913816
18919. -31.137971,24.512515
18920. -31.164341,24.581738
18921. -31.334981,24.953299
18922. -31.282365,24.837942
18923. -31.073686,24.429624
18924. -31.082305,24.450674
18925. -31.47406,23.802052
18926. -31.488699,23.718452
18927. -31.562301,23.565588
18928. -31.509191,23.619747
18929. -31.301215,23.112402
18930. -31.271949,23.122873
18931. -31.136281,23.117809
18932. -31.416944,23.120728
18933. -30.968925,23.200035
18934. -31.204506,23.111029
18935. -31.02668,23.157206
18936. -31.510362,23.066311
18937. -31.63146,23.1003
18938. -31.060287,23.158665
18939. -31.354956,23.111372
18940. -31.974153,24.710741
18941. -32.136083,24.576502
18942. -32.115948,24.608431
18943. -32.080611,24.602079
18944. -32.297399,24.52569
18945. -32.028234,24.629116
18946. -32.340956,24.418316
18947. -31.914831,24.760695
18948. -31.684428,25.165644
18949. -31.806686,25.310526
18950. -31.701006,25.205555
18951. -31.7443,25.247355
18952. -31.885793,23.22484
18953. -31.811208,23.36217
18954. -31.840014,23.303719
18955. -31.668723,23.461905
18956. -31.777212,23.037471
18957. -31.693265,23.054638
18958. -31.818939,23.016357
18959. -31.678073,23.081932
18960. -32.578624,27.955527
18961. -32.885955,27.391262
18962. -32.883732,27.395761
18963. -32.879713,27.377693
18964. -32.879117,27.386123
18965. -32.546451,25.887136
18966. -32.635038,25.896149
18967. -32.601711,25.885334
18968. -32.467771,25.806541
18969. -32.421848,25.762768
18970. -32.535743,25.843449
18971. -32.345814,25.744143
18972. -32.778273,26.619916
18973. -32.780113,26.613221
18974. -32.891192,25.784698
18975. -32.994915,25.814653
18976. -32.945085,25.813322
18977. -33.025181,25.817957
18978. -32.776883,25.795512
18979. -32.808811,25.796628
18980. -32.845955,25.79504
18981. -33.587006,26.906075
18982. -33.320416,26.568074
18983. -33.281068,26.595883
18984. -33.32454,26.543441
18985. -33.074965,25.838428
18986. -33.306071,25.923357
18987. -33.093447,25.869927
18988. -33.208567,25.901685
18989. -33.324217,25.927391
18990. -33.314248,25.95962
18991. -33.342754,25.928507
18992. -33.396802,25.967302
18993. -33.169995,25.876279
18994. -33.250568,25.8925
18995. -33.112033,25.881643
18996. -33.352819,25.953633
18997. -33.148259,25.880914
18998. -33.730479,25.761094
18999. -33.672211,25.854392
19000. -33.609151,25.923786
19001. -33.697387,25.810618
19002. -33.410738,25.956466
19003. -33.574153,25.90235
19004. -33.532112,25.911212
19005. -33.507336,25.92001
19006. -33.424941,25.969341
19007. -33.514921,25.924773
19008. -33.437745,25.962324
19009. -32.353138,24.307165
19010. -32.410762,24.162025
19011. -32.467445,24.072804
19012. -32.472261,24.051819
19013. -32.456818,24.637399
19014. -33.736046,23.039618
19015. -28.085309,20.033784
19016. -28.653763,21.774988
19017. -28.433676,21.346521
19018. -28.441902,21.661863
19019. -28.792296,21.869617
19020. -28.820199,21.867385
19021. -28.459637,21.679287
19022. -28.736883,21.838331
19023. -28.397441,21.526852
19024. -28.458392,21.287556
19025. -28.650524,21.757822
19026. -28.76337,21.846914
19027. -28.458014,21.398878
19028. -28.405972,21.477842
19029. -28.725518,21.823053
19030. -28.395327,21.552
19031. -28.677411,21.803055
19032. -28.515951,21.704221
19033. -28.399479,21.094438
19034. -28.410238,21.511874
19035. -28.534917,21.750741
19036. -28.477142,21.272492
19037. -28.404274,21.519341
19038. -28.564396,21.750548
19039. -28.473143,21.254082
19040. -28.420599,21.248889
19041. -28.234986,20.392771
19042. -28.27944,20.626144
19043. -28.283522,20.595417
19044. -28.367084,20.951099
19045. -28.317227,20.756779
19046. -28.322062,20.799351
19047. -28.198002,20.348911
19048. -28.173793,20.284881
19049. -28.129598,20.136652
19050. -28.270067,20.513449
19051. -28.945819,22.38018
19052. -28.888871,22.112045
19053. -28.927115,22.30731
19054. -28.921857,22.164145
19055. -28.84302,22.088356
19056. -28.835727,22.065525
19057. -29.003411,22.019691
19058. -28.8785,21.934891
19059. -28.903073,21.996775
19060. -29.169775,22.055826
19061. -29.082276,22.036858
19062. -29.304814,22.090587
19063. -29.412161,22.125263
19064. -29.395562,22.113934
19065. -29.477263,22.24122
19066. -28.834056,21.871552
19067. -29.192781,17.817078
19068. -29.486977,17.836561
19069. -29.51626,17.858276
19070. -29.444082,17.839565
19071. -29.393991,17.805576
19072. -28.90931,17.72747
19073. -28.786918,17.652111
19074. -28.8158,17.685585
19075. -29.227092,17.761631
19076. -29.276816,17.745667
19077. -28.799104,17.650566
19078. -29.089027,17.85656
19079. -29.018874,17.829352
19080. -29.255421,17.741868
19081. -28.77065,17.626233
19082. -29.551956,22.375202
19083. -30.401751,17.926254
19084. -29.691184,17.899818
19085. -29.812498,17.843685
19086. -29.97055,17.903423
19087. -30.4614,17.947712
19088. -30.639832,18.050365
19089. -30.769717,18.089161
19090. -30.228815,17.896214
19091. -29.880988,17.879562
19092. -30.516871,17.940159
19093. -30.018868,17.880077
19094. -30.789479,18.11697
19095. -30.600685,18.012257
19096. -30.355546,17.890205
19097. -29.910454,17.875443
19098. -29.98988,17.875957
19099. -30.825896,18.119202
19100. -30.886721,18.177459
19101. -30.13236,17.929173
19102. -30.542156,17.952347
19103. -29.770338,17.833557
19104. -29.666054,17.895527
19105. -29.647071,17.88527
19106. -29.607193,17.873726
19107. -30.556496,17.995005
19108. -30.204636,17.931232
19109. -29.71206,17.884626
19110. -32.318546,18.912964
19111. -31.200468,18.457203
19112. -32.199002,18.873997
19113. -32.221079,18.852367
19114. -31.055434,18.298931
19115. -31.225133,18.525696
19116. -32.060428,18.8122
19117. -31.821054,18.618221
19118. -31.858095,18.608522
19119. -31.344254,18.605347
19120. -31.102628,18.344593
19121. -32.156903,18.868589
19122. -31.92412,18.673926
19123. -32.280022,18.889961
19124. -32.248595,18.854342
19125. -31.685523,18.697186
19126. -31.408008,18.678474
19127. -31.990971,18.766279
19128. -31.052934,18.278675
19129. -31.48665,18.714867
19130. -31.605897,18.729694
19131. -31.002037,18.260264
19132. -31.144729,18.361073
19133. -31.779401,18.636417
19134. -32.173142,18.867645
19135. -33.023921,21.652422
19136. -32.435613,22.421894
19137. -32.895732,21.846829
19138. -32.698044,22.06707
19139. -32.599542,22.193928
19140. -33.004273,21.659374
19141. -32.739783,22.004929
19142. -32.931327,21.735678
19143. -32.624918,22.144403
19144. -32.509327,22.299842
19145. -32.954809,21.70495
19146. -32.772986,21.975661
19147. -32.854788,21.948881
19148. -32.987068,21.682463
19149. -33.092692,21.573458
19150. -33.124613,21.214943
19151. -33.138845,21.126537
19152. -33.098804,21.48531
19153. -33.120336,21.342959
19154. -33.07385,21.586418
19155. -33.12411,21.270475
19156. -33.695816,22.281604
19157. -33.677247,22.245512
19158. -33.734155,22.325463
19159. -33.72823,22.305422
19160. -33.689674,22.267613
19161. -33.684461,22.275209
19162. -33.5927,22.202436
19163. -33.608794,22.212467
19164. -33.261226,20.171757
19165. -33.44018,19.708958
19166. -33.182028,20.711374
19167. -33.277588,20.120859
19168. -33.397769,19.76449
19169. -33.182908,20.814393
19170. -33.410237,19.758225
19171. -33.173192,20.994015
19172. -33.197974,20.640993
19173. -33.412386,19.740286
19174. -33.263092,20.266342
19175. -33.243353,20.432939
19176. -33.403,19.913664
19177. -33.331407,20.026724
19178. -33.396622,19.837275
19179. -33.22449,20.58177
19180. -33.196573,20.858531
19181. -32.876091,18.783703
19182. -32.859548,18.817252
19183. -32.411125,18.957853
19184. -32.956105,18.766108
19185. -32.995563,18.746796
19186. -32.505491,18.967123
19187. -32.805832,18.85126
19188. -32.723357,18.91438
19189. -32.626653,18.949184
19190. -32.599325,18.990383
19191. -32.660983,18.954678
19192. -32.916918,18.762674
19193. -32.968815,18.752503
19194. -32.731112,18.908451
19195. -32.936522,18.084054
19196. -33.303569,19.054091
19197. -33.345049,18.699932
19198. -33.258499,18.674741
19199. -33.109948,18.68504
19200. -33.061829,18.711959
19201. -33.173515,18.680835
19202. -33.167085,18.681006
19203. -33.556059,19.514551
19204. -33.634059,19.324007
19205. -33.504974,19.580898
19206. -33.651708,19.29431
19207. -33.700565,19.261694
19208. -33.720056,19.191055
19209. -33.614762,19.508629
19210. -33.699636,19.207449
19211. -33.732584,19.075313
19212. -33.745396,19.06158
19213. -33.477845,19.686985
19214. -33.741614,19.014802
19215. -33.72898,19.129643
19216. -33.633999,19.396475
19217. -33.704452,19.244415
19218. -33.487223,19.660721
19219. -33.420302,19.2659
19220. -33.725375,18.54445
19221. -33.662853,18.559341
19222. -33.465387,18.717484
19223. -33.483858,18.675385
19224. -33.568521,18.621033
19225. -33.579984,18.613656
19226. -33.511986,18.65667
19227. -33.652226,18.959312
19228. -33.444155,18.970106
19229. -33.447181,18.764863
19230. -33.772798,25.669556
19231. -33.913289,25.582674
19232. -33.915194,25.611448
19233. -33.883064,25.623271
19234. -33.852811,25.634966
19235. -33.823278,25.646961
19236. -33.795697,25.658033
19237. -33.758955,25.695133
19238. -34.028904,24.600534
19239. -33.799905,22.592268
19240. -33.773012,22.719727
19241. -33.774724,22.905464
19242. -33.767518,22.803841
19243. -33.761167,22.962456
19244. -33.754388,22.945032
19245. -33.760668,22.868299
19246. -33.774225,22.957735
19247. -33.868776,22.361126
19248. -33.940156,22.412882
19249. -33.879965,22.397475
19250. -33.834918,22.348509
19251. -33.834134,22.448416
19252. -33.955393,22.459402
19253. -33.927622,22.41374
19254. -33.949554,22.433224
19255. -33.775009,22.342973
19256. -33.801439,22.332287
19257. -34.043059,20.43103
19258. -33.830747,20.08069
19259. -33.996782,19.285641
19260. -33.886876,18.634658
19261. -33.877007,18.658991
19262. -33.871698,18.671093
19263. -33.866068,18.682981
19264. -33.857943,18.695426
19265. -33.845184,18.715124
19266. -33.83556,18.735681
19267. -33.819802,18.792114
19268. -33.76527,18.972058
19269. -33.7576,18.982744
19270. -33.900734,18.509688
19271. -33.890546,18.553419
19272. -33.888586,18.564363
19273. -33.885237,18.584661
19274. -33.88937,18.610239
19275. -33.921658,18.449006
19276. -33.91742,18.48115
19277. -33.873516,18.530116
19278. -33.848178,18.53282
19279. -33.809284,18.547196
19280. -34.076976,18.820953
19281. -34.235186,19.254355
19282. -34.235293,19.202943
19283. -34.222839,19.280362
19284. -34.298884,19.143677
19285. -22.224445,29.986528
19286. -23.132428,30.669193
19287. -23.166284,30.653486
19288. -22.962068,30.698376
19289. -23.005666,30.683827
19290. -22.907191,30.738115
19291. -23.417927,30.418911
19292. -23.363098,30.559587
19293. -23.400638,30.426893
19294. -23.462656,30.27566
19295. -23.2611,30.687389
19296. -23.365305,30.578213
19297. -23.376808,30.473671
19298. -23.463679,30.344667
19299. -23.451042,30.358744
19300. -23.308247,30.686016
19301. -23.335203,30.670738
19302. -23.337015,30.665331
19303. -23.357622,29.782734
19304. -23.438797,29.893799
19305. -23.3915,29.845905
19306. -23.519844,30.050182
19307. -23.508589,29.948645
19308. -23.503867,29.97551
19309. -23.494677,29.927702
19310. -23.534993,30.161247
19311. -23.898512,30.257978
19312. -23.878892,30.252421
19313. -23.854069,30.223603
19314. -23.758363,30.107946
19315. -23.653389,30.171032
19316. -23.841371,30.150089
19317. -23.696053,30.140734
19318. -23.841862,30.194335
19319. -23.835876,30.136356
19320. -23.80117,30.124941
19321. -23.827092,30.159338
19322. -23.710199,29.756727
19323. -23.614211,30.042887
19324. -23.602138,30.012503
19325. -23.720808,29.721279
19326. -23.719197,29.813032
19327. -23.644642,29.901009
19328. -23.757735,29.670982
19329. -23.898551,29.509706
19330. -23.877754,29.507561
19331. -24.032315,31.061783
19332. -23.973352,31.075258
19333. -23.913499,30.974579
19334. -23.91805,31.024361
19335. -23.945763,31.165123
19336. -23.943213,31.130018
19337. -24.545171,30.619926
19338. -24.468635,30.626965
19339. -24.491601,30.647564
19340. -24.071309,30.384407
19341. -24.529555,30.643444
19342. -24.189275,30.521736
19343. -24.360507,30.667734
19344. -24.38787,30.671597
19345. -24.018341,30.364923
19346. -24.308422,30.644045
19347. -24.565313,30.632629
19348. -23.975234,30.287333
19349. -23.945978,30.274458
19350. -24.450041,30.60791
19351. -24.47879,30.60791
19352. -24.535177,30.160732
19353. -24.26019,29.788914
19354. -24.426051,30.079021
19355. -24.393146,30.077305
19356. -24.276465,29.752693
19357. -24.266293,29.901352
19358. -24.305254,30.00349
19359. -24.587793,30.159016
19360. -24.26598,29.550476
19361. -24.070721,30.925398
19362. -23.926366,30.914497
19363. -23.926994,30.774851
19364. -23.909576,30.73863
19365. -23.919305,30.803089
19366. -23.908869,30.684857
19367. -24.089136,30.841284
19368. -24.00072,30.664988
19369. -24.016636,30.702152
19370. -24.012011,30.731421
19371. -24.287183,28.981934
19372. -23.941546,29.449067
19373. -24.352179,28.152294
19374. -24.479728,28.187828
19375. -24.579519,28.326874
19376. -24.51956,28.265419
19377. -24.240625,29.530392
19378. -24.185516,29.484215
19379. -24.033981,29.458809
19380. -23.91091,29.449925
19381. -24.233934,29.50078
19382. -23.908968,29.459796
19383. -23.910282,29.4522
19384. -24.948009,30.510921
19385. -24.693425,30.589542
19386. -24.823042,30.554352
19387. -24.852718,30.574608
19388. -24.770954,30.535383
19389. -24.634184,30.62499
19390. -24.745233,30.560789
19391. -24.880908,30.564308
19392. -24.77263,30.353165
19393. -24.926995,30.322781
19394. -24.891342,30.312824
19395. -24.817822,30.346642
19396. -24.697831,30.346813
19397. -24.938514,30.367413
19398. -24.668195,30.32424
19399. -24.662345,30.308962
19400. -24.616043,30.178242
19401. -24.62525,30.210342
19402. -25.246947,30.39917
19403. -24.984269,30.492382
19404. -25.004495,30.50251
19405. -25.018495,30.478992
19406. -25.114746,30.446892
19407. -25.105225,30.573406
19408. -25.174029,30.660954
19409. -25.178806,30.71125
19410. -25.305894,30.803261
19411. -25.164552,30.627823
19412. -25.14206,30.766783
19413. -25.144236,30.743093
19414. -25.069973,30.435734
19415. -25.309464,30.78558
19416. -25.140351,30.59598
19417. -24.996327,30.394535
19418. -25.043926,30.431271
19419. -25.275474,30.760174
19420. -25.112686,30.503798
19421. -25.164901,30.686531
19422. -25.141594,30.621643
19423. -25.102272,30.531521
19424. -25.190612,30.769701
19425. -25.179195,30.696402
19426. -25.14882,30.756397
19427. -25.29247,30.768156
19428. -25.310201,29.63768
19429. -25.177563,29.540091
19430. -25.216628,29.637766
19431. -25.247724,29.665403
19432. -24.777851,28.474073
19433. -24.999439,29.34268
19434. -24.914307,29.179945
19435. -24.967152,29.260197
19436. -25.020984,29.350233
19437. -24.919134,29.203634
19438. -25.049836,29.382677
19439. -24.968251,29.289444
19440. -25.167368,29.398448
19441. -24.892899,29.171705
19442. -24.976294,29.290688
19443. -25.252071,29.19239
19444. -25.16762,29.362936
19445. -25.191467,29.339676
19446. -25.174612,29.353409
19447. -25.281721,29.181147
19448. -24.851939,29.029655
19449. -24.854587,28.819885
19450. -24.814238,28.49287
19451. -24.833246,28.592434
19452. -25.140856,29.466534
19453. -24.666791,28.37142
19454. -24.858481,28.790703
19455. -24.829663,28.922024
19456. -24.825768,28.973866
19457. -24.867826,28.852158
19458. -24.637421,28.324642
19459. -25.147072,29.437351
19460. -24.700092,28.405752
19461. -24.851316,28.75946
19462. -24.84898,28.753452
19463. -23.817582,27.869482
19464. -23.690689,27.767301
19465. -23.812321,27.847681
19466. -23.760013,27.795153
19467. -23.793552,27.837381
19468. -23.68725,27.740993
19469. -24.061434,27.986298
19470. -24.182541,28.108006
19471. -24.409405,28.122425
19472. -23.949783,27.937202
19473. -23.914166,27.932739
19474. -24.010952,28.00209
19475. -24.22505,28.12397
19476. -24.108292,28.00209
19477. -23.963431,27.967587
19478. -23.933152,27.934628
19479. -24.285853,28.101826
19480. -24.884179,26.139736
19481. -24.854821,26.173382
19482. -24.827832,26.182308
19483. -24.767837,26.161795
19484. -25.221792,26.132355
19485. -25.071995,26.165142
19486. -24.999361,26.144371
19487. -25.44994,31.963305
19488. -25.501661,31.972446
19489. -25.531638,31.957855
19490. -25.602405,31.866789
19491. -25.437888,30.951405
19492. -25.536866,31.328888
19493. -25.417191,30.942822
19494. -25.459763,30.945053
19495. -25.581272,31.327858
19496. -25.660715,31.246662
19497. -25.639592,31.295242
19498. -25.64408,30.978527
19499. -25.605695,30.988998
19500. -25.612158,30.973206
19501. -25.463328,30.97151
19502. -25.535743,30.95252
19503. -25.475164,30.969257
19504. -25.500286,30.953979
19505. -25.898646,31.798296
19506. -25.669959,31.855631
19507. -25.764455,31.840696
19508. -25.855786,31.814947
19509. -25.763953,30.941277
19510. -25.724949,31.055431
19511. -25.689414,31.226406
19512. -25.67286,31.119204
19513. -25.679397,31.079893
19514. -25.906907,31.109676
19515. -25.788299,31.078777
19516. -25.907757,31.090708
19517. -25.885867,31.096115
19518. -25.797998,31.103926
19519. -25.860073,31.063242
19520. -25.67315,30.961576
19521. -25.943574,31.105814
19522. -25.545036,30.698891
19523. -25.615912,30.266948
19524. -25.620207,30.401402
19525. -25.491474,30.700264
19526. -25.606275,30.56448
19527. -25.625856,30.334239
19528. -25.546778,30.68387
19529. -25.604534,30.534096
19530. -25.644022,30.347371
19531. -25.646053,30.392089
19532. -25.5966,30.449939
19533. -25.621019,30.50766
19534. -25.612158,30.279737
19535. -25.575002,30.667606
19536. -25.450831,30.709748
19537. -25.655724,30.244417
19538. -25.629726,30.319562
19539. -25.43624,30.47227
19540. -25.457075,30.680032
19541. -25.428914,30.634886
19542. -25.442803,30.42979
19543. -25.392641,30.605222
19544. -25.385451,30.527802
19545. -25.577295,30.294683
19546. -25.5008,30.363238
19547. -25.393306,30.564243
19548. -25.388698,30.332394
19549. -25.313072,30.380459
19550. -25.408004,30.904627
19551. -25.357716,30.855618
19552. -25.346469,30.828152
19553. -25.503133,29.917488
19554. -25.627752,30.000229
19555. -25.346896,29.741793
19556. -25.341583,29.685745
19557. -25.584911,29.984436
19558. -25.581118,29.964609
19559. -25.534503,29.922981
19560. -25.563852,29.960918
19561. -25.438043,29.868908
19562. -25.390675,29.821272
19563. -25.418276,29.822388
19564. -25.373693,29.796982
19565. -25.667329,30.240083
19566. -25.840956,30.241671
19567. -25.718937,30.236478
19568. -25.667242,30.245233
19569. -25.820831,30.796394
19570. -25.843775,30.783176
19571. -25.769441,30.865402
19572. -25.7968,30.784378
19573. -25.841072,30.718117
19574. -25.866715,30.664902
19575. -25.854589,30.756569
19576. -25.763025,30.811157
19577. -25.985283,30.503197
19578. -25.753053,30.852699
19579. -25.791313,30.792618
19580. -25.95025,30.577526
19581. -25.914126,30.599499
19582. -25.715921,30.056148
19583. -25.728506,30.038595
19584. -25.791932,30.045462
19585. -25.891311,30.012245
19586. -25.692643,30.042114
19587. -26.002294,30.018082
19588. -25.957929,30.16923
19589. -25.895789,30.195665
19590. -25.412036,29.061584
19591. -25.572021,28.925285
19592. -25.442538,29.063816
19593. -25.656691,28.87722
19594. -25.486903,29.025578
19595. -25.644854,28.275118
19596. -25.896127,29.25554
19597. -25.832362,29.459946
19598. -25.829445,29.528589
19599. -25.769982,29.463959
19600. -25.887257,29.483185
19601. -25.86015,29.466534
19602. -25.98077,29.480181
19603. -25.82029,28.747573
19604. -25.722978,28.813362
19605. -25.741689,28.776798
19606. -25.804875,28.752422
19607. -25.696897,28.281105
19608. -25.829252,28.243575
19609. -25.809125,28.258595
19610. -25.740143,28.264818
19611. -25.71161,28.265762
19612. -25.684309,28.280439
19613. -25.838909,28.183794
19614. -25.821797,28.182614
19615. -25.810941,28.181262
19616. -25.781498,28.191476
19617. -25.7666,28.183815
19618. -25.814206,28.234434
19619. -25.773721,28.198965
19620. -25.821352,28.260698
19621. -25.761644,28.132961
19622. -25.746356,28.132854
19623. -25.750222,28.132939
19624. -25.717362,28.136008
19625. -25.709426,28.17225
19626. -25.92833,28.486519
19627. -25.908567,28.527203
19628. -25.858915,28.690495
19629. -25.864978,28.626251
19630. -25.964565,28.689423
19631. -25.890693,28.745556
19632. -25.878106,28.168774
19633. -25.928002,28.262029
19634. -26.000308,28.249969
19635. -25.86519,28.253832
19636. -25.975503,28.253274
19637. -26.010741,28.320351
19638. -25.97587,28.461456
19639. -25.948707,28.475018
19640. -26.009449,28.422661
19641. -25.937014,28.331852
19642. -25.846614,28.279538
19643. -25.890616,28.322668
19644. -26.234148,30.498047
19645. -26.230683,30.442085
19646. -26.221367,30.54225
19647. -26.27256,30.592976
19648. -26.342422,30.628681
19649. -26.323499,30.591431
19650. -26.174928,30.377541
19651. -26.054624,30.35162
19652. -26.052542,30.381832
19653. -26.159174,29.716516
19654. -26.03978,30.073013
19655. -26.133325,30.207596
19656. -26.016333,30.05559
19657. -26.068078,30.11344
19658. -26.091746,30.132236
19659. -26.154899,30.032673
19660. -26.345999,29.971733
19661. -26.2318,29.989843
19662. -26.034844,30.146999
19663. -26.291761,30.005121
19664. -26.313844,29.977484
19665. -26.224216,29.630127
19666. -26.133479,29.899807
19667. -26.139489,29.796038
19668. -26.067038,30.157642
19669. -26.075827,30.233002
19670. -26.100032,29.993877
19671. -26.179742,29.677677
19672. -26.449442,30.633316
19673. -26.519601,30.624561
19674. -26.603915,30.645847
19675. -26.680211,30.701809
19676. -26.654094,30.697861
19677. -26.385969,30.655417
19678. -26.5688,30.283985
19679. -26.560662,30.768242
19680. -26.603954,30.697346
19681. -26.563733,30.400372
19682. -26.602726,30.4529
19683. -26.610784,30.7164
19684. -26.634186,30.645332
19685. -26.583692,30.305099
19686. -26.561123,30.360546
19687. -26.648303,30.527058
19688. -26.60403,30.475731
19689. -26.535459,29.989543
19690. -26.608174,29.969673
19691. -26.648533,29.978772
19692. -26.706053,29.947786
19693. -26.51505,29.983664
19694. -26.521348,29.98538
19695. -26.469843,30.035119
19696. -26.523844,29.971991
19697. -26.499727,30.015378
19698. -26.407053,29.991989
19699. -26.434033,30.020828
19700. -26.56642,29.92384
19701. -26.665792,29.760075
19702. -26.542543,30.102024
19703. -26.569567,30.209484
19704. -26.170922,29.463787
19705. -26.071085,29.486704
19706. -26.113134,29.473572
19707. -26.352267,29.457436
19708. -26.231145,28.829756
19709. -26.293761,28.917303
19710. -26.337153,28.908892
19711. -26.234956,28.882284
19712. -26.244118,28.911467
19713. -26.10666,28.621273
19714. -26.092092,28.677063
19715. -26.042247,28.671055
19716. -26.070083,28.565311
19717. -26.045255,28.490295
19718. -26.180666,28.760748
19719. -26.187444,28.730106
19720. -26.170344,28.132296
19721. -26.149274,28.13118
19722. -26.163681,28.155513
19723. -26.173156,28.23216
19724. -26.181668,28.311424
19725. -26.166493,28.397555
19726. -26.051752,28.280997
19727. -26.091842,28.26808
19728. -26.10167,28.253403
19729. -26.11061,28.239112
19730. -26.153724,28.222804
19731. -26.178644,28.234906
19732. -26.0993,28.297091
19733. -26.16241,28.306446
19734. -26.080028,28.285761
19735. -26.135829,28.292542
19736. -26.17799,28.310931
19737. -26.129222,28.209629
19738. -26.13789,28.19551
19739. -26.156295,28.163366
19740. -26.133007,28.230121
19741. -26.070912,28.20847
19742. -26.119329,28.137939
19743. -26.089375,28.191047
19744. -26.110052,28.147595
19745. -26.033205,28.258209
19746. -26.040223,28.257823
19747. -26.107075,28.167508
19748. -26.065168,28.220873
19749. -26.087988,28.200617
19750. -26.101015,28.182807
19751. -26.054431,28.388844
19752. -26.124752,28.393221
19753. -26.159926,28.397298
19754. -26.090069,28.378716
19755. -26.138854,28.391676
19756. -26.131957,28.38953
19757. -26.319652,28.590717
19758. -26.340153,28.734484
19759. -26.344922,28.693628
19760. -26.266749,28.546085
19761. -26.355161,28.782549
19762. -26.356795,28.785253
19763. -26.283296,28.561878
19764. -26.261226,28.478665
19765. -26.197206,28.692813
19766. -26.246312,28.633032
19767. -26.366226,28.546257
19768. -26.250392,28.148432
19769. -26.24023,28.126159
19770. -26.212127,28.134398
19771. -26.192874,28.132725
19772. -26.251392,28.245077
19773. -26.255318,28.321466
19774. -26.279486,28.452959
19775. -26.219413,28.2354
19776. -26.224591,28.247373
19777. -26.30815,28.260527
19778. -26.285066,28.246965
19779. -26.295069,28.334427
19780. -26.258821,28.322668
19781. -26.20175,28.323698
19782. -26.1922,28.348203
19783. -26.199334,28.14826
19784. -26.203569,28.133497
19785. -26.19323,28.16092
19786. -26.197004,28.162293
19787. -26.208565,28.285031
19788. -26.198439,28.215938
19789. -26.195165,28.182635
19790. -26.194703,28.204093
19791. -26.203598,28.233318
19792. -26.193356,28.331466
19793. -26.208758,28.253703
19794. -26.247178,28.439655
19795. -26.25172,28.449397
19796. -26.265382,28.42751
19797. -26.352767,28.455191
19798. -26.266547,28.417554
19799. -26.262342,28.450212
19800. -26.396406,28.93831
19801. -26.451978,29.148488
19802. -26.45048,29.46456
19803. -26.473493,29.480438
19804. -26.460315,29.469838
19805. -26.453121,29.466105
19806. -26.367918,28.99807
19807. -26.389871,28.863058
19808. -26.432016,29.1254
19809. -26.384066,28.884172
19810. -26.418526,29.089909
19811. -26.556363,29.51786
19812. -26.373454,29.522753
19813. -26.68393,29.43924
19814. -26.621603,29.435978
19815. -26.435033,29.492025
19816. -26.473224,29.460096
19817. -26.701108,29.058838
19818. -26.62425,29.023991
19819. -26.539279,29.017897
19820. -26.561622,29.026051
19821. -26.558589,28.388758
19822. -26.491124,28.373265
19823. -26.468383,28.341637
19824. -26.717439,28.711739
19825. -26.436954,28.352451
19826. -26.688532,28.659811
19827. -26.621143,28.515186
19828. -26.490797,28.355541
19829. -26.464177,28.343611
19830. -26.518295,28.357902
19831. -26.389102,28.345628
19832. -26.380452,28.809929
19833. -26.545806,28.222847
19834. -26.57592,28.198085
19835. -26.473147,28.411589
19836. -26.54857,28.275633
19837. -26.611378,28.146415
19838. -26.403902,28.482742
19839. -26.556574,28.205509
19840. -26.588815,28.176069
19841. -26.469113,28.5466
19842. -26.690161,28.560419
19843. -26.523038,28.561535
19844. -26.559127,28.609772
19845. -26.702622,28.557544
19846. -26.38668,28.460598
19847. -26.582348,28.618698
19848. -26.429749,28.506689
19849. -26.660557,28.588657
19850. -27.371691,31.815891
19851. -27.340932,31.841812
19852. -27.379808,31.621957
19853. -27.472334,31.930175
19854. -27.733262,31.712465
19855. -27.626927,31.720533
19856. -27.692686,31.72534
19857. -27.769494,31.678648
19858. -27.530841,31.855888
19859. -27.555688,31.769886
19860. -27.484555,31.891079
19861. -27.57102,31.646976
19862. -27.438288,31.631699
19863. -27.677181,31.165895
19864. -27.753013,30.94677
19865. -27.529927,31.401415
19866. -27.565009,31.54089
19867. -27.5504,31.393604
19868. -27.663537,31.12401
19869. -27.741087,31.001873
19870. -27.646013,31.202116
19871. -27.562841,31.600542
19872. -27.640691,31.229153
19873. -27.548269,31.368198
19874. -27.526198,31.415405
19875. -27.713508,31.044102
19876. -27.588366,31.314898
19877. -27.60221,31.251898
19878. -27.576118,31.486645
19879. -27.578742,31.570587
19880. -27.679386,31.062555
19881. -27.66118,31.09251
19882. -27.564819,31.346569
19883. -27.592626,31.293697
19884. -27.724373,31.025305
19885. -28.01168,32.238178
19886. -27.9391,31.656504
19887. -27.814141,31.671867
19888. -27.875273,31.640711
19889. -27.851181,31.641741
19890. -27.898753,31.648092
19891. -28.026266,31.050367
19892. -28.120779,31.035175
19893. -27.979887,31.031141
19894. -28.081749,31.564922
19895. -27.970601,31.640453
19896. -27.829095,31.640282
19897. -27.996296,31.597195
19898. -27.85839,31.626892
19899. -26.9148,30.756912
19900. -27.040627,30.81296
19901. -27.009891,30.804183
19902. -27.004518,30.802896
19903. -26.993754,30.798154
19904. -27.072272,29.871826
19905. -26.948699,29.857664
19906. -26.89199,29.880581
19907. -26.861137,29.912081
19908. -27.302079,29.898605
19909. -27.201206,29.877319
19910. -26.808521,29.929934
19911. -27.094357,29.880152
19912. -26.775039,29.919806
19913. -27.414633,29.86938
19914. -27.356827,29.887233
19915. -27.251959,29.766254
19916. -27.35798,29.875689
19917. -27.163087,29.61266
19918. -27.366413,29.874787
19919. -27.243985,30.902481
19920. -27.361668,30.876474
19921. -27.30963,30.898361
19922. -27.292669,30.892267
19923. -27.399089,30.831327
19924. -27.090078,30.820427
19925. -26.80335,30.707731
19926. -27.156959,30.854416
19927. -26.847813,29.69862
19928. -26.95436,29.776554
19929. -27.014498,29.84642
19930. -26.918014,29.712524
19931. -26.787069,29.628754
19932. -26.771285,29.547729
19933. -27.062833,29.415636
19934. -26.895129,29.030514
19935. -26.969087,29.256592
19936. -26.851622,28.882113
19937. -26.724109,29.39435
19938. -26.927082,29.253588
19939. -26.888201,29.275389
19940. -26.861711,29.161234
19941. -26.911547,29.190416
19942. -26.737217,29.059525
19943. -26.791245,29.097204
19944. -27.036422,28.623161
19945. -26.981173,28.585782
19946. -26.786418,28.817654
19947. -26.742123,28.734741
19948. -26.840346,28.514585
19949. -26.892985,28.541107
19950. -26.763506,28.529692
19951. -26.739977,28.56308
19952. -26.978926,28.592112
19953. -26.803848,28.518791
19954. -26.863472,28.501024
19955. -26.849344,28.261471
19956. -26.986106,28.564968
19957. -26.928575,28.465576
19958. -26.809708,28.186111
19959. -26.787701,28.139849
19960. -26.848693,28.229799
19961. -27.028882,28.599215
19962. -27.128049,29.491081
19963. -27.377712,28.960304
19964. -27.342113,28.908634
19965. -27.323318,28.776755
19966. -27.207236,28.542137
19967. -27.347907,28.483772
19968. -27.117698,28.539305
19969. -27.314854,28.242416
19970. -27.253828,28.550634
19971. -27.31798,28.380175
19972. -27.304253,28.451242
19973. -27.480139,30.724726
19974. -27.579389,30.726271
19975. -27.611946,30.712967
19976. -27.69945,30.730219
19977. -27.500925,30.710993
19978. -27.422786,30.817595
19979. -27.76152,30.771589
19980. -27.744657,30.722837
19981. -27.431851,30.820856
19982. -27.650347,30.718632
19983. -27.758463,30.755239
19984. -27.703554,30.348959
19985. -27.650005,30.270252
19986. -27.75476,30.352478
19987. -27.674179,30.327415
19988. -27.766523,30.807166
19989. -27.770102,30.83828
19990. -27.55371,29.868822
19991. -27.589241,29.923153
19992. -27.490075,29.869465
19993. -27.502105,29.858265
19994. -27.760418,29.961948
19995. -27.644074,29.653473
19996. -27.721448,29.887791
19997. -27.65487,30.129833
19998. -27.645823,29.865475
19999. -27.630007,29.730892
20000. -27.664297,30.07061
20001. -27.746765,29.933066
20002. -27.689988,29.561977
20003. -28.077887,30.34441
20004. -27.981592,30.406208
20005. -28.105828,30.304756
20006. -27.881229,30.854073
20007. -27.848032,30.501652
20008. -27.858428,30.56242
20009. -27.791478,30.421829
20010. -27.847842,30.833216
20011. -27.774962,30.801802
20012. -27.794933,30.818882
20013. -27.775513,30.886345
20014. -27.773462,30.811286
20015. -27.992052,29.963236
20016. -28.032289,29.977226
20017. -27.783961,29.95049
20018. -27.923952,29.973342
20019. -27.525855,28.54557
20020. -27.904252,28.396053
20021. -27.739985,28.450298
20022. -27.665513,28.503513
20023. -27.504122,28.538575
20024. -27.957752,28.381376
20025. -28.01687,28.375969
20026. -28.122028,28.345242
20027. -27.565428,28.531494
20028. -27.679196,29.445419
20029. -27.662701,29.459667
20030. -27.668706,29.51786
20031. -27.571515,29.263115
20032. -27.652742,29.419327
20033. -27.445601,28.99807
20034. -27.451085,29.155998
20035. -27.437222,29.133167
20036. -27.753203,28.250484
20037. -27.914643,28.525486
20038. -28.121991,28.682127
20039. -27.762621,28.370476
20040. -27.947251,28.558617
20041. -27.80319,28.436179
20042. -27.653958,28.138905
20043. -27.669314,28.143711
20044. -28.083302,28.649254
20045. -25.654564,28.113885
20046. -25.629126,28.11101
20047. -25.580111,28.109722
20048. -25.556922,28.108306
20049. -25.5334,28.116374
20050. -25.636574,27.129278
20051. -25.942532,27.963209
20052. -25.983354,27.925358
20053. -25.913508,28.026209
20054. -25.834911,28.112941
20055. -25.815635,28.116288
20056. -25.799292,28.109078
20057. -25.975195,28.078523
20058. -25.981753,28.076377
20059. -25.770697,28.116031
20060. -25.882363,28.106375
20061. -25.997299,28.075948
20062. -25.940043,28.095174
20063. -25.701228,28.122897
20064. -25.675046,28.116589
20065. -25.700706,27.254677
20066. -25.670975,27.271264
20067. -25.681766,27.255836
20068. -25.801012,27.23794
20069. -26.010625,27.024221
20070. -25.821217,27.196999
20071. -25.893473,27.05864
20072. -25.864553,27.101898
20073. -25.952835,27.047825
20074. -25.86378,27.160606
20075. -25.914859,27.045593
20076. -25.937438,26.835308
20077. -25.804566,27.012548
20078. -25.961324,26.729908
20079. -25.868356,26.896248
20080. -25.844818,26.89393
20081. -25.755256,27.070055
20082. -25.545036,26.079526
20083. -25.560523,26.062617
20084. -25.650463,26.689632
20085. -25.513707,26.061974
20086. -25.454512,26.085491
20087. -25.616685,26.032276
20088. -25.648103,26.045151
20089. -25.315399,26.123085
20090. -25.386527,26.08429
20091. -25.710218,26.034679
20092. -25.99296,26.647081
20093. -25.997781,26.502972
20094. -25.953993,26.592407
20095. -25.803214,26.61644
20096. -25.752976,26.612663
20097. -25.737591,26.664848
20098. -25.782658,26.602364
20099. -25.865518,26.613178
20100. -25.86436,25.646768
20101. -25.784822,25.873661
20102. -25.830256,25.790577
20103. -25.753749,25.96653
20104. -26.046836,28.096075
20105. -26.186058,27.946343
20106. -26.104387,28.124957
20107. -26.082148,28.114443
20108. -26.041515,27.790003
20109. -26.020074,27.860298
20110. -26.037312,27.845364
20111. -26.176786,28.118327
20112. -26.191267,28.085775
20113. -26.182197,28.111224
20114. -26.184084,28.10513
20115. -26.107142,27.778287
20116. -26.128384,28.120301
20117. -26.127555,28.124356
20118. -26.137939,28.116975
20119. -26.068136,27.803693
20120. -26.113732,27.775497
20121. -26.087795,27.784939
20122. -26.104522,27.778888
20123. -26.076501,27.796011
20124. -26.177104,27.880898
20125. -26.172328,27.874331
20126. -26.167822,27.849441
20127. -26.175178,27.8088
20128. -26.183959,27.899652
20129. -26.063693,28.091354
20130. -26.065987,28.092449
20131. -26.021906,28.087535
20132. -26.04297,28.090689
20133. -26.034092,28.091183
20134. -26.063722,27.695138
20135. -26.107816,27.624822
20136. -26.156285,27.547317
20137. -26.075576,27.647374
20138. -26.033726,27.732368
20139. -26.035885,27.739491
20140. -26.132439,27.591777
20141. -26.179771,27.704279
20142. -26.15696,27.718334
20143. -26.116997,27.758203
20144. -26.18369,27.729106
20145. -26.170162,27.701018
20146. -26.17953,27.759962
20147. -26.174341,27.694688
20148. -26.174562,27.630014
20149. -26.258513,27.962201
20150. -26.249834,27.964368
20151. -26.231453,27.960677
20152. -26.218018,27.959776
20153. -26.263131,27.985032
20154. -26.263939,28.095689
20155. -26.244541,28.123755
20156. -26.227026,28.055263
20157. -26.236419,28.076334
20158. -26.236535,28.097062
20159. -26.197717,28.067858
20160. -26.204532,28.047366
20161. -26.204137,28.011832
20162. -26.19582,27.962523
20163. -26.205456,28.03889
20164. -26.203608,28.055735
20165. -26.205244,28.041379
20166. -26.207266,28.092642
20167. -26.2069,28.0673
20168. -26.207227,28.047774
20169. -26.208036,28.040049
20170. -26.206284,28.056099
20171. -26.209345,28.119035
20172. -26.205861,28.060155
20173. -26.206823,28.051271
20174. -26.208994,28.078179
20175. -26.207795,28.04256
20176. -26.209711,28.07421
20177. -26.215534,28.009815
20178. -26.205485,27.956815
20179. -26.214322,28.014729
20180. -26.210144,27.989388
20181. -26.211289,28.018506
20182. -26.253336,28.098221
20183. -26.269356,27.983208
20184. -26.275869,27.947073
20185. -26.351556,28.099809
20186. -26.305669,28.111868
20187. -26.286739,28.101697
20188. -26.3059,27.996554
20189. -26.280968,27.988615
20190. -26.331942,27.983894
20191. -26.32121,27.989817
20192. -26.304265,27.945185
20193. -26.297493,27.847381
20194. -26.302168,27.922354
20195. -26.304341,27.872658
20196. -26.299148,27.81558
20197. -26.362381,27.668209
20198. -26.207872,27.694473
20199. -26.263054,27.682028
20200. -26.294531,27.678251
20201. -26.221406,27.450285
20202. -26.21694,27.505131
20203. -26.197072,27.58976
20204. -26.211472,27.433977
20205. -26.198496,27.550364
20206. -26.254241,27.236052
20207. -26.253317,27.156787
20208. -26.33473,26.811061
20209. -26.32623,26.890068
20210. -26.229375,27.345314
20211. -26.28749,27.085161
20212. -26.296493,26.967659
20213. -26.327114,26.839964
20214. -26.065072,26.974783
20215. -26.096756,26.959419
20216. -26.164413,26.924314
20217. -26.130166,26.721497
20218. -26.226526,26.774368
20219. -26.26748,26.817284
20220. -26.327461,26.835308
20221. -26.533021,27.808285
20222. -26.46191,28.070154
20223. -26.532426,28.020501
20224. -26.516721,28.036981
20225. -26.489914,28.053803
20226. -26.417239,28.077192
20227. -26.519054,27.927439
20228. -26.51242,27.926688
20229. -26.429499,27.961578
20230. -26.377664,27.976556
20231. -26.45048,27.949648
20232. -26.415394,27.54384
20233. -26.441219,27.483673
20234. -26.367802,27.604609
20235. -26.435647,27.73387
20236. -26.464772,27.767515
20237. -26.562793,27.82794
20238. -26.543944,27.829871
20239. -26.665245,27.888644
20240. -26.674085,27.918556
20241. -26.707913,27.860169
20242. -26.657632,27.961643
20243. -26.669445,27.939541
20244. -26.661679,27.977929
20245. -26.671429,28.045435
20246. -26.627358,27.882271
20247. -26.651429,27.959218
20248. -26.64649,27.970226
20249. -26.648667,27.9357
20250. -26.649511,27.945957
20251. -26.647938,27.924457
20252. -26.673193,27.790775
20253. -26.641609,27.945056
20254. -26.626456,27.963982
20255. -26.596221,27.987628
20256. -26.560797,27.999258
20257. -26.653883,27.923169
20258. -26.640295,27.935786
20259. -26.626974,27.770433
20260. -26.630849,27.587357
20261. -26.627626,27.732582
20262. -26.625958,27.50762
20263. -26.504605,27.352009
20264. -26.635337,27.209358
20265. -26.460892,27.413936
20266. -26.567955,27.270557
20267. -26.480676,27.403893
20268. -26.714909,27.103143
20269. -26.71602,27.085891
20270. -26.406477,26.737118
20271. -26.386103,26.767502
20272. -26.576476,27.023964
20273. -26.393946,26.914101
20274. -26.699325,27.078853
20275. -26.70059,27.098207
20276. -26.711248,27.103572
20277. -26.609709,27.402821
20278. -26.656683,27.259226
20279. -26.553637,25.696979
20280. -26.346191,26.394997
20281. -26.405631,25.873661
20282. -26.347806,26.671629
20283. -26.61838,25.577288
20284. -26.668707,25.493817
20285. -26.393177,25.89632
20286. -26.335884,26.580734
20287. -26.330576,26.352596
20288. -26.405631,26.154242
20289. -26.316421,26.52091
20290. -26.411858,26.069441
20291. -26.384027,25.925846
20292. -26.374262,25.948763
20293. -26.360573,26.222477
20294. -26.480791,25.846667
20295. -26.526129,25.794525
20296. -26.698884,25.432491
20297. -26.32646,26.29127
20298. -26.341576,26.305089
20299. -26.410936,26.10873
20300. -26.412223,26.108708
20301. -26.687995,25.457597
20302. -26.690487,25.457082
20303. -26.531447,25.809932
20304. -26.449212,26.705189
20305. -26.514282,26.642361
20306. -26.681764,26.591635
20307. -26.110822,26.295605
20308. -26.254087,26.051674
20309. -26.345941,25.915976
20310. -26.154687,26.203251
20311. -26.018146,26.427441
20312. -26.220982,26.118279
20313. -26.178972,26.147289
20314. -26.14964,26.179004
20315. -26.14991,26.160293
20316. -26.169902,26.163511
20317. -26.055935,26.6185
20318. -26.848617,27.638125
20319. -26.7968,27.667351
20320. -26.742085,27.691813
20321. -26.727328,27.74065
20322. -26.883263,27.429085
20323. -26.88445,27.443075
20324. -26.735684,28.083544
20325. -26.825354,27.847939
20326. -26.962087,27.969131
20327. -26.839753,27.875705
20328. -26.800592,27.832747
20329. -26.760517,27.824764
20330. -26.866688,27.912655
20331. -26.737984,27.822962
20332. -26.784368,27.860684
20333. -26.843754,27.713699
20334. -26.722518,27.899737
20335. -26.785173,27.8409
20336. -26.908696,27.444963
20337. -26.981326,27.867765
20338. -26.799902,27.914028
20339. -26.741126,27.919693
20340. -26.734458,27.918148
20341. -26.777262,26.950493
20342. -26.840767,26.757202
20343. -26.804384,26.895905
20344. -26.75385,27.008257
20345. -27.066845,26.72184
20346. -26.750592,27.199745
20347. -26.728248,27.121553
20348. -26.799941,27.400932
20349. -26.757337,27.311668
20350. -26.832879,27.392693
20351. -26.774158,27.37484
20352. -27.023922,27.34128
20353. -26.991345,27.373381
20354. -27.068947,27.236052
20355. -27.332354,27.938232
20356. -27.289418,28.017883
20357. -27.384648,27.84914
20358. -27.38541,27.814465
20359. -27.409033,27.765541
20360. -27.250776,27.965441
20361. -27.183952,27.959862
20362. -27.291954,27.954583
20363. -27.276717,27.536716
20364. -27.1164,27.716618
20365. -27.208954,27.595339
20366. -27.228226,27.570362
20367. -27.241696,27.548561
20368. -27.269851,27.573624
20369. -27.117698,27.683401
20370. -27.120296,27.656965
20371. -27.300058,27.524529
20372. -27.38842,27.463675
20373. -27.081328,27.152195
20374. -27.251806,26.882343
20375. -27.162304,26.971006
20376. -27.198782,26.914101
20377. -27.107919,27.001991
20378. -27.021055,26.160422
20379. -27.088779,26.087809
20380. -27.268745,25.932369
20381. -27.379084,25.852547
20382. -26.899109,26.466751
20383. -27.037798,26.127977
20384. -26.91457,26.403751
20385. -27.345239,25.876923
20386. -26.872315,26.60893
20387. -27.19819,25.987902
20388. -27.199946,25.984941
20389. -27.22006,25.973053
20390. -26.965568,26.287708
20391. -26.736527,25.389962
20392. -27.280188,26.65987
20393. -26.943305,26.665878
20394. -27.160968,26.676006
20395. -26.821543,26.622448
20396. -26.843141,26.656265
20397. -26.901826,26.667509
20398. -26.990738,26.676409
20399. -26.977807,26.652145
20400. -27.312833,25.400047
20401. -27.192846,25.328722
20402. -27.212236,25.337133
20403. -27.34219,26.696091
20404. -27.356713,26.656351
20405. -27.66844,27.253861
20406. -28.080538,27.147388
20407. -27.69546,27.237082
20408. -27.686701,27.241459
20409. -27.656809,27.249978
20410. -27.624456,27.253647
20411. -27.589013,27.49054
20412. -27.767634,26.99255
20413. -27.870891,26.773467
20414. -27.869829,26.799259
20415. -27.72312,27.120438
20416. -27.49373,27.70134
20417. -27.555536,27.665634
20418. -27.436917,28.053761
20419. -27.5289,28.11676
20420. -28.022098,27.068682
20421. -27.912178,26.740465
20422. -27.925602,26.840286
20423. -27.962755,27.022161
20424. -27.916634,26.792951
20425. -28.07181,27.123828
20426. -28.086577,26.917748
20427. -27.981365,26.76085
20428. -28.076259,26.878996
20429. -28.123864,26.910453
20430. -27.980749,26.802177
20431. -28.070428,26.826982
20432. -27.426976,27.449255
20433. -27.45059,27.425137
20434. -27.450247,26.640129
20435. -27.718827,26.692572
20436. -27.762697,26.647768
20437. -27.56539,26.691027
20438. -27.526426,26.673431
20439. -27.656353,26.70845
20440. -27.753507,26.049099
20441. -27.671291,26.13699
20442. -27.583535,26.402378
20443. -27.663081,26.160679
20444. -27.514742,26.472931
20445. -27.458092,26.577473
20446. -27.700172,25.408201
20447. -27.633353,25.617371
20448. -27.5375,25.702171
20449. -27.559417,25.693073
20450. -27.664411,25.507464
20451. -27.458778,25.766029
20452. -27.758216,25.32752
20453. -27.649738,25.566559
20454. -27.720233,25.81461
20455. -27.521669,25.52124
20456. -27.639664,25.704746
20457. -27.635102,25.662346
20458. -28.112679,26.716518
20459. -28.08989,26.718407
20460. -28.039448,26.686993
20461. -27.925602,26.694546
20462. -27.842302,26.653948
20463. -27.778152,26.647682
20464. -27.973444,26.688452
20465. -27.852964,26.344872
20466. -27.911533,26.598415
20467. -27.871555,26.43877
20468. -27.873044,26.692936
20469. -27.866623,26.370449
20470. -27.844009,26.013222
20471. -27.851447,25.989189
20472. -27.949753,25.714359
20473. -27.784189,25.96756
20474. -28.054106,25.567245
20475. -28.004026,25.629559
20476. -27.898487,25.817356
20477. -27.846893,25.876236
20478. -27.845831,25.89426
20479. -28.118849,25.51712
20480. -26.767874,25.306749
20481. -27.09046,24.376345
20482. -27.264701,23.970022
20483. -26.97949,24.689069
20484. -26.875722,25.009904
20485. -26.952524,24.781208
20486. -26.902209,24.923515
20487. -26.820164,25.236797
20488. -27.001403,24.613666
20489. -27.043838,24.486122
20490. -27.151651,24.23438
20491. -26.82185,25.106421
20492. -26.958874,24.732113
20493. -27.208534,24.101515
20494. -26.95744,24.722199
20495. -27.068221,25.05003
20496. -27.172155,25.295162
20497. -27.315121,23.85355
20498. -27.409109,23.630733
20499. -27.373215,23.71592
20500. -27.091377,22.543087
20501. -27.097108,22.602139
20502. -27.217312,23.004684
20503. -27.235934,23.016186
20504. -27.231393,22.964172
20505. -27.414367,23.421822
20506. -27.340893,23.180981
20507. -27.179829,22.824612
20508. -27.369252,23.321228
20509. -27.207847,22.951641
20510. -27.365136,23.287411
20511. -27.389678,23.380795
20512. -27.155355,22.850103
20513. -27.232118,22.974472
20514. -28.045622,24.978962
20515. -28.008345,25.035954
20516. -27.915553,25.125389
20517. -27.785556,25.275507
20518. -27.825338,25.237527
20519. -28.107948,24.861052
20520. -28.112821,24.853434
20521. -27.907893,25.144272
20522. -27.897842,25.178003
20523. -28.091328,24.867382
20524. -27.917828,22.822638
20525. -28.111279,22.538624
20526. -27.833839,23.004084
20527. -27.932427,22.741184
20528. -27.595935,23.122959
20529. -27.631376,23.085365
20530. -27.801197,23.062062
20531. -27.544578,23.206987
20532. -27.494644,23.304148
20533. -28.066338,22.613082
20534. -27.691052,23.073113
20535. -27.898753,22.96267
20536. -27.428614,23.565931
20537. -27.723386,23.07116
20538. -27.992166,22.719083
20539. -27.942626,23.606358
20540. -27.647914,23.512287
20541. -28.030622,23.600864
20542. -27.768013,23.553143
20543. -28.301849,31.245375
20544. -28.148406,31.048307
20545. -28.239258,31.185293
20546. -28.304267,31.226406
20547. -28.209802,31.165295
20548. -28.316811,31.251383
20549. -28.386304,31.282711
20550. -28.353867,31.39987
20551. -28.184877,31.446819
20552. -28.21676,31.455917
20553. -28.392571,31.348028
20554. -28.311748,31.412401
20555. -28.237179,31.446476
20556. -28.126381,31.512737
20557. -28.369426,31.059637
20558. -28.442016,31.081009
20559. -28.377619,31.078863
20560. -28.469559,31.093969
20561. -28.400574,31.096888
20562. -28.768901,31.93069
20563. -28.711329,31.66337
20564. -28.69887,31.644487
20565. -28.780486,31.982574
20566. -28.690776,31.695299
20567. -28.787351,32.090549
20568. -28.770499,32.03433
20569. -28.690023,31.713581
20570. -28.737823,31.797009
20571. -28.769352,32.059436
20572. -28.74185,31.882324
20573. -28.725179,31.866102
20574. -28.763784,31.907129
20575. -28.72819,31.597624
20576. -28.552287,31.392982
20577. -28.775634,31.518059
20578. -28.499961,31.237564
20579. -28.532316,31.297388
20580. -28.5158,31.202545
20581. -28.567977,31.299191
20582. -28.580791,31.320562
20583. -28.558705,31.354895
20584. -28.494832,31.128817
20585. -28.576118,31.350689
20586. -28.511426,31.247606
20587. -29.346494,31.323137
20588. -29.077476,31.614962
20589. -28.908033,31.481323
20590. -28.862866,31.480551
20591. -28.920204,31.527843
20592. -28.923509,31.500206
20593. -28.890543,31.479821
20594. -29.022289,31.587667
20595. -29.031295,31.590757
20596. -29.297983,31.254859
20597. -29.090996,30.958014
20598. -29.179705,31.155424
20599. -29.115744,31.010542
20600. -29.092927,30.989084
20601. -29.336183,31.29285
20602. -29.113588,31.021142
20603. -29.134188,31.050453
20604. -29.140036,31.070666
20605. -29.320997,31.277754
20606. -29.270228,31.192374
20607. -29.215969,31.153536
20608. -29.164285,31.101265
20609. -29.338208,31.304469
20610. -28.292138,30.319862
20611. -28.452317,30.427666
20612. -28.269311,30.329475
20613. -28.225306,30.301666
20614. -28.442053,30.419769
20615. -28.219596,30.591602
20616. -28.362666,30.77116
20617. -28.263792,30.696573
20618. -28.19282,30.446377
20619. -28.245421,30.507832
20620. -28.283257,30.717945
20621. -28.157563,30.435991
20622. -28.312391,30.716743
20623. -28.361911,30.8745
20624. -28.137205,30.394278
20625. -28.365461,30.799999
20626. -28.355642,30.832529
20627. -28.387059,30.933466
20628. -28.387059,30.917158
20629. -28.212336,30.675802
20630. -28.292969,29.985981
20631. -28.175382,29.956284
20632. -28.447865,29.879551
20633. -28.346615,29.967527
20634. -28.237557,29.965038
20635. -28.399706,29.930277
20636. -28.145946,30.150518
20637. -28.161952,30.216093
20638. -28.140535,30.179615
20639. -28.52255,30.410156
20640. -28.601591,30.458822
20641. -28.711178,30.439854
20642. -28.802751,30.457621
20643. -28.73677,30.449467
20644. -28.759345,30.443716
20645. -28.656437,30.465002
20646. -28.559911,30.432129
20647. -28.803955,30.472813
20648. -28.587838,29.609184
20649. -28.536802,29.800544
20650. -28.563152,29.780974
20651. -28.571181,29.749947
20652. -28.589421,29.734626
20653. -28.590853,29.655104
20654. -28.800044,29.907961
20655. -28.801398,29.941692
20656. -28.766888,29.87071
20657. -28.750522,29.82213
20658. -28.813281,29.536314
20659. -28.288321,29.134197
20660. -28.289039,29.088707
20661. -28.402839,29.072657
20662. -28.460165,29.056606
20663. -28.323838,29.089308
20664. -28.356775,29.063473
20665. -28.2337,28.306618
20666. -28.232226,28.318591
20667. -28.304645,28.707876
20668. -28.272259,28.302498
20669. -28.351336,28.264647
20670. -28.200272,28.341465
20671. -28.437563,28.196497
20672. -28.266703,28.729162
20673. -28.378186,28.771133
20674. -28.433034,28.817568
20675. -28.210974,28.692341
20676. -28.344462,28.714314
20677. -28.55143,29.076519
20678. -28.656399,29.255219
20679. -28.58422,29.055061
20680. -28.60811,29.060726
20681. -28.743656,29.410744
20682. -28.776612,29.462414
20683. -28.624083,29.09832
20684. -28.805948,29.529963
20685. -28.730711,29.344654
20686. -28.562851,28.205423
20687. -28.536425,28.17873
20688. -28.494945,28.192291
20689. -28.645741,28.188858
20690. -28.628132,28.200531
20691. -28.679105,28.142767
20692. -28.516611,28.826408
20693. -28.477632,28.819199
20694. -29.008103,30.59289
20695. -28.956371,30.575981
20696. -28.836291,30.495043
20697. -28.873577,30.542507
20698. -29.019437,30.609455
20699. -29.14296,30.613189
20700. -28.860874,30.500879
20701. -28.981827,30.376511
20702. -28.980382,30.822959
20703. -29.058045,30.899391
20704. -28.965533,30.336771
20705. -28.994103,30.876904
20706. -29.051593,30.760517
20707. -29.006864,30.489206
20708. -28.99566,30.800343
20709. -28.965683,30.310593
20710. -28.977022,30.380888
20711. -28.950363,30.290852
20712. -28.979706,30.858192
20713. -29.071268,30.740733
20714. -28.968011,30.393333
20715. -29.058533,30.635462
20716. -29.029512,30.78455
20717. -29.065398,30.759659
20718. -28.924317,30.244718
20719. -29.07635,30.923338
20720. -29.068361,30.572548
20721. -28.880792,29.743209
20722. -28.933745,30.206008
20723. -28.869556,30.159531
20724. -28.887857,30.161161
20725. -28.83723,29.803848
20726. -28.851853,30.117645
20727. -28.830877,29.999285
20728. -28.921613,30.222402
20729. -28.856815,30.082197
20730. -28.873013,29.766083
20731. -29.318022,30.53916
20732. -29.191188,30.609884
20733. -29.282113,30.567827
20734. -29.211605,30.595078
20735. -29.358726,30.499935
20736. -29.354256,30.526757
20737. -29.35117,30.53195
20738. -29.234714,30.594306
20739. -29.413601,30.460281
20740. -29.525689,30.41595
20741. -29.454453,30.437021
20742. -29.440102,30.453758
20743. -29.488116,30.43745
20744. -29.960028,30.947886
20745. -29.934463,30.951834
20746. -29.878532,30.949044
20747. -29.840718,30.957155
20748. -29.589058,30.393977
20749. -29.561177,30.423632
20750. -29.580269,30.400071
20751. -29.576014,30.408139
20752. -29.824003,30.340805
20753. -29.697354,30.382004
20754. -29.860632,30.301065
20755. -29.717632,30.374923
20756. -29.655817,30.379944
20757. -29.874476,30.28347
20758. -29.771716,30.361233
20759. -29.743606,30.387454
20760. -29.849689,30.300379
20761. -29.613293,30.388355
20762. -29.633625,30.383892
20763. -30.233005,30.773177
20764. -30.174997,30.812058
20765. -30.198368,30.774422
20766. -30.207603,30.772705
20767. -30.135775,30.833559
20768. -30.094457,30.853729
20769. -30.069224,30.872162
20770. -30.054311,30.881753
20771. -30.036554,30.898104
20772. -30.01675,30.9163
20773. -30.001662,30.928531
20774. -29.979156,30.936041
20775. -30.011919,30.243044
20776. -29.956459,30.255404
20777. -29.911905,30.297718
20778. -30.042907,30.202446
20779. -30.109048,30.12125
20780. -30.204599,30.026579
20781. -30.040455,30.220385
20782. -30.19043,30.053186
20783. -30.019425,30.224504
20784. -30.119127,30.083098
20785. -30.145294,30.070739
20786. -30.339991,30.714855
20787. -30.316543,30.723739
20788. -30.269779,30.752792
20789. -30.556126,30.582676
20790. -30.502822,30.624475
20791. -30.464489,30.635912
20792. -30.39109,30.652885
20793. -30.580625,29.833202
20794. -30.578482,29.94431
20795. -30.565845,29.888821
20796. -30.57863,29.904141
20797. -30.573827,29.869208
20798. -30.346102,29.920063
20799. -30.505188,29.800758
20800. -30.473495,29.866848
20801. -30.245981,30.019541
20802. -30.377836,29.925814
20803. -30.282751,29.933023
20804. -30.431043,29.892683
20805. -30.313802,29.942465
20806. -30.436973,29.878113
20807. -30.364951,29.922724
20808. -30.413132,29.895043
20809. -30.259178,29.941177
20810. -30.750411,30.407023
20811. -30.725605,30.309992
20812. -30.630897,30.52208
20813. -30.70177,30.44466
20814. -30.72638,30.390673
20815. -30.731139,30.351748
20816. -30.736745,30.274715
20817. -30.759539,30.248623
20818. -30.893773,30.341535
20819. -30.875985,30.345783
20820. -30.842497,30.370932
20821. -30.798364,30.402088
20822. -30.930832,30.294371
20823. -30.912351,30.312653
20824. -30.603308,29.974351
20825. -30.784244,30.178757
20826. -30.776722,30.116787
20827. -30.685312,30.039282
20828. -30.640792,29.993534
20829. -30.724056,30.098591
20830. -30.777165,30.231543
20831. -30.785719,30.136528
20832. -30.721252,30.056019
20833. -30.89926,29.609871
20834. -30.870957,29.67536
20835. -30.849369,29.704628
20836. -30.839052,29.763765
20837. -30.88952,29.936371
20838. -30.901451,29.952507
20839. -30.853864,29.738531
20840. -30.905704,29.904742
20841. -30.849,29.798183
20842. -30.866389,29.806595
20843. -30.894381,29.970531
20844. -30.866923,29.849768
20845. -30.868139,29.608197
20846. -30.383427,28.938675
20847. -30.409042,29.075232
20848. -30.478895,29.283285
20849. -30.450782,29.236851
20850. -30.517352,29.315214
20851. -30.55062,29.363623
20852. -30.388165,29.040041
20853. -30.353287,28.853445
20854. -30.542914,29.420485
20855. -30.342028,28.670197
20856. -30.382686,28.682728
20857. -30.470388,28.6199
20858. -30.438684,28.635607
20859. -30.508405,28.543596
20860. -30.342676,28.805122
20861. -30.313357,28.7253
20862. -30.42614,28.655348
20863. -30.849111,29.071455
20864. -30.847821,29.091668
20865. -30.645887,29.469194
20866. -30.64286,29.478807
20867. -30.831572,29.130335
20868. -30.934108,28.97438
20869. -30.762083,29.410529
20870. -30.830282,29.156985
20871. -30.770307,29.382119
20872. -30.923506,28.988843
20873. -30.820332,29.162436
20874. -30.815356,29.186897
20875. -30.8476,29.123425
20876. -30.72317,29.430313
20877. -30.736598,29.430957
20878. -30.837725,29.078021
20879. -30.853127,29.031329
20880. -30.869096,29.009979
20881. -30.797645,29.366155
20882. -30.665638,29.471769
20883. -30.896738,28.995838
20884. -30.822838,29.254446
20885. -30.660286,28.480682
20886. -30.70428,28.532181
20887. -30.743385,28.517418
20888. -30.914081,28.475533
20889. -30.772445,28.523254
20890. -30.866684,28.537931
20891. -30.793203,28.531752
20892. -30.785977,28.546
20893. -30.728925,28.535271
20894. -30.611138,28.500338
20895. -30.840673,28.543425
20896. -30.636287,28.478451
20897. -30.690626,28.499908
20898. -28.319682,27.621506
20899. -28.335378,27.600081
20900. -28.310766,27.671986
20901. -28.307857,27.684731
20902. -28.254267,27.530708
20903. -28.209802,27.437153
20904. -28.373504,27.794724
20905. -28.281972,27.567272
20906. -28.422278,27.033234
20907. -28.272372,26.761923
20908. -28.382471,26.720295
20909. -28.198267,26.776514
20910. -28.197851,27.379646
20911. -28.39174,26.984911
20912. -28.193501,26.915817
20913. -28.329429,26.939764
20914. -28.237443,26.944656
20915. -28.81298,27.928448
20916. -28.825012,27.99737
20917. -28.729921,28.075476
20918. -28.635007,27.936516
20919. -28.485252,27.892828
20920. -28.540799,27.922182
20921. -28.719985,27.935486
20922. -28.507598,27.925401
20923. -28.499132,26.997142
20924. -28.635383,26.501942
20925. -28.796584,26.381264
20926. -28.461825,26.648884
20927. -28.751971,26.429329
20928. -28.45526,26.667767
20929. -28.706586,26.440229
20930. -28.414588,26.691391
20931. -28.697891,26.451988
20932. -28.393137,26.714287
20933. -28.687171,26.474648
20934. -28.590325,25.59557
20935. -28.440242,25.529823
20936. -28.312088,25.531025
20937. -28.130658,25.530853
20938. -28.588968,25.363483
20939. -28.585803,25.474205
20940. -28.782179,25.867825
20941. -28.674116,25.767231
20942. -28.682531,25.768776
20943. -29.012531,27.516203
20944. -28.890036,27.7561
20945. -28.895597,27.631388
20946. -28.906718,27.811718
20947. -28.89028,27.830386
20948. -29.160894,27.492943
20949. -28.853676,27.879481
20950. -28.887086,27.863088
20951. -28.892046,27.724857
20952. -28.926477,27.58976
20953. -29.213234,27.452903
20954. -29.202071,27.467666
20955. -29.223572,27.376771
20956. -29.202821,27.420888
20957. -29.233422,27.346086
20958. -29.279886,27.292614
20959. -29.531085,27.110739
20960. -29.384681,27.267723
20961. -29.519808,27.148333
20962. -29.524812,27.131252
20963. -29.201097,26.190977
20964. -29.126972,26.163425
20965. -29.090377,26.17115
20966. -28.97766,26.290154
20967. -29.211291,26.213985
20968. -29.452752,26.199303
20969. -29.391542,26.203273
20970. -29.282094,26.211426
20971. -29.513814,26.194582
20972. -29.120243,25.407729
20973. -28.871247,26.357403
20974. -28.939998,26.318436
20975. -29.047241,26.121197
20976. -28.882784,25.950737
20977. -28.829862,25.926876
20978. -28.307781,24.217472
20979. -28.448695,24.38261
20980. -28.195279,23.928051
20981. -28.302491,24.141769
20982. -28.234305,24.02637
20983. -28.245005,24.029846
20984. -28.366782,24.290257
20985. -28.743656,24.762497
20986. -28.748058,24.766188
20987. -28.743355,24.708252
20988. -28.78105,24.734774
20989. -28.741962,24.768977
20990. -28.674813,24.662418
20991. -28.715996,24.688683
20992. -28.706737,24.676495
20993. -28.760398,24.71735
20994. -28.588516,25.145302
20995. -28.640506,25.096207
20996. -28.567562,25.292072
20997. -28.685694,24.991322
20998. -28.747305,24.789062
20999. -28.73978,24.807816
21000. -28.537142,25.245767
21001. -28.564886,24.544401
21002. -28.638585,24.587059
21003. -28.614251,24.561567
21004. -28.520514,24.477196
21005. -28.536953,24.526463
21006. -28.189189,23.547392
21007. -28.262432,23.559837
21008. -29.274009,25.162125
21009. -29.497809,24.924202
21010. -29.418928,25.017586
21011. -29.327826,25.033035
21012. -29.728197,26.969805
21013. -29.562371,27.082243
21014. -29.574092,27.047997
21015. -29.638791,26.988087
21016. -29.713811,26.954699
21017. -29.737812,27.027998
21018. -30.157781,27.093573
21019. -30.080347,27.079325
21020. -29.986572,27.028942
21021. -30.089296,26.464863
21022. -29.96713,26.382637
21023. -30.191134,26.517735
21024. -29.743662,26.201019
21025. -29.856872,26.284619
21026. -30.213629,26.533012
21027. -30.201928,26.535845
21028. -30.224402,26.541638
21029. -29.65274,26.177287
21030. -29.664264,26.175184
21031. -30.351694,26.753082
21032. -30.502304,26.798487
21033. -30.333583,26.981134
21034. -30.2995,26.996841
21035. -30.282158,27.025251
21036. -30.356398,26.907921
21037. -30.271336,27.066278
21038. -30.408432,26.842475
21039. -30.78948,26.769712
21040. -30.933814,26.809945
21041. -30.599651,26.77248
21042. -30.876703,26.80398
21043. -30.762489,26.735787
21044. -30.820884,26.786857
21045. -30.794124,27.19202
21046. -30.799396,27.248926
21047. -30.73811,26.793594
21048. -30.833377,27.403936
21049. -30.711622,26.846294
21050. -30.706014,26.926975
21051. -30.808132,27.227554
21052. -30.724461,26.865692
21053. -30.716437,27.182837
21054. -30.741485,27.180433
21055. -30.702066,27.147732
21056. -30.845463,27.285833
21057. -30.281306,26.669397
21058. -30.676896,26.703515
21059. -30.260179,26.587858
21060. -30.738996,26.715617
21061. -30.647512,25.480042
21062. -30.804556,25.870829
21063. -30.89416,26.397314
21064. -30.711844,26.579361
21065. -30.635438,25.338936
21066. -30.736303,25.680885
21067. -30.6282,25.406141
21068. -30.869446,26.12772
21069. -30.914928,26.365643
21070. -30.708671,26.674547
21071. -30.739364,26.494131
21072. -30.846016,25.997944
21073. -30.746483,25.590248
21074. -30.813181,25.953827
21075. -30.717968,26.610432
21076. -30.777865,25.798988
21077. -30.779193,25.760107
21078. -30.633296,25.451546
21079. -30.783986,26.463232
21080. -29.875778,24.642506
21081. -29.822104,24.708595
21082. -29.738669,24.757862
21083. -29.643081,24.849873
21084. -30.164497,24.636154
21085. -29.925296,24.633837
21086. -30.082018,24.658213
21087. -29.970215,24.604139
21088. -30.116937,24.6489
21089. -29.740905,24.782925
21090. -30.018757,24.661217
21091. -30.731231,25.084062
21092. -30.726712,25.085735
21093. -30.624951,23.946805
21094. -30.381391,24.512901
21095. -30.366877,24.544144
21096. -30.563074,24.069328
21097. -30.276043,24.571266
21098. -30.63049,23.993883
21099. -30.410116,24.390678
21100. -30.46754,24.250603
21101. -30.462361,24.328022
21102. -30.332806,24.567661
21103. -30.640331,24.022121
21104. -30.645998,24.010706
21105. -30.546628,24.099369
21106. -30.436723,24.472389
21107. -30.699187,25.22006
21108. -30.700479,25.169592
21109. -30.716124,25.138779
21110. -30.710478,25.105519
21111. -30.723147,25.09626
21112. -30.56337,23.515377
21113. -30.57911,23.510485
21114. -31.390022,29.548244
21115. -31.45433,29.537344
21116. -31.078133,30.188155
21117. -31.025503,30.083485
21118. -30.960204,29.548073
21119. -31.072271,30.204206
21120. -31.535841,29.54464
21121. -30.960829,29.970789
21122. -31.375147,29.577084
21123. -31.062382,30.144682
21124. -31.006635,29.553823
21125. -31.030394,30.126228
21126. -31.014194,30.233216
21127. -31.365327,29.572878
21128. -31.048688,30.212274
21129. -30.972145,30.276904
21130. -31.071572,28.898807
21131. -31.220289,28.84439
21132. -31.101231,28.865247
21133. -31.043889,28.885546
21134. -31.026055,28.889408
21135. -31.198009,28.86014
21136. -31.055802,28.900867
21137. -30.978345,28.928161
21138. -31.002994,28.922925
21139. -31.120558,28.873615
21140. -31.186298,28.880095
21141. -30.946219,28.974831
21142. -31.235188,28.849583
21143. -31.162982,28.867779
21144. -31.135216,29.487433
21145. -31.162248,29.46413
21146. -31.2146,29.442072
21147. -31.257312,29.451084
21148. -31.235885,29.455976
21149. -31.066646,29.513226
21150. -31.041867,29.506788
21151. -31.144178,29.45941
21152. -31.081515,29.493914
21153. -31.278588,28.809714
21154. -31.245462,28.132381
21155. -31.190878,28.246601
21156. -30.980185,28.440857
21157. -31.01789,28.40764
21158. -31.052824,28.346786
21159. -31.10384,28.340693
21160. -31.044073,28.411846
21161. -31.169757,28.249412
21162. -31.213499,28.171177
21163. -31.069743,28.352644
21164. -31.067152,28.344533
21165. -31.195806,28.233061
21166. -31.490127,28.864174
21167. -31.47761,28.858509
21168. -31.417603,28.861513
21169. -31.515191,28.859367
21170. -31.519947,28.834777
21171. -31.566323,28.920822
21172. -31.568115,29.226723
21173. -31.550782,29.005966
21174. -31.561478,29.51035
21175. -31.607012,29.399242
21176. -31.568408,29.101667
21177. -31.447813,29.526443
21178. -31.474023,29.518461
21179. -31.576561,29.193764
21180. -31.311225,29.506359
21181. -31.589247,29.21505
21182. -31.592939,29.277449
21183. -31.530885,28.938503
21184. -31.540047,29.029827
21185. -31.627404,29.3783
21186. -31.589302,28.852372
21187. -31.596485,29.525928
21188. -31.611324,29.432116
21189. -31.378518,28.808427
21190. -31.300885,28.798342
21191. -31.350962,28.811388
21192. -31.380973,28.827696
21193. -31.557584,28.799071
21194. -31.594054,28.756864
21195. -31.612768,28.735439
21196. -31.547527,28.817396
21197. -31.322407,28.80568
21198. -31.592866,28.790488
21199. -31.613517,28.484974
21200. -31.55389,28.576984
21201. -31.616953,28.400002
21202. -31.57285,28.729677
21203. -31.556724,28.670282
21204. -31.569541,28.548145
21205. -31.775662,28.621659
21206. -32.284774,28.214049
21207. -32.204123,28.239369
21208. -31.850732,28.517332
21209. -31.944879,28.422832
21210. -31.952599,28.356314
21211. -31.802491,28.616853
21212. -32.014117,28.356142
21213. -31.866005,28.513255
21214. -32.226743,28.214436
21215. -32.268447,28.198557
21216. -32.22765,28.200531
21217. -32.253132,28.20435
21218. -31.915532,28.464289
21219. -31.916971,28.450588
21220. -32.312036,28.190639
21221. -32.18048,28.244219
21222. -31.88572,28.478537
21223. -32.098954,28.305244
21224. -32.329171,28.149848
21225. -31.720776,28.690302
21226. -31.658678,28.294773
21227. -31.644212,28.36627
21228. -31.664632,28.153667
21229. -31.662331,28.229713
21230. -31.065102,27.671728
21231. -30.953432,27.557487
21232. -31.261274,27.831116
21233. -31.020465,27.641087
21234. -31.170179,27.763052
21235. -31.247076,27.831373
21236. -31.226564,27.849398
21237. -31.269564,27.825623
21238. -31.070947,27.654133
21239. -31.244508,27.818155
21240. -31.077527,27.670355
21241. -31.182443,27.801161
21242. -30.965577,27.535772
21243. -31.200799,27.808714
21244. -30.965282,27.46316
21245. -31.076167,27.689409
21246. -31.150679,27.760305
21247. -31.202487,27.840042
21248. -30.96749,27.594309
21249. -30.964325,27.511826
21250. -31.191217,26.801405
21251. -31.265383,26.745486
21252. -31.016971,26.851358
21253. -31.051978,26.876249
21254. -31.088112,26.833591
21255. -31.071646,26.860714
21256. -31.121146,26.808379
21257. -31.413538,27.508135
21258. -31.364704,27.681084
21259. -31.342935,28.000889
21260. -31.343008,27.930508
21261. -31.380533,27.742882
21262. -31.37108,27.633705
21263. -31.431776,27.464018
21264. -31.319694,28.088436
21265. -31.348213,27.892742
21266. -31.373645,27.758675
21267. -31.321161,28.01857
21268. -31.357668,27.966213
21269. -31.407605,27.568045
21270. -31.536079,27.843218
21271. -31.601383,27.945871
21272. -31.577365,27.926731
21273. -31.617318,27.9881
21274. -31.537176,27.866907
21275. -31.320684,27.833862
21276. -31.429176,27.776699
21277. -31.404125,27.172794
21278. -31.403356,27.289953
21279. -31.36562,26.915131
21280. -31.341945,26.801233
21281. -31.463042,27.372265
21282. -31.450669,27.315445
21283. -31.364814,27.018471
21284. -31.36005,27.052288
21285. -31.396543,27.259655
21286. -31.358291,26.783381
21287. -31.466996,27.338533
21288. -31.368112,26.971264
21289. -31.349844,27.072759
21290. -31.377584,27.047138
21291. -31.444664,27.378445
21292. -31.477134,27.351665
21293. -31.468972,26.718192
21294. -31.286986,26.706734
21295. -31.449351,26.692958
21296. -31.558608,26.657896
21297. -31.631314,26.658669
21298. -31.382457,26.703022
21299. -31.439282,25.528965
21300. -31.460736,25.454121
21301. -31.395187,25.625439
21302. -31.268794,25.875206
21303. -31.251185,26.055794
21304. -31.295568,25.792294
21305. -31.406652,26.559792
21306. -31.360746,25.707493
21307. -31.255221,25.941811
21308. -31.405627,26.436453
21309. -31.400462,25.586472
21310. -31.396323,26.362381
21311. -31.38046,26.700296
21312. -31.292414,25.830231
21313. -31.351804,25.760365
21314. -31.268024,26.133213
21315. -31.353527,26.276293
21316. -31.423939,26.400661
21317. -31.449461,25.492744
21318. -30.941875,26.265736
21319. -30.988978,26.308908
21320. -30.951592,26.337748
21321. -30.995821,26.32865
21322. -32.039731,27.085677
21323. -32.070938,27.104388
21324. -31.895194,26.814752
21325. -32.028598,27.0401
21326. -32.158756,27.12018
21327. -31.869868,26.785054
21328. -31.803331,26.727118
21329. -32.268773,27.146959
21330. -31.693594,26.731624
21331. -32.30168,27.141252
21332. -32.297835,27.14138
21333. -32.257378,27.129707
21334. -32.199729,27.11237
21335. -31.907217,26.803722
21336. -31.982053,27.547445
21337. -32.005711,27.160177
21338. -31.936066,26.769218
21339. -32.022158,27.698336
21340. -31.900477,27.836351
21341. -31.735285,27.948446
21342. -32.023177,27.295275
21343. -31.683259,28.02784
21344. -31.94193,27.836609
21345. -31.966253,27.456207
21346. -31.965816,27.510881
21347. -31.745358,27.949648
21348. -32.009714,27.582293
21349. -31.798115,27.907934
21350. -32.005055,27.385569
21351. -31.871872,27.849827
21352. -31.983581,27.435608
21353. -32.022922,27.21056
21354. -31.686162,27.988529
21355. -32.004328,27.777729
21356. -32.102862,26.814194
21357. -32.213164,26.834621
21358. -31.939781,26.826553
21359. -32.064756,26.785698
21360. -32.226017,26.856251
21361. -32.269571,26.858997
21362. -32.178754,26.825309
21363. -32.16951,25.61707
21364. -32.165078,25.615611
21365. -32.174886,25.633206
21366. -32.145567,25.579326
21367. -32.106824,25.782509
21368. -31.926487,26.528807
21369. -32.15,25.753069
21370. -32.140189,25.544157
21371. -31.929255,26.14171
21372. -31.987585,26.218271
21373. -32.057154,25.365372
21374. -31.955585,26.00996
21375. -32.015754,25.960608
21376. -31.992426,25.985413
21377. -31.942184,26.704502
21378. -31.932861,26.070385
21379. -31.914394,26.620903
21380. -31.96334,26.209517
21381. -31.93745,26.383152
21382. -32.088719,25.838728
21383. -32.009641,26.289854
21384. -32.056427,25.873232
21385. -32.007821,26.262646
21386. -31.927434,26.120596
21387. -31.377382,25.03531
21388. -31.600323,24.991922
21389. -31.482707,25.009904
21390. -31.517386,25.018616
21391. -31.330033,24.974027
21392. -31.494189,25.017328
21393. -31.453634,25.273705
21394. -31.494335,25.015826
21395. -31.496439,25.005655
21396. -31.482258,25.116119
21397. -31.403869,23.11738
21398. -31.362359,23.029404
21399. -31.372912,22.881432
21400. -31.376283,22.824955
21401. -31.439721,22.730198
21402. -31.433057,22.670288
21403. -31.394455,23.076439
21404. -31.343008,22.951641
21405. -31.442651,22.624111
21406. -31.420387,22.534847
21407. -31.49503,23.19334
21408. -31.428736,22.758007
21409. -31.847086,24.880772
21410. -31.825502,24.855195
21411. -31.787354,24.897509
21412. -32.249394,24.535003
21413. -32.271458,24.545302
21414. -31.71393,24.959006
21415. -31.934063,24.872618
21416. -31.953145,24.928322
21417. -32.039549,25.275335
21418. -31.942367,24.938021
21419. -31.943095,24.972439
21420. -32.019975,25.1653
21421. -31.914613,24.809017
21422. -31.927944,24.89768
21423. -32.042386,25.246325
21424. -31.96334,25.043678
21425. -31.997194,24.095421
21426. -32.06792,24.356604
21427. -32.116203,24.398575
21428. -31.96101,23.992081
21429. -32.042241,24.217901
21430. -32.046897,24.19301
21431. -32.093737,24.391966
21432. -32.287368,24.558949
21433. -32.316805,24.55822
21434. -32.051698,24.303904
21435. -32.01459,24.108381
21436. -32.205539,22.849073
21437. -31.907582,23.051891
21438. -32.249539,22.768993
21439. -32.085556,22.949152
21440. -32.044242,22.973528
21441. -31.884773,23.083198
21442. -31.727656,23.43667
21443. -32.296746,22.664752
21444. -31.980633,23.016701
21445. -32.025033,23.006058
21446. -32.140371,22.895937
21447. -32.332181,22.585402
21448. -31.984346,23.829432
21449. -31.834363,23.598204
21450. -31.912937,23.653994
21451. -31.665801,23.3535
21452. -31.96152,23.726177
21453. -31.991225,23.891058
21454. -31.794613,23.517351
21455. -31.96274,23.761711
21456. -32.681213,28.021059
21457. -32.460602,27.991662
21458. -32.67547,27.99664
21459. -32.554337,27.97338
21460. -32.401994,27.985954
21461. -32.543883,27.964025
21462. -32.488334,27.994452
21463. -32.45622,28.007669
21464. -32.614653,27.94703
21465. -32.34886,28.035049
21466. -32.450209,27.997842
21467. -32.530279,27.444792
21468. -32.693819,27.609887
21469. -32.677529,27.537746
21470. -32.641615,27.500839
21471. -32.480587,27.428098
21472. -32.58168,27.427883
21473. -32.56631,27.429171
21474. -32.570035,27.428741
21475. -32.693169,27.569933
21476. -32.605435,27.750778
21477. -32.615376,27.664948
21478. -32.634279,27.665892
21479. -32.604712,27.698421
21480. -32.588803,27.834206
21481. -32.585621,27.765627
21482. -32.577015,27.89094
21483. -32.694938,27.567787
21484. -32.464005,27.361278
21485. -32.414095,27.250642
21486. -32.389891,27.212706
21487. -32.428876,27.32111
21488. -32.508604,26.803551
21489. -32.573651,26.739521
21490. -32.345089,26.904316
21491. -32.530098,26.793938
21492. -32.434671,26.873417
21493. -32.467264,26.838741
21494. -32.503464,26.836338
21495. -32.373365,26.924486
21496. -32.549201,26.76115
21497. -32.890939,27.651086
21498. -32.961074,27.797556
21499. -32.912162,27.988486
21500. -32.767429,28.003078
21501. -32.77378,28.020372
21502. -32.820857,28.024793
21503. -32.863584,27.987113
21504. -32.812706,28.015738
21505. -32.915837,27.750049
21506. -32.874073,27.575769
21507. -32.91735,27.700481
21508. -32.934352,27.789016
21509. -32.970256,27.850127
21510. -32.972236,27.896862
21511. -32.963919,27.919779
21512. -32.952072,27.931709
21513. -32.93817,27.951794
21514. -32.898543,27.986834
21515. -32.89321,27.441101
21516. -32.726606,28.025178
21517. -32.757397,27.653618
21518. -32.845414,27.853346
21519. -32.89793,27.859783
21520. -32.825798,27.78966
21521. -32.915441,27.902913
21522. -32.708264,27.62804
21523. -32.880524,27.849569
21524. -32.788465,27.742946
21525. -32.949731,27.920058
21526. -32.960354,27.917891
21527. -32.704978,27.526073
21528. -32.75025,27.492085
21529. -32.848343,27.435651
21530. -33.038394,27.832553
21531. -33.019414,27.905445
21532. -33.017579,27.913063
21533. -33.008978,27.914178
21534. -33.019108,27.906969
21535. -33.001313,27.913148
21536. -33.019468,27.896175
21537. -33.035408,27.847316
21538. -33.019882,27.9039
21539. -32.993385,27.918105
21540. -33.035156,27.88094
21541. -32.976538,27.91935
21542. -32.969752,27.296863
21543. -33.034788,27.252488
21544. -33.035507,27.234378
21545. -32.878794,27.360635
21546. -32.931543,27.310252
21547. -32.906614,27.302141
21548. -32.891696,27.332525
21549. -32.983216,27.277679
21550. -32.891172,27.4042
21551. -32.864665,27.366772
21552. -32.834921,27.294846
21553. -32.801398,26.806211
21554. -32.808288,26.75982
21555. -32.817251,26.994181
21556. -32.837626,27.138205
21557. -32.81606,26.909552
21558. -32.788483,26.818013
21559. -32.813716,27.034006
21560. -32.842565,26.944313
21561. -32.839176,26.920452
21562. -32.798494,26.87685
21563. -32.790143,26.832862
21564. -32.823526,27.184467
21565. -32.68636,26.11167
21566. -32.687534,26.202865
21567. -32.671496,26.018028
21568. -32.677989,26.087723
21569. -32.682857,26.082916
21570. -32.573,26.690598
21571. -32.646096,26.654377
21572. -32.683597,25.86585
21573. -32.665535,25.886793
21574. -32.642302,25.956316
21575. -32.648301,25.996656
21576. -32.685078,25.345287
21577. -32.675036,25.342112
21578. -32.674892,25.318594
21579. -32.789836,26.600819
21580. -32.715991,26.264963
21581. -32.699669,26.252689
21582. -32.776622,26.648369
21583. -32.752957,26.363497
21584. -32.772445,26.45319
21585. -32.802823,26.514301
21586. -32.700915,26.310239
21587. -32.79936,26.696005
21588. -32.707235,26.296935
21589. -32.714782,26.32453
21590. -32.952648,26.618242
21591. -32.749889,26.573696
21592. -32.80138,26.610088
21593. -33.032233,26.645966
21594. -33.045904,26.658754
21595. -32.709311,26.587601
21596. -32.792001,26.623049
21597. -32.986852,26.658154
21598. -32.857744,26.633091
21599. -32.723248,25.858984
21600. -32.748789,25.80785
21601. -32.717002,25.484247
21602. -32.763712,25.757875
21603. -32.736281,25.509739
21604. -32.770352,25.655994
21605. -32.741191,25.598316
21606. -32.718952,25.590076
21607. -33.049429,27.214208
21608. -33.069535,27.173395
21609. -33.23456,26.984439
21610. -33.286127,26.869597
21611. -33.299113,26.768961
21612. -33.244359,27.103143
21613. -33.219536,27.128119
21614. -33.118575,27.14962
21615. -33.277875,26.792822
21616. -33.069463,27.204251
21617. -33.280817,26.90805
21618. -33.279561,26.877751
21619. -33.256992,27.047138
21620. -33.197148,27.119493
21621. -33.510806,26.873589
21622. -33.45282,26.758575
21623. -33.463848,26.813335
21624. -33.481245,26.831017
21625. -33.503739,26.824021
21626. -33.204474,27.395182
21627. -33.290683,27.349863
21628. -33.158176,27.448483
21629. -33.399524,27.283087
21630. -33.196861,27.378273
21631. -33.16978,27.556114
21632. -33.138881,27.644863
21633. -33.56668,26.939077
21634. -33.43889,27.224464
21635. -33.455255,27.172966
21636. -33.360893,27.315102
21637. -33.11286,27.726016
21638. -33.179442,27.385311
21639. -33.491571,27.089067
21640. -33.088342,27.762709
21641. -33.249132,27.34849
21642. -33.491446,27.120652
21643. -33.63045,26.741753
21644. -33.158679,27.608213
21645. -33.136545,27.678852
21646. -33.214384,27.338362
21647. -33.052396,27.8091
21648. -33.135341,27.667093
21649. -33.555451,27.010403
21650. -33.534473,27.042589
21651. -33.321886,27.335701
21652. -33.07065,27.771378
21653. -33.352326,26.498208
21654. -33.385443,26.441045
21655. -33.334401,26.498337
21656. -33.273363,26.61188
21657. -33.32601,26.486707
21658. -33.377057,26.468468
21659. -33.3235,26.519666
21660. -33.250101,26.598244
21661. -33.328915,26.545544
21662. -33.065507,26.620388
21663. -33.351143,26.683559
21664. -33.182064,26.613007
21665. -33.105527,26.611633
21666. -33.336337,26.640472
21667. -33.070721,26.642962
21668. -33.172581,26.624594
21669. -33.227272,26.634722
21670. -33.27949,26.594381
21671. -33.499785,26.13905
21672. -33.491267,26.204324
21673. -33.432766,26.318651
21674. -33.533919,26.048584
21675. -33.534598,26.085963
21676. -33.636024,26.472158
21677. -33.598785,26.043434
21678. -33.6292,26.219902
21679. -33.643992,26.353712
21680. -33.623661,26.293116
21681. -33.614727,26.026783
21682. -33.688817,26.631374
21683. -33.596712,26.123171
21684. -33.653396,26.410789
21685. -33.684255,26.647511
21686. -33.613154,26.164541
21687. -33.679104,26.666822
21688. -33.582913,25.945501
21689. -33.559349,26.008201
21690. -33.612904,25.913444
21691. -33.606149,25.916104
21692. -33.687068,25.46133
21693. -33.550337,25.423393
21694. -33.728712,25.431161
21695. -32.572567,23.935862
21696. -32.482977,24.049287
21697. -32.367421,24.599934
21698. -32.651264,25.267696
21699. -32.451132,24.706106
21700. -32.524454,25.005226
21701. -32.506505,24.817944
21702. -32.63081,25.243835
21703. -32.582529,25.139122
21704. -32.579835,25.12908
21705. -32.854571,24.732456
21706. -33.038673,24.832878
21707. -32.903731,24.684734
21708. -32.683669,24.692974
21709. -32.842457,24.713745
21710. -32.774646,24.726105
21711. -32.638724,24.692459
21712. -32.868125,24.71838
21713. -32.951424,24.666882
21714. -32.361041,22.547464
21715. -32.36414,22.568407
21716. -32.376482,22.526865
21717. -32.35408,22.583342
21718. -32.921097,23.611422
21719. -32.7618,23.745661
21720. -32.84628,23.668413
21721. -33.042774,23.527908
21722. -32.669365,23.838873
21723. -32.898471,22.548065
21724. -32.754942,22.581367
21725. -32.570397,22.568836
21726. -32.988507,22.540341
21727. -32.490579,22.563515
21728. -32.669148,22.556133
21729. -32.827385,22.574844
21730. -32.550503,23.536663
21731. -32.513743,22.859459
21732. -32.389746,22.655525
21733. -32.570324,23.063221
21734. -32.525178,23.563786
21735. -32.579076,23.290672
21736. -32.458863,23.871403
21737. -32.351543,22.611065
21738. -32.437352,22.733459
21739. -33.422201,25.24229
21740. -33.347881,24.939651
21741. -33.238113,24.836483
21742. -33.070901,24.864979
21743. -33.378778,25.121441
21744. -33.412744,25.184612
21745. -33.364442,24.960079
21746. -33.33103,24.879055
21747. -33.296745,24.831505
21748. -33.439105,25.272846
21749. -33.094058,24.868584
21750. -33.526585,23.192053
21751. -33.348132,23.436799
21752. -33.198118,23.428087
21753. -33.421126,23.306293
21754. -33.224185,23.481045
21755. -33.723412,23.055754
21756. -33.083128,23.470316
21757. -33.127848,23.43255
21758. -33.495455,23.274021
21759. -33.369316,23.441305
21760. -33.463525,23.310928
21761. -33.069103,23.493319
21762. -33.079316,23.492804
21763. -33.584665,23.162184
21764. -33.694709,23.044939
21765. -33.301982,23.473277
21766. -33.144451,23.430748
21767. -33.277229,23.485722
21768. -33.627627,23.130255
21769. -33.641991,23.134203
21770. -33.503757,23.22896
21771. -33.443116,22.566862
21772. -33.365302,22.545919
21773. -33.423204,22.548409
21774. -33.259863,22.546177
21775. -33.367811,22.556305
21776. -33.099739,22.531414
21777. -33.331532,22.542658
21778. -33.148475,22.544804
21779. -33.403645,22.56094
21780. -33.486346,22.542357
21781. -33.726838,23.374443
21782. -33.728266,23.302345
21783. -33.725732,23.169737
21784. -33.72566,23.164673
21785. -27.006526,22.327309
21786. -26.901788,21.973772
21787. -26.91147,21.99935
21788. -27.061342,21.438446
21789. -26.979375,22.159252
21790. -26.899224,22.081232
21791. -27.070208,21.396046
21792. -27.0751,21.556034
21793. -27.122167,22.466354
21794. -26.941315,22.099257
21795. -27.021437,21.680832
21796. -27.000484,21.822624
21797. -27.057215,21.368923
21798. -27.072195,21.460075
21799. -27.05538,21.598091
21800. -26.944491,21.892834
21801. -27.108569,22.418804
21802. -26.891875,22.048531
21803. -27.059508,21.118469
21804. -27.051788,21.655426
21805. -27.061801,21.223526
21806. -26.946518,21.920385
21807. -26.980599,21.834641
21808. -27.079838,21.289787
21809. -27.034129,21.10199
21810. -27.024954,21.732845
21811. -26.880545,22.057028
21812. -26.983506,20.863037
21813. -26.973256,20.843468
21814. -26.979681,20.914879
21815. -27.036422,21.081905
21816. -27.002779,21.004829
21817. -26.750592,20.189781
21818. -26.736949,20.12661
21819. -26.987177,20.824928
21820. -26.851412,20.46032
21821. -27.000561,20.928612
21822. -26.734956,20.269775
21823. -26.956579,20.690174
21824. -26.969125,20.803814
21825. -26.746147,20.317326
21826. -26.906227,20.608635
21827. -26.746444,20.029728
21828. -26.939747,20.65773
21829. -26.986718,20.773258
21830. -26.756388,19.999301
21831. -28.455656,21.245766
21832. -28.461297,21.239748
21833. -28.362553,21.629248
21834. -28.376524,21.449261
21835. -28.375864,21.737051
21836. -28.381584,21.364803
21837. -28.157222,22.390952
21838. -28.568693,21.136494
21839. -28.207722,22.241435
21840. -28.480197,21.189151
21841. -28.229674,22.17629
21842. -28.381584,21.555691
21843. -28.277021,22.035185
21844. -28.326822,21.886268
21845. -28.434148,21.304357
21846. -28.751143,20.682192
21847. -28.704139,20.93668
21848. -28.689458,20.98732
21849. -28.813995,20.432854
21850. -28.738839,20.828533
21851. -28.740645,20.68275
21852. -28.731276,20.708327
21853. -28.705194,20.893765
21854. -28.756448,20.781755
21855. -28.626645,21.07461
21856. -28.750127,20.632024
21857. -28.71163,20.980883
21858. -28.759759,20.534992
21859. -28.768919,20.615201
21860. -28.80685,21.029034
21861. -28.744502,20.987234
21862. -28.888007,21.977677
21863. -29.043377,21.147909
21864. -29.242297,21.166363
21865. -29.347504,21.152115
21866. -28.8452,20.207462
21867. -28.838283,20.328741
21868. -28.862547,20.047452
21869. -28.881093,19.889073
21870. -28.913743,19.782858
21871. -28.860987,21.042938
21872. -29.504533,21.026459
21873. -29.266334,18.872881
21874. -29.097915,19.50099
21875. -29.069825,19.544248
21876. -29.131433,19.323707
21877. -29.507931,18.289618
21878. -29.399376,18.607406
21879. -29.172622,19.048404
21880. -29.129071,19.176034
21881. -29.452304,18.497715
21882. -29.491459,18.365622
21883. -29.223871,18.91511
21884. -29.005438,19.686255
21885. -29.347467,18.714266
21886. -29.28449,18.83327
21887. -29.125266,19.400589
21888. -29.125229,19.396663
21889. -29.794399,20.77446
21890. -30.63902,20.425472
21891. -30.368913,20.505295
21892. -30.770675,20.377235
21893. -30.531899,20.429678
21894. -29.723763,20.849648
21895. -30.10812,20.602455
21896. -30.482594,20.480576
21897. -29.913356,20.705109
21898. -30.466911,20.479288
21899. -30.465136,20.478859
21900. -30.8637,20.360413
21901. -29.647705,17.93016
21902. -29.563864,18.064699
21903. -29.587751,17.986894
21904. -29.550575,18.166494
21905. -29.610439,17.953463
21906. -29.550761,18.211083
21907. -29.631219,17.942348
21908. -29.663593,17.888789
21909. -29.661877,17.898531
21910. -31.078666,20.295868
21911. -31.037786,20.297241
21912. -31.481783,19.769125
21913. -31.219812,20.259991
21914. -31.304148,20.173473
21915. -31.505203,19.696856
21916. -31.483795,19.870234
21917. -31.337584,20.11425
21918. -31.497262,19.928856
21919. -31.467581,19.774275
21920. -31.491188,19.744062
21921. -31.479523,19.992499
21922. -31.361424,20.900073
21923. -31.112365,21.64916
21924. -31.430348,20.310631
21925. -31.461102,20.17004
21926. -31.280421,21.014271
21927. -31.257092,21.409864
21928. -31.395773,20.342388
21929. -31.243847,22.280273
21930. -31.312068,22.318211
21931. -31.3798,20.424957
21932. -31.46447,20.071507
21933. -31.434449,22.428761
21934. -31.382512,20.583229
21935. -31.450925,22.331085
21936. -31.004612,22.127151
21937. -31.11016,21.685982
21938. -31.159273,22.209549
21939. -31.25357,21.169453
21940. -31.383757,20.703907
21941. -31.202854,21.538095
21942. -31.133544,21.602554
21943. -31.361113,22.297268
21944. -31.344364,20.838318
21945. -31.37174,20.550785
21946. -31.097593,21.744947
21947. -31.003178,21.984844
21948. -31.035653,22.141228
21949. -31.341194,20.918269
21950. -31.347755,20.914321
21951. -31.472559,22.350311
21952. -30.96841,22.125263
21953. -31.37086,19.016819
21954. -31.370567,19.136982
21955. -31.488224,19.475412
21956. -31.477134,18.933907
21957. -31.48321,19.328728
21958. -31.609899,18.688431
21959. -31.412769,19.237061
21960. -31.399143,19.027805
21961. -31.606523,18.744457
21962. -31.608145,18.730659
21963. -31.369981,19.107971
21964. -31.654952,18.513079
21965. -31.661308,18.543205
21966. -31.66445,18.506212
21967. -31.492963,19.416103
21968. -33.507192,22.497511
21969. -33.56221,22.371082
21970. -33.585344,22.293148
21971. -33.52959,22.477427
21972. -33.274717,22.498413
21973. -33.561495,22.415586
21974. -33.306824,22.479787
21975. -33.571257,22.348123
21976. -33.5714,21.942787
21977. -33.525172,21.734047
21978. -33.603754,22.065868
21979. -33.547225,21.223183
21980. -33.471258,21.482735
21981. -33.495956,21.645041
21982. -33.533632,21.254425
21983. -33.595926,22.009134
21984. -33.474587,21.554747
21985. -33.508588,21.600065
21986. -33.500357,21.385231
21987. -33.521469,21.351929
21988. -33.520986,21.667013
21989. -33.530359,21.6889
21990. -33.497065,21.265669
21991. -33.588669,21.182842
21992. -33.567645,21.223011
21993. -33.595658,22.181139
21994. -33.496779,21.437931
21995. -33.37118,19.954433
21996. -33.336158,19.9195
21997. -33.263343,19.701319
21998. -33.315431,19.812727
21999. -33.74379,20.954018
22000. -33.686782,20.972557
22001. -33.60261,21.082764
22002. -32.907803,18.764777
22003. -32.999801,18.993452
22004. -32.904326,18.757267
22005. -32.951243,18.076973
22006. -33.024677,18.106327
22007. -32.786102,18.169026
22008. -32.802751,18.168554
22009. -33.020359,18.265371
22010. -32.951604,18.117228
22011. -33.004831,17.944322
22012. -33.009257,17.943892
22013. -32.980552,18.143492
22014. -32.952972,17.964621
22015. -32.90692,17.995992
22016. -33.275543,19.508286
22017. -33.3183,19.081106
22018. -33.327409,19.153891
22019. -33.30417,19.068747
22020. -33.32999,19.397821
22021. -33.260688,19.528971
22022. -33.256884,19.627075
22023. -33.287454,19.45816
22024. -33.38168,19.289675
22025. -33.369137,19.311647
22026. -33.231401,19.676943
22027. -33.309191,19.114752
22028. -33.396873,19.197235
22029. -33.225262,18.974075
22030. -33.190486,18.977423
22031. -33.397303,18.682508
22032. -33.369352,18.652124
22033. -33.097186,18.417978
22034. -33.261477,18.593674
22035. -33.205695,18.521833
22036. -33.135934,18.454628
22037. -33.063133,18.358498
22038. -33.392215,18.90996
22039. -33.393863,18.893051
22040. -33.630486,19.426746
22041. -33.632701,19.407005
22042. -33.625984,19.464426
22043. -33.43513,19.23543
22044. -33.588562,19.285898
22045. -33.725268,19.493866
22046. -33.656236,19.433634
22047. -33.697012,19.491677
22048. -33.667211,19.441059
22049. -33.6481,19.43696
22050. -33.51324,19.192858
22051. -33.535188,19.211998
22052. -33.456633,19.210196
22053. -33.645796,18.987164
22054. -33.633291,18.991027
22055. -33.414356,19.227705
22056. -33.418869,19.286499
22057. -33.732085,19.645271
22058. -33.67489,19.571886
22059. -33.639195,19.455113
22060. -33.443546,18.719802
22061. -33.414177,18.712378
22062. -33.486507,18.32262
22063. -33.67689,18.456516
22064. -33.725964,18.455615
22065. -33.629521,18.439436
22066. -33.465888,18.960514
22067. -33.707526,18.893137
22068. -33.671568,18.910561
22069. -33.515243,18.845844
22070. -33.4576,18.747182
22071. -33.4547,18.781214
22072. -33.602431,18.930559
22073. -33.731157,18.963518
22074. -33.738625,18.962638
22075. -33.4605,18.728857
22076. -33.567467,18.887644
22077. -33.401208,18.854342
22078. -33.406045,18.876829
22079. -33.214025,18.202543
22080. -33.143013,18.140831
22081. -33.273103,18.206577
22082. -33.334078,18.240309
22083. -33.24382,18.204517
22084. -33.930542,25.342112
22085. -33.947632,25.406313
22086. -33.948415,25.511112
22087. -33.946012,25.533385
22088. -33.939853,25.550444
22089. -33.9231,25.566773
22090. -33.913698,25.602651
22091. -33.947134,25.465021
22092. -33.80882,25.441074
22093. -33.811851,25.49592
22094. -33.799727,25.432491
22095. -33.782251,25.432577
22096. -33.755851,25.429831
22097. -33.85249,25.535831
22098. -33.885344,25.561066
22099. -33.931726,25.6025
22100. -33.923572,25.595033
22101. -33.936533,25.604818
22102. -33.931023,25.609303
22103. -33.937646,25.610547
22104. -33.946368,25.609474
22105. -33.952349,25.613379
22106. -33.957155,25.619903
22107. -33.968714,25.629086
22108. -33.993686,24.697952
22109. -34.041494,24.584398
22110. -33.993971,24.733701
22111. -34.027802,24.859228
22112. -34.03808,24.385958
22113. -33.892006,25.139809
22114. -33.907608,25.073805
22115. -33.991231,24.120054
22116. -33.971196,24.943342
22117. -34.055006,24.509726
22118. -33.908819,25.24744
22119. -33.922067,25.061531
22120. -34.032105,24.555731
22121. -33.910671,25.201263
22122. -33.998917,24.235711
22123. -34.050526,24.455781
22124. -34.00685,24.779792
22125. -34.013574,24.884248
22126. -33.938055,24.997587
22127. -33.897136,25.121355
22128. -33.900057,25.170536
22129. -33.909531,25.229073
22130. -33.980841,24.041991
22131. -33.929225,24.254637
22132. -33.959842,24.394798
22133. -33.903939,24.13619
22134. -33.988278,24.525261
22135. -33.944891,24.316092
22136. -34.03319,24.605684
22137. -33.949875,24.281673
22138. -33.997565,22.559824
22139. -34.044303,23.305693
22140. -34.00098,23.428903
22141. -34.038293,22.975373
22142. -34.024672,23.162398
22143. -33.986712,22.543495
22144. -33.972478,23.431091
22145. -34.0376,23.213403
22146. -34.028691,22.955761
22147. -33.965502,23.463321
22148. -33.98447,23.438601
22149. -34.002855,22.701732
22150. -33.93777,23.609147
22151. -34.039503,22.921343
22152. -34.026735,22.996123
22153. -34.036089,23.155661
22154. -33.965715,23.636527
22155. -33.966889,23.901786
22156. -34.038649,23.013868
22157. -33.985502,22.50927
22158. -33.946849,23.620434
22159. -34.02364,22.854223
22160. -34.032657,22.990544
22161. -33.994434,22.574329
22162. -34.014446,22.802875
22163. -34.00114,22.646534
22164. -34.050064,23.356848
22165. -34.054117,23.340884
22166. -33.976997,23.782611
22167. -33.938233,23.489799
22168. -34.041885,23.105149
22169. -34.007598,23.393412
22170. -33.994612,22.527874
22171. -34.037387,23.05717
22172. -34.036675,23.038588
22173. -33.803864,23.667297
22174. -33.820979,23.853464
22175. -33.811922,23.733044
22176. -33.788118,23.623395
22177. -33.754816,23.492546
22178. -33.829856,23.894234
22179. -34.08835,21.237001
22180. -34.125501,21.111517
22181. -34.128467,21.264639
22182. -34.197321,21.816444
22183. -34.185962,21.749496
22184. -34.044232,22.27478
22185. -34.159332,22.09887
22186. -34.177867,21.893005
22187. -34.181879,22.060204
22188. -34.146299,22.099042
22189. -34.109033,22.110543
22190. -34.080958,22.142859
22191. -34.055042,22.22208
22192. -34.027624,22.31585
22193. -34.011404,22.382927
22194. -33.998276,22.445433
22195. -33.995875,22.475624
22196. -34.179146,21.96064
22197. -34.191677,21.459668
22198. -34.170376,21.323261
22199. -34.093575,21.251163
22200. -34.200019,21.676712
22201. -34.180708,22.017632
22202. -34.212618,21.584702
22203. -33.819232,22.354431
22204. -34.082593,20.400753
22205. -34.087142,20.688587
22206. -34.057175,20.60473
22207. -34.083588,21.005044
22208. -34.089417,20.644684
22209. -34.093326,20.972686
22210. -34.041565,20.562716
22211. -34.056535,20.591555
22212. -34.028264,20.444655
22213. -34.023498,20.465555
22214. -34.025739,20.420022
22215. -33.919966,20.509501
22216. -33.910849,20.655327
22217. -33.849639,20.853853
22218. -33.925771,20.440664
22219. -33.931005,20.552931
22220. -33.863895,20.767765
22221. -33.798407,20.917025
22222. -33.911472,20.709958
22223. -34.086502,20.09717
22224. -34.088066,20.090561
22225. -33.985111,20.284882
22226. -33.819125,19.969196
22227. -34.00299,20.332646
22228. -33.984115,20.308313
22229. -33.804719,19.804659
22230. -33.943609,20.215101
22231. -33.993526,20.350757
22232. -33.876687,20.167036
22233. -33.839516,20.010996
22234. -33.752854,19.72621
22235. -33.864892,20.118885
22236. -33.834472,20.054598
22237. -33.807055,19.876928
22238. -33.8149,19.897828
22239. -33.803935,19.822683
22240. -33.79074,19.779253
22241. -33.890795,20.336123
22242. -33.847928,20.216303
22243. -33.796464,20.103135
22244. -33.896886,20.383501
22245. -33.787868,20.128198
22246. -34.103348,21.078343
22247. -34.103703,20.742445
22248. -34.103134,20.790638
22249. -34.112018,20.936251
22250. -34.11582,20.843768
22251. -34.139586,20.022454
22252. -34.143777,19.984431
22253. -34.158232,19.962544
22254. -34.1058,20.240121
22255. -34.107718,20.350842
22256. -34.16892,19.802513
22257. -34.15468,19.886928
22258. -34.150596,19.915659
22259. -34.759851,19.689174
22260. -34.762954,19.690011
22261. -34.752235,19.688144
22262. -34.019123,19.297056
22263. -33.916725,19.35997
22264. -33.82089,19.414515
22265. -34.07431,19.292507
22266. -33.869881,19.364777
22267. -33.771478,19.472237
22268. -34.085969,19.263411
22269. -33.878789,19.015961
22270. -33.903084,19.156466
22271. -33.891347,19.09059
22272. -33.923741,19.14063
22273. -33.943253,19.170284
22274. -34.01521,19.253626
22275. -33.91125,19.132905
22276. -33.970093,19.167194
22277. -33.914215,19.122605
22278. -33.878058,19.044456
22279. -34.026024,19.211311
22280. -33.798586,18.870735
22281. -33.775687,18.957725
22282. -33.762095,18.884811
22283. -33.827824,18.879747
22284. -33.866603,18.848848
22285. -33.803792,18.872366
22286. -33.924863,18.855543
22287. -33.92237,18.857946
22288. -33.756725,18.962102
22289. -33.836647,18.953862
22290. -33.783392,18.951244
22291. -33.86434,18.97841
22292. -33.919637,18.435016
22293. -33.885273,18.531404
22294. -33.921177,18.456666
22295. -33.914695,18.424115
22296. -33.924239,18.433063
22297. -33.753568,18.455572
22298. -33.890768,18.486171
22299. -33.882343,18.491299
22300. -33.789045,18.474412
22301. -33.824348,18.487201
22302. -33.916093,18.463147
22303. -33.861988,18.499947
22304. -33.806164,18.483725
22305. -34.06169,18.799067
22306. -34.0013,18.63307
22307. -34.012329,18.658819
22308. -34.02613,18.689933
22309. -34.039396,18.723664
22310. -34.05945,18.7813
22311. -34.100256,18.850865
22312. -34.027251,18.82031
22313. -34.081366,18.818979
22314. -34.096951,18.824859
22315. -34.053104,18.828764
22316. -34.069494,18.825374
22317. -34.074684,18.822455
22318. -33.959326,18.853183
22319. -33.937254,18.851423
22320. -33.988047,18.828549
22321. -33.946279,18.488359
22322. -33.94991,18.508701
22323. -33.950266,18.521748
22324. -33.955535,18.54166
22325. -33.96059,18.55814
22326. -33.967459,18.573589
22327. -33.982086,18.587537
22328. -33.926518,18.433321
22329. -33.932198,18.441968
22330. -33.934566,18.448792
22331. -33.935527,18.450122
22332. -33.940369,18.457804
22333. -33.946377,18.466805
22334. -33.945567,18.469841
22335. -33.944063,18.476493
22336. -33.943556,18.483499
22337. -34.197463,19.641667
22338. -34.221987,19.173846
22339. -34.190577,19.122648
22340. -34.212441,19.328814
22341. -34.190115,19.097028
22342. -34.217729,19.18788
22343. -34.186459,19.659605
22344. -34.206479,19.575148
22345. -34.2255,19.542876
22346. -34.229829,19.187708
22347. -34.222768,19.187922
22348. -34.16228,18.984718
22349. -34.227345,19.429064
22350. -34.163096,19.008322
22351. -34.211376,19.398766
22352. -34.163948,19.035595
22353. -34.106439,19.296627
22354. -34.157805,19.305553
22355. -34.192352,19.270191
22356. -34.40521,19.380999
22357. -34.409096,19.28695
22358. -34.386628,19.13739
22359. -34.420607,19.241685
22360. -34.405971,19.148655
22361. -34.41238,19.201183
22362. -34.441247,19.458804
22363. -34.404652,19.272015
22364. -34.430381,19.463654
22365. -34.249785,19.187922
22366. -34.325008,19.099045
22367. -34.34038,19.026647
22368. -34.332398,18.988109
22369. -34.150276,18.9288
22370. -34.130066,18.935237
22371. -34.117493,18.876297
22372. -34.129817,18.906398
22373. -34.188198,18.820009
22374. -34.251044,18.85623
22375. -34.301702,18.819773
22376. -34.116317,18.830674
22377. -34.340619,18.844514
22378. -34.107736,18.838377
22379. -34.134808,18.846488
22380. -34.1569,18.870521
22381. -34.357732,18.967509
22382. -34.355864,18.900282
22383. -34.361231,18.86683
22384. -34.741013,19.635916
22385. -34.461454,19.438591
22386. -34.524131,19.423399
22387. -34.546262,19.400139
22388. -34.611277,19.441595
22389. -34.580569,19.351773
22390. -34.558801,19.367008
22391. -34.592935,19.353855
22392. -34.660005,19.529486
22393. -34.599532,19.39383
22394. -9.091333,31.396523
22395. -8.792839,31.394377
22396. -8.977747,31.366482
22397. -8.844916,31.371889
22398. -8.730193,31.432829
22399. -8.86951,31.274729
22400. -8.88363,31.305199
22401. -8.867517,31.149158
22402. -8.883291,31.195679
22403. -8.766554,31.114225
22404. -8.764656,31.106157
22405. -9.352847,32.748485
22406. -9.437674,32.697887
22407. -9.394035,32.720547
22408. -9.488577,32.638321
22409. -9.334468,32.755995
22410. -9.35814,32.716556
22411. -9.60862,32.658062
22412. -9.725089,32.735653
22413. -9.664554,32.67437
22414. -9.563575,32.624459
22415. -9.688202,32.705956
22416. -9.820871,32.756081
22417. -9.663073,31.170702
22418. -9.253004,31.302967
22419. -9.203274,31.352062
22420. -9.778444,31.160359
22421. -9.560316,31.201215
22422. -9.366121,31.241941
22423. -9.877583,32.721491
22424. -10.494479,32.4119
22425. -10.16732,32.663984
22426. -10.199591,32.625618
22427. -9.925524,32.717628
22428. -10.178345,32.510262
22429. -10.386857,32.396793
22430. -10.06884,32.691793
22431. -9.985926,32.699518
22432. -10.172769,32.549744
22433. -10.269063,32.405548
22434. -10.147973,32.669907
22435. -10.182188,32.608624
22436. -10.078009,31.272583
22437. -10.283463,31.214819
22438. -9.897284,31.251125
22439. -10.020032,31.245289
22440. -10.412268,31.213531
22441. -10.155957,31.235762
22442. -10.200784,31.192482
22443. -10.53486,31.192589
22444. -9.932118,31.250181
22445. -10.590168,32.347698
22446. -11.105768,31.135855
22447. -10.934661,31.07028
22448. -10.744018,31.132507
22449. -10.703033,31.161861
22450. -10.799837,31.127014
22451. -10.955728,31.069593
22452. -11.177013,31.290607
22453. -10.866434,31.110191
22454. -11.086228,31.110964
22455. -10.623619,32.317743
22456. -10.613158,32.168741
22457. -11.022965,31.995535
22458. -10.877013,32.034588
22459. -10.644623,32.274227
22460. -10.647639,32.149
22461. -10.612905,32.225819
22462. -11.162614,31.868677
22463. -10.806624,32.035446
22464. -10.71387,32.070465
22465. -10.92893,32.042227
22466. -10.846499,32.041368
22467. -10.764456,32.049308
22468. -10.633088,32.152991
22469. -11.222142,31.826448
22470. -10.664836,32.1228
22471. -10.961627,32.032163
22472. -10.540724,29.156342
22473. -11.166676,24.222879
22474. -11.126655,24.110785
22475. -11.232897,24.243221
22476. -11.241915,24.27088
22477. -11.114548,24.039803
22478. -11.167076,24.179449
22479. -11.723596,31.327171
22480. -11.639879,31.332493
22481. -11.833204,31.4221
22482. -11.48873,31.272154
22483. -11.807833,31.358843
22484. -11.573291,31.286659
22485. -11.397876,31.23662
22486. -11.523971,31.309404
22487. -11.835893,31.387682
22488. -11.334934,31.238937
22489. -11.760025,31.338243
22490. -11.456724,31.734695
22491. -11.394763,31.749458
22492. -11.532465,31.604147
22493. -11.632187,31.511364
22494. -11.284351,31.823959
22495. -11.497856,31.647835
22496. -11.588931,31.567841
22497. -11.341666,31.798725
22498. -11.706136,31.478233
22499. -11.440089,31.738429
22500. -11.893955,31.417208
22501. -12.151319,31.239882
22502. -12.426057,31.077232
22503. -12.54229,31.039553
22504. -12.071721,31.289921
22505. -12.210215,31.176281
22506. -12.449861,31.07646
22507. -12.290862,31.125298
22508. -12.496457,31.045732
22509. -12.641176,31.017194
22510. -11.956939,31.422014
22511. -12.606312,31.006293
22512. -12.106938,31.262219
22513. -12.379952,31.098175
22514. -12.481037,31.061268
22515. -12.698664,31.007366
22516. -12.673899,31.011572
22517. -13.66321,32.564249
22518. -13.626823,32.604289
22519. -13.707742,32.48786
22520. -13.706679,32.742648
22521. -13.641696,32.64641
22522. -13.662939,32.659307
22523. -13.730672,32.475672
22524. -13.700738,32.502794
22525. -13.957818,32.179105
22526. -13.992373,32.133207
22527. -14.02098,32.066517
22528. -13.911397,32.304783
22529. -13.260038,30.280552
22530. -13.234557,30.306215
22531. -13.064304,30.505342
22532. -13.331248,29.982333
22533. -13.11902,30.372992
22534. -13.084035,30.575123
22535. -12.821782,30.899391
22536. -13.264382,30.179014
22537. -12.855025,30.782104
22538. -12.753586,30.933723
22539. -13.027827,30.648465
22540. -13.273446,30.084171
22541. -12.988187,30.662112
22542. -13.069947,30.556154
22543. -13.019151,30.472898
22544. -12.877513,30.74966
22545. -12.9119,30.744252
22546. -13.343222,29.945791
22547. -13.058472,30.644989
22548. -13.019234,30.461483
22549. -13.175813,30.335569
22550. -12.969261,30.650922
22551. -13.071243,30.626879
22552. -13.269938,30.24622
22553. -13.161355,28.698778
22554. -12.951845,28.384423
22555. -13.308864,28.688564
22556. -13.064889,28.699894
22557. -12.720998,28.136201
22558. -12.968992,28.632646
22559. -13.033513,28.688264
22560. -12.746281,28.156114
22561. -12.989734,28.645649
22562. -12.777338,28.193321
22563. -12.800649,28.208342
22564. -12.874083,28.249884
22565. -12.84195,28.214436
22566. -12.889436,28.310137
22567. -13.008384,28.653417
22568. -13.566027,29.614506
22569. -13.549923,29.699478
22570. -13.607658,29.563951
22571. -13.50486,29.793119
22572. -13.364026,29.906588
22573. -13.475148,29.810715
22574. -13.598231,29.577341
22575. -13.807201,28.649726
22576. -13.889057,28.649769
22577. -13.700237,28.62874
22578. -13.894723,28.664618
22579. -13.599253,28.623548
22580. -13.385758,28.675818
22581. -13.470494,28.673201
22582. -13.649844,29.334097
22583. -13.909991,28.747358
22584. -13.728004,29.144068
22585. -13.679483,29.273887
22586. -13.903992,28.827267
22587. -13.997474,28.686676
22588. -13.603674,29.498978
22589. -13.788404,28.987427
22590. -13.682788,29.213376
22591. -13.636489,29.432502
22592. -13.878892,28.90666
22593. -13.969146,28.677406
22594. -13.643902,29.399242
22595. -13.754996,29.069524
22596. -11.928871,25.322714
22597. -12.539106,27.817383
22598. -12.346668,27.118292
22599. -12.326292,27.026367
22600. -12.387749,27.352953
22601. -12.452878,27.430544
22602. -12.5319,27.779875
22603. -12.5567,27.725286
22604. -12.352788,27.246866
22605. -12.544636,27.618513
22606. -12.613662,27.97986
22607. -12.257986,26.783123
22608. -12.298326,26.927147
22609. -12.644714,28.055434
22610. -12.552584,27.869332
22611. -12.486862,27.521524
22612. -12.303505,26.988215
22613. -12.234584,26.754112
22614. -12.312771,26.94427
22615. -12.494362,27.845192
22616. -12.283881,27.781978
22617. -12.505758,27.828455
22618. -12.446509,27.854376
22619. -12.340777,27.812319
22620. -12.36308,27.851372
22621. -12.354277,27.843561
22622. -12.388524,27.842832
22623. -12.307425,27.792835
22624. -12.266457,25.621834
22625. -12.274676,26.300325
22626. -12.38012,26.021118
22627. -12.364673,26.2602
22628. -12.212522,26.646137
22629. -12.2116,26.319208
22630. -12.275892,25.678654
22631. -12.24142,25.569906
22632. -12.23492,26.702271
22633. -11.954756,25.41481
22634. -12.290192,25.807915
22635. -12.379512,26.188874
22636. -12.13139,25.529394
22637. -12.415223,26.069398
22638. -12.283524,25.764484
22639. -12.405919,26.136646
22640. -12.296355,25.702515
22641. -12.30732,26.27243
22642. -12.109047,25.497379
22643. -12.189075,26.422119
22644. -12.182919,26.347318
22645. -12.361372,25.940802
22646. -12.313274,25.849929
22647. -12.177224,26.393452
22648. -11.888055,25.250616
22649. -11.28797,24.27721
22650. -11.500085,24.375572
22651. -11.526157,24.409132
22652. -11.820771,25.096807
22653. -11.407257,24.309053
22654. -11.589561,24.387417
22655. -11.786409,25.028229
22656. -11.762924,24.756145
22657. -11.717545,24.819489
22658. -11.727357,24.492302
22659. -11.466945,24.368191
22660. -11.851937,25.162039
22661. -11.743134,24.668856
22662. -11.79229,25.070286
22663. -11.328285,24.266052
22664. -11.73221,24.972782
22665. -11.738171,24.893013
22666. -11.717072,24.539616
22667. -11.753449,24.437199
22668. -11.735886,24.430933
22669. -11.38271,24.269528
22670. -11.744752,24.619632
22671. -11.825381,25.136139
22672. -13.054521,25.986786
22673. -13.641399,23.288269
22674. -13.558643,23.208618
22675. -13.724127,23.444824
22676. -13.775984,23.497868
22677. -13.596187,23.266296
22678. -13.549537,23.10442
22679. -13.860872,23.672104
22680. -14.182806,31.851254
22681. -14.107651,31.927299
22682. -14.227446,31.714354
22683. -14.121385,31.88241
22684. -14.479769,31.041613
22685. -14.303227,31.594362
22686. -14.416102,31.14152
22687. -14.291084,31.457033
22688. -14.21376,31.795721
22689. -14.351169,31.196194
22690. -14.305015,31.283312
22691. -14.297031,31.319189
22692. -14.530332,31.012602
22693. -14.298278,31.391201
22694. -14.295949,31.338587
22695. -14.215216,31.762333
22696. -14.268189,32.33182
22697. -14.133558,32.051325
22698. -14.213468,32.158399
22699. -14.203671,32.326713
22700. -14.172144,32.095377
22701. -14.238823,32.332034
22702. -14.606218,30.781031
22703. -14.760815,30.633831
22704. -14.739981,30.737
22705. -14.733714,30.715714
22706. -14.709059,30.774765
22707. -14.759736,30.600529
22708. -14.563273,30.808067
22709. -14.554384,30.859051
22710. -14.551144,30.896044
22711. -14.319632,28.546171
22712. -14.107193,28.615093
22713. -14.485129,28.410988
22714. -14.154303,28.607368
22715. -14.260765,28.556299
22716. -14.598119,28.227825
22717. -14.43894,28.456564
22718. -14.442223,28.443003
22719. -14.415821,28.461306
22720. -14.526344,28.349705
22721. -14.448042,28.42721
22722. -14.409929,28.47373
22723. -14.29282,28.550098
22724. -14.803721,30.558815
22725. -14.848733,30.552206
22726. -14.984172,30.094471
22727. -15.078339,29.579487
22728. -15.129053,29.538803
22729. -14.920983,30.321493
22730. -14.963111,30.075073
22731. -14.957472,30.252228
22732. -14.969745,30.015507
22733. -14.88959,30.411615
22734. -15.080163,29.656563
22735. -15.042202,29.867878
22736. -14.895935,30.486889
22737. -15.038721,29.919891
22738. -15.077013,29.789944
22739. -14.985001,30.206223
22740. -15.060769,29.728832
22741. -15.071875,29.63253
22742. -15.415477,28.277264
22743. -15.4204,28.203835
22744. -15.021396,28.202076
22745. -15.086378,28.208256
22746. -15.012194,28.190231
22747. -15.319122,28.274946
22748. -14.995883,28.139162
22749. -15.424941,28.283014
22750. -15.355108,28.276877
22751. -15.162193,28.23864
22752. -15.390405,28.28001
22753. -15.376233,28.277993
22754. -15.42975,28.282778
22755. -15.455376,28.266449
22756. -15.267315,28.264475
22757. -15.185222,29.31839
22758. -15.155234,29.340191
22759. -15.262409,29.095058
22760. -15.343913,28.513899
22761. -15.346562,28.656464
22762. -15.189198,29.236851
22763. -15.274705,28.769159
22764. -15.215868,29.213505
22765. -15.353183,28.547716
22766. -15.133527,29.446449
22767. -15.32682,28.699036
22768. -15.293085,28.804522
22769. -15.265721,28.92271
22770. -15.370502,28.401074
22771. -15.330814,28.675518
22772. -15.400076,28.306146
22773. -15.377681,28.371077
22774. -15.340685,28.616552
22775. -15.389784,28.318205
22776. -15.281494,28.729677
22777. -15.386267,28.343139
22778. -15.241541,29.163208
22779. -15.40817,28.28221
22780. -15.675808,28.234777
22781. -15.903679,28.19315
22782. -15.771667,28.179674
22783. -15.515489,28.262672
22784. -15.580938,28.274732
22785. -15.750107,28.186884
22786. -15.872062,28.210917
22787. -15.481702,28.25675
22788. -16.025314,28.594837
22789. -15.89885,28.343868
22790. -15.932527,28.382835
22791. -16.051711,28.548317
22792. -16.054041,28.513041
22793. -16.023149,28.476734
22794. -15.929226,28.367729
22795. -16.010444,28.4412
22796. -16.016838,28.645992
22797. -16.041256,28.53055
22798. -16.033956,28.845634
22799. -16.050995,28.498331
22800. -15.880813,28.306103
22801. -16.522102,28.761652
22802. -14.967257,26.529922
22803. -15.13419,27.421188
22804. -14.97986,26.638927
22805. -14.971071,26.717205
22806. -14.960126,25.984211
22807. -14.95598,26.068153
22808. -15.040255,26.90629
22809. -14.994618,26.213722
22810. -14.965599,25.786629
22811. -15.385253,27.993336
22812. -15.274001,27.86356
22813. -15.193505,27.571392
22814. -15.04415,26.976843
22815. -15.178098,27.507362
22816. -15.274374,27.777729
22817. -15.116127,27.167645
22818. -15.120933,27.343082
22819. -14.939395,25.884304
22820. -15.420007,28.07333
22821. -14.951004,25.625439
22822. -15.021811,27.098637
22823. -15.031965,27.015467
22824. -15.411237,28.052902
22825. -14.971486,26.451302
22826. -15.137753,27.37896
22827. -14.883949,25.379105
22828. -15.26245,27.745972
22829. -14.71321,28.08569
22830. -14.839213,28.053889
22831. -14.947542,28.093371
22832. -14.692787,28.106804
22833. -14.778949,28.059597
22834. -14.824424,24.976301
22835. -14.838321,25.156975
22836. -14.840955,25.059772
22837. -14.833675,24.909267
22838. -14.878308,25.249243
22839. -14.82627,24.805241
22840. -14.85508,24.680357
22841. -14.822971,24.856138
22842. -14.859187,25.203066
22843. -15.269489,23.133516
22844. -16.023912,28.05213
22845. -16.736845,27.294545
22846. -15.959741,27.638597
22847. -16.070187,27.554054
22848. -16.59365,27.338748
22849. -16.562472,27.338576
22850. -16.13187,27.549849
22851. -15.866531,27.696705
22852. -16.770748,27.099752
22853. -16.791456,27.059498
22854. -16.319913,27.493072
22855. -16.76631,27.137733
22856. -16.826724,26.941438
22857. -16.176471,27.527704
22858. -15.897653,27.779617
22859. -16.015827,27.593794
22860. -16.792195,27.187343
22861. -16.784615,27.026582
22862. -16.027542,27.967415
22863. -16.813404,26.978163
22864. -16.518412,27.364626
22865. -16.25765,27.477182
22866. -16.438205,27.475948
22867. -16.773336,27.247338
22868. -15.89269,27.679904
22869. -15.96855,27.601776
22870. -15.855828,27.75758
22871. -16.276096,27.476646
22872. -15.95483,28.124313
22873. -16.676094,27.316475
22874. -17.769204,25.452919
22875. -17.781831,25.323143
22876. -17.853494,25.80534
22877. -17.775906,25.595913
22878. -17.809127,25.716419
22879. -17.278837,26.244321
22880. -17.315387,26.232347
22881. -17.903078,25.855637
22882. -17.386231,26.150122
22883. -17.03112,26.656437
22884. -17.656904,25.894518
22885. -17.052128,26.553869
22886. -17.579517,25.987558
22887. -17.170233,26.284018
22888. -17.528125,25.993052
22889. -17.415307,26.107121
22890. -17.2414,26.269941
22891. -17.480976,26.03159
22892. -17.62255,25.961723
22893. -17.473812,26.06987
22894. -17.745621,25.851517
22895. -17.030546,26.463017
22896. -17.148459,26.334915
22897. -17.927303,25.865765
22898. -17.695749,25.86628
22899. -16.904469,26.86595
22900. -17.845059,25.858941
22901. -17.029325,26.490161
22902. -17.919882,25.866923
22903. -17.628194,25.943441
22904. -17.318337,26.200118
22905. -17.419934,24.705849
22906. -17.575221,25.212593
22907. -17.466321,24.258413
22908. -17.409328,24.585686
22909. -17.455063,24.963512
22910. -17.476678,25.120926
22911. -17.544862,25.204525
22912. -17.409533,24.650745
22913. -17.455882,25.003853
22914. -17.430723,24.466767
22915. -17.469964,24.241934
22916. -17.494647,24.83202
22917. -17.480567,24.293261
22918. -17.560492,25.213623
22919. -17.637724,25.238857
22920. -17.612856,25.241261
22921. -17.687612,25.251217
22922. -8.862302,31.350946
22923. -9.318577,32.762582
22924. -9.406409,32.832599
22925. -9.459751,32.882724
22926. -9.630559,33.066788
22927. -9.684056,33.098931
22928. -9.702987,33.172832
22929. -9.627428,33.04812
22930. -9.668806,33.107343
22931. -9.675712,33.084641
22932. -9.664945,33.087752
22933. -9.69478,33.187423
22934. -9.690635,33.144379
22935. -9.63974,32.986407
22936. -9.643802,33.038077
22937. -9.587844,32.949457
22938. -9.567193,32.95701
22939. -9.529041,32.899675
22940. -9.793267,29.077806
22941. -10.207447,31.18804
22942. -10.180203,30.955353
22943. -10.157562,31.029682
22944. -10.219315,31.089592
22945. -10.165503,31.001701
22946. -10.218227,31.142099
22947. -10.227677,29.837151
22948. -10.339407,29.607811
22949. -10.375628,29.552193
22950. -10.232998,30.381145
22951. -10.20487,30.003319
22952. -10.237137,30.619926
22953. -10.195831,30.284672
22954. -10.188313,30.079536
22955. -10.244063,30.522766
22956. -10.30031,30.840855
22957. -10.211628,30.020142
22958. -10.219822,30.189571
22959. -10.241276,29.930019
22960. -10.188482,30.329132
22961. -10.321928,30.770988
22962. -10.301577,29.686947
22963. -10.216358,29.869938
22964. -10.220413,29.752865
22965. -10.212304,30.234547
22966. -10.234941,29.897404
22967. -10.308417,30.733566
22968. -10.3427,29.406624
22969. -10.444344,29.253502
22970. -10.341518,29.458294
22971. -10.469919,29.242172
22972. -10.375459,29.497948
22973. -10.229704,29.195824
22974. -9.955747,29.106903
22975. -10.087009,29.137459
22976. -10.457512,29.161148
22977. -10.304533,29.19548
22978. -10.478528,29.176426
22979. -10.937905,28.95052
22980. -10.680598,29.125786
22981. -11.025408,28.929062
22982. -11.230603,28.886833
22983. -10.730694,29.094372
22984. -11.117749,28.887949
22985. -10.892648,28.996525
22986. -11.201325,28.890696
22987. -11.843873,31.443644
22988. -12.40485,33.153048
22989. -12.45556,33.108759
22990. -12.487281,33.067131
22991. -12.297613,33.173733
22992. -12.532696,33.044987
22993. -11.676865,28.728561
22994. -11.880958,28.736801
22995. -11.440741,28.807526
22996. -11.789475,28.747272
22997. -11.590949,28.735428
22998. -11.966406,28.7465
22999. -12.531293,28.258252
23000. -12.56092,28.257651
23001. -12.552909,28.252072
23002. -12.482043,28.310308
23003. -12.606438,28.196411
23004. -12.572167,28.214972
23005. -12.56846,28.290224
23006. -12.913636,32.961903
23007. -13.270272,32.885342
23008. -12.659684,32.938728
23009. -13.296669,32.887573
23010. -12.720977,32.913322
23011. -13.143093,32.967224
23012. -12.798159,32.936497
23013. -13.496306,32.695656
23014. -13.392166,32.849636
23015. -13.577228,32.598538
23016. -13.461605,32.780457
23017. -13.630848,32.62579
23018. -13.536739,32.642527
23019. -14.053308,32.046518
23020. -12.710302,28.44223
23021. -12.93066,28.574495
23022. -12.851176,28.527031
23023. -12.970226,28.615608
23024. -13.208278,28.60342
23025. -13.067732,28.484287
23026. -13.151284,28.560848
23027. -13.042815,28.464804
23028. -13.244374,28.678093
23029. -12.816195,28.170061
23030. -12.833937,28.143282
23031. -12.815222,28.209865
23032. -13.925466,28.666248
23033. -12.52526,27.831888
23034. -12.473621,26.199818
23035. -12.556826,26.144543
23036. -12.626184,26.117935
23037. -12.432972,26.211491
23038. -12.406128,26.239901
23039. -12.395147,26.238012
23040. -12.713944,28.117275
23041. -12.999707,25.665264
23042. -13.074211,25.340824
23043. -12.97056,26.025925
23044. -12.673418,26.046867
23045. -12.985991,25.532055
23046. -12.947976,26.051245
23047. -13.095446,25.834179
23048. -13.028475,25.475922
23049. -13.038676,25.431118
23050. -12.908993,26.059399
23051. -12.984737,25.609989
23052. -13.086919,25.977859
23053. -13.020614,25.686893
23054. -12.753293,26.026268
23055. -12.720307,26.019573
23056. -13.046536,25.79195
23057. -13.103973,25.870571
23058. -12.785729,26.011419
23059. -12.902174,26.712055
23060. -13.095279,26.266251
23061. -13.074462,26.34573
23062. -13.031234,26.447697
23063. -13.089929,26.170464
23064. -12.94325,27.155457
23065. -12.847201,27.863731
23066. -12.834188,27.971191
23067. -12.857327,27.620659
23068. -12.929113,27.327118
23069. -12.919409,27.543755
23070. -13.05264,26.024551
23071. -12.960314,27.122326
23072. -12.952117,27.239399
23073. -12.992598,26.544342
23074. -12.926352,26.900196
23075. -13.022788,26.085491
23076. -13.032739,26.419201
23077. -12.958306,26.579704
23078. -12.854691,28.092642
23079. -12.853938,27.693357
23080. -12.852222,28.123112
23081. -12.927021,27.033062
23082. -13.203557,24.772024
23083. -13.292033,24.47196
23084. -13.216927,24.588175
23085. -13.144472,25.05518
23086. -13.128424,25.088739
23087. -13.170548,24.945145
23088. -13.253,24.501443
23089. -13.139875,25.147362
23090. -13.203306,24.688425
23091. -13.139561,24.982052
23092. -13.234974,24.741812
23093. -13.332584,24.409561
23094. -13.069613,25.311298
23095. -13.137096,25.007973
23096. -13.303184,23.054466
23097. -13.079938,22.80736
23098. -13.154919,22.970781
23099. -13.219851,23.014126
23100. -13.118142,22.932329
23101. -13.081945,22.687883
23102. -13.354673,23.067598
23103. -13.070992,22.73097
23104. -13.041728,22.696552
23105. -13.706283,23.994484
23106. -13.622214,24.116707
23107. -13.496181,24.323559
23108. -13.376761,24.379692
23109. -13.650241,24.093189
23110. -13.413561,24.370379
23111. -13.582526,24.233522
23112. -13.592808,24.205327
23113. -13.408969,24.335103
23114. -13.434579,24.333429
23115. -13.819828,23.878956
23116. -13.868164,23.706608
23117. -13.374047,23.07601
23118. -13.994789,23.615456
23119. -13.399263,23.066826
23120. -13.511704,23.095665
23121. -14.039257,23.629189
23122. -15.414774,28.281341
23123. -15.408444,28.280268
23124. -16.117275,28.735514
23125. -16.098309,28.706932
23126. -16.028284,28.694873
23127. -15.84976,28.248746
23128. -16.038606,28.851643
23129. -16.48181,28.766241
23130. -16.46111,28.73517
23131. -16.293243,28.716116
23132. -16.180407,28.754997
23133. -16.506911,28.746672
23134. -15.022412,27.048426
23135. -14.948765,27.393551
23136. -15.022142,27.132454
23137. -15.001251,27.203865
23138. -14.994536,27.090054
23139. -14.934419,27.491913
23140. -14.882497,27.655334
23141. -14.997437,27.280769
23142. -14.899916,27.526245
23143. -14.867731,27.646751
23144. -14.902405,27.774982
23145. -14.898589,27.729492
23146. -14.991364,27.061257
23147. -14.910865,27.949734
23148. -14.880237,28.061013
23149. -14.569545,24.290085
23150. -14.639604,24.445438
23151. -14.510058,24.257126
23152. -14.749402,24.576588
23153. -14.379148,24.02607
23154. -14.381559,23.939037
23155. -14.42961,24.134731
23156. -14.421464,24.084606
23157. -14.385966,23.958092
23158. -14.663146,24.522085
23159. -14.550272,24.279099
23160. -14.278274,23.246384
23161. -14.423542,23.449974
23162. -14.40384,23.886681
23163. -14.366095,23.743343
23164. -14.376987,23.525505
23165. -14.340858,23.232822
23166. -14.197243,23.385773
23167. -14.405503,23.312387
23168. -14.169117,23.407059
23169. -14.416933,23.281746
23170. -14.361771,23.631077
23171. -14.403258,23.847198
23172. -14.075392,23.580093
23173. -14.120262,23.550396
23174. -14.225699,23.293076
23175. -14.408537,23.259945
23176. -14.376051,23.240118
23177. -15.011241,24.203396
23178. -14.872999,24.609804
23179. -14.907838,24.538307
23180. -14.953865,24.343729
23181. -14.976668,24.299097
23182. -15.040255,24.054737
23183. -14.768243,24.580021
23184. -14.781937,24.607315
23185. -15.079002,23.904533
23186. -15.074195,23.857498
23187. -15.149766,23.62112
23188. -15.235165,23.343544
23189. -15.155317,23.550568
23190. -15.094582,23.755531
23191. -15.194168,23.413582
23192. -15.264003,23.156476
23193. -15.374495,23.199692
23194. -15.86781,23.318481
23195. -16.002916,23.339939
23196. -16.682322,23.611679
23197. -16.852848,23.814754
23198. -15.955222,23.346977
23199. -15.894723,23.341312
23200. -16.183807,23.33951
23201. -16.24084,23.340282
23202. -16.661602,23.636742
23203. -15.675767,23.300114
23204. -16.605844,23.556919
23205. -15.798283,23.334789
23206. -16.559819,23.54928
23207. -16.298598,23.319082
23208. -15.921137,23.335304
23209. -15.602454,23.316078
23210. -16.371409,23.392382
23211. -16.342914,23.336592
23212. -15.837426,23.31625
23213. -15.558966,23.275394
23214. -16.084001,23.307323
23215. -16.692804,23.61537
23216. -17.853494,25.855122
23217. -17.928344,25.857267
23218. -16.998434,23.94865
23219. -17.272219,24.13559
23220. -16.974383,23.922901
23221. -17.352195,24.140396
23222. -17.382423,24.159451
23223. -16.985465,23.951054
23224. -17.066467,24.00032
23225. -17.229103,24.102631
23226. -16.903032,23.840847
23227. -17.768672,25.281944
23228. -16.149266,29.110937
23229. -16.066537,28.923955
23230. -16.069878,28.956013
23231. -16.037626,28.884516
23232. -16.132447,29.035063
23233. -16.041906,28.861728
23234. -16.696586,29.610558
23235. -16.582606,29.592619
23236. -16.646677,29.618454
23237. -16.818714,29.685574
23238. -16.771426,29.625149
23239. -16.535876,29.535885
23240. -16.552301,29.562074
23241. -16.314785,29.279594
23242. -16.292419,29.188185
23243. -16.367704,29.379845
23244. -16.400724,29.406538
23245. -16.446416,29.446449
23246. -16.509545,29.502325
23247. -16.22716,29.160719
23248. -16.381127,29.379416
23249. -16.375115,29.335299
23250. -16.416779,29.450226
23251. -16.189,29.161406
23252. -16.405706,29.436482
23253. -17.123115,32.430611
23254. -17.024001,32.617636
23255. -17.266277,32.370014
23256. -17.122048,32.455502
23257. -17.094321,32.483397
23258. -17.144932,32.398252
23259. -17.061831,32.577381
23260. -17.306066,32.357655
23261. -16.973603,32.750587
23262. -17.210698,32.400055
23263. -17.000117,32.671967
23264. -16.962684,32.858423
23265. -17.468368,32.111063
23266. -17.376238,32.303324
23267. -17.564788,31.962576
23268. -17.539583,32.035189
23269. -17.403442,32.222471
23270. -17.4497,32.181959
23271. -17.673792,31.756325
23272. -17.654696,31.68972
23273. -17.61531,31.847992
23274. -17.614411,31.875887
23275. -17.661811,31.792288
23276. -17.733931,31.319361
23277. -17.716926,31.398754
23278. -17.72224,31.343994
23279. -17.686509,31.466217
23280. -17.729762,31.260309
23281. -17.737365,31.243486
23282. -17.74977,31.157484
23283. -17.737242,31.20482
23284. -17.879853,31.0153
23285. -17.920412,30.985265
23286. -17.885251,31.011186
23287. -17.856425,31.030562
23288. -17.830005,31.061209
23289. -17.83167,31.055324
23290. -17.846627,31.038533
23291. -17.834509,31.052492
23292. -17.836102,31.04672
23293. -17.87356,31.019361
23294. -17.827707,31.020096
23295. -17.820077,30.941792
23296. -17.826987,31.047535
23297. -17.829543,31.033008
23298. -17.82883,31.040003
23299. -17.822038,30.961189
23300. -17.791945,31.043587
23301. -17.765301,30.997152
23302. -17.821599,31.04923
23303. -17.816012,31.047707
23304. -17.825031,31.050094
23305. -17.783537,31.034167
23306. -17.761806,30.980029
23307. -17.780554,31.028738
23308. -17.79692,31.098604
23309. -17.802896,31.075902
23310. -17.801116,31.0882
23311. -17.779604,31.127615
23312. -17.818596,31.064787
23313. -17.889662,31.240053
23314. -17.856895,31.169372
23315. -17.825516,31.053768
23316. -17.82402,31.092081
23317. -17.907733,31.283312
23318. -17.843833,31.132593
23319. -17.833983,31.102861
23320. -17.824362,31.058553
23321. -17.870313,31.201708
23322. -18.263465,32.020597
23323. -18.176068,31.662769
23324. -18.167179,31.738815
23325. -18.143609,31.893826
23326. -18.192784,31.965408
23327. -18.174763,31.751862
23328. -18.278493,32.052119
23329. -18.14524,31.846876
23330. -18.157311,31.925669
23331. -17.979999,30.962048
23332. -18.008937,30.960159
23333. -17.94587,30.978184
23334. -18.197269,31.585436
23335. -18.127581,31.395235
23336. -17.956873,31.306615
23337. -18.157229,31.49025
23338. -18.067922,31.340904
23339. -18.188524,31.548743
23340. -18.180145,31.513252
23341. -17.418583,30.412474
23342. -17.355185,30.2421
23343. -17.101869,29.911995
23344. -17.542652,30.582161
23345. -17.073646,29.887791
23346. -17.422186,30.461397
23347. -17.23144,29.988728
23348. -17.547153,30.60379
23349. -17.389344,30.361576
23350. -17.156168,29.932508
23351. -17.034587,29.872684
23352. -17.366081,30.137129
23353. -17.013824,29.840326
23354. -17.438646,30.474701
23355. -17.356537,30.29171
23356. -17.457151,30.515471
23357. -17.522232,30.573664
23358. -17.291766,30.085459
23359. -17.385658,30.388184
23360. -16.879133,29.743423
23361. -17.351959,30.233452
23362. -17.265539,30.025377
23363. -17.505125,30.562077
23364. -17.358411,30.183027
23365. -16.937808,29.788742
23366. -17.188068,29.971046
23367. -18.23302,30.872612
23368. -18.131252,30.8848
23369. -18.188993,30.866604
23370. -18.257556,30.856733
23371. -17.987019,30.581732
23372. -18.082956,30.364323
23373. -17.84079,30.800428
23374. -18.047297,30.497875
23375. -17.875306,30.760603
23376. -18.114774,30.283813
23377. -18.280907,29.971991
23378. -17.829596,30.826263
23379. -17.889274,30.7061
23380. -17.821956,30.888019
23381. -18.131619,30.148458
23382. -18.07908,30.427768
23383. -17.897442,30.694685
23384. -17.737365,30.910549
23385. -17.588844,30.650911
23386. -17.622468,30.703096
23387. -17.695687,30.86257
23388. -17.743813,30.931039
23389. -17.65077,30.726957
23390. -17.673588,30.806694
23391. -18.980517,32.666098
23392. -18.982024,32.662906
23393. -18.928006,32.50803
23394. -18.937261,32.471294
23395. -18.969184,32.664413
23396. -18.956867,32.659585
23397. -18.919582,32.41353
23398. -18.93375,32.604847
23399. -18.980304,32.677288
23400. -18.971751,32.664886
23401. -18.935557,32.623966
23402. -18.300955,32.111664
23403. -18.895324,32.290621
23404. -18.59968,32.1381
23405. -18.847772,32.24925
23406. -18.807965,32.233801
23407. -18.348741,32.138786
23408. -18.722389,32.194834
23409. -18.421924,32.145224
23410. -18.778144,32.199383
23411. -18.532616,32.123895
23412. -18.65056,32.163484
23413. -18.547813,32.131276
23414. -18.978336,31.934767
23415. -18.901171,32.001114
23416. -18.828073,32.058105
23417. -18.754048,32.155609
23418. -18.940144,31.931591
23419. -18.715541,32.163763
23420. -19.036846,32.635489
23421. -19.355607,32.587509
23422. -19.314302,32.57412
23423. -19.567756,32.503567
23424. -19.607056,32.501507
23425. -19.669867,32.468805
23426. -19.493861,32.522278
23427. -19.062726,32.618151
23428. -19.421106,32.565193
23429. -19.458095,32.559185
23430. -19.550449,32.518244
23431. -19.264075,32.585278
23432. -19.65354,32.46932
23433. -19.002603,32.634373
23434. -19.506281,32.530775
23435. -19.111069,32.61667
23436. -18.994548,32.668748
23437. -19.005382,32.682867
23438. -18.985864,32.670722
23439. -19.182685,31.711693
23440. -19.332121,31.591702
23441. -19.320904,31.374292
23442. -19.336333,31.463299
23443. -19.254676,31.327515
23444. -19.01368,31.025219
23445. -19.345322,31.417465
23446. -19.196932,31.680622
23447. -19.113137,31.204262
23448. -19.144479,31.282024
23449. -19.025365,31.00668
23450. -19.017088,31.06144
23451. -19.349858,31.54604
23452. -19.275256,31.641312
23453. -19.339856,31.434374
23454. -19.060333,31.782761
23455. -19.088679,31.766286
23456. -19.355506,31.497803
23457. -19.15581,31.739931
23458. -19.072714,31.158836
23459. -18.98771,31.908932
23460. -18.88765,29.711924
23461. -18.723812,30.896816
23462. -18.932634,30.909433
23463. -18.453435,30.895529
23464. -18.345646,30.860424
23465. -18.982638,30.906515
23466. -18.660883,30.902481
23467. -18.611028,30.893211
23468. -18.578325,30.871582
23469. -18.283507,30.854429
23470. -18.85894,29.79784
23471. -18.767783,29.809513
23472. -18.390733,29.834919
23473. -18.60391,29.825048
23474. -18.340065,29.917043
23475. -18.679463,29.806681
23476. -18.932228,29.806681
23477. -18.933101,29.806638
23478. -18.334688,29.921865
23479. -18.353365,29.896073
23480. -18.489622,29.830112
23481. -19.066499,30.797768
23482. -19.467482,30.631943
23483. -19.070149,30.772705
23484. -19.14533,30.649624
23485. -19.527679,30.725327
23486. -19.238469,30.581474
23487. -19.601437,30.760002
23488. -19.657946,30.76498
23489. -19.036562,30.838795
23490. -19.516656,30.695586
23491. -19.634585,30.761204
23492. -19.380749,30.570316
23493. -19.025973,30.888062
23494. -19.274324,30.542593
23495. -19.542886,29.770546
23496. -19.295509,29.784451
23497. -19.5589,29.747887
23498. -19.200985,29.80711
23499. -19.04074,29.819727
23500. -19.409612,29.828053
23501. -19.10158,29.789944
23502. -19.648408,29.627724
23503. -19.457164,29.81638
23504. -19.465581,29.814392
23505. -19.474725,29.798613
23506. -19.007796,29.814405
23507. -19.439136,29.821186
23508. -19.589389,29.721622
23509. -19.333863,30.14039
23510. -19.287044,30.497446
23511. -19.315031,30.363379
23512. -19.351518,30.112324
23513. -19.343419,30.295143
23514. -19.419953,29.929075
23515. -19.385931,29.969244
23516. -19.448768,29.85569
23517. -19.356376,30.032845
23518. -19.299843,30.449638
23519. -19.345363,30.187855
23520. -19.293059,30.517015
23521. -19.450022,29.846077
23522. -19.457387,29.833546
23523. -19.01014,28.895953
23524. -19.633493,28.390303
23525. -19.344594,28.172894
23526. -19.466269,28.316574
23527. -17.917738,25.461845
23528. -17.935214,25.492916
23529. -17.927374,25.625782
23530. -17.923454,25.338593
23531. -18.237748,26.039829
23532. -17.981958,25.831261
23533. -18.160471,25.992579
23534. -18.191602,26.023006
23535. -18.277688,26.125488
23536. -18.057212,25.83847
23537. -18.107717,25.860701
23538. -17.956567,25.817699
23539. -18.094185,25.853834
23540. -17.924414,25.845809
23541. -17.826777,25.273447
23542. -17.857906,25.263748
23543. -17.903241,25.293961
23544. -18.935963,27.808628
23545. -18.62335,27.237082
23546. -18.608872,27.079754
23547. -19.115246,27.971535
23548. -18.544131,26.989589
23549. -18.329922,26.253719
23550. -18.380063,26.73789
23551. -18.3979,26.821404
23552. -18.506003,26.934485
23553. -18.381529,26.62571
23554. -18.811946,27.639456
23555. -18.360595,26.615582
23556. -18.459867,26.900797
23557. -18.385194,26.693773
23558. -18.37094,26.662874
23559. -18.349882,26.306248
23560. -18.688895,27.338276
23561. -18.516217,26.974912
23562. -18.917938,27.756529
23563. -18.727876,27.424965
23564. -18.61302,27.174854
23565. -18.293091,26.195011
23566. -18.408161,26.789989
23567. -19.196729,28.054962
23568. -18.623432,27.113485
23569. -18.335462,26.454391
23570. -18.422738,26.828442
23571. -18.733769,27.375784
23572. -19.267154,28.068352
23573. -19.094483,27.91008
23574. -18.331958,26.40152
23575. -18.77977,27.595425
23576. -18.963462,27.771635
23577. -18.488177,26.920881
23578. -18.343202,26.526833
23579. -18.347438,26.502972
23580. -18.57147,27.033792
23581. -18.767133,27.551479
23582. -19.874055,32.399969
23583. -19.742752,32.417049
23584. -19.89835,32.377396
23585. -19.730422,32.427778
23586. -19.782524,32.422811
23587. -20.071008,32.434044
23588. -20.32012,32.404346
23589. -20.257245,32.389154
23590. -20.165343,32.390356
23591. -20.12473,32.410698
23592. -20.014162,32.431126
23593. -20.116026,32.450953
23594. -20.135489,32.401428
23595. -20.1044,32.454772
23596. -19.933453,31.706972
23597. -19.952011,32.018194
23598. -19.96032,32.057848
23599. -19.952132,31.638136
23600. -19.97226,32.134237
23601. -20.103896,30.994663
23602. -20.003879,31.340733
23603. -20.100189,31.074829
23604. -19.955399,32.092094
23605. -20.014766,31.552906
23606. -19.973187,31.405449
23607. -20.001782,31.484327
23608. -19.97589,31.957426
23609. -19.972663,31.765938
23610. -19.96262,32.336626
23611. -19.947089,32.287445
23612. -20.052424,31.225462
23613. -20.05964,31.209755
23614. -19.990288,31.861591
23615. -19.973611,31.431069
23616. -20.000411,31.591187
23617. -19.946928,31.670837
23618. -20.544803,32.387867
23619. -20.39914,32.382631
23620. -20.664509,32.346668
23621. -20.423876,32.390614
23622. -20.846981,32.19449
23623. -20.893256,32.189684
23624. -20.990571,32.170115
23625. -20.963283,31.891251
23626. -21.006197,31.757355
23627. -20.978711,32.092094
23628. -20.982558,31.827564
23629. -20.963764,31.984634
23630. -21.031395,31.610413
23631. -21.000027,32.136383
23632. -20.80695,32.218523
23633. -20.988768,32.050552
23634. -20.733278,32.250967
23635. -20.711402,32.309761
23636. -20.924766,32.153549
23637. -21.015491,31.577024
23638. -20.7641,32.222986
23639. -21.02104,31.66719
23640. -20.996922,32.161446
23641. -20.980093,31.782074
23642. -20.076812,30.896816
23643. -20.069022,30.850548
23644. -20.311427,30.686531
23645. -20.259782,30.692368
23646. -19.805551,30.728588
23647. -20.18637,30.723095
23648. -20.323098,30.697088
23649. -20.359152,30.697088
23650. -19.987304,30.771675
23651. -19.951648,30.7691
23652. -20.112138,30.822315
23653. -20.089685,30.830394
23654. -19.699405,29.53331
23655. -19.694718,29.575882
23656. -19.849757,29.062614
23657. -19.773085,29.22123
23658. -19.920865,29.038239
23659. -20.030976,28.890524
23660. -19.747074,29.455547
23661. -19.963709,28.979359
23662. -19.806318,29.141064
23663. -19.745943,29.410572
23664. -19.720414,29.500694
23665. -19.784028,29.192991
23666. -19.843783,29.08802
23667. -19.93069,29.002254
23668. -19.99545,28.933268
23669. -19.77789,29.361734
23670. -19.740814,28.416567
23671. -19.960885,28.514071
23672. -19.868163,28.501196
23673. -19.888665,28.494844
23674. -20.002266,28.539391
23675. -19.915539,28.513384
23676. -19.853713,28.481927
23677. -19.82054,28.46931
23678. -20.039523,28.852758
23679. -20.289008,28.857822
23680. -20.283694,28.898335
23681. -20.325754,28.946314
23682. -20.260989,28.838768
23683. -20.29251,28.935843
23684. -20.080641,28.744097
23685. -20.242348,28.488407
23686. -20.076369,28.791046
23687. -20.160015,28.580675
23688. -20.161385,28.580267
23689. -20.173389,28.57353
23690. -20.101035,28.714142
23691. -20.133676,28.628826
23692. -20.32016,28.393993
23693. -20.227369,28.520851
23694. -20.373193,28.326187
23695. -20.140515,28.61181
23696. -20.198403,28.552254
23697. -20.146337,28.589709
23698. -20.266143,28.815594
23699. -20.200588,28.721867
23700. -20.169089,28.663673
23701. -20.164537,28.62977
23702. -20.159159,28.608785
23703. -20.075885,28.545055
23704. -20.112964,28.576813
23705. -20.232322,28.754139
23706. -20.154485,28.587542
23707. -20.426892,30.689878
23708. -20.600892,30.697689
23709. -20.448809,30.672455
23710. -20.767751,30.81871
23711. -20.550991,30.680265
23712. -20.836433,30.765839
23713. -21.010404,30.740776
23714. -21.071446,30.73288
23715. -20.401674,30.680931
23716. -20.898669,30.778027
23717. -20.946771,30.757942
23718. -20.440123,28.220444
23719. -20.424358,28.283443
23720. -20.427254,28.140793
23721. -20.837235,29.027767
23722. -20.914224,28.997555
23723. -20.41535,29.024162
23724. -20.887763,29.020557
23725. -20.741987,28.998241
23726. -21.011205,29.278393
23727. -21.05823,29.311523
23728. -20.639772,28.999786
23729. -21.009602,29.099522
23730. -21.00495,29.213612
23731. -20.942884,29.006824
23732. -20.98981,29.038754
23733. -20.402001,28.989556
23734. -20.659119,29.023004
23735. -21.0667,29.371551
23736. -21.415698,31.071868
23737. -21.426305,31.123238
23738. -21.618415,31.492653
23739. -21.530176,31.422443
23740. -21.535845,31.488104
23741. -21.391845,31.011786
23742. -21.517162,31.385794
23743. -21.803755,31.5696
23744. -21.783333,30.44981
23745. -21.095952,30.746441
23746. -21.350062,30.736656
23747. -21.98404,30.204506
23748. -21.693082,30.511265
23749. -21.510015,30.62645
23750. -21.611712,30.578213
23751. -21.418954,30.691338
23752. -22.141719,30.068936
23753. -21.887067,30.328445
23754. -22.21355,29.985745
23755. -22.086465,30.119748
23756. -21.401055,30.717773
23757. -21.225812,30.736656
23758. -21.306768,30.812273
23759. -22.032423,29.95491
23760. -21.561112,29.801617
23761. -21.784289,29.871826
23762. -21.963027,29.917488
23763. -21.347184,29.623775
23764. -21.805329,29.864616
23765. -21.205538,29.515457
23766. -21.121414,29.439068
23767. -21.937154,29.920406
23768. -21.766116,29.861355
23769. -21.451551,29.716816
23770. -21.733889,29.87056
23771. -21.462789,29.738107
23772. -21.528023,29.774623
23773. -20.524427,27.765198
23774. -20.469315,28.100624
23775. -20.504772,27.971706
23776. -20.473175,27.92038
23777. -20.488881,27.810259
23778. -20.490602,27.803607
23779. -16.842416,31.571102
23780. -16.347938,31.766882
23781. -16.461398,31.772203
23782. -16.613082,31.588783
23783. -16.524439,31.604147
23784. -16.860652,31.545868
23785. -16.728913,31.569214
23786. -16.465925,31.807394
23787. -16.500863,31.679335
23788. -16.22782,31.707745
23789. -16.289371,31.730061
23790. -16.454319,31.848335
23791. -16.416615,31.79512
23792. -16.567058,31.579857
23793. -16.778164,31.576767
23794. -16.201343,31.689377
23795. -16.713048,31.550202
23796. -16.196841,31.688594
23797. -16.533182,28.798771
23798. -16.324958,29.088278
23799. -16.415956,29.010172
23800. -16.344726,29.06579
23801. -16.426288,29.013948
23802. -16.336984,29.111967
23803. -16.328582,29.161835
23804. -16.338631,29.218912
23805. -16.380797,29.05755
23806. -16.515511,28.947001
23807. -16.517054,28.81701
23808. -16.520345,28.776798
23809. -16.513433,28.887219
23810. -16.511021,28.849516
23811. -16.312623,29.247322
23812. -16.525776,28.784823
23813. -16.526188,28.767142
23814. -17.108226,31.400299
23815. -17.330238,31.14521
23816. -17.540852,30.989342
23817. -17.448022,31.00565
23818. -17.017886,31.450939
23819. -17.209837,31.393433
23820. -17.302542,31.269493
23821. -17.297092,31.329918
23822. -17.304181,31.327343
23823. -17.498986,30.976467
23824. -17.367555,31.073885
23825. -16.943391,31.521578
23826. -17.696076,31.556768
23827. -17.750986,31.577368
23828. -17.672678,31.563098
23829. -17.61621,30.964794
23830. -17.589458,30.964966
23831. -17.68794,31.006851
23832. -17.751752,31.028481
23833. -17.836909,31.608868
23834. -17.856926,31.626978
23835. -17.78366,31.038716
23836. -17.82356,31.06189
23837. -17.826297,31.050432
23838. -17.979264,31.648006
23839. -18.139694,31.613417
23840. -17.953545,31.636934
23841. -18.090014,31.614275
23842. -18.189584,31.568527
23843. -17.406237,30.153651
23844. -17.476514,30.140948
23845. -17.449106,30.155926
23846. -17.36691,30.198884
23847. -17.358585,30.198272
23848. -17.384138,30.186551
23849. -17.630812,30.148845
23850. -18.081691,30.157986
23851. -18.02114,30.144596
23852. -17.820853,30.162878
23853. -17.917493,30.166225
23854. -17.707932,30.178714
23855. -18.125195,30.156097
23856. -18.139857,28.777399
23857. -18.094746,28.777227
23858. -17.888825,28.678093
23859. -18.184875,28.814907
23860. -18.18569,28.89164
23861. -17.780483,28.59621
23862. -17.918718,28.684959
23863. -18.014284,28.736629
23864. -17.823795,28.608055
23865. -18.217632,28.94228
23866. -17.949912,28.724098
23867. -17.745151,28.571534
23868. -18.067076,28.772399
23869. -18.975769,32.669027
23870. -18.712797,32.172861
23871. -18.90651,29.720592
23872. -18.938459,29.708276
23873. -18.970138,29.620256
23874. -18.92551,29.715829
23875. -18.875956,29.741707
23876. -18.855651,29.572363
23877. -18.874412,29.647722
23878. -18.898633,29.787626
23879. -18.89977,29.677334
23880. -18.896684,29.810543
23881. -18.968921,29.494858
23882. -18.982881,29.195995
23883. -18.957871,29.417031
23884. -18.961879,28.697963
23885. -18.944629,28.729377
23886. -18.957333,28.674531
23887. -18.935475,28.301725
23888. -18.964172,28.781133
23889. -18.960601,28.440685
23890. -18.283067,29.027939
23891. -18.721272,29.415679
23892. -18.431492,29.081669
23893. -18.513389,29.10244
23894. -18.811154,29.485459
23895. -18.311365,29.090295
23896. -18.524864,29.129391
23897. -18.819806,29.521465
23898. -18.527306,29.200287
23899. -18.667327,29.341564
23900. -18.553773,29.252558
23901. -18.733302,29.423447
23902. -18.710297,29.37727
23903. -18.680541,29.35504
23904. -19.019563,30.897245
23905. -19.297393,30.534139
23906. -19.453826,29.817281
23907. -19.031247,28.909063
23908. -19.035872,28.984509
23909. -19.004408,29.109006
23910. -19.05794,28.968029
23911. -18.993645,29.148413
23912. -18.991931,28.592262
23913. -18.987122,28.628912
23914. -18.990835,28.815765
23915. -17.934989,25.825338
23916. -18.919562,27.953682
23917. -18.931416,28.075304
23918. -18.920618,27.853603
23919. -18.935861,27.764125
23920. -19.951305,32.36804
23921. -21.009041,31.553421
23922. -21.043251,31.38176
23923. -20.794915,30.94943
23924. -20.96705,31.209412
23925. -20.808314,30.975351
23926. -21.032196,31.316528
23927. -20.897466,31.15757
23928. -20.799207,31.049423
23929. -20.80085,31.004325
23930. -21.025626,31.442099
23931. -20.072035,30.834417
23932. -20.098738,30.418568
23933. -20.063308,30.772619
23934. -20.244925,30.182104
23935. -20.035572,30.659237
23936. -20.277777,30.127172
23937. -20.376814,29.913712
23938. -20.179925,30.272484
23939. -20.22004,30.233002
23940. -20.041781,30.729446
23941. -20.045087,30.684729
23942. -20.332314,29.981346
23943. -20.341327,29.97757
23944. -20.068226,30.545855
23945. -20.112722,30.373936
23946. -20.047405,30.487962
23947. -20.059096,30.819697
23948. -20.282406,30.083849
23949. -20.314506,30.052414
23950. -20.316317,30.055203
23951. -20.145098,28.584924
23952. -20.153226,28.582585
23953. -20.806027,30.872269
23954. -20.798465,30.79825
23955. -20.416073,29.759903
23956. -20.431075,29.832516
23957. -20.425042,29.882641
23958. -20.491587,29.433231
23959. -20.486763,29.516315
23960. -20.444868,29.148445
23961. -20.452146,29.11437
23962. -20.496612,29.268866
23963. -20.515263,29.323969
23964. -20.448909,29.041457
23965. -21.240872,30.732987
23966. -22.178523,29.998426
