0. 7231.158975680084
1. 4616.113265208197
2. 7163.947857007732
3. 2612.260154482003
4. 12179.49939163091
5. 7009.791797067748
6. 4041.0543744723986
7. 3674.2041096476664
8. 3055.0699280265276
9. 2679.975289391859
10. 2317.026124178442
11. 3104.0494274277157
12. 2053.528897153367
13. 2752.2325148330146
14. 4357.397001299601
15. 2219.301788903753
16. 5573.0914424160055
17. 3559.527191199414
18. 16874.837426298232
19. 2292.4241963668887
20. 3633.7824752030187
21. 5161.6382353534755
22. 1766.7147644199904
23. 1481.3896555677538
24. 12834.45020572406
25. 7968.175207061809
26. 5643.143576284444
27. 11111.611241004262
28. 10195.606615999293
29. 2475.728263053553
30. 904.6743402850174
31. 4491.539067608393
32. 1894.4211838346926
33. 7725.780747271481
34. 10409.85536527124
35. 2914.848462367071
36. 8171.664126802621
37. 14568.808716128877
38. 13495.729342789647
39. 19986.167655277808
40. 7699.971375310583
41. 1165.751919744057
42. 16255.089252230364
43. 13431.046205802566
44. 10183.020290914865
45. 10494.5375775734
46. 4969.601364475075
47. 8524.760800781487
48. 3659.954167124417
49. 8033.854370945605
50. 23435.742961895332
51. 2032.0266394936032
52. 1900.7998332459738
53. 3339.3671529717876
54. 5519.939046092573
55. 3692.7547152561115
56. 3101.406562323267
57. 4340.434365152476
58. 12627.676281483873
59. 9962.368145991397
60. 4235.4995549934165
61. 2758.460217978581
62. 9223.72128551523
63. 9065.861886760375
64. 5766.480447105696
65. 12729.566726604637
66. 12694.574617521332
67. 8355.622218596589
68. 3345.499502349108
69. 9843.539790215893
70. 2439.55742310867
71. 15193.423430729363
72. 4408.79502266315
73. 5485.33422588734
74. 8375.434243564008
75. 6207.680823975248
76. 3716.77716275969
77. 11184.583754529946
78. 23841.02036571841
79. 8479.09967511253
80. 15752.991307551092
81. 10315.824310648866
82. 9640.673561890308
83. 23052.19065951747
84. 8283.197655405906
85. 9764.202864272054
86. 1812.9266678616304
87. 4645.654130264636
88. 11344.618338091936
89. 6975.575365070802
90. 7148.682812487883
91. 12688.254472950573
92. 3937.110482512279
93. 15670.93320512834
94. 8822.624905026696
95. 4057.911973123717
96. 8758.041347027432
97. 12815.66462230012
98. 3869.7637205167193
99. 5374.211990775541
100. 4772.144757572891
101. 3592.5354269415143
102. 11134.723799058282
103. 6791.086676238174
104. 1897.1216912896068
105. 2321.816343447739
106. 11203.98024867752
107. 4180.439068027384
108. 8124.909109003154
109. 2448.554268714948
110. 5370.051020700744
111. 3684.4515856198122
112. 7429.881672199606
113. 7007.306532275929
114. 5990.139602019906
115. 6872.506003761728
116. 1935.239613769569
117. 13626.074793603888
118. 3602.916590662712
119. 1757.0792930666767
120. 5400.155052378522
121. 10298.32581037228
122. 3704.4161936154915
123. 2782.4166183146376
124. 5563.83146373223
125. 3942.069086196987
126. 5701.422241281074
127. 2253.353264787162
128. 2088.3457796866996
129. 4901.174851379753
130. 7811.721464298293
131. 4138.036515503251
132. 6425.459798749597
133. 4664.576599689006
134. 2530.4203079574413
135. 2836.2960903005737
136. 2171.6134257642316
137. 18127.97648209716
138. 1446.876894160178
139. 4369.050201393339
140. 2791.56145865502
141. 17771.84072651414
142. 3227.4436411840998
143. 2820.5798095153
144. 10128.525080034298
145. 13646.265071226831
146. 6184.84945841113
147. 2471.267819832027
148. 9316.84545070401
149. 9169.650690834558
150. 6527.643116277399
151. 10749.03047769944
152. 5644.098994089973
153. 10572.83684728377
154. 2598.8905276104606
155. 9730.78929321913
156. 2682.532394207751
157. 11204.286768387698
158. 13545.678143225752
159. 4659.514400355966
160. 8042.609010976354
161. 25650.996722073687
162. 5607.424416826982
163. 2150.8552278866405
164. 8139.325139311587
165. 8238.094588413278
166. 24630.8172467752
167. 6557.144431096497
168. 6244.886021391604
169. 5994.0523729494835
170. 4310.711170228628
171. 5886.933004870739
172. 7822.152144189855
173. 1952.8578027979763
174. 6248.815494152315
175. 5402.151909578068
176. 1387.1771334027105
177. 2459.360030358651
178. 2506.858401030834
179. 9807.711459802491
180. 5511.347195852133
181. 4268.870397661727
182. 8162.750820443465
183. 5442.605319654786
184. 3908.6912105468036
185. 4688.02109672056
186. 2125.76247834028
187. 7106.917221790753
188. 4623.980743202944
189. 5393.302458442412
190. 2603.0012012837005
191. 7004.558907994924
192. 6898.298845348387
193. 12491.897463611618
194. 5305.626296970924
195. 9582.807794649345
196. 10592.48043274231
197. 4499.828907200315
198. 2900.8744499997206
199. 11458.676511262647
200. 2783.3258681541893
201. 8403.364532002164
202. 2431.887692098411
203. 12443.682683075249
204. 5619.981767287152
205. 4189.226550962355
206. 18483.26565958544
207. 11818.486096380933
208. 3712.99512859784
209. 7608.841993395842
210. 5681.7983498176845
211. 7492.2657350903
212. 6627.190940043131
213. 1159.5776440929683
214. 2025.4488025570427
215. 15717.573178048193
216. 6040.460620693976
217. 5242.642678082402
218. 6585.11928534721
219. 5324.706936095125
220. 8619.511509069187
221. 6493.33033978571
222. 8100.767791487851
223. 3157.640427069268
224. 2419.9958719564484
225. 4119.515509830901
226. 2144.3396324141754
227. 3487.4533771965416
228. 3721.3349529408024
229. 3949.575839795517
230. 5798.865412379059
231. 6335.450992410153
232. 5436.435412235938
233. 7244.713853734934
234. 8928.337068893185
235. 9536.309294959887
236. 25266.382970944505
237. 20450.13846626368
238. 7225.851935357941
239. 8847.012088884458
240. 25888.174531281395
241. 6257.792643833649
242. 8490.41626519747
243. 6359.670835470562
244. 10883.04001607841
245. 4491.678394615017
246. 6337.923214269096
247. 13607.459216532887
248. 28267.896011941884
249. 832.6281779274416
250. 5902.27782707428
251. 2970.628474763523
252. 5266.357666172542
253. 4007.93740319536
254. 8588.321093104374
255. 7410.1917149770725
256. 12056.816728537426
257. 15669.121690836557
258. 8615.29156354232
259. 9646.755388509147
260. 2586.0013476379804
261. 9250.574936060635
262. 6227.9299598811185
263. 3687.281003405171
264. 12230.055281003248
265. 10891.691221517605
266. 1978.220359627803
267. 4596.89276613457
268. 4652.7808962051895
269. 9529.92643857509
270. 9009.389199441648
271. 8658.719429540806
272. 3214.3958405904864
273. 3418.1318032420213
274. 3819.7322479020945
275. 7186.347240531112
276. 15212.954444093732
277. 9584.764887722624
278. 12852.317715697922
279. 4181.137054417545
280. 2838.851779189484
281. 17612.512024222808
282. 5118.142396569769
283. 4050.942628202931
284. 13794.489219078445
285. 6414.766044769472
286. 7662.9973941548305
287. 2717.4876401760403
288. 8169.066409015494
289. 6274.007388736866
290. 2358.3458772503045
291. 4438.375716480557
292. 6383.924875046382
293. 9551.863737271397
294. 3956.4216670844007
295. 12975.662016654574
296. 11719.632521397163
297. 17470.575373273256
298. 14238.13104859258
299. 8707.476377897843
300. 4212.264155960381
301. 4831.507389110202
302. 4474.613171393068
303. 3832.5479243114582
304. 7284.064393014547
305. 2436.819093600632
306. 6820.940635619272
307. 5629.500346707995
308. 11755.824414180419
309. 4197.520605921216
310. 5489.102039908276
311. 5244.176326305503
312. 7117.385860778204
313. 7680.366713978352
314. 6997.757457107303
315. 11298.418637682804
316. 13738.368177702958
317. 16777.696747347134
318. 8971.543156420514
319. 1531.4588653958979
320. 6666.0185104700395
321. 7665.180590331064
322. 3572.0684996489294
323. 5332.904961576932
324. 6763.880263057182
325. 17744.36991575389
326. 2578.4389658693185
327. 7092.3696718452065
328. 5786.984847041934
329. 2357.616096335284
330. 11639.837758466623
331. 13170.857363614536
332. 13258.704555386856
333. 584.1642536020561
334. 5132.573276864798
335. 2197.066635434188
336. 4069.8453083275363
337. 8541.060058959973
338. 2168.7787651123376
339. 4105.533116993661
340. 7616.199107509059
341. 12179.31999390404
342. 18545.254992729984
343. 3176.0473134782796
344. 6247.353385288903
345. 6456.847923544102
346. 5774.445496076319
347. 4393.007823442788
348. 3331.6163717557884
349. 5377.8031115579415
350. 7529.72498573897
351. 5620.827196473841
352. 5491.52364636385
353. 13070.561694122158
354. 4994.621325998888
355. 4016.097602018613
356. 22580.636684834277
357. 5035.22728616683
358. 4776.004403155088
359. 9936.889667110523
360. 3942.799455865887
361. 6117.317995462767
362. 12868.744741941491
363. 8452.432160635035
364. 3392.918899272019
365. 14069.473052246714
366. 4781.642406195807
367. 10336.400911115225
368. 8974.331481653397
369. 2106.6428493282706
370. 7058.950230987977
371. 11180.374931831648
372. 12840.707227403802
373. 11815.71959852529
374. 10134.493249480143
375. 8513.235921260195
376. 3565.032142136356
377. 14083.07283991829
378. 8438.130395095925
379. 159.23821653414691
380. 6297.331002323377
381. 7593.697432362298
382. 7000.091240874112
383. 10339.809822128149
384. 5364.945208460594
385. 2864.2237902542442
386. 7217.815163895258
387. 5030.990063133288
388. 7726.780181971202
389. 12809.60039761314
390. 2510.9547932354617
391. 5018.63473778011
392. 4018.076022027157
393. 16525.924435251556
394. 6752.858270227299
395. 3267.1877228666594
396. 12553.045239258487
397. 9995.126067639165
398. 19811.763440043607
399. 10818.510208247637
400. 6362.283673854959
401. 7346.520113554072
402. 6395.896076368434
403. 7160.0290810796905
404. 2124.71777835526
405. 4392.77942581798
406. 3139.5648109464564
407. 2473.917260026998
408. 4637.489191010551
409. 3001.701040804169
410. 3850.111885920577
411. 12398.325170819806
412. 16318.180925174722
413. 4555.996319824969
414. 9667.145936049894
415. 9612.106398301861
416. 4927.938235093145
417. 4938.8743545294765
418. 7853.539664631342
419. 9213.232665855383
420. 6631.958690569673
421. 12849.98786672052
422. 8434.774826161845
423. 6329.293055858173
424. 3727.1217435739886
425. 13176.355268366715
426. 5265.720038035733
427. 4123.782946312088
428. 10961.83239025692
429. 202.7999465242604
430. 6873.393775878658
431. 7441.713478127451
432. 9122.895461409145
433. 5944.827230126005
434. 9650.084480736494
435. 5590.432347125876
436. 9314.604615555267
437. 3684.0791695254006
438. 11329.6480754452
439. 12997.922185456187
440. 3073.000521604268
441. 19066.363408189918
442. 17398.955694970868
443. 20909.64425905197
444. 12017.323719159222
445. 4477.029182232723
446. 11798.923103755633
447. 4062.5434002376223
448. 6469.5518262727255
449. 12855.948959642503
450. 7677.386231598059
451. 855.5075501854183
452. 5214.266667952197
453. 6619.9712950687035
454. 6886.849209889725
455. 11793.490156142821
456. 16336.709611310494
457. 7322.013588493467
458. 2180.8087503857914
459. 4043.818383142901
460. 3774.4726662123935
461. 9783.350558738823
462. 9429.395818675752
463. 6222.498227350385
464. 8563.428117275318
465. 17695.188835055527
466. 17797.327208555067
467. 6926.909165297739
468. 12588.2961771789
469. 16337.64088435672
470. 4450.936282506554
471. 1284.673594168766
472. 8178.48385891683
473. 2577.4957904904636
474. 22632.606224315357
475. 5676.427153601332
476. 4731.050299045745
477. 2571.443033265153
478. 6140.7282717211165
479. 18152.5637475306
480. 15477.147817754943
481. 21347.3263118064
482. 16281.000368418338
483. 9721.907911302718
484. 4166.629516577049
485. 4893.309703774514
486. 9041.090463714461
487. 25660.479966606214
488. 13074.191488452849
489. 4844.205572651649
490. 16235.623583415125
491. 4920.884028829084
492. 2802.47940837963
493. 15868.098169542644
494. 6340.23409088516
495. 5095.633609038296
496. 13669.035966003448
497. 4549.118349904807
498. 8864.751467972288
499. 11225.05931264726
500. 1562.531198244765
501. 6754.763187678906
502. 8310.852574303395
503. 14399.904698927396
504. 16474.597392285075
505. 7227.7778124552915
506. 10390.688063198471
507. 7016.450162351804
508. 13330.064190295085
509. 3904.3465625064114
510. 28828.2314519906
511. 30634.313452228434
512. 15900.435063047284
513. 14870.451238452562
514. 11106.515157529571
515. 7168.541516814214
516. 10780.996077269174
517. 29402.11266461992
518. 5362.111216099894
519. 15177.97183615171
520. 11927.470127612381
521. 1775.3237613584458
522. 16945.76988689317
523. 9210.061684103333
524. 1933.5396426590876
525. 2892.571297708133
526. 6242.3567467130415
527. 7306.274697478007
528. 10196.116632866037
529. 2453.171210725394
530. 2750.1517806512593
531. 4776.778628455963
532. 1871.2352095935632
533. 3416.9824353520016
534. 6305.999530546796
535. 7326.196821059412
536. 2566.331707704759
537. 7080.86933782026
538. 5565.45851510271
539. 1380.1068913219744
540. 6184.375204565045
541. 5371.99943561786
542. 2441.8586339908957
543. 2660.8055381751783
544. 10445.627152537465
545. 3921.502919938997
546. 11021.04983292863
547. 8940.266423123945
548. 3105.2144345427137
549. 4932.1074658287325
550. 10117.079339125235
551. 23811.61422189915
552. 5285.847747277071
553. 3993.181834358125
554. 5763.605383498012
555. 8676.252556800062
556. 5131.052783169869
557. 1909.860015222403
558. 6730.544421575031
559. 2170.4107477895213
560. 7899.106705557733
561. 2443.4100683973757
562. 4940.742752972074
563. 6361.956347500009
564. 5606.517610775665
565. 8490.00928178267
566. 12005.747604007554
567. 7871.79055201799
568. 3206.2596412774237
569. 19264.082937458872
570. 5259.89661550744
571. 2988.569026655425
572. 3872.4606416121137
573. 2572.3744131429403
574. 1987.3323223470009
575. 4024.6465684555596
576. 7125.936351205182
577. 9075.848209860313
578. 17721.255786252463
579. 11568.710077605901
580. 7301.4253270880345
581. 6142.942418836194
582. 8908.665205880417
583. 6573.409728814302
584. 7634.501817196203
585. 8872.074738521811
586. 10015.616904955452
587. 1746.1718380684677
588. 22934.523710298083
589. 8180.289415328015
590. 12288.068254225327
591. 10033.796365170398
592. 14688.279355601153
593. 9539.28747264704
594. 20436.364105351615
595. 9977.290081749912
596. 5183.796285242655
597. 7413.792622253225
598. 2065.035006446295
599. 5432.7864062294275
600. 7017.126931586057
601. 19048.611214645498
602. 28105.736727343003
603. 5032.009661825438
604. 8496.642436594082
605. 6128.82821123841
606. 6478.558338666582
607. 3027.9842167055494
608. 6450.330135871613
609. 3575.891674965151
610. 6267.234757792369
611. 4735.946475277009
612. 8587.147300089271
613. 5074.884752028934
614. 4760.612026925129
615. 6105.805994758643
616. 3611.8665801880124
617. 3135.4446805021694
618. 10725.59333434509
619. 3931.990499132247
620. 5909.692755717989
621. 5282.36179664472
622. 7484.988139003126
623. 13710.40978076829
624. 9411.048116848204
625. 10441.764259505335
626. 6051.214404115897
627. 8089.254483390881
628. 1724.7735976580054
629. 13948.092571600699
630. 5800.26051349486
631. 4663.962051837684
632. 2983.3468465161577
633. 18472.55853456023
634. 12246.802182744981
635. 7153.791869688723
636. 10013.808032101437
637. 9961.690614262543
638. 5322.3759315228945
639. 7121.829715886642
640. 12241.250708342799
641. 4452.288776991679
642. 9171.433950104452
643. 17045.2022963086
644. 5457.01079327914
645. 1562.3761237038298
646. 7707.534606648975
647. 2795.2194432718047
648. 8546.692684300737
649. 6782.709660995301
650. 3589.915311090672
651. 10114.77443929969
652. 10986.054238520015
653. 11726.319791410124
654. 5873.237736577579
655. 4211.0013739101905
656. 6786.697491152014
657. 5059.030808574186
658. 14051.446315060984
659. 8594.912262419226
660. 11113.703195709197
661. 14622.367234138304
662. 2230.903291487761
663. 8656.02178436007
664. 3028.6857853708716
665. 20688.70794898622
666. 5695.552726202886
667. 2712.874100495121
668. 9059.362442261683
669. 8252.969040002035
670. 11742.2749885675
671. 1554.2209765022958
672. 1930.5866150455927
673. 4491.304535236141
674. 12717.443079596285
675. 6683.673195167277
676. 2888.2803537871696
677. 1949.1530518242653
678. 4152.48389286448
679. 5062.989529705719
680. 18046.419327280804
681. 3191.977724418741
682. 17074.8587001033
683. 3482.4002367444023
684. 4653.294600932594
685. 12950.249484598524
686. 8298.95546579959
687. 8037.887915352986
688. 10264.488833435871
689. 5251.125357002922
690. 7189.328025981684
691. 8278.900647884133
692. 4441.866158608518
693. 17134.361088753965
694. 15370.828654237399
695. 5605.008589223133
696. 4517.534816108524
697. 6492.680073080227
698. 3414.4627542101534
699. 8412.471128157698
700. 2441.7424545632416
701. 1699.3399803807927
702. 5656.991580958168
703. 6462.175001491314
704. 16212.322563808433
705. 4058.8596922867273
706. 3761.607915166109
707. 3399.0532206957955
708. 15952.090846740239
709. 1318.5299191022852
710. 1264.4044872677152
711. 1544.6057779448329
712. 2465.416844828135
713. 4289.429299087902
714. 2064.9203425275246
715. 7187.756299262956
716. 5839.14247500381
717. 20312.967041902877
718. 8535.262918024799
719. 8083.7988081714675
720. 4064.2561915603055
721. 4052.6920357640706
722. 6760.593402718853
723. 1409.995074616709
724. 2463.0389257632887
725. 10603.154384398083
726. 9970.504074432281
727. 5493.859281062468
728. 7185.223843225148
729. 6300.225264238498
730. 12250.561651800695
731. 6804.843902054867
732. 9365.86215447308
733. 10550.41568163979
734. 5691.032810171736
735. 6849.228637566544
736. 3964.851112233475
737. 3125.788408336814
738. 12129.040786832245
739. 3781.292690363716
740. 10506.800397973026
741. 8042.6752366360015
742. 2517.946900533647
743. 9292.636804883403
744. 5383.885274973235
745. 9759.385363472535
746. 8764.859142051071
747. 9507.654043044222
748. 10680.650615465003
749. 17507.104479332826
750. 13706.002721026385
751. 6659.413328195883
752. 21382.483048270202
753. 10935.906352426742
754. 11090.686932612922
755. 6190.605497168615
756. 17220.966611904405
757. 7112.338898343811
758. 8885.915545612786
759. 13088.541265325046
760. 11973.992591291815
761. 4236.397803673924
762. 10418.866813258148
763. 11826.912430534292
764. 11876.30463373786
765. 1591.5356682642418
766. 3862.451292660541
767. 13746.833243330891
768. 5826.599388809545
769. 16215.75343788032
770. 12427.606104566219
771. 2415.753115745133
772. 10397.518216757571
773. 14938.023011233185
774. 3904.320340583969
775. 9893.806879995855
776. 11206.444809459183
777. 14624.84540733572
778. 2829.180866220353
779. 11289.306574220733
780. 4942.650448842619
781. 7693.901147128285
782. 3635.477955291762
783. 4142.861976686633
784. 4304.959943621244
785. 6274.800013933784
786. 3946.6528875774766
787. 3498.2675606320613
788. 8227.984885367063
789. 4182.189939560865
790. 9165.007176374684
791. 11657.575783521337
792. 12965.991997197458
793. 19308.917348719988
794. 1756.371101114111
795. 19170.27555564646
796. 3083.538760374977
797. 13066.330642171259
798. 10383.338795369222
799. 8087.92305202026
800. 6559.519055862433
801. 10788.326505698857
802. 4036.0994075265417
803. 5495.204695060053
804. 1875.3636432935518
805. 8554.62783260895
806. 2495.296993441769
807. 2079.4573768018104
808. 23341.544057661456
809. 10396.452467653216
810. 15235.49876867771
811. 4603.988233400492
812. 10785.23434285547
813. 7504.7848804214955
814. 10477.172493260281
815. 9754.427026562422
816. 12471.897060484143
817. 12355.475284489985
818. 4820.401658303335
819. 7100.515250108872
820. 5553.921341101483
821. 28967.93049684555
822. 9077.214249978577
823. 6397.3916753782105
824. 12976.421614664949
825. 7345.773542129768
826. 13861.438435604776
827. 3970.9180347282654
828. 10821.600494448037
829. 3675.849466839001
830. 5465.261537435306
831. 9743.457713446276
832. 7156.291870353432
833. 6181.158183995027
834. 13537.908858863218
835. 5230.353049571834
836. 3763.6271973311973
837. 5182.556573491158
838. 3737.999398876571
839. 6589.343404225984
840. 2399.7498496224466
841. 1253.0926460873798
842. 14494.087844798969
843. 17218.372094944054
844. 6561.935115013437
845. 19915.869102056564
846. 3786.5990225288697
847. 3272.5357465204643
848. 4807.1778806365
849. 9347.95284418578
850. 11796.168852635645
851. 15662.998596098365
852. 6595.292199005115
853. 5647.883356629176
854. 18032.337131446227
855. 6732.859768872283
856. 29644.080611737503
857. 4767.927417805539
858. 4717.066854703271
859. 1906.2225566216382
860. 18797.975397223243
861. 8063.135290251883
862. 9481.09342452287
863. 3302.643783022301
864. 6158.268596222523
865. 7137.204931697753
866. 13465.34771972032
867. 6949.097935212817
868. 7642.88645973498
869. 14954.277512056611
870. 14518.914909400582
871. 10957.736654827353
872. 9137.747104986835
873. 15154.64656811376
874. 6086.891060688896
875. 5557.560759329075
876. 12778.41623049821
877. 21429.243448856556
878. 9247.838982346866
879. 6927.913371229476
880. 2188.5395183172345
881. 1536.6326224173051
882. 2217.0364383298574
883. 2259.7642740405013
884. 6230.945150041634
885. 6099.453572860163
886. 7182.626217725045
887. 5403.07385993269
888. 17865.953258035104
889. 12131.199920267556
890. 11697.52693241748
891. 17205.995605516473
892. 2694.984254878545
893. 2075.6247078016636
894. 13308.718542831477
895. 6374.153403409821
896. 5966.790927693027
897. 11681.972380881743
898. 11870.966682013097
899. 10200.889975057655
900. 1755.5044056593995
901. 5443.999006731477
902. 2929.8745701971116
903. 2018.3103706280283
904. 7244.636470611215
905. 6314.31300425426
906. 1373.366780408935
907. 1744.5453587484917
908. 1891.2681920732698
909. 6030.574615998647
910. 11849.856972953101
911. 14501.823226312426
912. 13348.815165267892
913. 9934.991044627175
914. 3395.3214568085964
915. 9385.39637808706
916. 1158.528266367361
917. 13867.723971528205
918. 2615.355768428855
919. 4038.3801599527533
920. 7356.426676659462
921. 1767.990558859697
922. 10555.53459049558
923. 7343.685866463883
924. 8946.79182574656
925. 14048.073847533404
926. 1134.1781116690713
927. 4835.7510606840415
928. 4539.054728768354
929. 8049.78963722981
930. 8754.8426890249
931. 4854.14017158869
932. 4298.509982105669
933. 8167.221365698537
934. 7930.169374718741
935. 17270.779018344107
936. 13071.395781210456
937. 3896.8053755872024
938. 10031.60845462787
939. 6528.065885649675
940. 15328.921691245097
941. 7353.8500185553585
942. 2647.322821373577
943. 5657.657744077682
944. 18568.27088827964
945. 10014.094608833298
946. 16535.937191072677
947. 6889.001837248185
948. 21721.365513150395
949. 2135.4668144986763
950. 11776.553194470189
951. 15911.368679831747
952. 5993.684996808052
953. 9452.70483817652
954. 4709.850061017094
955. 17023.379414265164
956. 13344.19071003575
957. 8761.512069459222
958. 7096.04969543222
959. 3952.777656060898
960. 11453.450090203243
961. 5130.848292322092
962. 6142.182116147337
963. 6624.518867711796
964. 14700.040989827494
965. 8473.953338559444
966. 8637.014538268653
967. 5897.074671778949
968. 3050.3955422354416
969. 19043.3700414467
970. 9959.485015906797
971. 19751.18801786986
972. 7705.30228950887
973. 3021.9620983686077
974. 27435.30041591166
975. 6928.637082262007
976. 4508.137122495166
977. 3046.0072105801305
978. 8466.06082524046
979. 14898.132356274278
980. 3024.607583712393
981. 16844.147187948107
982. 3316.7374298826303
983. 7005.993220902698
984. 3898.506116850809
985. 10668.411442643548
986. 4377.554564453369
987. 17306.74063798514
988. 6119.566104347997
989. 1038.078529101427
990. 4978.3486176745455
991. 4963.940184477256
992. 16841.28348640789
993. 7091.70656788402
994. 11622.610815184866
995. 1082.5902444348426
996. 6465.360329251016
997. 5241.633344369723
998. 6890.065010892167
999. 9579.666038093761
1000. 1195.707734162487
1001. 3342.9410895956453
1002. 3150.662901305515
1003. 4559.385044557683
1004. 4283.3426302541075
1005. 9882.439545194842
1006. 11262.223238958162
1007. 2118.630269469827
1008. 8129.267767947645
1009. 17003.119142651944
1010. 7680.908530075356
1011. 873.3668493628923
1012. 10539.339029491113
1013. 1703.4224389907745
1014. 1743.083675436624
1015. 4127.5239964927705
1016. 6882.164920801848
1017. 1385.2742945913237
1018. 7323.999223232871
1019. 3928.4723251722194
1020. 2896.786953999589
1021. 1528.9703718455764
1022. 2282.6421978116186
1023. 3121.5872882647027
1024. 2203.4728500666015
1025. 4278.267680343915
1026. 6249.010504117043
1027. 2145.0547474003606
1028. 2719.249185851371
1029. 2683.8967520119854
1030. 3358.44205742508
1031. 10962.62867301704
1032. 6301.292812607568
1033. 3457.1699217656214
1034. 3133.5401899421677
1035. 3151.356519906643
1036. 2914.5939744049165
1037. 5536.654396120104
1038. 3004.3535116678095
1039. 5611.923583079014
1040. 6013.052249197035
1041. 5430.78666541464
1042. 2482.3355734627203
1043. 1586.586844680375
1044. 670.3593849606085
1045. 1967.7290551626386
1046. 3551.437963294852
1047. 3203.777515593056
1048. 4341.087066251525
1049. 3126.2351764741898
1050. 9291.603027043486
1051. 3378.292576369799
1052. 20796.811129976406
1053. 1669.8903234237232
1054. 7570.513505926945
1055. 5578.684352856249
1056. 1445.8354768254271
1057. 3640.655352734005
1058. 9565.260373977037
1059. 2141.7623321353617
1060. 4587.616801370729
1061. 3407.10233010531
1062. 5422.046284579006
1063. 919.680244834994
1064. 4933.907748884514
1065. 4059.8130265430354
1066. 5524.211691553841
1067. 4927.670877906006
1068. 4827.400736072477
1069. 6365.902752636919
1070. 4151.679965846472
1071. 2360.106361997179
1072. 4803.037787324882
1073. 3157.653869986688
1074. 3503.370559941164
1075. 4898.378745285251
1076. 5395.364584310242
1077. 6198.3490082231265
1078. 3321.528763465896
1079. 6405.2020539761925
1080. 1817.1147830692692
1081. 2260.4658794158727
1082. 4373.950540933617
1083. 21198.828776455506
1084. 9475.534360421581
1085. 16979.707043580693
1086. 8817.012816310074
1087. 4949.197492506459
1088. 1558.436968252136
1089. 4750.958550767674
1090. 3961.0101183196025
1091. 3558.2394008081287
1092. 1763.309551339591
1093. 3403.2955051331273
1094. 3406.1627635483856
1095. 8258.893471411417
1096. 1854.1942662957556
1097. 3011.969778384166
1098. 4121.7520497482665
1099. 2283.0533242815586
1100. 6341.634941119658
1101. 2557.06607518337
1102. 4976.338963622822
1103. 3168.2927022348113
1104. 3670.1613837543587
1105. 2795.7349776328742
1106. 1290.2332647550872
1107. 1042.8606584097315
1108. 1693.8205247109854
1109. 3743.2751809142646
1110. 4942.276795749554
1111. 9148.504793562342
1112. 3847.532104194899
1113. 2592.534607136346
1114. 5338.579036869157
1115. 1788.0348715917326
1116. 2780.562698446358
1117. 1653.4360193183118
1118. 1560.3065992819556
1119. 3467.3861568285006
1120. 1646.1261622194118
1121. 5573.023125414281
1122. 4657.881066396471
1123. 3554.6845745421315
1124. 3861.908670743689
1125. 7657.38128584097
1126. 3503.737801769195
1127. 2487.527983708291
1128. 2345.578114868639
1129. 9433.120130336809
1130. 3299.6875809690614
1131. 7218.179519922402
1132. 5171.569084036289
1133. 4066.690578323713
1134. 2650.05068122718
1135. 2527.716323996913
1136. 3982.6190707232854
1137. 4369.944190879377
1138. 4368.199555900515
1139. 5579.199242183293
1140. 5797.105433061956
1141. 2529.451425613057
1142. 2918.9963988245017
1143. 14836.87139487571
1144. 1295.1782578294924
1145. 3377.991190295691
1146. 2199.5393142320067
1147. 5480.170951186124
1148. 2538.695472852817
1149. 8082.413119381703
1150. 4299.492971295067
1151. 4967.197528582503
1152. 7157.900618184808
1153. 12998.945992864614
1154. 1668.2240107645466
1155. 4223.313778176779
1156. 6005.880792809494
1157. 2520.2039044677153
1158. 4757.742255011102
1159. 2986.2470931931916
1160. 2124.620250580196
1161. 1600.0509518109652
1162. 17195.162368027093
1163. 9891.729270109447
1164. 3473.1075774633837
1165. 2815.0724147516044
1166. 7870.557010277963
1167. 3370.1802091255295
1168. 3668.940010659942
1169. 2564.0518929483414
1170. 6352.525254321903
1171. 3578.916158328801
1172. 1155.5693577335942
1173. 2460.8746721453044
1174. 5205.610874441178
1175. 3271.5128115299262
1176. 5477.834538619268
1177. 2318.7858317761024
1178. 2032.8160838872923
1179. 1862.1336182843831
1180. 7394.4179632714795
1181. 3148.4882400438532
1182. 4203.594751573423
1183. 3324.6244223975286
1184. 4312.5550210324955
1185. 4245.883083346464
1186. 6051.806585598423
1187. 710.9521710338257
1188. 9930.424074712588
1189. 4833.5360539253
1190. 1714.5017910805816
1191. 3266.156505347771
1192. 862.7614358351392
1193. 3205.11770831724
1194. 4730.783697186839
1195. 2252.283383848335
1196. 4220.849612639371
1197. 3583.1269724890335
1198. 3591.469109288411
1199. 2507.273133485132
1200. 1397.1602075698995
1201. 1637.6868599231202
1202. 3852.754385583597
1203. 3590.049446090442
1204. 5293.490898521016
1205. 7558.842145871425
1206. 2511.0935816118194
1207. 2262.217235734902
1208. 3311.949096553876
1209. 1794.6307949275413
1210. 1372.0470074447974
1211. 6679.429166204242
1212. 5091.292429772272
1213. 5421.9596376282325
1214. 4583.187710716493
1215. 7494.980612675575
1216. 5507.924624727737
1217. 2788.615496404403
1218. 2939.6542825078013
1219. 3734.964097836022
1220. 1968.3307070336377
1221. 4356.3474465219615
1222. 3649.9344888897335
1223. 1810.8922699733569
1224. 3725.56961612679
1225. 1989.321798360841
1226. 7799.130832846733
1227. 5101.532384328364
1228. 5032.29366214657
1229. 2167.568266208659
1230. 3596.798230780904
1231. 626.5875477580656
1232. 2212.750415281955
1233. 2627.1076836069496
1234. 3298.6714125717926
1235. 4198.968212365532
1236. 2160.671857113544
1237. 3107.5415858890206
1238. 1885.3401285724233
1239. 5707.974224366512
1240. 4284.973800115232
1241. 4913.777898371134
1242. 5064.371330597382
1243. 1760.8858359094158
1244. 1941.6851508752407
1245. 4889.167798232685
1246. 1275.8948269740756
1247. 1667.9411922588363
1248. 8769.908779550267
1249. 3254.6411972362935
1250. 2720.03645719813
1251. 3636.7506440414745
1252. 3477.9887379254346
1253. 3440.211906847347
1254. 6320.081398024932
1255. 4290.113883181777
1256. 2323.854991560855
1257. 7025.731816105249
1258. 4048.0310181267896
1259. 1402.1446891598398
1260. 8036.905526587302
1261. 5026.419167537959
1262. 3101.815309797065
1263. 3067.725986430683
1264. 1622.595463150684
1265. 2453.9297867283044
1266. 1759.4632278040538
1267. 2690.9918037887446
1268. 3780.0248457519388
1269. 3028.567635333673
1270. 2106.415904205734
1271. 1486.1071537923713
1272. 2356.9199681394234
1273. 8950.909082743829
1274. 6379.437869499412
1275. 5246.986582958108
1276. 2660.856487467042
1277. 1843.2472700148567
1278. 5427.50072668459
1279. 5618.125692443322
1280. 2073.718908680023
1281. 3365.3442901794415
1282. 2342.268364086633
1283. 5777.803488999244
1284. 3100.8055959780404
1285. 5052.73469835966
1286. 2445.1879947550674
1287. 1932.63571517802
1288. 4478.461473445798
1289. 5050.700038076728
1290. 2908.544562688234
1291. 3242.378719935281
1292. 5957.200743877245
1293. 6187.102172391666
1294. 1892.145222407828
1295. 2173.321363106539
1296. 3220.974513567266
1297. 2272.31125532758
1298. 6666.051547706796
1299. 1470.3030993875489
1300. 2653.8650370950472
1301. 1984.0524156713714
1302. 2561.1831873812193
1303. 3452.859918759988
1304. 1355.4148662773378
1305. 1465.5020329413749
1306. 2199.041523437532
1307. 1833.4655167915798
1308. 4323.892645444843
1309. 3541.3266341508447
1310. 5786.413975840164
1311. 8370.146818565629
1312. 2929.994762109481
1313. 6404.175292456946
1314. 6635.557620238552
1315. 6086.510498995302
1316. 2808.1455238369344
1317. 4490.975134512554
1318. 11741.099039964362
1319. 1364.745754838948
1320. 1910.3597152952705
1321. 3627.4450312191025
1322. 1742.3040688507094
1323. 6007.3426508294815
1324. 2334.9632001910563
1325. 2266.536035341062
1326. 1910.4403468618113
1327. 999.1476588638035
1328. 2434.9940079614826
1329. 2431.846660823761
1330. 11234.080911578389
1331. 88.42188995482906
1332. 3996.537473634199
1333. 2123.886475824987
1334. 3012.561250892415
1335. 8227.489553230367
1336. 4564.683101908877
1337. 2603.0695289037194
1338. 5053.047136475305
1339. 7826.077398398377
1340. 6573.685096663389
1341. 5129.937985368811
1342. 1214.6327906806948
1343. 4389.772718722389
1344. 1286.6832937153456
1345. 5994.020389859594
1346. 4846.847857649095
1347. 2828.978717653211
1348. 5304.499618254149
1349. 7678.178605032724
1350. 4325.622933213932
1351. 1662.2087640815303
1352. 4005.0100990529995
1353. 1952.159363454049
1354. 5151.100936365916
1355. 2777.40591628305
1356. 8484.866648649373
1357. 3537.619570535374
1358. 4003.5108537853575
1359. 3319.3537721728558
1360. 3861.062482732619
1361. 5699.061771084289
1362. 3098.1722713253266
1363. 2876.134897974999
1364. 3467.47764866189
1365. 4263.8577005804045
1366. 7134.638434662333
1367. 5285.830406507857
1368. 5579.042644541637
1369. 8872.135048678518
1370. 6058.689697187298
1371. 3141.9213555730007
1372. 4093.27881740424
1373. 4563.956969566962
1374. 9510.184935543166
1375. 1677.833814866438
1376. 1878.151554190058
1377. 2402.5536887320914
1378. 5954.104553981145
1379. 3631.7420627412125
1380. 4791.253273334164
1381. 3483.8446766138577
1382. 2118.631605696341
1383. 5111.704717555431
1384. 1241.1655045530463
1385. 5181.199587965794
1386. 2854.949784229301
1387. 4221.818349425313
1388. 2307.6620950238234
1389. 2897.503140306338
1390. 2930.7136405980805
1391. 3697.1736169917153
1392. 1669.0517221133043
1393. 1789.5613416061192
1394. 4912.042912400775
1395. 3527.7568668117233
1396. 2503.6961721543694
1397. 3447.0575635645528
1398. 4224.957862091225
1399. 7591.5917468496145
1400. 3151.2166558780114
1401. 3098.8476932479757
1402. 3099.2427662182185
1403. 2459.3439598509403
1404. 4571.716957892285
1405. 1653.6513096045626
1406. 4969.665522853945
1407. 9044.120434389455
1408. 5086.312499631752
1409. 3948.458079700152
1410. 4200.682648417649
1411. 5940.7010870175545
1412. 2004.379991491257
1413. 8039.2008306930975
1414. 36154.86468883089
1415. 7292.62418903552
1416. 4063.4907526845677
1417. 703.5490258934295
1418. 1029.736593706499
1419. 6495.537727368053
1420. 13250.154714366963
1421. 8129.509920208243
1422. 12651.509984586826
1423. 102943.98860162564
1424. 16601.67354449916
1425. 7179.398330317259
1426. 11175.824819382238
1427. 10629.95672037514
1428. 11255.441050933108
1429. 2666.5554079217086
1430. 10171.500967215781
1431. 7291.998787293358
1432. 6216.619754191388
1433. 11922.01603935466
1434. 18823.388028406498
1435. 12077.624167677333
1436. 23128.7706249208
1437. 9790.578643046532
1438. 8421.883312466174
1439. 4963.553712700263
1440. 11615.350062132924
1441. 6971.965617742872
1442. 13823.128380898694
1443. 11812.941750889338
1444. 7962.960432445069
1445. 9129.687267107467
1446. 7517.807238676646
1447. 5276.696375156227
1448. 9123.10446088698
1449. 5241.738774316404
1450. 10725.106116951307
1451. 10011.978879001092
1452. 11682.855405681212
1453. 3859.1295968185177
1454. 12789.708017332647
1455. 1750.5360686090773
1456. 4126.884110111976
1457. 12693.11744893619
1458. 16897.52924737431
1459. 4828.265250038642
1460. 14504.445083995864
1461. 12957.914801147841
1462. 5055.005348196138
1463. 18160.25470216681
1464. 49878.37125595047
1465. 13503.126700663504
1466. 4948.036246522887
1467. 8635.47472405678
1468. 12200.160612525548
1469. 2982.025956908178
1470. 12021.356884255905
1471. 4757.171310205657
1472. 13095.756631861997
1473. 13974.451449698543
1474. 26711.748732212145
1475. 1595.6490434137106
1476. 1380.6865160453885
1477. 1697.5970007465144
1478. 9747.140365263458
1479. 6154.973898408874
1480. 19035.545308303113
1481. 8727.265635434196
1482. 11558.300475238684
1483. 11244.384135037097
1484. 6347.328381652507
1485. 5116.59808692668
1486. 8873.60343446822
1487. 22627.962364700557
1488. 12816.403648952688
1489. 1233.0779449974293
1490. 4441.613998576999
1491. 546.8088763925929
1492. 9336.923740654442
1493. 2732.31152441649
1494. 3035.695696292393
1495. 3168.6162743065192
1496. 13863.029662232004
1497. 5968.037839565717
1498. 8765.55340627854
1499. 8054.556438031148
1500. 4525.826933335792
1501. 24983.96250573318
1502. 4133.651312359395
1503. 8559.731331981657
1504. 16754.415569112723
1505. 714.6677541263374
1506. 3074.815690895761
1507. 367.624807505217
1508. 8244.53183258354
1509. 2960.7127806032936
1510. 2713.4337545103012
1511. 3150.0856709583572
1512. 8824.13655653211
1513. 8032.752441636592
1514. 4067.9596315837007
1515. 5814.028031428238
1516. 2843.7350660844627
1517. 4075.6075661561126
1518. 8755.682637077936
1519. 7463.96342432514
1520. 14497.239977834322
1521. 9641.635161344018
1522. 2901.617099469611
1523. 7886.853274398297
1524. 11275.230962484029
1525. 3425.8732143569255
1526. 18126.88987011052
1527. 4857.337147923937
1528. 26093.233722396708
1529. 12663.976059065475
1530. 5248.1041672003175
1531. 8365.422725203945
1532. 3139.6303561997634
1533. 22026.725843637956
1534. 12665.355145036701
1535. 5000.176778682243
1536. 3445.363661267318
1537. 3643.2353827715783
1538. 6204.298236360919
1539. 14923.26429958038
1540. 3441.4151843956324
1541. 3677.4043088916446
1542. 16148.074584878259
1543. 9998.599270105115
1544. 3414.086568579095
1545. 15265.460174680593
1546. 14291.56930952325
1547. 13919.647829749874
1548. 10161.930358374566
1549. 15260.94117584544
1550. 20728.14781386786
1551. 10164.3184572856
1552. 23908.92357617081
1553. 14277.34629999424
1554. 8380.124978908296
1555. 4345.902561439441
1556. 26218.150847605473
1557. 4855.988784414574
1558. 8758.230497941695
1559. 12233.35359430309
1560. 2914.96783434954
1561. 4069.6250885156446
1562. 13142.87450723134
1563. 7654.807080425742
1564. 5955.029597741807
1565. 4334.92471212965
1566. 8463.707859169197
1567. 17520.275820579416
1568. 7586.454653076089
1569. 10898.053206068687
1570. 17409.839821751062
1571. 9485.989911837794
1572. 11082.719782087537
1573. 19653.25424883536
1574. 8457.894991167428
1575. 6324.252441545182
1576. 3489.0929483269138
1577. 3318.553588713036
1578. 4727.61258797859
1579. 11035.29938240137
1580. 20633.90168513282
1581. 32159.869312593204
1582. 4390.082347234677
1583. 9896.724558969447
1584. 3898.8716564733836
1585. 1991.691286396455
1586. 10343.744873232468
1587. 30074.217353881464
1588. 22603.949705058014
1589. 3980.667243695911
1590. 2651.2678885053356
1591. 23060.49394614814
1592. 3072.528467769399
1593. 87888.12318184784
1594. 30522.696266330076
1595. 3695.1359576213085
1596. 4157.047218439986
1597. 6095.419000910933
1598. 18232.045016624987
1599. 3728.6155505299
1600. 8575.405321966464
1601. 4424.297317805633
1602. 1548.584968416207
1603. 3813.7151937846197
1604. 7343.09789136446
1605. 4203.0515825772445
1606. 3824.41441810392
1607. 9096.738407861678
1608. 8240.506738304788
1609. 3463.223747523473
1610. 5175.886501028114
1611. 9670.597089442233
1612. 7342.539670936484
1613. 1805.1203913442175
1614. 3153.230018342563
1615. 9111.457759844005
1616. 9189.797218327478
1617. 5754.450534444633
1618. 2751.204925690094
1619. 1961.3830679903022
1620. 12718.38800879144
1621. 5528.012273843024
1622. 4816.489378750707
1623. 3354.32087803798
1624. 2104.048176235892
1625. 4085.071265497661
1626. 8699.286217336961
1627. 3401.1893837816947
1628. 4118.381245625382
1629. 6154.686940596583
1630. 3097.5261413126664
1631. 2937.9654943263117
1632. 3539.4207035460113
1633. 1686.211378095386
1634. 3052.712578249639
1635. 2404.0637881063803
1636. 1292.3135867483759
1637. 4357.953844561242
1638. 788.6023302276897
1639. 15870.180346180361
1640. 9691.879433144379
1641. 9101.74389831148
1642. 15205.545246767006
1643. 19930.752861487545
1644. 3107.3188971993745
1645. 16284.605334643926
1646. 4051.2808105866825
1647. 7685.525938024053
1648. 2776.7458579333857
1649. 2372.3544623069374
1650. 30131.50550786878
1651. 992.3869779318743
1652. 7623.180388117977
1653. 5835.167003917683
1654. 6575.775642631932
1655. 31671.13266041166
1656. 12323.838669863277
1657. 11733.877187710834
1658. 17367.13924199809
1659. 11060.249286325517
1660. 8144.997269247952
1661. 7990.306291199092
1662. 3460.327936448089
1663. 6300.236753785649
1664. 11593.077104857897
1665. 12509.890698604386
1666. 7222.248013769009
1667. 13867.79767167543
1668. 1000.4581568761115
1669. 8327.850876397473
1670. 9992.48960199564
1671. 19819.180928162223
1672. 16213.399643447954
1673. 26964.988576243646
1674. 12752.809190237662
1675. 15219.97828496383
1676. 10778.174741145094
1677. 3147.7079033423006
1678. 7793.1928450457635
1679. 22230.713067308236
1680. 161.0246826023172
1681. 4289.812805213631
1682. 1394.9886376327956
1683. 1183.6381772092286
1684. 3222.9249625369075
1685. 2395.700125760331
1686. 1710.233779184241
1687. 6597.507895598507
1688. 19501.581991828076
1689. 3920.677152621583
1690. 9557.073447579814
1691. 13850.464895945235
1692. 7073.849036881507
1693. 4238.17939169844
1694. 3974.5071801338754
1695. 19839.91947653096
1696. 15551.822442104061
1697. 10714.054346289724
1698. 9411.646212283154
1699. 15873.50135406701
1700. 4253.170407695956
1701. 4730.02372287763
1702. 9877.662176898099
1703. 6736.038799789722
1704. 9399.766380558753
1705. 10054.893965520336
1706. 4588.892265221127
1707. 2924.772781287551
1708. 4293.065896050351
1709. 7548.47818592288
1710. 13518.610584357837
1711. 9688.423452181418
1712. 9923.254265850688
1713. 2817.721406971991
1714. 5833.851735943774
1715. 4984.767806532025
1716. 8989.538845500558
1717. 11232.497465953138
1718. 1026.7170902975959
1719. 3566.3990994087158
1720. 5570.754577222401
1721. 6894.521741504725
1722. 7624.040169649366
1723. 8125.568885123012
1724. 6744.409011586475
1725. 5417.956794015397
1726. 3210.6388378989523
1727. 12266.173070171082
1728. 7167.374386082766
1729. 10370.642356661383
1730. 12207.177274709542
1731. 750.3853910209557
1732. 3287.2745317934928
1733. 11997.625229826232
1734. 1620.8763437279658
1735. 2036.7451402627864
1736. 10950.785302159002
1737. 11699.978014868228
1738. 5564.163570699589
1739. 3428.227801772027
1740. 21186.661000188655
1741. 6149.960155448914
1742. 3639.5678058430058
1743. 3476.5770262351552
1744. 5595.106560599751
1745. 4012.874564939781
1746. 2825.521325180328
1747. 4552.767305598894
1748. 4256.639123709931
1749. 3572.8586228562294
1750. 16859.63084402342
1751. 13730.960365082688
1752. 14430.64532693911
1753. 6531.937912279876
1754. 28772.46285116481
1755. 17654.5176417762
1756. 16278.794243982997
1757. 14652.049828455767
1758. 8585.79962840542
1759. 4215.913597230058
1760. 6994.848596076295
1761. 4946.974073054723
1762. 19115.10283515876
1763. 9936.107610794148
1764. 4791.765160471636
1765. 8186.082102324182
1766. 2408.9636929178187
1767. 3874.182801273635
1768. 9087.898900101663
1769. 4795.94760602452
1770. 9095.147298019598
1771. 4546.943124113653
1772. 3761.808243068711
1773. 6417.230156703714
1774. 5264.987337443316
1775. 7012.558041866364
1776. 3845.5763195909144
1777. 2057.926642454416
1778. 4063.190306567113
1779. 12900.959468155828
1780. 19808.167195896527
1781. 2426.5846244170975
1782. 7227.849036336581
1783. 7366.881108896974
1784. 6324.501899627812
1785. 11219.611152457224
1786. 11519.047130562392
1787. 1263.333625806489
1788. 9151.313991886296
1789. 7645.588220430617
1790. 3019.3913403531265
1791. 4645.037751401674
1792. 7506.882697462735
1793. 1855.8289085737981
1794. 4133.340895208139
1795. 6344.893767999591
1796. 9979.315254674351
1797. 12009.855749838325
1798. 9740.482318005461
1799. 10997.197619847297
1800. 8351.937785668171
1801. 9922.982774786336
1802. 13788.003634137167
1803. 7384.358496715211
1804. 9257.018015242855
1805. 9042.619943090354
1806. 6985.975520452254
1807. 5226.681592316146
1808. 6310.757658475163
1809. 3209.224883915362
1810. 5904.612630531628
1811. 3904.4179800700936
1812. 18171.652422501786
1813. 466.3000793232271
1814. 5356.899131804317
1815. 3135.0847256478833
1816. 2025.2221337689161
1817. 6395.045439974624
1818. 1627.4332366618858
1819. 9158.585698854678
1820. 2779.888588874047
1821. 2062.109318119142
1822. 5660.899099407956
1823. 2081.521019355518
1824. 1913.5668003056521
1825. 3940.8982707966825
1826. 2250.14346102802
1827. 1886.1348093048416
1828. 3511.2306674310853
1829. 2591.2443088512414
1830. 3579.8779614745135
1831. 4182.502494531538
1832. 6567.589648625015
1833. 3019.552252259726
1834. 9188.150893920962
1835. 2197.8154220531233
1836. 2992.9312887322008
1837. 8766.306748985657
1838. 3438.7151392587493
1839. 3596.8070771387834
1840. 3310.761020711106
1841. 5231.803496576863
1842. 6778.144569321051
1843. 3011.430493271485
1844. 5761.427583312646
1845. 1605.5812586510356
1846. 2501.242920140173
1847. 1500.31047695738
1848. 348.510726677143
1849. 1695.289257569211
1850. 1722.410377672432
1851. 2182.9233470049835
1852. 998.487376851842
1853. 3122.399751984217
1854. 2705.99201030855
1855. 6131.519483544456
1856. 3380.2932222221275
1857. 17028.298292332212
1858. 11623.501812440032
1859. 2410.7782023248988
1860. 4741.277289863896
1861. 15377.049525536262
1862. 9444.050449725404
1863. 16783.215063423137
1864. 14892.769246149008
1865. 11066.228525831226
1866. 1974.1433715071869
1867. 8975.315194603094
1868. 5778.182114842322
1869. 10546.919588979288
1870. 8450.142653720803
1871. 3856.1737388341676
1872. 11893.180261680049
1873. 8190.799226216583
1874. 18148.780313583105
1875. 21030.92014183698
1876. 18976.832108415132
1877. 7227.404832881447
1878. 2529.3777364606394
1879. 1540.1373454058653
1880. 27651.01314856356
1881. 11287.110253333716
1882. 7325.388395383463
1883. 5634.39482070764
1884. 4139.1461419958405
1885. 3478.413194600985
1886. 14906.84374481086
1887. 4314.638281280017
1888. 5250.9961029813785
1889. 10876.97963977833
1890. 10098.823667886998
1891. 5345.42015246228
1892. 6068.212758659618
1893. 23017.45448394206
1894. 1109.0316844287781
1895. 4546.327601080401
1896. 5188.210225386707
1897. 13316.130313808213
1898. 7144.23786888086
1899. 6111.8158234979655
1900. 9111.421614839423
1901. 3229.155484321467
1902. 4115.44428671111
1903. 16224.700562165615
1904. 6017.188429944649
1905. 9597.323257897642
1906. 4246.782028297073
1907. 2255.695181644052
1908. 2982.3980966931335
1909. 15086.929130858913
1910. 6179.728705805815
1911. 7141.78500232753
1912. 11030.301616328235
1913. 2329.7841017697865
1914. 2952.6709201166263
1915. 7226.692901312623
1916. 2429.5490787751473
1917. 4936.613033446909
1918. 3621.0414044046433
1919. 4475.160820317959
1920. 7556.682768103345
1921. 4281.828805178506
1922. 9127.628539655765
1923. 10069.806735488435
1924. 2756.330448524328
1925. 12712.398426692827
1926. 8985.334774473604
1927. 3860.462344630747
1928. 6532.898901649003
1929. 5463.284434821357
1930. 6910.585504877033
1931. 3173.5662900840653
1932. 1756.118997177849
1933. 5121.033384666269
1934. 3691.298698568352
1935. 10358.177552558562
1936. 4166.352075012004
1937. 5252.5510582059205
1938. 3722.453999959315
1939. 8300.60138916257
1940. 23713.219088616235
1941. 8345.957546051344
1942. 3383.494342993471
1943. 2343.268714130436
1944. 2384.868096297056
1945. 3991.578075904754
1946. 2900.7900802099384
1947. 11878.375051523177
1948. 1559.1034871931954
1949. 7786.148349409673
1950. 8045.477717323093
1951. 6416.283686090972
1952. 6444.914879765668
1953. 6021.352052474793
1954. 7453.902566497213
1955. 2399.210600273079
1956. 2069.1619452322216
1957. 2980.075033003879
1958. 7578.061125198795
1959. 1757.2956840373663
1960. 1791.9301720227368
1961. 5517.9064032481665
1962. 5814.629660707149
1963. 7372.207723022843
1964. 2808.8112526115015
1965. 4883.682493239443
1966. 6201.625734559939
1967. 5890.331512245711
1968. 6501.99015173718
1969. 8794.330251599646
1970. 5108.879807024541
1971. 7824.564344454604
1972. 8141.717722949521
1973. 10405.012088569856
1974. 12607.583555658637
1975. 6649.1486323553745
1976. 9748.750822938393
1977. 8179.14874303005
1978. 4352.156005519067
1979. 11137.310094919854
1980. 8455.027696015632
1981. 3702.364476780338
1982. 3574.945305076204
1983. 3813.1256249959747
1984. 1935.7663418260308
1985. 6514.6563554495315
1986. 2578.4410179913916
1987. 5023.98794244651
1988. 6333.157157823697
1989. 3974.187977922521
1990. 6822.174508109456
1991. 2173.4152417098844
1992. 4988.708321859294
1993. 5717.773710988003
1994. 4040.4154181085014
1995. 3262.5343196517847
1996. 5426.986728373391
1997. 4281.714724199203
1998. 2203.1821289105824
1999. 10166.386618957551
2000. 2864.984204176076
2001. 6417.933216684706
2002. 8456.890735129735
2003. 2268.028988986556
2004. 2310.741849466446
2005. 6506.462263425317
2006. 1927.811826928976
2007. 10203.874682534126
2008. 7167.392523927622
2009. 1935.0443052880787
2010. 6050.439876382047
2011. 7438.816851984656
2012. 3568.704034845083
2013. 3444.2281136565757
2014. 3790.9822300048136
2015. 3189.2194273329997
2016. 1551.4631846940083
2017. 3033.3495957753585
2018. 6802.173070084124
2019. 7668.42022135976
2020. 4297.802137069669
2021. 3168.420008227705
2022. 3142.3685142586805
2023. 3433.475437529688
2024. 4368.406411734017
2025. 2157.0194612162127
2026. 2588.3495322561353
2027. 2459.516170615416
2028. 7896.398060279704
2029. 10722.106769229755
2030. 2216.6909771763103
2031. 8752.11916738846
2032. 1266.2584088619838
2033. 5785.849624226835
2034. 9540.640626293629
2035. 4835.378172511932
2036. 6089.521086962117
2037. 5566.242304031035
2038. 4539.91041844171
2039. 8787.768726791994
2040. 2242.1652467144418
2041. 5247.675197034979
2042. 4865.397179489281
2043. 11404.70483827026
2044. 5406.659953906918
2045. 3222.7806089732835
2046. 7439.878157732491
2047. 11489.161999382088
2048. 3252.699157191692
2049. 3461.0520204109607
2050. 9515.971965581162
2051. 8957.639686518045
2052. 12010.933013063728
2053. 1074.4566116399374
2054. 2822.466394504224
2055. 5148.285411186226
2056. 9163.305578005004
2057. 14711.75077782912
2058. 3230.6142374697656
2059. 3083.1150770335967
2060. 4465.263876282563
2061. 3764.85678946368
2062. 1930.7619635680865
2063. 10234.15809470291
2064. 3009.6810873152126
2065. 10849.71176460775
2066. 1785.221004778924
2067. 4442.064399652306
2068. 9187.89357508122
2069. 8607.971122112223
2070. 4522.129733662412
2071. 5197.563641295845
2072. 5508.452542162272
2073. 2095.4350637743582
2074. 4299.040529408592
2075. 3700.2443541405596
2076. 8564.192750030546
2077. 4705.641834104281
2078. 4098.167583911204
2079. 3631.5671754638465
2080. 3383.411591048939
2081. 6010.962975220544
2082. 2323.557965279017
2083. 2984.4377026936154
2084. 4796.132774327468
2085. 9422.15019020275
2086. 1706.153483045655
2087. 4780.42542396552
2088. 2108.3006167966832
2089. 3405.425165732703
2090. 3142.1336574773145
2091. 5363.501986572932
2092. 3575.602626341333
2093. 5500.265172481399
2094. 12302.317144918983
2095. 6794.086351482939
2096. 2289.157111843132
2097. 9121.594975824619
2098. 2124.88663614663
2099. 5024.737905260971
2100. 2355.866508234353
2101. 4220.449345357972
2102. 5806.555696558823
2103. 5168.19641130543
2104. 1994.226083601705
2105. 1020.9904289972998
2106. 1288.1400207548052
2107. 3450.6020888396015
2108. 1555.6199101865616
2109. 3611.8550488220926
2110. 4384.2378045930145
2111. 2926.815913306623
2112. 3640.6158995468354
2113. 3228.428162081774
2114. 7376.783614686648
2115. 3137.031709162425
2116. 1795.1941374726684
2117. 1434.5349949069475
2118. 2828.922440874544
2119. 9011.098836867397
2120. 2553.523736367301
2121. 9843.005032849467
2122. 7169.091820237456
2123. 2582.453066926665
2124. 5407.76339984151
2125. 10154.223793879692
2126. 5940.398626991649
2127. 4429.166843303342
2128. 6251.590317043889
2129. 2644.630623366876
2130. 5175.105213418664
2131. 4341.191091200904
2132. 11647.022342442888
2133. 6302.866917543312
2134. 6195.1615827667165
2135. 1990.8830560296387
2136. 3838.4333182697833
2137. 3874.0715596148907
2138. 7271.46153899136
2139. 5129.222576746674
2140. 608.7811540513306
2141. 2273.657393054634
2142. 6029.1407388119
2143. 9085.564646676481
2144. 9593.506190553615
2145. 14194.69278756435
2146. 10185.4019927077
2147. 9190.815060990544
2148. 18470.28424132659
2149. 2723.6257279073147
2150. 4011.046862564598
2151. 13454.42738195512
2152. 2735.983776916669
2153. 585.4426027636644
2154. 8073.69396933493
2155. 3910.463623056628
2156. 6887.299622381989
2157. 2829.94959042969
2158. 2122.174342246209
2159. 9654.417439433391
2160. 3531.898189737447
2161. 13718.456394355884
2162. 5508.291394914508
2163. 13965.094825259444
2164. 4425.107616316066
2165. 8793.883327880378
2166. 5562.224434575377
2167. 4584.883204528891
2168. 6060.583246949764
2169. 3111.057955374643
2170. 3221.8274172371935
2171. 10486.667657423004
2172. 2286.898238079543
2173. 3338.6828577229194
2174. 3299.633337589364
2175. 9001.00401104106
2176. 13295.368021910765
2177. 11412.377208830841
2178. 7181.915231375157
2179. 3763.408902486726
2180. 5046.738755652689
2181. 4585.904603265237
2182. 4301.623184513163
2183. 3265.5065213807125
2184. 11614.336232905021
2185. 5953.905829407172
2186. 2966.595805029219
2187. 7549.959102951546
2188. 6825.2508372584625
2189. 5454.9158959416345
2190. 5587.650770686566
2191. 7468.544903238217
2192. 10876.202862614055
2193. 5661.48294044522
2194. 5387.348828184828
2195. 2504.4499401340063
2196. 4255.9668748607855
2197. 5424.916578397043
2198. 9454.899171294805
2199. 1581.9301158806397
2200. 4393.015434028778
2201. 5083.895335272518
2202. 9293.658049054518
2203. 10753.590330670204
2204. 7007.36938217331
2205. 4807.710045654232
2206. 3848.8817135571226
2207. 3126.764437377502
2208. 6829.374361584435
2209. 5377.826267464911
2210. 4368.271623062017
2211. 7976.752682444316
2212. 1588.7329704690937
2213. 3255.837064360787
2214. 10048.589215322072
2215. 6264.6287679216775
2216. 6298.438328008643
2217. 2816.783200980642
2218. 3727.9009864219684
2219. 2891.171455108422
2220. 12062.594491129043
2221. 4191.9813662430215
2222. 1743.8733477339297
2223. 2368.6861871543047
2224. 3245.919464796428
2225. 2548.8895411403373
2226. 4465.763288236627
2227. 2793.2590749461547
2228. 5960.283502329404
2229. 6940.217003536996
2230. 3843.495180584887
2231. 3413.070548540482
2232. 2929.5805690277525
2233. 2210.8040988590515
2234. 2539.728855635956
2235. 4581.1940470958025
2236. 3927.329157381645
2237. 6177.250681184752
2238. 2447.701736965245
2239. 2507.9874842534177
2240. 6150.5782385242865
2241. 3115.0815683614387
2242. 5725.6352043041
2243. 3013.340922668418
2244. 4288.908952805926
2245. 2939.2185644836904
2246. 4775.517796849318
2247. 6488.945564619296
2248. 6277.1558403299705
2249. 9440.286279640284
2250. 14333.206724805115
2251. 9653.68842106337
2252. 8859.603705923711
2253. 2544.8656563132236
2254. 2493.8657143904816
2255. 8059.095734141322
2256. 4138.036459170107
2257. 5300.918874730666
2258. 5347.557733872735
2259. 10205.018852964713
2260. 1629.7864380231006
2261. 8145.3789196408125
2262. 3402.766145163697
2263. 1497.2688971821287
2264. 4562.523067715755
2265. 3527.6586220645017
2266. 2694.523256544102
2267. 4615.402139599965
2268. 6153.907201950831
2269. 1147.7402158267068
2270. 4194.644109389481
2271. 5052.743446824883
2272. 4294.344685669221
2273. 6200.53784301677
2274. 2146.326692212525
2275. 2772.2646040772793
2276. 3055.439877092388
2277. 3253.1078446524148
2278. 7994.669498550139
2279. 1574.8792469282678
2280. 2594.6311571224633
2281. 4092.0406638642867
2282. 2272.0661896511974
2283. 3705.6950684163116
2284. 2996.463109248283
2285. 3532.8013160773426
2286. 4283.473709587518
2287. 2952.222997991897
2288. 2837.1168457635486
2289. 5454.416512492892
2290. 21314.79098285353
2291. 5286.848070409752
2292. 6654.990044099379
2293. 7582.901424981658
2294. 4692.881787911676
2295. 10936.7957545099
2296. 4187.232821295057
2297. 3695.543165530599
2298. 9200.222147855466
2299. 17318.870381106273
2300. 4359.501905620009
2301. 4813.003020736735
2302. 13974.95148586122
2303. 10602.165129139128
2304. 2470.5906452681375
2305. 6639.78323412193
2306. 3110.7387128185314
2307. 5873.333562922894
2308. 8026.5519939405
2309. 3109.2140550273602
2310. 5162.029041409103
2311. 5733.193995385015
2312. 11788.96771767852
2313. 1588.9695159131375
2314. 3523.418950010583
2315. 10762.986687525057
2316. 3757.825176772549
2317. 4613.58794792581
2318. 8055.651412051334
2319. 4725.318972735087
2320. 3079.343128392141
2321. 5362.359566988651
2322. 12404.916545204647
2323. 3713.0298133165693
2324. 3673.9247786216833
2325. 3543.6221807005736
2326. 5827.883552553076
2327. 3440.691155073715
2328. 4348.914722183007
2329. 3543.918201183528
2330. 2968.699531408
2331. 4239.505876476937
2332. 4092.905214500966
2333. 3790.6031421670205
2334. 1019.545410827658
2335. 3417.3459122807017
2336. 4268.60043528906
2337. 6027.05516276196
2338. 6806.993056967621
2339. 1386.03151339621
2340. 4772.993897695101
2341. 3878.8759668834145
2342. 4453.71320577913
2343. 9360.727908979596
2344. 1678.0931489112252
2345. 6737.0371549354895
2346. 4354.726280991945
2347. 3904.1319469858786
2348. 3355.0089696792124
2349. 4643.883021652534
2350. 2221.3041117379503
2351. 2583.483949878746
2352. 3295.1147232062294
2353. 5345.598561901341
2354. 2529.381573605213
2355. 7553.885087110017
2356. 2645.707359846865
2357. 457.59973315177155
2358. 6788.5988985464255
2359. 4690.990599040113
2360. 1835.1779232067831
2361. 3413.9941661404773
2362. 1757.7190645475266
2363. 6608.786448189815
2364. 9534.259529223553
2365. 11627.784136643506
2366. 9455.750184968481
2367. 7741.112016113043
2368. 6377.573168843499
2369. 7211.8403818224715
2370. 52.2997757536399
2371. 2955.6329515330985
2372. 4523.514647968898
2373. 3210.142202899616
2374. 2019.5942536690654
2375. 3764.164258983288
2376. 3868.160766781107
2377. 3179.336856157306
2378. 4667.654962872923
2379. 7269.195554743247
2380. 2831.0174835462267
2381. 9563.080733095905
2382. 4334.343049451249
2383. 4757.74306790684
2384. 8280.56527069217
2385. 7753.389137897561
2386. 4568.296774380687
2387. 3681.93131994273
2388. 3382.4813052379245
2389. 8940.813667421618
2390. 9804.647627108056
2391. 4620.475357675248
2392. 4549.194517556027
2393. 4436.760059529743
2394. 4081.7831046581914
2395. 4104.819450951484
2396. 4029.1498419760937
2397. 9370.51898687311
2398. 10471.131823293803
2399. 4512.128428948981
2400. 16245.151051624756
2401. 4510.409339861126
2402. 2190.153116534254
2403. 3203.7746101013495
2404. 4396.552826386996
2405. 10702.131519016797
2406. 16336.384951889473
2407. 10088.11625325037
2408. 3244.9837132827442
2409. 18292.013772499122
2410. 6479.0975624858
2411. 5069.954325681253
2412. 7126.812593108809
2413. 6837.277308915208
2414. 2802.0950143776745
2415. 4976.860410678949
2416. 7964.533915639962
2417. 2726.998275119251
2418. 3265.0825813356873
2419. 3128.618584075028
2420. 7869.789601406687
2421. 6008.789322160491
2422. 3542.3118625790316
2423. 6531.901221351485
2424. 4053.9104751040995
2425. 11926.442785384206
2426. 973.5016111366818
2427. 5571.77654180065
2428. 3076.6971504100125
2429. 879.7160749667876
2430. 6555.397809517513
2431. 8035.740309753572
2432. 5338.135082781427
2433. 8517.105579898729
2434. 17450.420411900064
2435. 6999.985257543768
2436. 7435.638697617331
2437. 8426.853298737076
2438. 21273.73846583504
2439. 3266.250911840587
2440. 3627.074598871928
2441. 12306.60187969197
2442. 11692.673363723907
2443. 9344.586854251671
2444. 5668.96938419026
2445. 5130.458923839967
2446. 5765.840399156882
2447. 14715.035399914135
2448. 8889.33773125357
2449. 12005.896431419987
2450. 11979.97543565538
2451. 8562.242608929453
2452. 6713.557058136552
2453. 10733.016357538387
2454. 4633.98962988445
2455. 5696.552975331523
2456. 5949.526659641887
2457. 8015.028723744058
2458. 6316.80672244069
2459. 4761.960130441068
2460. 9568.548099699494
2461. 10351.244475527481
2462. 7370.433704573777
2463. 13765.18118328987
2464. 5547.874533732768
2465. 5137.081639086936
2466. 13531.64729818378
2467. 1511.8706150954854
2468. 7730.958992813022
2469. 6823.578128264053
2470. 15649.318301201225
2471. 9103.230955810239
2472. 8134.152185162914
2473. 4575.390157468819
2474. 13366.876020839221
2475. 1963.6084086380197
2476. 1827.4805866123622
2477. 3476.979249425915
2478. 6431.826819593721
2479. 5355.117616000587
2480. 6075.210603785068
2481. 5581.050954700223
2482. 7807.144550603126
2483. 4543.226938756272
2484. 1059.4088937216457
2485. 2696.640248076014
2486. 3420.0239438376257
2487. 3758.098561682889
2488. 10913.964332170564
2489. 5023.730539167202
2490. 5313.512343367695
2491. 8322.698829279178
2492. 3930.7109001590084
2493. 11692.985064561388
2494. 8275.885630081046
2495. 8547.780225516457
2496. 4794.337194792527
2497. 12181.438427009683
2498. 3192.155309504518
2499. 4530.687768719394
2500. 6972.405044581182
2501. 5410.252748245002
2502. 17116.50259648391
2503. 3680.0779326670927
2504. 6257.578700106185
2505. 4522.0719253000625
2506. 8923.773897891366
2507. 3841.2927514009243
2508. 5489.873057925922
2509. 5660.341901087414
2510. 2863.1063168136093
2511. 5773.976085759298
2512. 9574.805955154623
2513. 2712.6768049938314
2514. 284.37017750842944
2515. 5443.6490840122615
2516. 5219.776776947943
2517. 9942.55514689692
2518. 22741.82732164522
2519. 5197.599751906297
2520. 6528.384043221326
2521. 7546.792976984065
2522. 3567.705666347018
2523. 4345.224547523345
2524. 15253.926182185995
2525. 4948.257301222275
2526. 8798.248403167245
2527. 4816.011854220266
2528. 9818.54194731852
2529. 14184.152917854239
2530. 1938.03009335594
2531. 8919.567389536845
2532. 21601.800551224424
2533. 10978.662252132459
2534. 11704.49704122036
2535. 7825.452027699768
2536. 5112.506201073262
2537. 6634.117317347686
2538. 5830.212370794134
2539. 8709.385659779062
2540. 8421.086010849056
2541. 4992.1104336995995
2542. 5365.167898058014
2543. 2642.2063714698093
2544. 4852.9077006353045
2545. 4632.417199042727
2546. 14469.151230932328
2547. 12908.404504418399
2548. 9227.051375262234
2549. 2443.751479547749
2550. 3285.6568224882512
2551. 6756.978701282462
2552. 2184.330970430135
2553. 6044.979859959676
2554. 6936.440513036221
2555. 12120.76477748402
2556. 5182.568584161871
2557. 5541.351423418687
2558. 7402.903356241197
2559. 8920.858783503469
2560. 5360.9842073127875
2561. 4816.572243044467
2562. 36.1932378390104
2563. 1485.64834062666
2564. 3616.6220823784192
2565. 3205.94782386889
2566. 4577.600090087944
2567. 11300.985990319643
2568. 3053.9310426872185
2569. 7130.743155278593
2570. 6186.339633868889
2571. 4291.755468747463
2572. 7889.450582771826
2573. 2780.0431609693183
2574. 9174.411714078853
2575. 8225.67615816871
2576. 3253.840030890504
2577. 9393.61853040803
2578. 1833.8349741387165
2579. 7244.466732888313
2580. 5539.581382245739
2581. 1801.19032945618
2582. 2664.667314515347
2583. 2620.244289587485
2584. 3302.5803516444016
2585. 2044.757873610937
2586. 1112.9289439181132
2587. 4568.6597542314685
2588. 3013.307689265573
2589. 3343.991797443863
2590. 3561.0191227723485
2591. 10415.900572595927
2592. 1954.3785362108463
2593. 6255.368231951865
2594. 6231.665164592162
2595. 5131.367553235959
2596. 5204.12372839467
2597. 4818.631547296465
2598. 6230.339712205357
2599. 4930.947932693246
2600. 8584.559431084874
2601. 5900.520449594198
2602. 5309.570114744205
2603. 2514.6370389143367
2604. 1921.9986237542375
2605. 2917.2533027072336
2606. 4216.535905917876
2607. 8902.27179140398
2608. 16306.567151490306
2609. 4918.445463977801
2610. 6499.858297723377
2611. 7490.359294545748
2612. 4057.6073403363444
2613. 4012.962015120312
2614. 11145.642553279746
2615. 8897.24815819248
2616. 12058.241165893864
2617. 2077.3473692313646
2618. 1887.9531161095815
2619. 4107.72227197401
2620. 6107.945009406681
2621. 5419.072572843993
2622. 2904.056196594658
2623. 6033.491558529898
2624. 2167.9921123908553
2625. 4171.999990103589
2626. 6850.863204587978
2627. 7461.012472980472
2628. 9881.123317026251
2629. 7396.437573159657
2630. 4697.762017223426
2631. 3039.445847241971
2632. 6089.41940560421
2633. 11449.501481852149
2634. 8641.85716873898
2635. 6291.611794303266
2636. 11490.034584153727
2637. 4455.942091410791
2638. 4854.344123180638
2639. 4679.964989442945
2640. 6119.351775184482
2641. 10715.068109290944
2642. 10255.337811519803
2643. 4041.2033129386464
2644. 3923.6051709653257
2645. 3950.664357614353
2646. 2189.8886431794504
2647. 2883.0291528500115
2648. 6265.03626070922
2649. 2874.2472281806317
2650. 3592.4927945210716
2651. 4029.351319424061
2652. 1954.5843900871062
2653. 3730.1604350784946
2654. 4779.792436596848
2655. 1661.0591816358876
2656. 4540.850376175101
2657. 8383.579569948211
2658. 3069.4731527188646
2659. 7050.156894102688
2660. 1367.438055381757
2661. 2575.484868443867
2662. 3733.3487440079757
2663. 1800.1431526447768
2664. 251.66109391346873
2665. 2105.0664336631935
2666. 159.34457727758343
2667. 186.58938787813412
2668. 2792.0282263620784
2669. 1802.7722449522435
2670. 5761.246281533062
2671. 1571.9758892454722
2672. 5565.700150297277
2673. 2080.06318484044
2674. 1322.3092393123063
2675. 1537.049366804381
2676. 3794.2828082919546
2677. 3956.5671288061567
2678. 1859.728036233159
2679. 3094.6368813089157
2680. 1072.1549902268805
2681. 2674.2177822493095
2682. 3158.3859302809024
2683. 4936.7836769226105
2684. 3110.214772024742
2685. 3652.1512142713864
2686. 1288.7342815985537
2687. 5819.964307695777
2688. 2577.224099201835
2689. 1344.5550642082574
2690. 1488.8523657441642
2691. 1646.453727852739
2692. 6945.253007636942
2693. 4196.614308723469
2694. 5881.0674128507435
2695. 8817.004729171656
2696. 2777.0498743702433
2697. 2748.1250712423466
2698. 6948.924727992966
2699. 9009.607925722725
2700. 9495.888489537518
2701. 14993.867829346891
2702. 3897.296873487019
2703. 10464.83380399765
2704. 4628.64310275392
2705. 5429.291563827073
2706. 7614.14820414609
2707. 5478.580252969974
2708. 2658.756314251876
2709. 12292.611149793871
2710. 13330.298509687196
2711. 17822.914082639087
2712. 2646.3559387238156
2713. 3107.1639855792037
2714. 6130.759448190858
2715. 7807.477696516322
2716. 4726.072612184647
2717. 4576.099438812407
2718. 10095.675795242796
2719. 9405.923698411525
2720. 5976.529071635827
2721. 10133.27790607474
2722. 5314.3935016878295
2723. 15507.194374443117
2724. 19426.49040644329
2725. 4068.600812822556
2726. 4493.181142585213
2727. 9518.476149981503
2728. 8842.451878532424
2729. 6302.155655559705
2730. 6003.759751383383
2731. 6833.059068437513
2732. 2822.1104702500133
2733. 3237.5206533754786
2734. 6487.3032994914
2735. 2461.1388122245335
2736. 7658.908144553011
2737. 13445.629633901593
2738. 3270.157498861011
2739. 12821.974958373656
2740. 3105.875300814149
2741. 6447.60431406386
2742. 3329.2074230320823
2743. 5239.371422090539
2744. 27862.114661981945
2745. 2879.6091031141973
2746. 5574.9560549579355
2747. 3438.188768697982
2748. 4719.53199578295
2749. 2590.8722761028616
2750. 4041.9298773741957
2751. 4116.038642180231
2752. 2059.401801650888
2753. 2977.7867236019933
2754. 1324.7519916334966
2755. 8244.770387527991
2756. 3684.358924384508
2757. 1557.380032394802
2758. 1634.6824078587128
2759. 2715.46929254044
2760. 2388.926085343033
2761. 2304.551485558179
2762. 2696.690606673013
2763. 2049.1611857209027
2764. 3475.7485490246177
2765. 7596.563485594321
2766. 4586.66230130059
2767. 6165.179278549342
2768. 3893.1549451591427
2769. 1490.6391884726092
2770. 10059.437947115164
2771. 5171.262438382558
2772. 1449.776748724201
2773. 2625.575253515443
2774. 2594.9928951855586
2775. 15053.737758857387
2776. 7190.9337892002595
2777. 4019.0732158653004
2778. 2328.3676110351835
2779. 2611.0450282202164
2780. 7386.637680761964
2781. 2169.4754380200866
2782. 4795.538869262278
2783. 1816.0308551470753
2784. 7198.69190351006
2785. 3784.821282874415
2786. 4771.269298021127
2787. 1825.5439351496054
2788. 5334.544629544922
2789. 2187.532085314083
2790. 26891.588586158712
2791. 2763.0155244989837
2792. 5403.039881119591
2793. 4728.392258368183
2794. 6248.241661601643
2795. 1862.8362909236403
2796. 8973.995981321525
2797. 9289.741562716623
2798. 3893.367731136893
2799. 3333.116630431966
2800. 3059.8745278113324
2801. 3241.494015625705
2802. 11090.45843340673
2803. 5751.236053389831
2804. 10058.657768242772
2805. 1864.9437573430682
2806. 1931.6366913802729
2807. 1130.7190032626706
2808. 9672.344319547263
2809. 6039.220598772142
2810. 1600.2569194721264
2811. 5678.470822785584
2812. 12698.686220742617
2813. 4789.369745297354
2814. 6403.616348766484
2815. 7729.729564246721
2816. 5240.144004694402
2817. 1959.7791599568588
2818. 3237.6994193846717
2819. 10118.05974433264
2820. 4821.715377119137
2821. 3737.482357280572
2822. 4977.383330848094
2823. 3987.216733132929
2824. 4756.484706431984
2825. 3909.5813161028536
2826. 5284.911170651488
2827. 2574.5571654234154
2828. 2079.839436528372
2829. 3518.1902367296902
2830. 5873.2893381151825
2831. 5481.930307849259
2832. 11140.450304058877
2833. 9581.9586181539
2834. 12023.437015933065
2835. 4352.182825708873
2836. 6156.079632961384
2837. 1587.2790101517655
2838. 3979.290032911838
2839. 3077.499957239179
2840. 3419.0260424986845
2841. 842.1258204813573
2842. 2611.7753311059505
2843. 2110.610207019851
2844. 3787.66800145838
2845. 2318.1522637643666
2846. 1783.3112304826277
2847. 4946.485856001918
2848. 2698.516327018832
2849. 2913.2907017286007
2850. 4025.084548308673
2851. 1928.061570143622
2852. 5194.458760220845
2853. 3424.8487499000967
2854. 9410.743299889782
2855. 5409.815877253448
2856. 5409.640305303764
2857. 10704.27631423269
2858. 6156.398532812224
2859. 13254.401408641002
2860. 6182.286623118919
2861. 6976.579746530244
2862. 4601.6613988094905
2863. 3966.46096416384
2864. 2497.8725838340233
2865. 667.6895809877597
2866. 11876.86570080662
2867. 3426.7760398808355
2868. 4156.506501417151
2869. 12266.637657796255
2870. 8105.118836275813
2871. 10420.359362337102
2872. 1581.6484088242998
2873. 13865.635983035785
2874. 2597.24488616926
2875. 7480.007773577919
2876. 6526.895529613805
2877. 10390.792074956018
2878. 8027.667076765857
2879. 7911.043833320519
2880. 4658.3192047787525
2881. 1634.4787645214337
2882. 924.2931082536961
2883. 5938.190644819629
2884. 2044.9831065419023
2885. 1962.4373958988806
2886. 1640.940060391364
2887. 4188.505229496771
2888. 3840.866526462117
2889. 5516.589435406818
2890. 7980.785902942765
2891. 5436.998856086545
2892. 9449.155522011748
2893. 1822.8062200703948
2894. 2821.8183377460364
2895. 2528.9325453557694
2896. 1245.4019968102673
2897. 2174.0266291780576
2898. 2142.202599607083
2899. 3517.1865746166304
2900. 1829.783521844607
2901. 5786.52750459002
2902. 4713.552932819212
2903. 5925.957180133019
2904. 7723.353139906888
2905. 3748.3166049450033
2906. 5823.4373264131955
2907. 3627.2542252928024
2908. 4217.840739572191
2909. 10061.991202178304
2910. 4255.232526092096
2911. 3843.2482136460385
2912. 3168.4675793675824
2913. 4515.73369835751
2914. 5493.204006300823
2915. 6192.529099304261
2916. 3696.4314403375006
2917. 4670.756773929322
2918. 3317.5487818049105
2919. 5086.055933379482
2920. 3767.746676496863
2921. 8154.615254064921
2922. 2232.599964069012
2923. 4670.768564169983
2924. 5362.831086060235
2925. 10203.372599470918
2926. 10817.021830261605
2927. 9541.886049042516
2928. 7843.712203153185
2929. 14784.706253959263
2930. 2795.4399634271513
2931. 7257.990650405583
2932. 2726.5938463182847
2933. 4482.170957290762
2934. 7524.410259897127
2935. 3729.159775192024
2936. 3147.927290550701
2937. 7416.442075851102
2938. 6195.725006979579
2939. 4654.250716247424
2940. 4482.261646824286
2941. 3591.714468103999
2942. 5476.897280582274
2943. 3543.063725130356
2944. 4025.460995414755
2945. 3860.195783158748
2946. 4415.997469686362
2947. 2280.918456175682
2948. 2966.411378255958
2949. 2853.0718780007815
2950. 3237.659297935338
2951. 7722.3474169848505
2952. 7024.578653219822
2953. 7107.946727191709
2954. 2915.6044250101327
2955. 7933.7826311570625
2956. 8884.101030793943
2957. 2187.4404542349275
2958. 14889.426681969158
2959. 1481.3403289055395
2960. 12481.828614003307
2961. 2478.322464199915
2962. 2962.3679076599387
2963. 7145.5199581937795
2964. 2632.834494950843
2965. 4711.083989812647
2966. 2435.4219287425326
2967. 4755.948458834991
2968. 5094.195085153215
2969. 3960.2136249181285
2970. 4569.602771396734
2971. 1790.192621256189
2972. 11777.136577643727
2973. 14882.667617629646
2974. 2235.2809544064703
2975. 4696.025355245707
2976. 3631.6787637686816
2977. 7192.0903527969
2978. 3937.5911961656207
2979. 3394.2920723588836
2980. 5527.907825955005
2981. 5685.4177097398315
2982. 2859.5328629623245
2983. 4746.395937107453
2984. 4657.44181098087
2985. 9465.43639920064
2986. 11162.814729146012
2987. 6805.868883414267
2988. 6991.41244535766
2989. 11212.644193316717
2990. 3126.1029926740293
2991. 5388.115431254696
2992. 4054.0631448522854
2993. 6500.987978432125
2994. 8319.094882535654
2995. 5525.617079294807
2996. 4800.972891769301
2997. 5955.657094782045
2998. 2643.8022262664367
2999. 3896.1435084114723
3000. 6550.040386989912
3001. 1962.4165027260299
3002. 2129.5443370453436
3003. 5480.6113951667685
3004. 4361.463048804312
3005. 11322.198877040508
3006. 8060.703587051614
3007. 5195.215112482136
3008. 3631.5184882302847
3009. 6443.589032080294
3010. 6933.835366066547
3011. 5059.316490313419
3012. 3349.3023854606868
3013. 9004.272815730405
3014. 2137.024982805961
3015. 1513.3959654751945
3016. 1705.8348182229822
3017. 10089.085461026789
3018. 5607.248337533124
3019. 7695.50618989912
3020. 4651.137026391762
3021. 2406.265240299638
3022. 5696.0989911359775
3023. 5702.087925391937
3024. 5381.745935615411
3025. 7704.399488046447
3026. 9092.27252878447
3027. 11099.05731406373
3028. 5622.940371801764
3029. 8177.581106150833
3030. 4748.377973415109
3031. 6610.869775249252
3032. 5581.458206952833
3033. 4721.708106731469
3034. 6244.182962421156
3035. 3387.9034031951874
3036. 12698.171254426341
3037. 7112.041202386299
3038. 8741.670459121926
3039. 6025.146124671054
3040. 5893.189867352735
3041. 12335.908392568304
3042. 6671.7627974674415
3043. 3657.7436915996614
3044. 3286.7249615164774
3045. 4240.058175990512
3046. 6129.452687517973
3047. 3810.3134011642087
3048. 4833.176512276872
3049. 1532.3905641491547
3050. 8286.53877690449
3051. 3745.224776024632
3052. 2238.6635934528986
3053. 2056.499887994859
3054. 8803.312276957633
3055. 4735.164620514555
3056. 4969.796106565975
3057. 2430.6358901483
3058. 9189.299140247533
3059. 8577.516710557074
3060. 3436.407151192975
3061. 6672.56338163431
3062. 2926.454448275148
3063. 6057.047287849418
3064. 5865.159074135138
3065. 3349.1677674215593
3066. 3333.4116605250033
3067. 2387.297851327438
3068. 4863.660709393888
3069. 4497.329893603252
3070. 4235.447992574424
3071. 2601.646947323936
3072. 9014.566800083017
3073. 5438.289107376954
3074. 4314.55471982656
3075. 3569.9652737521074
3076. 5127.425642129699
3077. 5681.67499754
3078. 9998.683623860976
3079. 3963.3234587563265
3080. 2858.709320284001
3081. 1693.9393313946691
3082. 4031.17288692271
3083. 5645.410244903012
3084. 4624.009497096803
3085. 4458.83758279934
3086. 8472.499177735419
3087. 5976.991949041198
3088. 11827.729606051005
3089. 6010.3914189788975
3090. 5334.8009665461805
3091. 3088.8200637884597
3092. 3568.2768342438594
3093. 5378.563507709234
3094. 6714.7809238128975
3095. 2500.714721045245
3096. 2855.7763196156393
3097. 4516.796649895252
3098. 4312.536981604836
3099. 5236.089530403496
3100. 7251.026392346456
3101. 4221.015731318483
3102. 4921.1111148255895
3103. 3653.979460060725
3104. 2986.6901489654183
3105. 7747.273054364368
3106. 2993.9282386855484
3107. 6834.1992769905055
3108. 2857.42566744847
3109. 2258.2662554483004
3110. 6545.607453013293
3111. 3327.818350063413
3112. 6947.392477065718
3113. 3132.6749302439207
3114. 4994.644733257921
3115. 1679.869089884847
3116. 9626.756123192099
3117. 3341.8379189844422
3118. 2038.9594786228188
3119. 2693.0120732031355
3120. 4957.913999025198
3121. 9760.76196409913
3122. 8430.457032902343
3123. 2141.886304655398
3124. 8616.88325785783
3125. 4241.478233213626
3126. 6540.916968329796
3127. 3456.651753471435
3128. 8961.502106286307
3129. 4391.02400126093
3130. 6900.551699337001
3131. 6294.643711150453
3132. 3857.9717469171997
3133. 1810.6588967748073
3134. 5171.357880342727
3135. 8065.147812243954
3136. 4702.027194301063
3137. 4058.315000780186
3138. 4614.051109960667
3139. 3209.5138174687245
3140. 2543.0629053690386
3141. 2753.4920000994284
3142. 3786.756693170506
3143. 8356.220363951925
3144. 6601.264119682488
3145. 4795.840666060799
3146. 7164.151728801258
3147. 3730.6844135362144
3148. 1860.6552955404507
3149. 2252.4261295790348
3150. 4343.025050934098
3151. 5216.057486182639
3152. 10873.98807374961
3153. 3637.616705220178
3154. 11303.877639681601
3155. 16231.11564906925
3156. 3343.4833960081323
3157. 7349.5503142540065
3158. 6871.876262297983
3159. 3762.404213420679
3160. 4553.0614206133
3161. 9893.641614660039
3162. 13792.508566538787
3163. 4557.23816280566
3164. 8121.04549506121
3165. 9860.681458829142
3166. 10825.616184658162
3167. 8681.035234361334
3168. 6471.898847056971
3169. 2056.6872648351464
3170. 6753.971091724452
3171. 5172.860074374904
3172. 13660.823468545766
3173. 2679.857164314784
3174. 2674.4104552051153
3175. 2770.972374094321
3176. 4553.207450161183
3177. 3369.8520149456517
3178. 2986.7039886494995
3179. 3836.6277401170196
3180. 3008.8363469561277
3181. 6795.501653318864
3182. 3101.674861952394
3183. 5976.535367776473
3184. 6251.276724110178
3185. 8894.140002483273
3186. 6194.982715524665
3187. 3539.5959434821375
3188. 5659.673867925398
3189. 5249.336353080804
3190. 2496.4141402540445
3191. 4519.503910595641
3192. 2891.320288841957
3193. 2186.846140054631
3194. 5602.852712433631
3195. 2919.220247574391
3196. 7515.891636901812
3197. 4609.418799405788
3198. 10184.775486708342
3199. 7783.155725112674
3200. 4736.0356528850025
3201. 3522.5405928436294
3202. 2646.2734969981375
3203. 5635.8293085102405
3204. 5010.128987842569
3205. 4867.265484699105
3206. 4543.5630505767
3207. 14841.557417402028
3208. 5581.521096145541
3209. 3465.537140691592
3210. 6158.058418082369
3211. 3699.4558699056133
3212. 4933.523319798753
3213. 1552.4639717169096
3214. 9956.873781402797
3215. 1611.2411158839534
3216. 3671.881156794477
3217. 5303.40631511445
3218. 9447.81417530059
3219. 5483.570520573249
3220. 1418.9696186978372
3221. 12320.34046717997
3222. 2535.524086698154
3223. 10340.769587066035
3224. 5478.053302283365
3225. 2590.4222951147667
3226. 4514.832887932591
3227. 6972.450902497632
3228. 6189.750601161947
3229. 9293.236629193385
3230. 3397.539032599714
3231. 2515.0321365869972
3232. 3607.024861665116
3233. 4408.925985802085
3234. 2241.689628825444
3235. 4151.001644231353
3236. 5433.02139804496
3237. 3855.3102503565497
3238. 6141.831128058663
3239. 3176.273833620149
3240. 9338.663857376958
3241. 5638.784762722568
3242. 5546.689016727765
3243. 6634.3552028143
3244. 4009.0028387511175
3245. 6070.288080113053
3246. 3688.3978673706642
3247. 5643.011817857774
3248. 7206.0738571666925
3249. 4824.213747720203
3250. 2960.805519819701
3251. 4439.291812909032
3252. 3141.402892479563
3253. 3335.2926777760968
3254. 1709.17748520204
3255. 1420.3502822179044
3256. 10411.045549078324
3257. 3847.7636494893354
3258. 2830.426009239925
3259. 4759.806754567963
3260. 2568.719033025918
3261. 7615.02388749009
3262. 3445.381682511031
3263. 2567.319533357083
3264. 13993.130335933258
3265. 7865.449289599461
3266. 2774.2009381615303
3267. 2963.727755358451
3268. 9255.556033577997
3269. 4159.255150126189
3270. 4861.845557249057
3271. 5922.484418626557
3272. 3679.1346230213326
3273. 7565.378419098444
3274. 12823.787543852797
3275. 2206.91631660067
3276. 9983.013692244838
3277. 4111.936761778605
3278. 6913.041353097269
3279. 3752.3942062241485
3280. 2861.56508268484
3281. 4104.285669290916
3282. 2789.5372579084446
3283. 8603.532327581786
3284. 3690.730189221915
3285. 4786.899906126221
3286. 2385.951207444829
3287. 6325.554754056573
3288. 7245.824137217546
3289. 4081.5676634113224
3290. 3237.8016046331663
3291. 2977.961151684226
3292. 4284.2217155042035
3293. 3623.8763363403377
3294. 2853.075761690081
3295. 6914.865544645276
3296. 2682.8447300746916
3297. 4959.460721357193
3298. 4385.458634263682
3299. 4625.405360373726
3300. 3268.8018895365144
3301. 4049.2249139405617
3302. 5757.354229074163
3303. 4788.11554774528
3304. 5819.454219495807
3305. 6629.879592511824
3306. 11041.033485064692
3307. 1558.6807324282906
3308. 6566.764523205405
3309. 2357.3378101874705
3310. 3130.343479966522
3311. 3734.6499795831605
3312. 2579.7077524488905
3313. 5468.525325060922
3314. 7078.690635693356
3315. 1579.5285168981482
3316. 4533.615568584146
3317. 11608.145391867174
3318. 7186.013841519554
3319. 4119.415570084835
3320. 5369.440598811146
3321. 5106.797367092315
3322. 1439.9200518484088
3323. 2772.373578700668
3324. 4213.846805476036
3325. 8290.548069113414
3326. 11644.238976853672
3327. 4299.016017394083
3328. 6953.084379836134
3329. 5533.1931082994315
3330. 3627.2377184070806
3331. 5861.519184117688
3332. 1773.5204304291146
3333. 5284.442383278981
3334. 23650.898502815733
3335. 9926.226643847926
3336. 5949.373631834675
3337. 7671.543771449296
3338. 7568.855639777843
3339. 3248.8902710080965
3340. 1739.7814765571113
3341. 4134.509312980057
3342. 5100.534710860927
3343. 5713.6273141939
3344. 7750.352297135732
3345. 5839.040322482746
3346. 6036.705073533472
3347. 10392.05401282522
3348. 7956.859464073896
3349. 6793.73699623522
3350. 2947.4724283675278
3351. 6784.090335906204
3352. 6235.646726399333
3353. 10049.335398767078
3354. 12624.933608540026
3355. 11195.307826915654
3356. 4797.862862417461
3357. 1228.4638913971758
3358. 14903.42268166853
3359. 6042.880644807862
3360. 5940.012018104996
3361. 4777.04710242029
3362. 14961.299671973191
3363. 7546.982906422786
3364. 3080.7173414992194
3365. 10849.133271522403
3366. 3484.949333495337
3367. 3523.764979767934
3368. 2951.0251245087165
3369. 10160.57175043173
3370. 5528.2965703639475
3371. 9052.838469161066
3372. 4040.8647628418853
3373. 11992.07832420323
3374. 8044.137252115448
3375. 6721.280787788429
3376. 5204.754228595181
3377. 2491.956766476815
3378. 3854.6777757759487
3379. 3917.172132580031
3380. 6807.986170698875
3381. 16113.345805331013
3382. 1402.243730989256
3383. 3847.836663372342
3384. 13680.47722368012
3385. 20727.63151228734
3386. 11010.314213604875
3387. 7612.29281419818
3388. 16291.280220790399
3389. 4671.620269796763
3390. 11133.406310820752
3391. 6720.693212747389
3392. 5611.178969234329
3393. 12923.69325552831
3394. 3006.6202083740563
3395. 9958.51546849886
3396. 3785.827431879551
3397. 12039.933659282398
3398. 9748.92878579007
3399. 12464.462899372944
3400. 3258.6434060107795
3401. 7813.406021991626
3402. 7881.596617926747
3403. 2785.1445373495512
3404. 3337.7265379870564
3405. 7108.982680552757
3406. 5378.19258493263
3407. 4985.961625824955
3408. 9520.250154164454
3409. 5066.982569536539
3410. 4294.688872998866
3411. 4455.4311975963365
3412. 1177.849625519198
3413. 3310.309533410954
3414. 7169.337473964042
3415. 18982.04475927782
3416. 4062.8276010268723
3417. 3815.1623663111873
3418. 14105.57823614663
3419. 4871.719861906492
3420. 2576.2448274459107
3421. 6020.506008993862
3422. 3526.057634470921
3423. 8610.606683146692
3424. 4298.358972510859
3425. 9103.187440441267
3426. 2353.2011787314764
3427. 5434.619424291611
3428. 8276.655356535008
3429. 5468.081266578159
3430. 2726.410210403305
3431. 7990.599627120856
3432. 1409.040769305055
3433. 9522.748071797532
3434. 2708.0321291414766
3435. 2277.6176024875554
3436. 3162.5699190720616
3437. 2211.5091534708304
3438. 4324.0285540748
3439. 1932.2170590371757
3440. 4262.457479898121
3441. 2836.412964672729
3442. 16120.54809607535
3443. 2454.162417925562
3444. 7302.4032199697895
3445. 9953.024664514807
3446. 1940.881554138012
3447. 2709.8353769997066
3448. 2970.2603807801866
3449. 3233.7210547155983
3450. 2137.5182840526463
3451. 3961.598633913745
3452. 12334.604652976657
3453. 2960.211675995255
3454. 3584.2166609786186
3455. 6026.427081507957
3456. 10119.688861950335
3457. 9113.154981656191
3458. 2654.427569432757
3459. 11213.206656457563
3460. 5966.953921684687
3461. 18460.583851271906
3462. 8915.34408559535
3463. 7566.826154498083
3464. 4390.539669736918
3465. 13822.499524230334
3466. 8969.526005807875
3467. 13128.184895264341
3468. 1095.947956444841
3469. 5137.572609804758
3470. 9750.314868980513
3471. 2160.8785731032112
3472. 10306.435201615415
3473. 17289.752398886434
3474. 11809.772310789103
3475. 5897.1578186864945
3476. 11857.866028561682
3477. 5609.515699049163
3478. 9475.473122385254
3479. 11253.453502472074
3480. 18006.09851276188
3481. 4210.821334461025
3482. 6443.674326843971
3483. 5120.448080671933
3484. 4775.023691838352
3485. 7631.86425423961
3486. 11203.395741697532
3487. 6115.118726529779
3488. 11228.721941239402
3489. 6626.769016947226
3490. 9130.485389546377
3491. 9711.200060553158
3492. 3987.088045916006
3493. 2162.6163219580762
3494. 12899.250095577332
3495. 8127.741879306108
3496. 3295.676164299111
3497. 7211.530895592949
3498. 10571.525845278242
3499. 5968.857915839088
3500. 5670.012878809786
3501. 4852.443578970112
3502. 13448.08268415255
3503. 4090.0744488336873
3504. 5984.436784290201
3505. 7240.1816087002835
3506. 8046.547976689429
3507. 8295.572661164884
3508. 1945.678316383879
3509. 3486.234273731675
3510. 10455.668161421465
3511. 9258.08590053911
3512. 6100.170752524278
3513. 6498.447073279323
3514. 9360.15645198363
3515. 12826.983871676259
3516. 2041.1070757538073
3517. 5879.724512790355
3518. 4022.156243366766
3519. 10801.3287428383
3520. 9148.868137331376
3521. 5909.731045235288
3522. 4687.390267170201
3523. 19008.658232055433
3524. 5277.908473557184
3525. 6332.342768225917
3526. 23293.167576341522
3527. 4856.636475359094
3528. 10675.889302320678
3529. 7285.773693080365
3530. 14071.249696760473
3531. 5990.744342433668
3532. 5612.990925027217
3533. 311.7594670832231
3534. 8133.160193561995
3535. 8813.933732221194
3536. 6638.495229385089
3537. 3751.0702183738254
3538. 3622.429099151055
3539. 1713.987727182747
3540. 5642.252870078154
3541. 10950.420248140226
3542. 3594.6252482983623
3543. 2351.36200419439
3544. 4701.282163347421
3545. 4266.938213777553
3546. 3305.5424085681584
3547. 10728.3820282937
3548. 6407.802850029983
3549. 12498.118419107752
3550. 9485.352949205084
3551. 10703.167045772945
3552. 3618.4957125910646
3553. 9668.49363428023
3554. 8041.729216754626
3555. 9798.621830050944
3556. 8187.150763839076
3557. 7575.166957153408
3558. 8730.11960322541
3559. 3985.559295596349
3560. 8345.611074911641
3561. 2637.952331453414
3562. 4254.670275740761
3563. 7208.9451242806645
3564. 4422.743414489437
3565. 2254.8301383894704
3566. 3073.7893006186246
3567. 4232.352545706485
3568. 11562.80924248105
3569. 9923.17668537395
3570. 4942.862897014374
3571. 3305.3269142794416
3572. 5273.030548851811
3573. 5140.827096677203
3574. 6530.631261992526
3575. 3918.1913237189256
3576. 6344.581478328666
3577. 3761.41876184322
3578. 5653.267149742374
3579. 3533.614055243461
3580. 4554.065871948009
3581. 7471.664335647337
3582. 3936.0923886666155
3583. 8054.775300664542
3584. 7443.025135731083
3585. 5305.036640205124
3586. 3533.401077165681
3587. 1468.4656446636611
3588. 4680.606057243855
3589. 6103.754936034221
3590. 7153.585706662231
3591. 5104.9031236896735
3592. 11108.876400857796
3593. 3203.8518616842475
3594. 1122.7018022203913
3595. 2175.4857513457364
3596. 2670.8187110115437
3597. 2161.7516480920553
3598. 4125.942721799314
3599. 12042.070896163967
3600. 10975.98636514037
3601. 10819.041296252557
3602. 4773.874502588287
3603. 2637.9908408300635
3604. 8255.841837208416
3605. 9312.682280098237
3606. 4306.838533725645
3607. 1219.5925739215345
3608. 1612.9975022932695
3609. 10249.760956412205
3610. 3998.460138517446
3611. 7820.873654337356
3612. 4321.827595352536
3613. 4338.695176065686
3614. 6120.218730375662
3615. 4815.36743630461
3616. 10209.111299089598
3617. 4223.695698791464
3618. 7269.062626291021
3619. 3396.9835671984542
3620. 8973.83894037283
3621. 3438.8628738533885
3622. 11803.95244087546
3623. 13136.47558470217
3624. 2822.0815708345604
3625. 3268.282654265445
3626. 2448.6578154251747
3627. 5624.926513822165
3628. 2667.038380718726
3629. 3689.288600497976
3630. 2564.172912924941
3631. 6331.366611377944
3632. 4735.382846861628
3633. 3598.7142019043813
3634. 1927.3845697326249
3635. 9227.52983542175
3636. 2276.832902506358
3637. 3774.731942630954
3638. 5457.264422798763
3639. 2564.4295322308217
3640. 3213.6582548940073
3641. 4551.065292257744
3642. 7832.755678799755
3643. 9460.166561789343
3644. 3148.7017097638995
3645. 5712.555254358191
3646. 1086.6584410220603
3647. 4418.5349656072685
3648. 2897.187734027589
3649. 1258.6309768006981
3650. 14201.403724065258
3651. 9207.147572375317
3652. 16311.421386933414
3653. 2848.8849265850918
3654. 7123.436470386713
3655. 1480.5367486500406
3656. 3690.3234226504114
3657. 2592.8210725496697
3658. 4829.99641510526
3659. 1932.04066947364
3660. 1708.8120352958335
3661. 987.4012702833065
3662. 4118.1925847776465
3663. 2913.3072115778305
3664. 3701.920495990408
3665. 9720.674813464888
3666. 2578.1838343776235
3667. 22544.932237566358
3668. 17944.036771839677
3669. 10117.304166682707
3670. 6047.372805084523
3671. 9806.818322740304
3672. 9967.006840883761
3673. 5851.665128557056
3674. 4882.873218385488
3675. 6739.444145675743
3676. 2533.2415046847145
3677. 1930.7903064792065
3678. 323.71734995254087
3679. 1084.2185309384386
3680. 2162.6566997633313
3681. 3226.80013745133
3682. 8151.170832428558
3683. 2262.4874673270233
3684. 3084.7305660547
3685. 2572.905552960515
3686. 6766.05526238236
3687. 2043.9562832430074
3688. 2898.9190251485456
3689. 2675.030207776364
3690. 2487.8722565294593
3691. 1629.256352382614
3692. 3497.14561322403
3693. 3684.124021431967
3694. 4270.533234062283
3695. 3208.5531892494696
3696. 7962.747138021909
3697. 2341.0156613117597
3698. 9242.334515939923
3699. 3957.625168683459
3700. 5206.024427653888
3701. 4542.770753346731
3702. 8189.939185816931
3703. 3547.5626542659825
3704. 4165.010748947407
3705. 5436.624885122521
3706. 21165.83965316295
3707. 7198.493267420656
3708. 6964.0551744183895
3709. 4672.0720907732875
3710. 2327.597371401988
3711. 8307.07648168709
3712. 1653.684356943293
3713. 6515.243459109176
3714. 6380.620321346958
3715. 2147.2356736334505
3716. 6127.633350282514
3717. 5648.557559829074
3718. 4983.480465354865
3719. 4849.718762381961
3720. 4722.408728730755
3721. 5173.10366972436
3722. 6186.106707465179
3723. 3768.063981579463
3724. 2997.953211103788
3725. 2052.383073150918
3726. 7443.557888166799
3727. 3028.0640824573325
3728. 2756.988677431507
3729. 3793.5604103858955
3730. 4706.913291331866
3731. 8927.88314001101
3732. 1349.6010358191288
3733. 3292.074690647928
3734. 2786.6200630029293
3735. 4571.378703499083
3736. 3353.6176659247617
3737. 9360.483611576567
3738. 6671.411282159054
3739. 2580.551794656419
3740. 468.5348551907392
3741. 5631.499206388449
3742. 3910.9287846989387
3743. 11988.030358513612
3744. 4855.232190593755
3745. 3788.0326952438304
3746. 7248.2590845236855
3747. 3466.569734647674
3748. 5416.221332617881
3749. 4582.54184251519
3750. 5001.333488165497
3751. 5435.240485606323
3752. 9054.994240038955
3753. 3947.595175421884
3754. 6290.36661462887
3755. 6983.480389574165
3756. 2404.5011757807347
3757. 1984.1081675160774
3758. 6650.93306550046
3759. 4136.001121159836
3760. 1443.3218782665517
3761. 10445.348215635993
3762. 9061.213652321534
3763. 2447.7320541856448
3764. 4237.16947493554
3765. 4155.207706162666
3766. 5381.572043189983
3767. 4614.756213223997
3768. 4601.411284235875
3769. 5074.02922081792
3770. 3351.537540451364
3771. 2369.6195388244955
3772. 4579.903796943957
3773. 1401.0499641394138
3774. 5009.34829951777
3775. 2472.1013433110547
3776. 4236.163455155081
3777. 2668.9744250746016
3778. 1270.780639338337
3779. 2676.6795632363537
3780. 4460.423995261328
3781. 4456.510085529093
3782. 4407.083054451718
3783. 9557.44018790149
3784. 4332.040349421096
3785. 2616.280779682431
3786. 3714.2003940313325
3787. 3725.3879954663375
3788. 2074.7370699305916
3789. 1066.5959786514206
3790. 4822.934243291689
3791. 4670.903030178495
3792. 9255.747166579344
3793. 2512.4586452819394
3794. 3328.247859631145
3795. 5020.516224738535
3796. 3652.192382904106
3797. 11367.706228260284
3798. 3802.171243855352
3799. 5809.033814903984
3800. 8204.338471824221
3801. 3260.477391581178
3802. 3586.2688883452447
3803. 3795.103824489092
3804. 5012.617548758162
3805. 5879.968063619566
3806. 5688.1131875090905
3807. 6938.705392099564
3808. 9267.362518874872
3809. 8977.466431480418
3810. 8095.692020294585
3811. 1783.2161737446095
3812. 4871.950065404497
3813. 10694.676290881996
3814. 6738.266592360877
3815. 7305.75760281254
3816. 12236.860532628274
3817. 16954.068285599114
3818. 13081.007590508652
3819. 1944.192351556079
3820. 3428.0257226059857
3821. 4982.937052619749
3822. 5881.392124048569
3823. 6055.765817280883
3824. 7763.790044214696
3825. 1795.1986527049198
3826. 3565.934635088596
3827. 10878.64159925194
3828. 5720.7484803410625
3829. 2552.6768531202056
3830. 4549.832308598081
3831. 2423.9408563746433
3832. 3234.6523427636125
3833. 3182.360239522068
3834. 2212.304054349443
3835. 4625.188970234999
3836. 4911.9507692110365
3837. 5849.45990117941
3838. 1553.3228822948727
3839. 2018.736380470807
3840. 8397.145236720427
3841. 4638.981448538778
3842. 11161.400699381638
3843. 2745.6240780907483
3844. 8542.017721536171
3845. 13615.66600927296
3846. 8248.098977441787
3847. 4549.4159849526895
3848. 9009.093573122713
3849. 3061.428361149152
3850. 2474.227583202469
3851. 6363.6739975326045
3852. 5856.654760328656
3853. 2374.317808134303
3854. 6416.262541963405
3855. 3056.971738053198
3856. 5293.002354014462
3857. 11388.154296555424
3858. 1615.517287703464
3859. 15628.178036206484
3860. 3860.4102772292035
3861. 2444.3047757632103
3862. 7476.787645329594
3863. 7265.759149243524
3864. 5667.3309143492215
3865. 4386.952688970513
3866. 3730.516963018694
3867. 4661.358158270938
3868. 5161.771027745017
3869. 5314.866378977204
3870. 5924.851561859082
3871. 6264.528149374803
3872. 6624.292007550231
3873. 4569.695524622232
3874. 12629.797463119125
3875. 12932.394557874912
3876. 5794.454253608471
3877. 3810.9318282147487
3878. 8953.412472702059
3879. 2265.118537648581
3880. 5138.6809115653905
3881. 17137.902122413758
3882. 3598.7798644907116
3883. 1869.6357860967707
3884. 4469.054666443885
3885. 14991.341302650719
3886. 7866.7928394392875
3887. 8122.21391894269
3888. 7415.128583588601
3889. 11013.816770723159
3890. 9958.668998815167
3891. 3549.5656552567
3892. 1031.8054268296514
3893. 10182.679362436975
3894. 4205.811377846864
3895. 5076.114404443241
3896. 6325.587557091367
3897. 1671.3322818990027
3898. 2107.4248936229305
3899. 5748.337911096232
3900. 6586.247147259942
3901. 2906.181690273858
3902. 5852.552886606554
3903. 7042.250292157395
3904. 3669.4747997097465
3905. 6210.047570162995
3906. 3556.362357924696
3907. 3928.443928592955
3908. 2309.892278700965
3909. 4481.236909824899
3910. 3040.6546619920246
3911. 5456.486781335534
3912. 6735.824483898231
3913. 10178.415492923077
3914. 7314.80521447479
3915. 8697.665415148063
3916. 6785.531450646039
3917. 2482.2919478144117
3918. 8532.07592051426
3919. 7619.285403531261
3920. 3259.945727228229
3921. 9603.354782707323
3922. 16918.395386474745
3923. 6879.843229316231
3924. 4436.38855865839
3925. 15266.997123311845
3926. 4065.6347071516366
3927. 3876.244013453816
3928. 6631.623076206146
3929. 4343.573358950911
3930. 9165.802652514285
3931. 3918.769029301734
3932. 7541.216061294427
3933. 2951.9007052194816
3934. 5346.818931878366
3935. 4715.267226770319
3936. 11304.631033056357
3937. 2633.5111118431846
3938. 3903.686660451647
3939. 10428.538843684408
3940. 4840.760179288231
3941. 5618.8004446850055
3942. 8976.937555302518
3943. 5891.737690783044
3944. 13484.26740382663
3945. 3080.91421590522
3946. 3918.195346862694
3947. 4652.515004637684
3948. 1945.6057860324877
3949. 3696.519263662096
3950. 2272.6978743639556
3951. 2020.0193923336972
3952. 7575.927324128243
3953. 3060.9360849724703
3954. 1560.1561454551381
3955. 1698.639767645736
3956. 2070.1673766002737
3957. 4790.942946605334
3958. 3641.855816558457
3959. 10731.609421205612
3960. 3731.9965939348513
3961. 11948.758656177866
3962. 3492.3436582512527
3963. 10699.434381177414
3964. 5013.937311784854
3965. 5011.673310484743
3966. 2624.995112161367
3967. 10648.633365506532
3968. 11255.678692354979
3969. 4133.75049936938
3970. 5768.81137206076
3971. 3794.747983312295
3972. 3536.0622745155583
3973. 2601.1843706765817
3974. 6762.164625570878
3975. 4666.398774069703
3976. 8445.759187291584
3977. 2288.5844346649283
3978. 1532.8272160426297
3979. 2396.374895346173
3980. 5399.677381643549
3981. 3015.2022940497664
3982. 7142.950598437001
3983. 5493.344115524281
3984. 4514.245877868533
3985. 3688.2067173105365
3986. 13479.855541900059
3987. 9654.33587957854
3988. 5858.345756293325
3989. 5044.7334966226035
3990. 21660.264637984696
3991. 2709.9665767050087
3992. 6328.4487730885185
3993. 11716.040388947948
3994. 6833.5973229427445
3995. 11966.02472024373
3996. 8196.134222588636
3997. 10338.679528487815
3998. 3658.8540100000687
3999. 7227.092424066239
4000. 9956.596012932261
4001. 10922.5365781227
4002. 1346.5310597755492
4003. 4561.820989563657
4004. 2490.3870003549673
4005. 13068.361282247377
4006. 5538.054445023184
4007. 6754.281601835729
4008. 9016.235699401594
4009. 7406.823957031906
4010. 11945.42317159903
4011. 8684.576201846694
4012. 1685.6088463270912
4013. 8022.137026012186
4014. 7128.091171548825
4015. 3569.4391110853567
4016. 3871.0782271236703
4017. 10481.606121133393
4018. 2849.511850280222
4019. 12058.06926585041
4020. 6557.5350638784985
4021. 2575.902299510035
4022. 5521.503786273313
4023. 12108.197055114766
4024. 4499.790755326471
4025. 2571.4731234526253
4026. 1976.4407325581599
4027. 3621.305220659104
4028. 7709.315987030438
4029. 149.60509470021614
4030. 12433.218625986025
4031. 1992.3200835371626
4032. 1289.0470452480258
4033. 3002.2463679727143
4034. 5162.026286648625
4035. 2289.2908944398405
4036. 6376.580812364519
4037. 5339.9394124309765
4038. 8305.361349323342
4039. 4502.960966982234
4040. 1730.8946783616927
4041. 10087.60575151829
4042. 824.1902936062505
4043. 9284.204015347503
4044. 11519.275950748572
4045. 2361.5950752560807
4046. 3092.0498892532323
4047. 9023.098951785862
4048. 8974.403556853196
4049. 5039.87166112487
4050. 6145.889099363546
4051. 11552.48704228904
4052. 5626.997009106974
4053. 6463.769567704221
4054. 1659.8106681402357
4055. 6806.760914094403
4056. 3496.3323504931673
4057. 3305.103268041385
4058. 11788.414638306762
4059. 1711.6634853356063
4060. 6240.6440962191755
4061. 6209.802122395067
4062. 3510.5833719815078
4063. 9113.65300755211
4064. 10088.73077517236
4065. 12264.884777125095
4066. 3607.2434965931957
4067. 14495.942554480358
4068. 5280.718735084613
4069. 1505.081556573656
4070. 5792.876352057363
4071. 6621.500754698328
4072. 3918.8240573981225
4073. 5651.089914645021
4074. 4400.994556329973
4075. 8960.513657167261
4076. 6640.769144123228
4077. 5639.027334201459
4078. 8125.879887913652
4079. 17834.627433538713
4080. 3145.457361950449
4081. 4675.495673156398
4082. 18193.31078373971
4083. 3039.2969265149327
4084. 3402.923884413776
4085. 6481.911692997263
4086. 6633.606707595059
4087. 2441.5254237691906
4088. 4679.869298591791
4089. 5807.595258712189
4090. 3676.570277571299
4091. 8918.50156736446
4092. 3608.719174538333
4093. 4574.17311346322
4094. 1599.7361614389383
4095. 4954.241311583819
4096. 11143.350756922016
4097. 7679.639792129393
4098. 6757.111888216
4099. 9120.44100429561
4100. 6505.662386781371
4101. 4508.643827370138
4102. 11656.982815523168
4103. 5709.885727483042
4104. 9580.396335429346
4105. 3933.7280768272526
4106. 8112.121738461668
4107. 12782.213484552274
4108. 4130.093111269458
4109. 12731.982408015332
4110. 4169.27287348444
4111. 8908.079658086624
4112. 2397.8730623752294
4113. 8497.063674682266
4114. 22352.972325463386
4115. 5854.297283262373
4116. 10721.432510455821
4117. 8499.334961356039
4118. 2485.259670643007
4119. 12525.010972341783
4120. 9593.936468014808
4121. 27952.23642716934
4122. 10732.541253306646
4123. 2026.741557814382
4124. 6106.82587545057
4125. 11469.331536860045
4126. 3154.8156152771858
4127. 5160.005292504939
4128. 2247.1444138516304
4129. 7920.342337028954
4130. 1867.4036878774796
4131. 3908.637739441398
4132. 6212.429556049023
4133. 5934.908266196524
4134. 6602.540965655989
4135. 11511.397570353069
4136. 11901.236843313005
4137. 6585.374949687073
4138. 7526.394274333849
4139. 6191.362938781661
4140. 3332.5257045986077
4141. 3843.130492708892
4142. 17670.037650582304
4143. 2059.1814565142863
4144. 2855.7994853455157
4145. 4932.096834963963
4146. 6877.598428210002
4147. 27725.938457855656
4148. 3464.7806689036865
4149. 1237.7976330361453
4150. 10901.233577853138
4151. 2111.2008875164593
4152. 3711.0579848208154
4153. 11284.178834126544
4154. 6344.199341415767
4155. 3601.654283364417
4156. 9870.92181130269
4157. 14107.66543715088
4158. 3289.8011716949018
4159. 17309.61934504433
4160. 3414.445615837587
4161. 8649.778536827303
4162. 16711.444667540443
4163. 5679.403786859759
4164. 7268.219414943563
4165. 5764.832950437475
4166. 7583.999690944184
4167. 2408.364220225295
4168. 5642.120323327289
4169. 3655.638911566908
4170. 6401.914659942566
4171. 6986.468589643689
4172. 4633.665855094458
4173. 8097.023124814787
4174. 4826.430907858886
4175. 5857.844265034159
4176. 10103.550740408064
4177. 8822.970935900505
4178. 7354.25507938663
4179. 5629.371387827703
4180. 2210.8708125398725
4181. 3648.644532839175
4182. 3377.837086568986
4183. 3474.1376328126394
4184. 2845.3290813195163
4185. 6241.666988844432
4186. 6069.42524182697
4187. 5682.505953419657
4188. 4842.310235371368
4189. 2958.5088010954114
4190. 1168.8967817314892
4191. 3111.905253040074
4192. 1469.4151864726934
4193. 2608.400500233272
4194. 4489.511614759274
4195. 1878.8178047109243
4196. 3160.3376627950556
4197. 5124.205121554088
4198. 6670.1176092973155
4199. 3731.5153003227506
4200. 5856.989372445018
4201. 7243.679713990107
4202. 6456.113745495248
4203. 4029.2515967426084
4204. 7330.814930843167
4205. 7286.359220376791
4206. 7267.953681154264
4207. 8490.226552592178
4208. 4984.939588386456
4209. 2810.6485899934737
4210. 18326.34973084406
4211. 7458.706497063874
4212. 4382.203833145743
4213. 11137.433622996963
4214. 3982.636440344267
4215. 8840.77626897189
4216. 2099.523550822887
4217. 1760.7882282310052
4218. 1578.575799330003
4219. 2450.7152730282546
4220. 3031.969984431353
4221. 2627.827767002288
4222. 4196.217173198176
4223. 5592.290824767357
4224. 5546.577619505203
4225. 3392.050584740657
4226. 1727.9736362405165
4227. 2967.1917630977678
4228. 1621.6005510745047
4229. 4943.51722444039
4230. 3991.9502875972835
4231. 3979.5059424469114
4232. 2963.3510782547455
4233. 678.2726707751231
4234. 4759.144676848279
4235. 2233.521078493359
4236. 5421.210972103567
4237. 5494.716817973802
4238. 1543.5553714144166
4239. 1708.2240056470348
4240. 2543.3702475712043
4241. 1437.380857286791
4242. 725.5797098446097
4243. 6493.098676742488
4244. 8583.127428200349
4245. 4901.265076605254
4246. 3274.550022149601
4247. 7872.274907950976
4248. 6073.629411947005
4249. 2444.9363088407395
4250. 5281.608853959005
4251. 4336.5680778235665
4252. 1458.8850809162252
4253. 5824.070905135674
4254. 8328.796213095735
4255. 6115.653787190237
4256. 2555.004006714012
4257. 5627.083886147979
4258. 16983.666544246356
4259. 3333.8489286327726
4260. 3263.604971377852
4261. 2073.1757884624003
4262. 8368.319368402592
4263. 7899.656770404518
4264. 2335.4373378945775
4265. 4001.3789069379336
4266. 10943.698197483505
4267. 1808.0406548521157
4268. 2915.856281671263
4269. 4461.791009286719
4270. 4476.463996527272
4271. 1955.7924162603322
4272. 5359.8937937396
4273. 3353.0091753351653
4274. 2845.604686928643
4275. 3352.1460495957863
4276. 4437.206121255522
4277. 4784.961845061812
4278. 1622.2390573252037
4279. 4150.881403085352
4280. 4430.732780686299
4281. 3499.276867791668
4282. 2979.4963471910137
4283. 5839.849709674698
4284. 2238.3061620692415
4285. 2995.822999095431
4286. 1249.660126847653
4287. 1503.3547975450642
4288. 4758.500404775084
4289. 3470.631254858414
4290. 2535.2371607261707
4291. 13708.853257597695
4292. 2312.4970960343894
4293. 3426.8367332137227
4294. 1426.5376149269714
4295. 2747.288367367283
4296. 2207.620127664163
4297. 3083.2436833790252
4298. 3120.532696100121
4299. 5909.232351172038
4300. 1755.34492018153
4301. 3507.2662361722378
4302. 5171.349252062228
4303. 1435.322188357504
4304. 5174.277201210776
4305. 2744.6687521983763
4306. 2245.1220286682205
4307. 5520.092984493143
4308. 1472.619421914729
4309. 7178.070739815617
4310. 6482.670768086557
4311. 4306.707000006113
4312. 7047.241847695331
4313. 5613.142334919039
4314. 3404.2688096471825
4315. 6598.392813856258
4316. 3610.9947928849306
4317. 1685.2763840202067
4318. 4645.685543920572
4319. 6179.366352879302
4320. 2120.121878595722
4321. 2493.830211283026
4322. 1546.8784285750908
4323. 5392.300844764129
4324. 771.0382848536117
4325. 4548.447080565267
4326. 4775.653210380442
4327. 8029.818580753153
4328. 713.738498471274
4329. 3073.3322119882814
4330. 3050.213390870243
4331. 7554.419106817895
4332. 2351.3431536515473
4333. 6967.952954298035
4334. 5921.180224210389
4335. 2313.0208267540115
4336. 4964.395735786341
4337. 8687.177199848096
4338. 5478.168502820054
4339. 4411.615579253794
4340. 3626.500676030066
4341. 5670.534674226191
4342. 259.54656229522953
4343. 5060.948366931387
4344. 1608.9659908629924
4345. 3574.404564453506
4346. 7199.2549589881055
4347. 5384.950969720466
4348. 4381.0526241852485
4349. 3172.4758765104707
4350. 2904.8273162387472
4351. 6093.807808989407
4352. 2574.834216795509
4353. 1599.6266613665014
4354. 2623.862713092631
4355. 4102.901661583684
4356. 182.04332128331174
4357. 1289.7812249365559
4358. 427.15575394168025
4359. 1399.6362051973438
4360. 1016.5897993774407
4361. 6041.536209222755
4362. 1706.7598085859556
4363. 1145.8297374365297
4364. 2086.2093072294965
4365. 6247.695991471022
4366. 4517.024953613918
4367. 5456.182641011211
4368. 3387.6118297711014
4369. 2549.9439332330708
4370. 3976.4563890793384
4371. 444.38386891320783
4372. 3754.0989728341156
4373. 7556.143994893987
4374. 2039.8818679468884
4375. 1009.5723792179672
4376. 8204.360173765092
4377. 5107.283562570393
4378. 4514.381189793084
4379. 3675.741075312819
4380. 5017.869711747655
4381. 1526.9706552989946
4382. 5687.2767500853615
4383. 3261.8268312129912
4384. 1760.7450812949276
4385. 1815.0837459535146
4386. 1738.837436846272
4387. 2671.7185909274876
4388. 3211.765922602607
4389. 3396.773886064242
4390. 5699.266276384691
4391. 12137.46774146535
4392. 7301.952349373045
4393. 11096.866693366788
4394. 2491.5544055811174
4395. 7425.394336062037
4396. 10388.774380184537
4397. 3843.4360044639075
4398. 1169.990469879048
4399. 1295.134536258637
4400. 4934.564426579214
4401. 6859.91940010122
4402. 1917.9440043804038
4403. 2862.379067071109
4404. 3725.4327060305645
4405. 5622.128395962484
4406. 4783.3143136198305
4407. 15700.014303555663
4408. 13393.144297884515
4409. 6159.750033438194
4410. 9686.728116520242
4411. 6781.441544953765
4412. 6449.23035668969
4413. 3217.1638912725166
4414. 2142.2636621023485
4415. 5111.491428056916
4416. 3539.40732397654
4417. 5099.1131451386445
4418. 1042.1775063143539
4419. 1865.6548047295562
4420. 6102.380493037189
4421. 6619.917290817369
4422. 5138.752968140126
4423. 4706.259736548562
4424. 5294.929842577551
4425. 6868.4596592071985
4426. 1506.4015090858852
4427. 6815.522286836173
4428. 2383.0741059694174
4429. 8688.01303762087
4430. 4691.841139100592
4431. 3603.630926304039
4432. 11287.546780027133
4433. 10694.947675681397
4434. 7945.075220440011
4435. 4463.460870617003
4436. 10340.293494146043
4437. 8990.75735590125
4438. 5631.565130274594
4439. 5008.474786797016
4440. 13969.20450497826
4441. 15704.248415653145
4442. 1293.0587171001882
4443. 7803.583191117332
4444. 12286.455778101703
4445. 15028.431766738762
4446. 3924.982459585818
4447. 3547.179260943809
4448. 6611.402872905833
4449. 3133.0608336599607
4450. 10734.996428261307
4451. 4266.341829847926
4452. 11671.24914341903
4453. 8962.990720663272
4454. 3666.7123092784113
4455. 6586.813373528475
4456. 5555.269583187582
4457. 3664.6654853183654
4458. 5462.155817843592
4459. 9551.955493039857
4460. 6280.630730915859
4461. 2996.7231612376354
4462. 2654.1886109396128
4463. 4492.151788807765
4464. 7922.008466919837
4465. 9042.432080049199
4466. 7685.28205656335
4467. 6290.638775876649
4468. 1363.5155545797224
4469. 3859.9156606685647
4470. 10012.282527352827
4471. 8957.438527935115
4472. 9844.485897081613
4473. 4657.161330966175
4474. 4898.785419478586
4475. 3522.443658309354
4476. 3540.196048113379
4477. 2624.60417674086
4478. 2492.9907104000163
4479. 10881.578805931444
4480. 4440.771039685726
4481. 5129.543562051911
4482. 6656.0459165255415
4483. 8100.044087342157
4484. 10985.829928286188
4485. 7872.949540975528
4486. 14942.246408394303
4487. 3728.197638831601
4488. 14807.971391128845
4489. 219.73643744857958
4490. 3763.5725980551615
4491. 8964.429385079236
4492. 12921.738836875615
4493. 11766.492364328757
4494. 2122.730304174849
4495. 2040.5632578736097
4496. 15709.931122547545
4497. 14091.702614308286
4498. 5786.678042426216
4499. 4634.733988996061
4500. 5202.750870533781
4501. 8406.217554695673
4502. 6283.587921964419
4503. 3255.6349886445
4504. 10606.188817555543
4505. 3401.131856591923
4506. 9713.384751253756
4507. 5616.615802917934
4508. 8041.560215579211
4509. 4422.588928089555
4510. 7229.052670051967
4511. 6967.731407516753
4512. 11304.284507551205
4513. 2568.84285175333
4514. 3097.178686394476
4515. 1334.1687860013285
4516. 14016.503941946303
4517. 15193.485285339853
4518. 11222.893917828469
4519. 1125.9601989147493
4520. 2136.1498432959324
4521. 10069.183337468485
4522. 387.60233864649246
4523. 4981.051636609916
4524. 2413.9125607239907
4525. 6439.908863749058
4526. 8025.301522312998
4527. 12570.050749043889
4528. 3280.5484191380083
4529. 3293.1708900077106
4530. 9779.425279737547
4531. 10569.930835327039
4532. 6982.8731159600475
4533. 2634.1884319671885
4534. 2792.352263965276
4535. 15337.562250171768
4536. 4648.311060330859
4537. 7590.814985467677
4538. 12927.11704234003
4539. 14915.526324963965
4540. 10562.120526989773
4541. 4946.792307729524
4542. 9065.494723215064
4543. 3314.8952191254534
4544. 14657.00372708218
4545. 13012.366594353594
4546. 3067.9525380192326
4547. 2275.356201015527
4548. 8200.059902824092
4549. 8733.490375452833
4550. 6481.0900484873055
4551. 3583.634476747026
4552. 3019.09200243214
4553. 11703.16115980791
4554. 8567.060869106379
4555. 10347.85966939946
4556. 15282.586854580468
4557. 9576.582937662499
4558. 7666.967409875197
4559. 1362.807333098135
4560. 2552.061228901721
4561. 6670.425099887567
4562. 9544.238682442261
4563. 8320.712837718493
4564. 11103.740589928486
4565. 3812.612721851143
4566. 4398.5841708714715
4567. 4510.426220766692
4568. 11564.502736851866
4569. 7528.007738332744
4570. 5183.050353057773
4571. 9821.815594945087
4572. 1012.2824616971841
4573. 1791.7107299490697
4574. 2930.7176438785964
4575. 633.5557820780357
4576. 8673.502707548041
4577. 10895.870508942278
4578. 3714.7596745647684
4579. 4601.300707551288
4580. 8197.016657680259
4581. 4781.986715680136
4582. 4253.92688608862
4583. 6698.633081720198
4584. 3588.7606053625805
4585. 2929.841367180495
4586. 2502.7241677998154
4587. 1345.8972674673505
4588. 9623.211179493284
4589. 14837.585055318616
4590. 15343.027985774143
4591. 1904.3042997815387
4592. 14368.723192994661
4593. 12682.665721239766
4594. 4512.630986317754
4595. 5952.284378439201
4596. 3589.687735791561
4597. 4221.532665178795
4598. 14922.537779416263
4599. 6803.330358154422
4600. 12933.4362875315
4601. 3552.3828970281293
4602. 2317.407467183687
4603. 6666.3392995392915
4604. 9876.269267132873
4605. 5835.4455880534915
4606. 3702.9446220759705
4607. 3896.2791611704174
4608. 6399.966330877572
4609. 3580.1240261115136
4610. 10429.08336492015
4611. 1932.0084893979322
4612. 14432.986515185159
4613. 7192.50060098909
4614. 3131.452842901592
4615. 14328.573100682008
4616. 9111.856384727522
4617. 9742.5412303937
4618. 3973.672712843054
4619. 7732.443595876638
4620. 5629.447591015133
4621. 6825.012586437011
4622. 4433.245220192756
4623. 3916.432882985615
4624. 4119.790378447204
4625. 6626.623409870923
4626. 1736.0565099714809
4627. 4275.08808358926
4628. 11580.74651565721
4629. 5688.5912693542095
4630. 8092.697297493128
4631. 4873.323083099739
4632. 7414.18420198788
4633. 9278.948285642868
4634. 8362.023342943177
4635. 6264.0297856914585
4636. 11545.102316795505
4637. 13292.128138003023
4638. 6995.4405248511475
4639. 2859.702941661386
4640. 9571.684369593486
4641. 18079.61293009408
4642. 5363.497602576332
4643. 7877.1982524145815
4644. 887.6650282730519
4645. 12853.854148574874
4646. 6791.678794009094
4647. 9718.449146641484
4648. 7891.847557585854
4649. 4500.765100520774
4650. 5753.5833799132115
4651. 2195.4942165836333
4652. 9395.69134244461
4653. 42977.9636615731
4654. 535.8074842187771
4655. 1090.7760725100604
4656. 1215.1835169378971
4657. 11872.981075686204
4658. 2849.759255995679
4659. 7295.837387216548
4660. 1979.9141208082724
4661. 6510.661592686402
4662. 4050.758223962951
4663. 6204.030108416328
4664. 12940.008207252335
4665. 13562.315577138723
4666. 6833.841138650669
4667. 3405.662226585173
4668. 4817.713231360639
4669. 17904.80166756904
4670. 841.0071395126809
4671. 12295.77788527446
4672. 3323.3933935082287
4673. 8953.805306126904
4674. 5799.480256918403
4675. 10727.73933023426
4676. 11508.226714856952
4677. 11688.780387155255
4678. 12265.450929153494
4679. 7392.930625749218
4680. 12808.191550146717
4681. 2864.07099449327
4682. 6077.562504685856
4683. 1876.039681594546
4684. 17063.67643370767
4685. 5765.805340851607
4686. 15590.29528358872
4687. 2358.15538619116
4688. 14797.245917746211
4689. 2701.9596430217134
4690. 6817.624415658797
4691. 5088.304692537467
4692. 2714.8076754109607
4693. 4589.029795477858
4694. 5006.577172019546
4695. 14984.114261439769
4696. 9998.538430984458
4697. 11104.076582119713
4698. 5807.820073112254
4699. 6338.678881137898
4700. 5337.994097769462
4701. 6020.36240793503
4702. 7004.059087546884
4703. 7938.572716885709
4704. 24336.853228297616
4705. 4893.454808551852
4706. 3189.888880712118
4707. 19809.58428209979
4708. 10091.658981046468
4709. 6847.683825922754
4710. 6061.013120476146
4711. 8586.386732079198
4712. 20050.345540411967
4713. 7915.182286914697
4714. 4296.604932748129
4715. 15177.925138254594
4716. 9555.291525789908
4717. 13783.783791508084
4718. 5572.224517159174
4719. 7256.75668818902
4720. 12978.715824526682
4721. 4850.365102308887
4722. 7821.757824048629
4723. 16683.26337104498
4724. 25608.83820790122
4725. 10958.751060731525
4726. 926.3412691888647
4727. 2968.3147906623076
4728. 9739.580863071413
4729. 2976.2044745152184
4730. 2592.367159425102
4731. 16887.107962827933
4732. 5596.218059909473
4733. 10652.596418127541
4734. 3441.1027779137485
4735. 3703.0053867301503
4736. 12325.834106736049
4737. 6830.1894430311095
4738. 8705.019826872891
4739. 6306.761437162232
4740. 17995.06236157521
4741. 15385.517615242266
4742. 5134.305291991243
4743. 2675.814693173729
4744. 7767.0886770123
4745. 8176.551298772421
4746. 10111.762988719755
4747. 13913.083673683857
4748. 39746.6414872542
4749. 59065.2718567162
4750. 6962.272610662602
4751. 3723.7655913627495
4752. 4201.002623282244
4753. 15503.816686237116
4754. 14689.139336285403
4755. 8804.736569817693
4756. 4347.890568720235
4757. 6397.972205711944
4758. 3177.584286231619
4759. 8891.773599070826
4760. 4554.1152899765
4761. 4153.95301495372
4762. 6864.089434387452
4763. 9426.689982055408
4764. 15927.695421633633
4765. 12864.236682233826
4766. 6055.686103601493
4767. 9020.609307931687
4768. 4823.976902580179
4769. 6215.488103941344
4770. 20072.637519657324
4771. 9465.20400341261
4772. 7673.335906407659
4773. 10181.207592267805
4774. 8053.403596568184
4775. 9251.864979454478
4776. 6127.151295058454
4777. 13761.768362970068
4778. 24696.806768771385
4779. 9484.282806534655
4780. 15860.47828990535
4781. 12528.326049885323
4782. 13196.488207808896
4783. 40442.26776425915
4784. 11730.011907262906
4785. 6918.1473844883885
4786. 15922.826472044611
4787. 8681.044852751018
4788. 8709.745339728337
4789. 14416.55552611749
4790. 20445.047827914394
4791. 13554.40360490223
4792. 9979.317534534488
4793. 19961.812192029007
4794. 14766.576675655073
4795. 8170.335646686865
4796. 665.0361695039221
4797. 2587.4315478332383
4798. 6410.166055260518
4799. 5333.010548291931
4800. 3818.185001351054
4801. 6610.215747929023
4802. 2543.8977148615236
4803. 6891.3708127729815
4804. 14412.264310234315
4805. 39411.65078529801
4806. 11406.324536373293
4807. 48904.21253696413
4808. 29316.293655012
4809. 17606.739782597473
4810. 6539.646307905223
4811. 17503.07993805093
4812. 3863.435237029435
4813. 3833.501736084784
4814. 16861.63226073858
4815. 13183.50067395517
4816. 9457.783273508669
4817. 1861.065740297667
4818. 6044.039585458628
4819. 3351.9064314492025
4820. 5490.163217878414
4821. 11642.547630475781
4822. 10085.04919879478
4823. 6093.200898471048
4824. 8865.770317198416
4825. 10450.763486940854
4826. 10221.001222606013
4827. 17858.287959858895
4828. 14642.486678683657
4829. 2282.7795090124437
4830. 4545.390453515287
4831. 6200.661244558673
4832. 7116.345932465645
4833. 6607.889607144941
4834. 38010.91568708896
4835. 62687.76929153895
4836. 9484.818801300937
4837. 8486.558627885508
4838. 15065.854072092394
4839. 52916.93705186963
4840. 15194.215801601948
4841. 4746.897677734039
4842. 3368.7046221121664
4843. 3154.1626639134574
4844. 18752.321355930584
4845. 4638.597269118941
4846. 27681.795159620633
4847. 7859.260545208324
4848. 4411.785186533903
4849. 8594.346967526211
4850. 8296.867419524175
4851. 18165.25304308318
4852. 8009.769808156407
4853. 31945.62007135203
4854. 4003.4896264565205
4855. 5929.520687507511
4856. 11259.293920452796
4857. 2706.6199252139454
4858. 1393.7969819383554
4859. 5209.345139244749
4860. 6204.062126548285
4861. 14364.586847943267
4862. 8984.434558435289
4863. 7878.071028211654
4864. 10746.835192725883
4865. 8117.12725018657
4866. 6525.47783249414
4867. 8843.921386036545
4868. 12341.452772870805
4869. 29370.302714360438
4870. 18229.246451253013
4871. 10013.198695068286
4872. 5188.99101602096
4873. 4769.675062009424
4874. 12297.56774938524
4875. 6153.230918666252
4876. 22308.400169238572
4877. 7108.075216998483
4878. 4558.414002062867
4879. 3823.238984444876
4880. 2538.4700525567764
4881. 4208.226483016798
4882. 29801.41363768055
4883. 13731.495803677837
4884. 20621.355319258884
4885. 9847.42387810248
4886. 15825.310730347532
4887. 15987.64239651742
4888. 15408.065835665413
4889. 14306.63729626876
4890. 15911.433072702152
4891. 16647.88537957501
4892. 12965.010809997177
4893. 5780.932409499292
4894. 2648.186724235012
4895. 8931.940809840178
4896. 20418.818481346283
4897. 4999.286115804241
4898. 3335.2730401958297
4899. 6369.004109834633
4900. 3177.2516972530884
4901. 181.841626239464
4902. 935.3823214216196
4903. 5429.694488757361
4904. 16535.792906075156
4905. 15692.270305990587
4906. 7588.749787864998
4907. 32434.167129206315
4908. 3401.5280625580885
4909. 4076.0468679957453
4910. 3388.4843877475123
4911. 96882.91898451681
4912. 1210.8385872340693
4913. 240.64963171934414
4914. 237.60152115969046
4915. 1737.2828617162031
4916. 1109.2049868301394
4917. 873.0937498070938
4918. 2457.5610537819944
4919. 3679.4053974850503
4920. 764.7538987669
4921. 686.4437408884945
4922. 551.553371971866
4923. 454.0943414724962
4924. 1266.6643130485704
4925. 1414.4976394482383
4926. 2452.441231113178
4927. 380.24851835071775
4928. 2266.489871049281
4929. 1395.384699957956
4930. 2154.7395170612526
4931. 604.1015485735599
4932. 2296.7184583977255
4933. 1378.4430999914803
4934. 851.1837671697172
4935. 3523.93674864221
4936. 2425.4803255950847
4937. 752.2165310535945
4938. 3429.649011939018
4939. 2093.7664024669557
4940. 10293.491128037786
4941. 1798.045997018148
4942. 1458.9199238290803
4943. 619.5022837086256
4944. 1115.6647190208398
4945. 321.7462296451007
4946. 955.9077093293356
4947. 382.1041877116186
4948. 702.7519363934745
4949. 692.407661983736
4950. 895.0073505354883
4951. 804.8403889467397
4952. 521.1078139509777
4953. 4462.565019369522
4954. 1216.784996169643
4955. 958.3900338054352
4956. 278.0422906552297
4957. 1770.7710685099769
4958. 4648.334861231616
4959. 713.9572740153451
4960. 3383.719365460299
4961. 2193.5738299502805
4962. 986.7692149933964
4963. 1495.3992858230674
4964. 2949.896172300806
4965. 1278.1938675502424
4966. 1240.9168483489123
4967. 663.0775015003026
4968. 699.9234555690998
4969. 360.3912310209525
4970. 722.9860236437089
4971. 1638.7136958859046
4972. 421.5473138710278
4973. 581.8848233846547
4974. 280.427885603683
4975. 897.381680006914
4976. 432.54880385288465
4977. 594.1874296031601
4978. 875.5734184399731
4979. 1620.8318018728837
4980. 1150.1236736845094
4981. 546.9466012161237
4982. 1170.60156306346
4983. 948.058941012269
4984. 338.50265078102575
4985. 373.78562658687486
4986. 1258.4097542719194
4987. 2202.4969096182317
4988. 177.06079657375497
4989. 832.9850526861105
4990. 1753.8484112863132
4991. 3070.1741509750946
4992. 3632.10286792287
4993. 1120.130448030337
4994. 2895.5613714565916
4995. 787.1878524775647
4996. 1770.247790640307
4997. 1065.6659977228271
4998. 3585.0780967842466
4999. 2022.42701804
5000. 3724.391355162691
5001. 1138.9433480997575
5002. 987.5212940826175
5003. 2054.0049337712912
5004. 1471.3597397878368
5005. 4924.51225673706
5006. 2707.313007891213
5007. 1280.4125528181285
5008. 84.5946990513112
5009. 1132.7179171093333
5010. 4832.34615350064
5011. 8707.700208026188
5012. 3786.7758522566896
5013. 4451.293597429022
5014. 960.4990472818612
5015. 2357.885573273274
5016. 2195.8173370256623
5017. 3583.179793492483
5018. 414.70566575437033
5019. 1575.4903488948323
5020. 1987.2183729241708
5021. 3107.026473973262
5022. 1341.2318054358261
5023. 3368.75258094742
5024. 2310.8026021131454
5025. 1339.640671200904
5026. 1425.8746880859019
5027. 1550.7412172803763
5028. 1772.8876857557589
5029. 2192.643143601247
5030. 926.1877006384315
5031. 591.1895654086098
5032. 1059.7036445167403
5033. 1058.7576061412888
5034. 612.5705972292942
5035. 1175.0200334359233
5036. 257.7693296740246
5037. 1646.689650606098
5038. 987.6553707187385
5039. 179.56994123982088
5040. 149.90102933136623
5041. 1962.6483735737422
5042. 1707.9022115954092
5043. 502.95926092788164
5044. 2593.8564897199494
5045. 1190.22324619061
5046. 1282.9507142816105
5047. 1028.034903852325
5048. 1706.5377307937192
5049. 1047.4351179188832
5050. 1339.9764692297192
5051. 3217.34522461102
5052. 2072.757170241594
5053. 1160.2931531604775
5054. 3280.058919496385
5055. 2818.966339774284
5056. 402.5110605650831
5057. 1728.876312536457
5058. 418.3812475416847
5059. 806.2092594808704
5060. 1318.3637804201628
5061. 771.1853598898759
5062. 2071.051543527217
5063. 1448.6370549320388
5064. 713.287869155248
5065. 1594.8688109794084
5066. 2126.52655035135
5067. 482.91193896319214
5068. 1013.5196133447853
5069. 1440.821741801625
5070. 1066.2383703697344
5071. 1691.3547220633232
5072. 732.0012608710089
5073. 922.6134688902303
5074. 1542.2673868204313
5075. 245.99200637778577
5076. 1032.4022325174553
5077. 388.7213558320189
5078. 806.2131043187118
5079. 1367.1186502018427
5080. 749.3612997104285
5081. 1834.087382226672
5082. 598.5421580038252
5083. 1092.5992705234282
5084. 985.3255372671871
5085. 1415.235508384622
5086. 1593.9221967113251
5087. 1266.6608983081244
5088. 1453.3770294415208
5089. 454.2677266934293
5090. 325.3309166574363
5091. 3586.1428118574213
5092. 341.01426922142554
5093. 1355.882973776927
5094. 1275.290360073821
5095. 3233.216270047791
5096. 590.3983878451445
5097. 743.7417228750124
5098. 782.1316988731386
5099. 1160.019744122003
5100. 886.3984726735077
5101. 1318.4875361383147
5102. 2827.167182010555
5103. 4738.45831057272
5104. 4266.024248545353
5105. 378.9480662136164
5106. 1520.348080455496
5107. 3377.179084254707
5108. 1206.9571310797785
5109. 749.3531466232934
5110. 2151.7984962028504
5111. 2825.475199490148
5112. 631.7637002915586
5113. 2982.414617341948
5114. 764.805244796074
5115. 367.8429135915563
5116. 998.5399178183932
5117. 1117.6896336850307
5118. 762.7290647478432
5119. 1063.3005611243448
5120. 2481.3058899503026
5121. 3168.412825256756
5122. 4460.895034030568
5123. 1978.8314332161551
5124. 1255.3602102310972
5125. 2056.6373259264874
5126. 3421.309781654153
5127. 2516.11648694689
5128. 2316.2385757607485
5129. 950.4323876996255
5130. 1268.654244209884
5131. 3655.213757184551
5132. 117.00732158301402
5133. 3581.196882580915
5134. 129.91465346405354
5135. 1939.9955070138642
5136. 1421.9233885313997
5137. 991.7496745054973
5138. 1682.5953480483354
5139. 1079.1401187029905
5140. 1527.024443547652
5141. 1880.860265195043
5142. 1456.862531867784
5143. 1968.5303315567126
5144. 1934.8639788436546
5145. 2583.577770558891
5146. 807.5895720018336
5147. 1017.1306338163328
5148. 4063.425094734762
5149. 282.77759379053634
5150. 675.9390749735795
5151. 2988.0754451288017
5152. 1940.486480362402
5153. 2240.1126397902917
5154. 1872.1270778776886
5155. 833.6610023685827
5156. 2089.84970263546
5157. 1623.4026699915628
5158. 798.091366590999
5159. 1248.9660308575199
5160. 3174.846952253391
5161. 2243.526025423279
5162. 3668.173160032956
5163. 5038.897334236856
5164. 3454.8424706319806
5165. 310.80047427551284
5166. 725.2380366497849
5167. 940.6657216208368
5168. 342.46119372116834
5169. 1372.7735261233508
5170. 3110.2161795515153
5171. 4382.595615169264
5172. 3722.7699251360855
5173. 1835.6526761336486
5174. 4835.166347533537
5175. 3098.7084590264744
5176. 1489.0431181247222
5177. 686.5925121969111
5178. 1223.329592348344
5179. 2456.6661704687367
5180. 3307.0342863267538
5181. 1528.7847994835736
5182. 2045.4297872654004
5183. 4704.776286947431
5184. 2396.3095795872177
5185. 3615.939972587307
5186. 536.5431758601895
5187. 3443.4751814453875
5188. 4296.499934554842
5189. 3659.6404606035226
5190. 4488.423820765263
5191. 2504.817692999913
5192. 1802.300620397654
5193. 770.5864006368663
5194. 1746.3098390320808
5195. 1176.5974027506913
5196. 2333.714839508529
5197. 3729.336952966133
5198. 5253.072609138448
5199. 2188.919886544074
5200. 2965.6432564523525
5201. 2117.5936654177945
5202. 712.3056157295044
5203. 2522.070069971401
5204. 2445.7472775718584
5205. 1764.5589492076876
5206. 5189.61732260335
5207. 2079.477577152657
5208. 1175.2661664096568
5209. 848.0268570732636
5210. 950.8504266078456
5211. 3542.02727348606
5212. 4017.9653470906055
5213. 1452.826225503974
5214. 2043.9938780186305
5215. 3596.8025717439486
5216. 2165.22137534802
5217. 4176.315012321859
5218. 3717.531421643698
5219. 642.3154912749227
5220. 1234.332099494566
5221. 783.3147288049048
5222. 2794.7363154509194
5223. 1371.3752010527953
5224. 1014.0690855627149
5225. 2434.8588830563226
5226. 2006.028560949902
5227. 2382.0302024018392
5228. 4131.263698896096
5229. 1264.9643399578206
5230. 1859.108898971578
5231. 905.0601527735055
5232. 1530.5315893414563
5233. 401.5382483841204
5234. 4634.225094428587
5235. 1701.954777545422
5236. 1988.479796393081
5237. 634.4812917928751
5238. 484.3698300337161
5239. 837.6635925287443
5240. 476.60384398281064
5241. 1439.675064442354
5242. 975.260741632494
5243. 4039.143830980742
5244. 950.6432976240023
5245. 3275.94210359935
5246. 3988.224057507035
5247. 2095.57547800346
5248. 810.3425772725534
5249. 648.8965970103372
5250. 735.1399389134137
5251. 1666.3501237717992
5252. 1831.0830160646935
5253. 1222.5975190373465
5254. 1482.7593725988684
5255. 1767.084971988267
5256. 1489.920195638651
5257. 2052.0396967881074
5258. 2136.28242239138
5259. 851.3445276852249
5260. 2488.9155978370945
5261. 614.1013415894362
5262. 1283.9826355192147
5263. 1155.7011645741031
5264. 1375.151216555665
5265. 1839.5703598717525
5266. 839.3340340297823
5267. 429.99597034193675
5268. 1502.095776756679
5269. 456.46152370767294
5270. 998.8456102378284
5271. 529.92280441138
5272. 464.92253589966043
5273. 2891.9950880207125
5274. 158.45470188413577
5275. 3658.848175470165
5276. 1124.9109365889988
5277. 1892.3506455007464
5278. 2000.020258409793
5279. 3161.3580153439593
5280. 1667.2586293284073
5281. 874.8790977721566
5282. 561.9691478570293
5283. 1182.795610267857
5284. 1696.1213023213347
5285. 686.7035508849777
5286. 455.9490097017459
5287. 1106.7249657547982
5288. 1029.2922706335798
5289. 7529.575208274439
5290. 1044.5350224522197
5291. 2029.1553881778666
5292. 2164.4752272692517
5293. 3550.270638961401
5294. 480.8143157754823
5295. 2863.259637528232
5296. 1281.9666045748422
5297. 1267.3550405794595
5298. 3210.573126899066
5299. 3614.9648994030053
5300. 1480.196117009617
5301. 3294.0024076529785
5302. 3254.2516540939705
5303. 2486.804416594871
5304. 1179.8484498987584
5305. 1621.1164031025135
5306. 7952.821663820547
5307. 170.07873859882912
5308. 2031.5256204397162
5309. 1427.8690933309686
5310. 206.80049491791354
5311. 2907.8084651782933
5312. 608.4153960361534
5313. 2327.049710867343
5314. 1325.2251496779472
5315. 1063.194628112611
5316. 1208.4365809558647
5317. 1363.7948305684938
5318. 1355.4259249574325
5319. 1300.1035230560408
5320. 798.6760222890507
5321. 528.3218655853101
5322. 5308.429220537929
5323. 977.0652247563615
5324. 4118.5143592565355
5325. 966.9908341267584
5326. 1265.907843456068
5327. 3926.1465076726977
5328. 2943.4022980272066
5329. 1898.8809843210995
5330. 1568.1505790679612
5331. 891.2630384983172
5332. 57.389534472474494
5333. 2082.0973379319294
5334. 2563.701439304907
5335. 959.5626765885424
5336. 624.6664380967444
5337. 2982.4006469719125
5338. 2549.7059884203595
5339. 3670.334984254428
5340. 2321.5325540145054
5341. 1219.8467871030084
5342. 1668.6761281115864
5343. 3742.80798760612
5344. 2970.4861069935996
5345. 3970.850650451397
5346. 1667.1750553230117
5347. 4664.27187231075
5348. 2230.081038685171
5349. 491.5986547421267
5350. 2100.378139262024
5351. 1795.4251541513645
5352. 3466.696790513251
5353. 2655.415803753372
5354. 4629.690061891088
5355. 3014.778955748696
5356. 3988.8653454501123
5357. 4767.396726911401
5358. 4285.7464734496925
5359. 4479.91165100001
5360. 2800.9542936941866
5361. 1820.228072780852
5362. 3501.4094319464607
5363. 2693.5831764335007
5364. 2307.0563936967023
5365. 1749.4660102969651
5366. 2622.0934119848685
5367. 722.8686511889374
5368. 1742.6129455613816
5369. 3246.821703672699
5370. 6024.631139413642
5371. 1888.0120739100787
5372. 606.6146703047027
5373. 1876.5679867064077
5374. 2613.4895561582443
5375. 2378.923745194941
5376. 1708.823192530368
5377. 555.4021889952362
5378. 172.39604639585255
5379. 555.3418219616215
5380. 2795.936406394945
5381. 1536.2088898728832
5382. 810.9660379332778
5383. 2056.862363151595
5384. 1856.3075391291104
5385. 904.9124064937209
5386. 1993.0971538680947
5387. 1980.5655626158255
5388. 1401.4990468679196
5389. 2087.544659026651
5390. 1379.2305362800978
5391. 2276.91391904896
5392. 1332.372591933587
5393. 420.5306039050867
5394. 2677.853687632536
5395. 2946.980271646754
5396. 1386.2317866834655
5397. 4019.5801669952716
5398. 2453.9662811744583
5399. 999.3878306694618
5400. 1214.7781438214818
5401. 1836.240478078126
5402. 1747.5872783953469
5403. 847.9614020490872
5404. 1390.130781160985
5405. 2075.9421409412525
5406. 869.9073534669496
5407. 2747.171726486411
5408. 3118.292393484699
5409. 2997.870512229258
5410. 1947.5875518786427
5411. 2728.620693404083
5412. 454.2230423741131
5413. 132.06614960780138
5414. 2402.9011413244225
5415. 1297.3993943374078
5416. 2852.1323206636175
5417. 922.4776301985312
5418. 1422.9561085284647
5419. 1882.6882171801333
5420. 2597.6439112189564
5421. 1658.6232926230437
5422. 1206.6110627887037
5423. 1094.026894341063
5424. 907.756662295696
5425. 1544.6733528337984
5426. 1973.5935837407496
5427. 990.4671610243336
5428. 1035.4880604115713
5429. 1116.890309872914
5430. 1123.7210216579895
5431. 1978.7230073351473
5432. 894.0789437274484
5433. 1545.7301671543535
5434. 1843.8333769649796
5435. 1811.090870423937
5436. 997.7635636205592
5437. 2782.9677145425303
5438. 5404.531608063887
5439. 3528.7255234132776
5440. 1248.7680450329274
5441. 6779.929595921273
5442. 1422.0685470079059
5443. 1185.8105602303815
5444. 1940.7037272327223
5445. 5861.664003698869
5446. 6777.108911023782
5447. 138.1331755291355
5448. 1915.5681951854374
5449. 5111.353118644582
5450. 180.25519819232903
5451. 2070.405609355452
5452. 432.04040383446085
5453. 1359.0175785033807
5454. 2319.234889967437
5455. 734.2545574390767
5456. 1182.2415684028601
5457. 3586.4267163022528
5458. 1272.8142332627442
5459. 732.0605492782768
5460. 1508.829832667075
5461. 2337.1981655559507
5462. 1186.9313150153062
5463. 5193.065340450445
5464. 2626.6828443278505
5465. 1433.7117776592358
5466. 2106.9803698376554
5467. 1928.3816242515759
5468. 874.4954314651154
5469. 2512.549496115126
5470. 1864.9286241873765
5471. 2416.940446451907
5472. 2082.6914825319286
5473. 1081.241504949767
5474. 964.4730644991273
5475. 1615.1155878289605
5476. 1198.9179134701149
5477. 391.8420949490679
5478. 577.411058896942
5479. 1311.2842343763484
5480. 2577.2503598264016
5481. 979.1693314439473
5482. 795.4282598872142
5483. 1303.2278988000203
5484. 1946.9178969071272
5485. 668.1210664646437
5486. 625.370654636189
5487. 935.1872326437261
5488. 780.8432217434143
5489. 730.5447885874294
5490. 1449.596221861764
5491. 787.6976643160591
5492. 738.2656558718021
5493. 349.81580034241284
5494. 762.7204317021474
5495. 1039.8950766040866
5496. 1237.4189175485444
5497. 370.1128630483166
5498. 983.0321773368626
5499. 2108.125712511349
5500. 1428.8890537066234
5501. 1426.5575552059342
5502. 4369.0888151478675
5503. 539.4426294345067
5504. 2074.1951135837894
5505. 2337.286441943918
5506. 2021.7950478892153
5507. 593.732373293956
5508. 2238.434439045079
5509. 5363.343069669853
5510. 1169.7247829411635
5511. 1600.236161055103
5512. 1656.2406703052534
5513. 2532.783214210329
5514. 6454.717771861269
5515. 865.575675037915
5516. 726.2581568375488
5517. 3298.3408887050036
5518. 2364.82989803641
5519. 2063.3264790900935
5520. 846.485324438869
5521. 3235.1738684802035
5522. 871.2727406284956
5523. 792.9498686501036
5524. 1421.4512399357156
5525. 1823.497861413489
5526. 609.245239420426
5527. 2224.9990757874075
5528. 2725.7991262323785
5529. 1293.673154452837
5530. 2051.9694305489875
5531. 1665.7149531376285
5532. 858.4497927937513
5533. 661.1003904006487
5534. 1805.2346944862095
5535. 1805.979506526473
5536. 1288.9272909513872
5537. 2468.7647201047102
5538. 1342.8919922249731
5539. 2955.5035337060085
5540. 1123.2987831241453
5541. 1539.684755535899
5542. 849.3816680331347
5543. 1462.195831506155
5544. 1091.2521174879162
5545. 784.2148523279474
5546. 646.5587474001655
5547. 1010.0477443069526
5548. 654.8639341736096
5549. 3066.4313336700984
5550. 531.1343525551882
5551. 1393.4947030538394
5552. 802.6325224983557
5553. 1542.3682515628595
5554. 693.1267611264584
5555. 930.6904043271353
5556. 1231.0710013298506
5557. 1195.940806327863
5558. 858.5132758952134
5559. 1061.3173472930937
5560. 649.2486330144626
5561. 1087.739871384453
5562. 1959.789361304249
5563. 1899.1648116990345
5564. 2366.680765626224
5565. 2207.2393055776115
5566. 2178.8920572568804
5567. 992.1985158705281
5568. 520.9337613179142
5569. 3880.040118899595
5570. 2758.033335668739
5571. 1933.3782707772093
5572. 3558.3264361409742
5573. 5098.380874221154
5574. 4673.611821961179
5575. 1063.4767444337435
5576. 1511.044957650007
5577. 1271.5431814252784
5578. 5166.135071303363
5579. 2419.7520331117453
5580. 1942.9082201456488
5581. 4907.067945329529
5582. 1123.4067292679465
5583. 1376.211572265506
5584. 5114.235355891653
5585. 2595.7065006915414
5586. 321.0856246362169
5587. 1512.1558546780348
5588. 1025.8742394323967
5589. 1021.5802428591917
5590. 1009.9960030549175
5591. 2390.8897556333272
5592. 1499.9661159283417
5593. 1797.7585734067068
5594. 2747.091511550256
5595. 2082.703430790526
5596. 1223.2556968561146
5597. 762.0937113616043
5598. 928.5176440260034
5599. 1527.278210320308
5600. 1303.1174519839549
5601. 1636.3000481825952
5602. 1719.5465178118623
5603. 1846.8598327150821
5604. 921.9467704539782
5605. 1678.4823454948523
5606. 704.9104840031031
5607. 1200.6861717950035
5608. 2017.2605445259412
5609. 871.8188021469284
5610. 605.9237444550175
5611. 1765.7244879460868
5612. 2212.1152836119145
5613. 2900.669596694939
5614. 696.7846130599082
5615. 1413.8986847517342
5616. 1775.1828004904644
5617. 2670.240661069206
5618. 3161.4775214407673
5619. 808.075126263163
5620. 365.97858128308746
5621. 1209.36501463655
5622. 4355.162215021425
5623. 2690.0295342871445
5624. 1082.516713148161
5625. 3051.6515162970195
5626. 1538.877023423346
5627. 2365.8569406672887
5628. 1454.776656173348
5629. 1119.718398948923
5630. 5432.314440955796
5631. 698.7622157744165
5632. 1124.8348798727839
5633. 160.62662989162789
5634. 670.255191714604
5635. 428.06587369572907
5636. 494.2230829130706
5637. 1644.73729899615
5638. 515.2665999891794
5639. 1292.5896888179284
5640. 1475.2155344418104
5641. 387.9284356885958
5642. 2369.778413054837
5643. 1239.4589475646942
5644. 969.4528322815693
5645. 642.9284265331789
5646. 395.6449978213318
5647. 200.01991231431833
5648. 465.5823078009672
5649. 882.9345955942525
5650. 3500.807948010663
5651. 3082.8464670583853
5652. 583.9801599548201
5653. 1658.6921362539797
5654. 1706.652762308149
5655. 2276.9696516139647
5656. 3016.6159455344314
5657. 2883.016118532697
5658. 1972.3082189363658
5659. 3793.792141423081
5660. 3287.8875863952726
5661. 358.8400793114559
5662. 1461.1133351522617
5663. 1249.9874304233438
5664. 1429.9788838432705
5665. 2472.24569240935
5666. 1574.5785236408074
5667. 1113.8187987717213
5668. 719.062028927666
5669. 2024.2245820261962
5670. 524.4384333517279
5671. 2044.9607018102122
5672. 1269.9146155166138
5673. 1225.5284752287855
5674. 418.2528762344931
5675. 1070.8240207317403
5676. 895.7775605591502
5677. 361.4322748919216
5678. 1139.0885181830376
5679. 918.0630936008272
5680. 777.5896327838875
5681. 172.73995026716213
5682. 1313.6155475491732
5683. 516.6290120344529
5684. 783.4540099159069
5685. 1713.0029728337574
5686. 696.4937391355379
5687. 459.1347584147527
5688. 804.172491168201
5689. 955.311713472163
5690. 3117.107956464182
5691. 7424.249895117997
5692. 2393.8506460064355
5693. 4415.141925796093
5694. 4046.3101257085086
5695. 3059.8322378833823
5696. 5443.287301884816
5697. 15704.860913509903
5698. 7565.823364072716
5699. 2471.508929125013
5700. 1539.8317061114096
5701. 1342.9825931537616
5702. 2836.5074131180563
5703. 2866.6373918817203
5704. 7321.319840513323
5705. 2203.1533167254656
5706. 1652.5008381390812
5707. 5453.544170754729
5708. 3153.34054464034
5709. 5653.120720501736
5710. 4838.481610824932
5711. 16076.572209642713
5712. 6987.8129506113655
5713. 3389.5016519006554
5714. 3509.734580599029
5715. 5750.690151112001
5716. 7584.822408760987
5717. 3625.394188939513
5718. 5300.110264190836
5719. 2920.7079911412166
5720. 2010.3053942973968
5721. 3028.449000837538
5722. 10220.942168290885
5723. 2465.1197720756536
5724. 4268.265772570176
5725. 2683.0917388250105
5726. 8635.606425887707
5727. 3313.2564655954047
5728. 3313.7134206148253
5729. 2832.8517789767748
5730. 4721.970338867927
5731. 8022.25623333398
5732. 4195.600374819321
5733. 5276.647226555369
5734. 3045.352386141171
5735. 4815.71724556125
5736. 2489.5112065511894
5737. 7012.970435478342
5738. 3980.7436806535666
5739. 1303.5366503209248
5740. 6755.221139183958
5741. 2568.5247308514317
5742. 3992.9042347340906
5743. 6409.946448067347
5744. 6313.334494314922
5745. 12330.035821734133
5746. 2928.021925093247
5747. 7066.13645428585
5748. 5101.09679025644
5749. 6254.313005260879
5750. 6762.252420030588
5751. 2998.575691498819
5752. 3172.078237840434
5753. 3102.905800010207
5754. 7518.17694669903
5755. 8492.813756015072
5756. 7948.310834237909
5757. 2592.7579652949207
5758. 2483.7782403278256
5759. 3418.313561516888
5760. 1936.1628425612278
5761. 4399.185541069848
5762. 2921.945142490036
5763. 1536.4869014017158
5764. 3771.087606650661
5765. 5901.645031724554
5766. 1549.214413777961
5767. 2228.8799755769155
5768. 5954.869069496258
5769. 8999.818171581266
5770. 3626.824970401767
5771. 5562.724633078393
5772. 3848.4614450252698
5773. 1667.1393070134886
5774. 2473.435694721689
5775. 2687.3908497206744
5776. 1960.2372639873809
5777. 1893.3664330777742
5778. 1850.8083784227401
5779. 2920.359448303585
5780. 3026.7828065376543
5781. 5019.3373697081515
5782. 3629.7825948533814
5783. 10365.626391112442
5784. 5264.862808571509
5785. 5044.806663574348
5786. 3630.034814457097
5787. 2722.7332550897704
5788. 14458.6913864805
5789. 2278.23542797866
5790. 3892.0909515732046
5791. 3947.52412764585
5792. 11062.486927584037
5793. 8819.613868309207
5794. 5940.119629184058
5795. 3337.166805072399
5796. 15692.865193470845
5797. 4966.392120715865
5798. 6639.653747692051
5799. 4957.25402272858
5800. 4102.40873357615
5801. 7850.488156486886
5802. 7126.163069346176
5803. 7251.8540846231635
5804. 2913.1992949309506
5805. 4073.540451112808
5806. 3820.35830462196
5807. 11597.289033309844
5808. 4204.044350328762
5809. 7748.831643887372
5810. 7442.296201456556
5811. 1644.603964029737
5812. 3135.290136537547
5813. 2722.7738687908286
5814. 2101.892404702368
5815. 5776.624600443409
5816. 12647.00550716422
5817. 3071.393200176009
5818. 7714.569114409452
5819. 8318.523619164836
5820. 1461.7253612407767
5821. 2623.1403437365393
5822. 1332.384874972247
5823. 2008.3172940976374
5824. 9303.169819967134
5825. 3519.0182598776437
5826. 5233.274816695145
5827. 4561.93039099174
5828. 7952.061166113581
5829. 5203.18294337187
5830. 16569.42873350627
5831. 6380.703520086872
5832. 7914.582245310201
5833. 4729.721676485555
5834. 2404.244158272968
5835. 9500.719435365752
5836. 4465.456426285249
5837. 8112.353438420551
5838. 9449.558015506884
5839. 3654.7171600430165
5840. 8819.613340005706
5841. 8468.006952542542
5842. 11207.325338448498
5843. 9605.070340615028
5844. 5940.039058947539
5845. 1886.0916995170512
5846. 3187.722415666924
5847. 6422.447806727203
5848. 2715.655218381126
5849. 3918.7829226537447
5850. 7892.715116575501
5851. 3378.303869764941
5852. 5254.0859509990405
5853. 3997.6657165620877
5854. 6017.616790717273
5855. 6530.616807931816
5856. 8728.252365057557
5857. 6477.88474898271
5858. 6049.967742874824
5859. 2355.744291944507
5860. 7694.153065402655
5861. 4757.456313770607
5862. 2589.4088570868225
5863. 3786.687690292946
5864. 8997.01847036034
5865. 20934.315113886336
5866. 9906.15492605848
5867. 2137.082856918286
5868. 3016.1877931128142
5869. 4294.302734494256
5870. 7346.25397086494
5871. 1948.8086173893498
5872. 7131.924454877843
5873. 5137.751797767644
5874. 2456.0169952943197
5875. 2323.8092144028865
5876. 9839.430497625537
5877. 7563.486979809115
5878. 4701.0709563157425
5879. 5423.800974396788
5880. 3849.493150887612
5881. 15639.53872946832
5882. 5423.220331132565
5883. 3828.2666651169984
5884. 2516.1727540104453
5885. 4012.97239414546
5886. 11610.564767637898
5887. 3005.403394922878
5888. 2795.08270175556
5889. 4505.913872520432
5890. 2352.1339056238294
5891. 4029.8488233516237
5892. 8975.496493164967
5893. 4035.665261319504
5894. 6507.538850750753
5895. 7548.211362951005
5896. 3597.365428619384
5897. 4696.455816502016
5898. 9058.926134274601
5899. 4693.224417659532
5900. 3028.570842120157
5901. 8648.336879734492
5902. 4768.634432328536
5903. 4577.786454792542
5904. 4379.912645962094
5905. 4304.255013532069
5906. 5782.991454775298
5907. 1167.8471935393195
5908. 2081.4144880314384
5909. 1741.060966928799
5910. 2565.1056602370436
5911. 1275.9715865904136
5912. 7354.245936582905
5913. 2576.647913437821
5914. 843.9712733094934
5915. 695.2440986485697
5916. 4783.770642793473
5917. 4852.504938154903
5918. 1763.7764431797532
5919. 2310.387654152477
5920. 5411.930208492208
5921. 9751.929207526277
5922. 1637.004972078858
5923. 763.7508140154711
5924. 1644.1523587061706
5925. 5613.925390945411
5926. 7363.751546056283
5927. 3893.4830538829715
5928. 5839.013390460944
5929. 3806.7770424993796
5930. 2379.1001527473873
5931. 3355.20201964245
5932. 4059.289597350488
5933. 5304.870620247705
5934. 6824.228099141959
5935. 3090.162894882311
5936. 3226.0184455263584
5937. 2716.3453904927014
5938. 7518.26767709081
5939. 4768.246447133337
5940. 3403.591792864175
5941. 3024.5318393640273
5942. 7416.503818172898
5943. 2769.9749654373923
5944. 9297.883831420899
5945. 4930.109082910571
5946. 1921.2009142651405
5947. 6781.0282469185895
5948. 3871.2964348373334
5949. 6224.569446243192
5950. 4657.405422750463
5951. 7671.934221775373
5952. 6270.410334402798
5953. 2275.1486793711656
5954. 3132.3776247013325
5955. 3004.123242147757
5956. 3044.518681926041
5957. 2409.7388700185293
5958. 8200.47933867962
5959. 5190.107031140821
5960. 4595.51238209309
5961. 13740.062504315136
5962. 7710.867074880421
5963. 7528.860709665021
5964. 3293.714253726097
5965. 4661.604733366208
5966. 8050.821501095423
5967. 2855.815926971683
5968. 6291.209992852647
5969. 8603.080576915005
5970. 2664.8133641442278
5971. 6005.110314989412
5972. 5080.588161501578
5973. 4434.907123948825
5974. 5710.626043430286
5975. 1080.954372186953
5976. 13002.250824476505
5977. 10203.45492194361
5978. 2492.5760488949873
5979. 5859.815914228872
5980. 3720.4757857418663
5981. 5171.965830629604
5982. 2057.458832938738
5983. 5419.124344298297
5984. 3001.227451687055
5985. 7512.048165408292
5986. 1849.8163138755497
5987. 3816.18743594655
5988. 1870.418963662756
5989. 3802.214934016704
5990. 10256.190758217339
5991. 1649.195852821786
5992. 2246.691763180679
5993. 1789.7961671545509
5994. 5881.994766001249
5995. 2894.2291946511136
5996. 2084.926565108119
5997. 9062.18852677084
5998. 2005.068671627858
5999. 8870.44274445403
6000. 5136.364200426487
6001. 2837.876545985448
6002. 7127.603495100844
6003. 6718.242048072725
6004. 1707.2039133889598
6005. 6498.861811120896
6006. 5168.338379144041
6007. 9049.08555679074
6008. 4906.6057808543965
6009. 6998.337588636402
6010. 4998.045088059373
6011. 5161.337770467086
6012. 1837.1190064208104
6013. 4439.2306659105425
6014. 2316.9555192270086
6015. 8049.673331826161
6016. 7786.159475274005
6017. 1843.9087846016246
6018. 3238.4957374130863
6019. 944.9751815202187
6020. 1424.762262091093
6021. 1833.640362421179
6022. 1219.692561949981
6023. 5887.494569732106
6024. 2793.051369995186
6025. 5735.309187210893
6026. 4071.3157864653194
6027. 14525.186742700285
6028. 6011.665625864705
6029. 2629.335774972715
6030. 1915.83318294819
6031. 4949.015235871323
6032. 3808.8953348680093
6033. 3199.7591859434096
6034. 2149.607598353752
6035. 5502.979284238724
6036. 4198.099888677535
6037. 2524.258915052479
6038. 4164.071494167814
6039. 6558.354055300923
6040. 5797.380452642073
6041. 5261.855242729187
6042. 2068.7063117429047
6043. 5974.369809878826
6044. 2177.5991520012067
6045. 12277.788747314242
6046. 5435.68238923654
6047. 2288.246999335117
6048. 8288.824421433781
6049. 3647.786277804058
6050. 1037.808672541244
6051. 2358.420827234104
6052. 2988.4050396288567
6053. 4427.110948044187
6054. 3836.1681076257587
6055. 1492.7079480747198
6056. 6266.494251185979
6057. 5173.719682701155
6058. 14097.244982227196
6059. 8094.3078999147865
6060. 2977.394022403938
6061. 7293.919629170698
6062. 15811.603673165228
6063. 2737.960339050742
6064. 6732.889969685584
6065. 2579.71315313701
6066. 5455.503310901373
6067. 4566.3424879186805
6068. 5345.156279854781
6069. 10383.704870472446
6070. 3055.0456275107977
6071. 2910.8381772515963
6072. 3322.095875960369
6073. 4240.399270924754
6074. 12877.764923252002
6075. 4183.098270511056
6076. 3761.3417950297016
6077. 1898.9425726027541
6078. 7870.94600689254
6079. 5814.361455559387
6080. 1633.192215336115
6081. 2001.140451099876
6082. 4715.833219907752
6083. 7595.941633154417
6084. 1569.9424861144314
6085. 2911.487561901717
6086. 6333.38774807968
6087. 10177.490246302885
6088. 5146.856273419553
6089. 2929.8513471088877
6090. 1490.0167333211728
6091. 6022.090857813204
6092. 3209.206268849693
6093. 2895.3977006878945
6094. 3782.294562110619
6095. 2099.517595933174
6096. 2559.2482797318917
6097. 6627.04685906025
6098. 3479.0668433974715
6099. 1895.1686142905664
6100. 4452.928322825542
6101. 5755.0615198971
6102. 2962.5298342141227
6103. 4536.630095811988
6104. 7567.4800823898195
6105. 4358.531253405395
6106. 5311.459242438457
6107. 5504.724991625656
6108. 5410.0127830187175
6109. 7414.605886549568
6110. 4305.3148023849735
6111. 3074.642504601822
6112. 1560.0117963113528
6113. 3944.0838543948453
6114. 1580.385727878248
6115. 5483.895728330352
6116. 2605.294967740389
6117. 6314.673967502967
6118. 4887.452266443591
6119. 5233.574235304471
6120. 10199.240796791866
6121. 5908.789601885785
6122. 3111.4972007035503
6123. 11903.854062633824
6124. 4143.391879447674
6125. 4829.457960102999
6126. 2897.5313111088767
6127. 5810.766211681976
6128. 8149.887098964529
6129. 4016.7843244800442
6130. 2758.2166347696148
6131. 4878.762070976157
6132. 8752.45888085557
6133. 2794.4814503231537
6134. 5236.943158909754
6135. 4842.334771920139
6136. 5649.703833460737
6137. 2180.039386018853
6138. 5840.940135429372
6139. 8149.009442856951
6140. 9246.804098477309
6141. 9692.61102426781
6142. 5504.604803876371
6143. 8974.332966735665
6144. 8817.026549863209
6145. 8033.347070974092
6146. 7642.58361211148
6147. 10093.154439018013
6148. 4509.209817437331
6149. 2544.558664082449
6150. 12271.485597293295
6151. 3527.3426785463016
6152. 11907.653389104353
6153. 5694.471079461756
6154. 5986.338959307887
6155. 4647.814426837617
6156. 9407.947427368741
6157. 1904.877096548374
6158. 5386.22019753192
6159. 9792.523701286427
6160. 8454.75078695747
6161. 11327.864869336927
6162. 1729.4521591611253
6163. 10897.381697724571
6164. 3233.1687126165393
6165. 5556.338840941827
6166. 3516.185243364996
6167. 2248.21908851305
6168. 5204.025130932953
6169. 6300.756075319206
6170. 6118.8669466939
6171. 4060.5535273841683
6172. 9072.179142442006
6173. 5982.09927891096
6174. 1756.5971384096515
6175. 6585.083665430831
6176. 3912.3978164662
6177. 2643.0526866841305
6178. 6046.21369844962
6179. 9046.808186919992
6180. 19081.395343162072
6181. 3158.0275183554836
6182. 2618.231967410351
6183. 5728.042777893151
6184. 1505.7795692925686
6185. 3982.634131333581
6186. 6306.509925876514
6187. 1281.281554463722
6188. 12298.711285888829
6189. 8714.936868097151
6190. 6765.168901189345
6191. 18982.59490857165
6192. 9851.928866837785
6193. 11439.281293291373
6194. 1795.9989386484058
6195. 12776.6597264129
6196. 5037.868053923859
6197. 9839.172571347784
6198. 3673.7719883674536
6199. 2026.6611170253236
6200. 5953.9812563775085
6201. 5928.450241089821
6202. 4912.789996459227
6203. 3300.882529269441
6204. 3836.556828559729
6205. 7844.454266131363
6206. 11924.484049656823
6207. 5137.4952249536855
6208. 3047.4395392549786
6209. 3254.9206802311337
6210. 9403.275244045462
6211. 9791.879212273854
6212. 1918.9718929652677
6213. 9494.092488928054
6214. 13118.671683201865
6215. 800.0955039631599
6216. 6457.392209303492
6217. 3028.1536849591903
6218. 8340.18965541013
6219. 4949.352681587013
6220. 4496.567695612569
6221. 7343.01051208248
6222. 12000.798545644408
6223. 1844.3996810844021
6224. 14415.295984251317
6225. 3580.714886275658
6226. 8947.175665395576
6227. 15387.14905290709
6228. 3175.516542013737
6229. 5963.401547061182
6230. 5988.80772466681
6231. 9863.820846612665
6232. 5217.280298390954
6233. 23160.308511496532
6234. 4434.1185124885615
6235. 6461.658558037333
6236. 1958.1128134618216
6237. 5309.6609237392895
6238. 3623.1474049201584
6239. 5324.594502805849
6240. 21605.996026535442
6241. 5733.251613244957
6242. 6622.6822742609065
6243. 1152.20910969767
6244. 23664.94575667685
6245. 4785.946056590297
6246. 7771.033682801422
6247. 2736.360147247844
6248. 5334.170312461207
6249. 6276.903472869145
6250. 7318.20242377469
6251. 4026.3199673165304
6252. 2395.705544005482
6253. 4479.84210966651
6254. 2176.798333452192
6255. 7414.410605910635
6256. 3272.706172461084
6257. 7103.39966792196
6258. 4367.252337514145
6259. 6014.608518468552
6260. 6282.528232075746
6261. 7179.893648470642
6262. 12832.451641969757
6263. 1973.6878181610666
6264. 2845.994282780715
6265. 9488.05785567367
6266. 1204.871069569841
6267. 7545.212773990998
6268. 2189.5740753972536
6269. 7442.431930300828
6270. 1293.7196017354156
6271. 5235.428773645822
6272. 3999.4587837031304
6273. 5064.190379263481
6274. 7764.32074852697
6275. 2913.474406397738
6276. 2110.976509998659
6277. 11222.162743036291
6278. 4888.432774352157
6279. 9325.905881210881
6280. 5068.686174763475
6281. 5667.765656027948
6282. 9455.122953749338
6283. 5508.514717849917
6284. 3280.7712338302827
6285. 12693.964080592685
6286. 7682.131179562956
6287. 5341.749795900893
6288. 6440.522857343136
6289. 7050.524231627108
6290. 11692.194648453504
6291. 4130.250100854313
6292. 2566.6480625015115
6293. 2867.226610747538
6294. 8989.63058142883
6295. 4788.93313734811
6296. 7512.831458731413
6297. 3293.7058328564303
6298. 3603.5473145529604
6299. 6129.560463275124
6300. 9884.747383113547
6301. 6035.437272184404
6302. 2199.6773558082614
6303. 4689.281978047413
6304. 3907.8565964900504
6305. 4871.997244320097
6306. 7117.886403015614
6307. 3635.746443673583
6308. 3306.9795045384217
6309. 2868.4005045651334
6310. 3917.250400851805
6311. 1433.9576776423266
6312. 4797.820115632896
6313. 1927.8904836058878
6314. 769.9772702215482
6315. 2608.762059995998
6316. 2163.5574991473
6317. 6972.520032611058
6318. 5184.299423801196
6319. 3484.251576232937
6320. 7837.962828813407
6321. 8275.441638461387
6322. 9147.1988541592
6323. 2252.5847844764094
6324. 10439.540614502066
6325. 4808.853126451995
6326. 11368.398899154556
6327. 15103.077437015325
6328. 13475.712191063229
6329. 3327.3084993541397
6330. 4352.262380731597
6331. 48641.43051002382
6332. 6466.896359233085
6333. 10133.98909906788
6334. 7521.175975792077
6335. 12135.73571193296
6336. 13418.03705581817
6337. 13152.974744768433
6338. 4934.59534654487
6339. 4997.997825029602
6340. 1712.1552859089318
6341. 4572.4943465877295
6342. 3064.6901209923203
6343. 18300.27328612666
6344. 4708.851195109247
6345. 9384.26271668727
6346. 3475.442378825423
6347. 9530.734207786229
6348. 6995.063819480903
6349. 18830.953931690867
6350. 9174.553504605561
6351. 12873.195014988898
6352. 7639.05041946122
6353. 5181.646496558174
6354. 8881.76442066209
6355. 10778.77081794168
6356. 2883.2814393137323
6357. 7892.833479265009
6358. 8093.472844853116
6359. 4735.082500204279
6360. 6705.117550932864
6361. 9069.30822029596
6362. 5397.425173132851
6363. 10605.73659644652
6364. 3585.026749317165
6365. 9305.543978801663
6366. 7082.265563735142
6367. 4318.572419207373
6368. 10583.274157631518
6369. 6609.026945958975
6370. 4688.794501065936
6371. 3558.581955017269
6372. 1686.4924955274494
6373. 3577.12467327161
6374. 6101.454836136347
6375. 2834.5280086630137
6376. 3549.6478837762807
6377. 17484.36458999498
6378. 9468.760761643396
6379. 6577.102229410713
6380. 8944.567292667616
6381. 6429.992736385208
6382. 7021.694314682819
6383. 4682.5591390431455
6384. 7845.569507114977
6385. 5117.324087679775
6386. 5569.51172058311
6387. 10133.862421944497
6388. 5389.699229500457
6389. 7694.578531193935
6390. 9594.806723415964
6391. 9297.655930588435
6392. 15256.101632124164
6393. 14097.398662251157
6394. 6879.1075811807295
6395. 4665.138593287389
6396. 9650.605769982827
6397. 9008.860309783342
6398. 8764.507477455867
6399. 6289.546119831304
6400. 9251.672053154438
6401. 2440.7780297740455
6402. 3803.402855770824
6403. 7169.522404607893
6404. 23264.16919349151
6405. 4356.562751400106
6406. 16687.02068082086
6407. 2272.3663243865017
6408. 1019.7254439260396
6409. 8073.777635351826
6410. 8721.97620520382
6411. 3885.4257440210413
6412. 6954.445363645207
6413. 7797.919006799572
6414. 17443.26256759579
6415. 10776.54955381523
6416. 4383.474601269017
6417. 8250.58682873716
6418. 3166.270714717612
6419. 9992.224293612879
6420. 4110.324076715094
6421. 16738.34816810727
6422. 5442.064487111691
6423. 4826.883819589063
6424. 6791.560355549717
6425. 3656.0636209810027
6426. 3599.07335927398
6427. 3314.275634865882
6428. 5122.885274197838
6429. 11278.289623957677
6430. 9167.793407720454
6431. 4683.042195300562
6432. 1285.15326686923
6433. 7300.8115859038735
6434. 5358.134213737893
6435. 8451.39674939685
6436. 11260.207780119708
6437. 9992.66108771117
6438. 10140.571739194902
6439. 3770.1056549276573
6440. 5828.699276598292
6441. 3231.1955032790306
6442. 6343.78965809329
6443. 15223.53554318395
6444. 2830.5385115097965
6445. 5294.396169696947
6446. 2543.10226817671
6447. 2013.8566588581266
6448. 5977.20519237878
6449. 5001.967653117607
6450. 8096.084682010781
6451. 14010.913750036138
6452. 9884.029041372365
6453. 10695.767647275632
6454. 12637.927937784236
6455. 6267.132051252331
6456. 1495.6205831676007
6457. 2183.5434923646094
6458. 15997.796970858712
6459. 7971.572696390171
6460. 10179.914869597187
6461. 6533.022385485288
6462. 2535.080197362526
6463. 1372.311310000368
6464. 5392.651661295492
6465. 10767.114533424921
6466. 2364.563369070355
6467. 5129.34115428118
6468. 4397.471714782397
6469. 3265.211751194566
6470. 1811.134897827849
6471. 7172.758378055442
6472. 7467.989862980748
6473. 4788.471493980255
6474. 4497.799863165582
6475. 6004.766660906755
6476. 5838.724207925355
6477. 1577.3521093721224
6478. 8832.943443357428
6479. 2934.340603825338
6480. 3683.0554593410134
6481. 5400.2516781596905
6482. 10591.014957490874
6483. 2162.1324628009697
6484. 7108.378763746299
6485. 2297.7166944833366
6486. 1755.1221695914162
6487. 10199.855839286705
6488. 405.35883051991254
6489. 5033.072538313613
6490. 5532.800469291526
6491. 5957.700642062367
6492. 2438.9472279929855
6493. 6817.805311243869
6494. 2137.8336596682852
6495. 5277.433988330001
6496. 2743.047232240229
6497. 5406.125866258791
6498. 5921.535531694287
6499. 1918.5547954147864
6500. 2456.9129748812156
6501. 13492.442612704172
6502. 4846.998648492402
6503. 7578.6892671529
6504. 12369.07258489867
6505. 6539.758310817674
6506. 2663.623368167891
6507. 3064.9230489913075
6508. 8597.098291820454
6509. 2075.9021592456224
6510. 9681.03016679722
6511. 4513.596568096088
6512. 3544.6087961616713
6513. 7649.334634533215
6514. 777.975476016677
6515. 3518.335912400504
6516. 4417.424187913417
6517. 3333.4177891546565
6518. 5633.833241664787
6519. 10000.302939636593
6520. 6167.65184277555
6521. 5948.798904087001
6522. 11047.80947736205
6523. 5272.279926208447
6524. 4532.379179639038
6525. 4983.878834426075
6526. 3671.208638332917
6527. 706.5312699352904
6528. 15537.407376841105
6529. 778.9216835270424
6530. 2252.3303869968245
6531. 6098.5683648422
6532. 3079.8097047673295
6533. 6465.125751775784
6534. 712.3463624605739
6535. 6306.030696077951
6536. 5541.781823102016
6537. 7979.383596792884
6538. 3647.6574706727647
6539. 5168.84997989083
6540. 3578.608765076604
6541. 2972.372471867963
6542. 4164.305186117647
6543. 3170.1186910769557
6544. 3110.3131762870216
6545. 5809.840746273584
6546. 4993.721998928545
6547. 3905.17006061235
6548. 4926.575446538056
6549. 2180.718616378519
6550. 1922.8766546337067
6551. 2288.4708383783
6552. 1364.8346698780492
6553. 1052.8113340651373
6554. 1680.5490325308886
6555. 9356.28277458547
6556. 10563.206122803595
6557. 4231.410495978258
6558. 2697.388470863039
6559. 2438.5045813551465
6560. 1836.3095509674952
6561. 3356.796024519582
6562. 2168.868612582845
6563. 5226.668941785786
6564. 5187.56327089616
6565. 7316.774698519308
6566. 4807.206325776786
6567. 20459.36821529672
6568. 5041.009262121945
6569. 4626.707876457275
6570. 25389.849884973242
6571. 7024.579601931013
6572. 25728.832543972
6573. 2862.6400564717806
6574. 6215.141951086241
6575. 18746.12167247905
6576. 11765.014216579655
6577. 618.1677729524697
6578. 3685.869707379206
6579. 6358.21241389086
6580. 11087.304580010034
6581. 2759.4351263933536
6582. 13647.650382910637
6583. 7694.832167027475
6584. 4634.210542265564
6585. 26335.712481917766
6586. 8895.846326256711
6587. 8666.421512465356
6588. 6290.949080524837
6589. 7635.661653563495
6590. 1636.8042530053672
6591. 5016.818326168458
6592. 2906.4569102539476
6593. 2386.707820353513
6594. 4810.29392470276
6595. 3091.997085647901
6596. 5123.973521266245
6597. 13332.545686739562
6598. 642.9858838746183
6599. 2807.606163410683
6600. 6812.852755591931
6601. 7526.006181658464
6602. 11901.490054597956
6603. 7184.528440840162
6604. 2030.5616575818615
6605. 2903.874142177542
6606. 3137.8521677510266
6607. 3719.359601655102
6608. 3930.471248785349
6609. 10337.931486975478
6610. 6967.981365314081
6611. 6851.744127113885
6612. 4718.463707285592
6613. 7409.234111007634
6614. 4808.611824427193
6615. 3905.816937833544
6616. 3576.1257726501776
6617. 7208.847095146114
6618. 7386.766060551473
6619. 5127.110225567336
6620. 3477.070069725702
6621. 10581.256300412168
6622. 3036.6090751808506
6623. 5871.182278344122
6624. 3533.9516646724205
6625. 8372.203543485026
6626. 5484.307423283664
6627. 2936.229237979229
6628. 5167.770442728358
6629. 1795.0036606493684
6630. 7551.435143347895
6631. 16880.430839895736
6632. 19998.52883708648
6633. 11199.464370844107
6634. 4179.033492693444
6635. 2947.1667339839173
6636. 10155.719325406375
6637. 4863.286163356185
6638. 3519.364405636904
6639. 4124.311065795401
6640. 2357.7969477476468
6641. 5118.525770180122
6642. 6853.257421474527
6643. 5467.687610070594
6644. 8085.9318312080895
6645. 5529.797025354777
6646. 4362.15894212885
6647. 6638.95701016877
6648. 3520.77794150528
6649. 4576.2224573865
6650. 13709.831276237075
6651. 10229.983645859187
6652. 7053.434175475966
6653. 2497.4811290250277
6654. 3153.0439192240997
6655. 3577.319336735284
6656. 3973.843042416074
6657. 4589.698785050011
6658. 9394.630716231133
6659. 8602.152449272278
6660. 5717.717023232909
6661. 4913.564446649083
6662. 6053.148205418266
6663. 4353.870001009554
6664. 3275.0825584197087
6665. 6067.45000063399
6666. 2328.0253825953414
6667. 1878.9498061448517
6668. 6581.3820018454535
6669. 2379.140371789626
6670. 3879.754097627875
6671. 5566.339735555315
6672. 4801.535904416037
6673. 3589.54556740992
6674. 3421.113190636127
6675. 4087.224943562335
6676. 6164.3357054434555
6677. 5162.348085458769
6678. 4348.689042627071
6679. 1788.41060956514
6680. 2010.0753465354153
6681. 12876.809517070837
6682. 6503.629115521732
6683. 6033.110534698067
6684. 6903.248067439281
6685. 2851.2322058951345
6686. 11783.32344066436
6687. 6010.080997096976
6688. 4426.528552150923
6689. 9766.32218281797
6690. 14349.970208274843
6691. 6614.573770884448
6692. 2442.804117383982
6693. 2450.6126733356205
6694. 18043.732695662
6695. 5918.892896668809
6696. 4319.839121952598
6697. 4809.629138310914
6698. 1443.3813190345188
6699. 2100.867735623086
6700. 1993.034049423712
6701. 3329.5870150667843
6702. 2672.8034939630725
6703. 5563.7563732328035
6704. 3294.632178343155
6705. 3308.298823668601
6706. 10297.300991847713
6707. 2598.817569174815
6708. 2704.0441580716038
6709. 6560.530856102348
6710. 5330.5661549937395
6711. 6026.230887716062
6712. 130.83182866055228
6713. 2298.6690369734747
6714. 2244.614563044789
6715. 821.3782647279587
6716. 1352.450968728634
6717. 1361.173166000676
6718. 1541.3283823331558
6719. 784.5789109198497
6720. 387.67353956560584
6721. 3800.640981177769
6722. 1818.5104451080813
6723. 851.36930034343
6724. 598.5246710375362
6725. 761.7523175422117
6726. 905.7982100178236
6727. 611.4488753501607
6728. 822.6830085344579
6729. 2423.3740562392354
6730. 3847.431783717711
6731. 10350.798113128836
6732. 2131.693645633272
6733. 4992.588053816063
6734. 11371.190295904073
6735. 13740.885838150176
6736. 5670.483791372986
6737. 5010.374154022818
6738. 2787.1975249080733
6739. 4516.765126110023
6740. 2018.5357362632267
6741. 2007.8326923702434
6742. 6106.509013829091
6743. 2606.095301198923
6744. 2228.370332351728
6745. 2611.4278485434934
6746. 2624.6048715229344
6747. 2594.218361259344
6748. 8263.161298858553
6749. 10790.985593484176
6750. 5359.944994198482
6751. 4533.179248619667
6752. 5323.689027686873
6753. 11511.484114692428
6754. 3971.36351267078
6755. 5004.035764108793
6756. 5665.923704995677
6757. 6535.449279798413
6758. 4936.525008111059
6759. 3253.1083928195785
6760. 3724.4661236958555
6761. 2157.599981105128
6762. 2609.6455588471395
6763. 858.8093791023076
6764. 2374.7322557951147
6765. 5376.317781788509
6766. 4459.536238449385
6767. 3505.4081633052124
6768. 1963.6038552777795
6769. 1827.0712069147896
6770. 2630.421904006228
6771. 251.1891892401181
6772. 1364.481647932183
6773. 7306.397628215546
6774. 2254.1776849204693
6775. 5081.791202663259
6776. 4524.988573143475
6777. 3588.7067473202737
6778. 3555.002574017156
6779. 3069.304848492641
6780. 7136.177917400315
6781. 8613.053687107908
6782. 2535.8026838842184
6783. 3336.8704105245665
6784. 3118.0770429528607
6785. 5023.891760012005
6786. 8294.019843980666
6787. 2591.5043788184294
6788. 3344.182595350308
6789. 5237.3949458855695
6790. 5432.610138429521
6791. 2392.3892997220823
6792. 4303.016396584877
6793. 3477.0509735666787
6794. 5369.214996168368
6795. 2232.92427559774
6796. 390.5864212166748
6797. 2835.145876851362
6798. 2724.050521002617
6799. 2516.922460866999
6800. 4322.225579902454
6801. 3780.85892366093
6802. 7426.6959087940695
6803. 5114.0831871126
6804. 1738.7807782775988
6805. 7632.858635138379
6806. 5074.064448215572
6807. 20447.727873378844
6808. 11417.224383718194
6809. 2687.9164794930725
6810. 2771.286433404821
6811. 2710.8508140796866
6812. 2071.140135673186
6813. 3018.8373514764917
6814. 5700.046263093211
6815. 3228.8896565353048
6816. 8840.878139366972
6817. 15714.56035595462
6818. 16049.386009513559
6819. 7019.279904234174
6820. 2205.227285307416
6821. 4082.1374424310893
6822. 19473.95129767486
6823. 8234.539807753807
6824. 3274.0164313469754
6825. 4419.164993108331
6826. 8153.849174975544
6827. 4823.438686465236
6828. 8726.394984441129
6829. 2613.908152207703
6830. 3876.8622991470834
6831. 5354.94537276008
6832. 14382.398121581524
6833. 9302.913858353259
6834. 3056.3688530324434
6835. 6179.129866673752
6836. 6088.421025123802
6837. 929.8707582230405
6838. 3382.6494292356265
6839. 3109.5903741070265
6840. 2649.580408067734
6841. 7166.289706383381
6842. 7969.46503424377
6843. 8899.872560845095
6844. 9794.639916649261
6845. 7886.483891764273
6846. 4519.121610553736
6847. 6291.902624838386
6848. 4905.06963755439
6849. 8424.46067196454
6850. 6946.786339070854
6851. 2760.773030039205
6852. 11440.392816607971
6853. 18062.359476901747
6854. 8030.874237921925
6855. 2563.4660594180646
6856. 8089.3043874600635
6857. 15108.578037446772
6858. 3714.244271826734
6859. 19776.395327159582
6860. 6560.931215538162
6861. 13884.333346602883
6862. 15987.73897759681
6863. 2628.256655568652
6864. 2065.846355738808
6865. 15388.261104281073
6866. 4697.495414824467
6867. 8098.14422890325
6868. 9835.018927843194
6869. 9545.57359705197
6870. 9027.739243975626
6871. 14988.417979551617
6872. 5765.692526054148
6873. 2145.6762573762435
6874. 11269.46056828244
6875. 7032.320507788174
6876. 2793.7433231354476
6877. 13810.521503929811
6878. 1540.509756807245
6879. 11659.356725054586
6880. 23698.658670178804
6881. 12845.21588930656
6882. 10306.809227349533
6883. 5479.758161886036
6884. 9472.968626406728
6885. 5686.722977883689
6886. 8248.143823033375
6887. 2742.4014578865545
6888. 16193.541158016847
6889. 10053.085640419811
6890. 8414.44789214288
6891. 6433.915680399365
6892. 13623.68160454548
6893. 4309.551394782843
6894. 5333.06412873506
6895. 1029.6511511719668
6896. 5733.712392594986
6897. 5067.495404228732
6898. 9357.824618502165
6899. 3878.1152090054557
6900. 8154.479244815325
6901. 3025.854774003458
6902. 7969.64104899056
6903. 3616.1160443800527
6904. 5466.388698839588
6905. 10182.957321333653
6906. 14789.368547521819
6907. 5288.522671508212
6908. 8931.009512753826
6909. 1871.400197335299
6910. 2419.389342742614
6911. 2593.5836433969457
6912. 1964.1606582663417
6913. 1339.0639696674796
6914. 2630.866462653314
6915. 1839.2793911650106
6916. 1081.7866747564444
6917. 3449.5615389174613
6918. 1494.0237149672262
6919. 2680.4361687438845
6920. 6330.174982965278
6921. 6485.085093942763
6922. 4770.560882721239
6923. 4290.789618381659
6924. 3665.9158239360117
6925. 16017.66381957548
6926. 5905.622895681993
6927. 10682.101826413851
6928. 6123.694899546398
6929. 5030.469605912136
6930. 5803.110916310366
6931. 5446.462618005624
6932. 15124.643051717616
6933. 5448.242163662636
6934. 9860.75942858812
6935. 2933.930820221371
6936. 4613.660038009535
6937. 3263.455108153057
6938. 8388.136440662081
6939. 4974.897738784815
6940. 8826.450603713783
6941. 4439.8399443830895
6942. 323.36422706687557
6943. 1457.3504096304227
6944. 7049.498150481835
6945. 6061.320319912255
6946. 2399.048494369225
6947. 7684.723069692492
6948. 5234.216373062013
6949. 3960.6530543894055
6950. 2943.099883735182
6951. 9751.36711637062
6952. 9397.296462959433
6953. 22636.274909298125
6954. 9099.56909898096
6955. 1750.110282461674
6956. 6674.9927985523
6957. 4074.131816626924
6958. 17469.25884937882
6959. 23990.766830253822
6960. 4856.747539338252
6961. 3302.1670977965264
6962. 15610.650339686963
6963. 4309.150560138592
6964. 10276.686739901024
6965. 1468.6608469240878
6966. 2050.5410447895124
6967. 5231.313170650053
6968. 4730.649648096761
6969. 4454.251577015614
6970. 952.3347251046071
6971. 3947.2229730132503
6972. 12618.016389246697
6973. 5276.915547000235
6974. 4343.5577955505305
6975. 25069.262558295603
6976. 12565.132927007195
6977. 6659.979065805257
6978. 7488.633476368295
6979. 7722.321780670518
6980. 23256.967320327214
6981. 23185.55542242726
6982. 9228.211611292274
6983. 12992.65784071776
6984. 13952.630089574583
6985. 7360.835305536658
6986. 3726.4782822050106
6987. 8591.780834482646
6988. 14695.296878882806
6989. 7254.45210387391
6990. 19078.113872945843
6991. 14995.772218502641
6992. 1937.986114521144
6993. 4916.147423196123
6994. 23994.359343830998
6995. 1444.5508900317518
6996. 26239.642464169585
6997. 20600.197732427045
6998. 8094.105420629283
6999. 15283.10389533455
7000. 4758.022734756208
7001. 6088.830155221339
7002. 48320.6226639229
7003. 12641.256642182587
7004. 9639.401033634136
7005. 10204.995981779943
7006. 12577.451213817694
7007. 5519.394204554785
7008. 4738.6523155120685
7009. 4086.353588402836
7010. 19446.09091199694
7011. 17304.45323708551
7012. 16373.267501879225
7013. 29032.18992917751
7014. 5911.700218316536
7015. 22034.42531155274
7016. 1661.6925187904303
7017. 3418.8782619323815
7018. 1642.0026658894453
7019. 5424.375675732752
7020. 7015.416573932683
7021. 5099.270772151352
7022. 3451.9332322131154
7023. 7873.794131711568
7024. 18593.623789299643
7025. 9180.311966430147
7026. 7445.326893645604
7027. 5855.450161692071
7028. 8917.96318538002
7029. 11532.875855091264
7030. 10768.465052248008
7031. 7586.910932877286
7032. 29757.119119372463
7033. 6494.127930007774
7034. 7386.009747887388
7035. 35792.766582390956
7036. 4910.523674216561
7037. 7707.467704702818
7038. 4468.762227481702
7039. 5719.749461490986
7040. 4854.257192551291
7041. 11927.85524051865
7042. 6296.260651628515
7043. 2603.6754715376806
7044. 4377.799982193147
7045. 2068.059750070355
7046. 6555.669692806078
7047. 9874.984328306275
7048. 7439.113938130362
7049. 3309.2084088623315
7050. 3082.2082526895733
7051. 15982.566369827062
7052. 5835.431612247689
7053. 3280.7061854854414
7054. 4250.852395363752
7055. 3969.523991387009
7056. 3963.930236785299
7057. 2598.133678202073
7058. 4551.519766877376
7059. 5454.603914071566
7060. 2677.997093718766
7061. 1252.067935375037
7062. 6890.148847896067
7063. 3407.0997923909686
7064. 4469.466811103517
7065. 7113.931985317439
7066. 12797.652467177872
7067. 4633.878406462847
7068. 6530.527321387957
7069. 2712.6216692232997
7070. 4237.405270545388
7071. 1904.0087522354272
7072. 14133.40498564446
7073. 6863.179944598979
7074. 2170.7441734442114
7075. 3946.6317526446874
7076. 4285.866932538722
7077. 4197.8381640229945
7078. 6041.340834219373
7079. 1662.1949079443227
7080. 5642.646817235979
7081. 11774.132552881134
7082. 11050.269463135472
7083. 5916.010338614021
7084. 1810.9949138424224
7085. 1100.8600938465809
7086. 7521.665236443032
7087. 14958.342206134927
7088. 7584.264911992218
7089. 4941.749164518433
7090. 2375.543758549071
7091. 2655.9469481291785
7092. 2122.6595938931746
7093. 2936.8069453535145
7094. 9013.262452861889
7095. 5206.183046317351
7096. 488.6797358399159
7097. 7453.096869768047
7098. 3353.049224696724
7099. 2974.6109461798924
7100. 226.94221888401609
7101. 1199.6515662631607
7102. 19862.67852244311
7103. 5500.881024185892
7104. 8228.636386045626
7105. 22544.457306582688
7106. 2905.0895035219937
7107. 10614.18398548572
7108. 2802.863854145918
7109. 20702.973953563825
7110. 11474.67845166294
7111. 9169.005306736308
7112. 6199.351021834391
7113. 5828.19699728901
7114. 23317.982163822166
7115. 25112.4636893056
7116. 8878.169223539944
7117. 4102.140648665313
7118. 3606.9753280616605
7119. 20559.882594411232
7120. 4522.406612024117
7121. 1382.6582164162753
7122. 3514.637715189766
7123. 7376.187282193826
7124. 4936.461624800643
7125. 5080.488798414952
7126. 4473.033461293096
7127. 3204.3630753790735
7128. 9694.172348599006
7129. 1665.8638944400645
7130. 2955.573521133297
7131. 4411.465752039639
7132. 4741.422840227608
7133. 5450.131895788948
7134. 3857.042604506554
7135. 3146.813421432923
7136. 7958.995435978873
7137. 9991.791714808198
7138. 2618.884371165948
7139. 16151.484943792191
7140. 5308.1181330932895
7141. 11004.172948171275
7142. 11694.853954786431
7143. 2898.6760878494215
7144. 5550.756961718904
7145. 4720.158755838491
7146. 2116.365499789693
7147. 1600.4875812239977
7148. 2444.035617107966
7149. 13480.557663507812
7150. 3887.614841924823
7151. 1278.898527198202
7152. 5097.37067026719
7153. 2936.1070221676027
7154. 3036.1059876779696
7155. 2867.9515659128856
7156. 2565.5308903374676
7157. 4256.642934803358
7158. 2206.466897606363
7159. 1061.7449249488257
7160. 1780.3795217664542
7161. 1141.9737917513655
7162. 3477.600595579719
7163. 5151.346876243165
7164. 1156.6169072046628
7165. 1521.979128263169
7166. 4517.842188047865
7167. 5452.847526564242
7168. 1852.9979401062967
7169. 737.1453487284866
7170. 4473.858168678582
7171. 5184.568874782205
7172. 4494.591657617069
7173. 1207.4195746533549
7174. 1895.012216748406
7175. 1582.3412909499336
7176. 3003.4140553005914
7177. 2650.3889100107435
7178. 2954.3799876378607
7179. 4960.502511370449
7180. 1983.5913154629552
7181. 2456.721295973799
7182. 11859.204060093778
7183. 3077.9775522194795
7184. 2938.377376094114
7185. 2444.203548577256
7186. 3350.3511274151488
7187. 2754.0554481472277
7188. 1614.907243003278
7189. 3117.3952963712422
7190. 5185.699488345063
7191. 2255.9655997098607
7192. 3609.709442410835
7193. 6425.6937349988175
7194. 7819.450789034431
7195. 6824.466034071931
7196. 4386.466759711145
7197. 2625.6453530627728
7198. 3998.4514652918224
7199. 4462.871252744288
7200. 8969.663234398202
7201. 6188.41230277137
7202. 4197.241724852206
7203. 5299.096496068804
7204. 4978.556262723263
7205. 3418.509067902949
7206. 3077.4283842499945
7207. 1632.511615996665
7208. 2799.6676507658894
7209. 1972.6334089329337
7210. 8023.986437630633
7211. 3722.151008759988
7212. 2242.4221728056164
7213. 3228.4095689674436
7214. 3694.159732980257
7215. 5236.342555587333
7216. 3386.9173011476923
7217. 7578.480093019014
7218. 2728.6623025683025
7219. 7860.448014988056
7220. 4821.531849396989
7221. 5171.663418474228
7222. 4661.959526882319
7223. 1928.2176375354863
7224. 5805.372314410429
7225. 2237.422028137566
7226. 7575.032832428911
7227. 5130.714054071564
7228. 5562.847467354308
7229. 1896.481615301243
7230. 11596.765992500115
7231. 2866.9807731771625
7232. 1540.9988252265719
7233. 5656.920689217231
7234. 4842.638638374254
7235. 4464.825730974747
7236. 1496.0313555944026
7237. 2483.1289176981004
7238. 1554.0252217150996
7239. 5458.729875433909
7240. 7751.274176684707
7241. 3607.4372805639377
7242. 2894.496439665622
7243. 4149.833367728863
7244. 1917.6795118176526
7245. 1744.8747893838445
7246. 485.1395059875149
7247. 594.047476117109
7248. 974.0675620324547
7249. 299.63346170962336
7250. 816.2464975281634
7251. 12941.44515338423
7252. 2985.3687120091804
7253. 8248.206030962072
7254. 13530.590680021673
7255. 6594.94343694678
7256. 3766.337367909322
7257. 6283.804696850904
7258. 5358.352864133577
7259. 5650.4214200903925
7260. 8755.289891849263
7261. 3055.860770947173
7262. 2223.379151036586
7263. 5247.581726745563
7264. 5589.247799803075
7265. 1045.0027850196657
7266. 2173.5568490542632
7267. 4031.7740534982904
7268. 4441.201247425714
7269. 4503.094799275584
7270. 1024.9284027421293
7271. 11215.382966824782
7272. 1141.005885400528
7273. 1451.3112485945128
7274. 6982.445141201841
7275. 1396.939925420811
7276. 9108.92004015992
7277. 1335.394739406735
7278. 1388.7949583840907
7279. 2583.501855639853
7280. 1331.129621547992
7281. 2134.718533206097
7282. 4543.803817394682
7283. 4904.1295905169945
7284. 4296.881389858854
7285. 3815.5799574231114
7286. 5006.0307016075985
7287. 4352.773356338153
7288. 830.3992681005728
7289. 2190.3306274319207
7290. 2585.449266944846
7291. 6929.878161798269
7292. 1706.6073643594027
7293. 7751.936521055489
7294. 4067.9800687529428
7295. 3550.8493199958893
7296. 1755.6593166822988
7297. 4055.321349860354
7298. 5296.169009678546
7299. 3712.9916657777
7300. 4784.427294576317
7301. 4656.101582170282
7302. 4664.598135699283
7303. 3419.226572943503
7304. 1885.3214073502274
7305. 1193.9338373561193
7306. 5337.754370846803
7307. 969.7802309144091
7308. 452.34710018146825
7309. 1689.3806349438955
7310. 1477.0462727324314
7311. 1940.6270450136121
7312. 1605.22072194329
7313. 1226.921436030447
7314. 4139.804258912889
7315. 3502.6365521559883
7316. 814.8309650840438
7317. 1294.9289110581446
7318. 1389.1089377002897
7319. 5748.056096593481
7320. 1717.642354005911
7321. 6677.372162844181
7322. 1597.454168263302
7323. 1308.295179808517
7324. 2845.134212228023
7325. 1517.002731090104
7326. 1620.3438898683196
7327. 6557.117989512766
7328. 2035.728652512326
7329. 3052.707110343652
7330. 5995.290724379594
7331. 3835.6817333707017
7332. 2453.0334066868922
7333. 2354.424837435076
7334. 3114.0726248550777
7335. 1111.4130178703804
7336. 3229.441958247896
7337. 1434.9897036467332
7338. 857.19871981427
7339. 2740.95874062232
7340. 5832.940805016308
7341. 3534.667371883461
7342. 3075.6740886153116
7343. 7344.768148070046
7344. 1070.3657111400908
7345. 1835.3472264697837
7346. 1208.004577234725
7347. 3341.4085497029114
7348. 1331.1377763409566
7349. 2781.3925723834022
7350. 7808.677967329846
7351. 2336.557486656525
7352. 2582.9793562011823
7353. 2155.3530020508156
7354. 2902.067265962905
7355. 1634.727571603776
7356. 1146.943822167485
7357. 2262.812645055178
7358. 1386.4648308276055
7359. 1217.6061092653601
7360. 2579.0737045596143
7361. 2828.391750315432
7362. 1759.7742517726872
7363. 2546.7211040220473
7364. 2128.239885775833
7365. 6577.27771315252
7366. 2451.240218816106
7367. 2539.4439671528726
7368. 1021.5974422081579
7369. 1824.3865871434534
7370. 1818.431646666602
7371. 2516.1952253904624
7372. 2580.4901332788477
7373. 971.5635806165828
7374. 2229.246584277849
7375. 4971.8305234531545
7376. 2002.9308968487328
7377. 1172.99040021469
7378. 3029.6054918970626
7379. 3441.245446746233
7380. 1556.8874059076825
7381. 1484.146140258302
7382. 2405.862191216185
7383. 1419.5011090395162
7384. 1811.1048544779385
7385. 1310.1869313518066
7386. 5444.978922154943
7387. 2617.7500802687127
7388. 2152.29960511237
7389. 3386.9718149153186
7390. 1774.9703068631582
7391. 4784.153127628137
7392. 2363.287093451604
7393. 1645.9992396915086
7394. 2090.7154452334285
7395. 2455.265364436915
7396. 1790.1436765626345
7397. 1017.9259493167186
7398. 1182.499677361043
7399. 1122.7808932801663
7400. 4005.920273136868
7401. 4051.038799079711
7402. 2410.3244755945407
7403. 1485.719388258437
7404. 802.1256141605946
7405. 1708.3418656969457
7406. 2063.0931817340734
7407. 1725.780052921952
7408. 1881.9423172050524
7409. 3116.44400031466
7410. 2065.2196385039542
7411. 2560.8101346634717
7412. 2031.7144942427735
7413. 2186.748542380468
7414. 2029.3986415138047
7415. 1952.4759205615574
7416. 3022.727154484129
7417. 5303.669162537599
7418. 5145.115422572471
7419. 1505.2569672270326
7420. 1108.4649038976297
7421. 3476.3823135479474
7422. 1089.6055774506972
7423. 6954.479512257714
7424. 1851.0828027959453
7425. 3991.621996156092
7426. 916.3266193348097
7427. 3451.003255277509
7428. 4017.599062438188
7429. 4673.0462069471505
7430. 1830.5843745890134
7431. 2908.9578091980247
7432. 3256.495762067437
7433. 2604.2148092816087
7434. 3283.5987385994304
7435. 1783.2044241867845
7436. 1764.97929308198
7437. 3287.212012135113
7438. 4539.1602533926325
7439. 2101.191827937125
7440. 1659.529835143463
7441. 2028.2789050793294
7442. 2090.419592281246
7443. 3725.3545014774954
7444. 1474.9448607704267
7445. 1391.7394330701327
7446. 3337.7407734075186
7447. 5587.13183223649
7448. 4813.239940064392
7449. 749.0091553920214
7450. 10949.566703784234
7451. 1012.8939961564712
7452. 5918.379624100874
7453. 2363.5794822171547
7454. 2981.741253708264
7455. 5304.15475291187
7456. 2751.0399861849564
7457. 4197.385156262005
7458. 1403.181380727732
7459. 1860.9489499442686
7460. 786.8012299661914
7461. 991.4444677078827
7462. 754.0972850472174
7463. 4046.331355694608
7464. 2664.7986722327278
7465. 7179.7414863964
7466. 2197.355670732226
7467. 833.9608147282728
7468. 864.6275824943037
7469. 393.62103302510724
7470. 1669.9009737336157
7471. 2991.346532940957
7472. 348.8685922089882
7473. 442.36367227086043
7474. 908.6791467930623
7475. 1155.1796484681342
7476. 119.65242834677493
7477. 1324.3939446372046
7478. 2800.373430501666
7479. 1166.8196853919726
7480. 1292.9928638064332
7481. 1502.3971573401172
7482. 7070.905542846019
7483. 2193.710340809773
7484. 5200.294692841772
7485. 1637.6624883395268
7486. 1879.9874558725694
7487. 1936.9678203282501
7488. 1526.6466162819233
7489. 2416.4559944711386
7490. 3595.53256343414
7491. 5125.64911034274
7492. 3637.098093821376
7493. 3483.8499709952152
7494. 3202.2137476902412
7495. 3121.555260736221
7496. 2962.2256331760996
7497. 1171.4193988898385
7498. 8001.678916170997
7499. 2069.520821030582
7500. 5193.5953717836255
7501. 4210.2000805464195
7502. 5680.149064862986
7503. 2727.9467214018
7504. 2733.6588711917902
7505. 1933.1033743174457
7506. 4156.764744433562
7507. 5332.216793914582
7508. 4432.745914272965
7509. 867.7903182206268
7510. 3358.3488950556925
7511. 2766.1959357975807
7512. 2931.6255364995864
7513. 5792.3192710866015
7514. 7757.75809129586
7515. 6212.362295217311
7516. 510.81509853130746
7517. 6834.586064234849
7518. 8499.225268997434
7519. 2938.8549734667486
7520. 2768.8067874874514
7521. 1250.804307304794
7522. 2398.4785049351226
7523. 1396.0144684749016
7524. 2715.0604536500127
7525. 2525.2631840359763
7526. 1134.9613913744972
7527. 2784.3536663090113
7528. 1015.3372869314439
7529. 2659.2602408550792
7530. 3153.236170891056
7531. 2368.836636001761
7532. 2815.4309128990576
7533. 9140.327834314643
7534. 4131.942846198638
7535. 2805.3984872798733
7536. 11338.758132269173
7537. 6681.1508694370605
7538. 1495.6764919636084
7539. 4789.527111233279
7540. 5062.399548415348
7541. 2807.4428494656213
7542. 5427.44599836408
7543. 4208.869830509589
7544. 3094.973346043432
7545. 3680.060061533694
7546. 3037.754593022367
7547. 1561.9387242111495
7548. 4534.175593832986
7549. 4629.12542888335
7550. 1305.2911300017374
7551. 1429.2424752875902
7552. 2259.2893442652726
7553. 1108.2862492150987
7554. 1824.8862725483095
7555. 2243.623868320662
7556. 1203.7396937085382
7557. 2060.3442134079833
7558. 1286.0715582214616
7559. 1155.9908815116664
7560. 2383.366485498707
7561. 2880.4441489920728
7562. 2760.869398616726
7563. 4321.3316821024955
7564. 3724.1718831677044
7565. 6140.630271373573
7566. 2458.633993201264
7567. 2860.1634400917856
7568. 622.0275548635756
7569. 5708.837687261515
7570. 2644.0313397855434
7571. 2331.2089222725585
7572. 3613.561925751
7573. 2503.33266546224
7574. 3293.035846508507
7575. 2433.3369361595173
7576. 4700.32899047585
7577. 6691.571538102929
7578. 3984.920072218894
7579. 2544.7099553017597
7580. 2489.6509261871033
7581. 1747.184667119324
7582. 1503.0222245210348
7583. 1487.2565627274196
7584. 4500.72222921728
7585. 2698.3989372928427
7586. 3024.8086517077695
7587. 6052.963432611973
7588. 6166.929034476517
7589. 2549.517692760761
7590. 7273.436567009298
7591. 2462.3543256691582
7592. 3529.262988424889
7593. 2930.9113214196627
7594. 1678.4745985305196
7595. 2269.284676133424
7596. 2733.7604548103272
7597. 3281.261795688093
7598. 8198.97763895574
7599. 2891.5135102835407
7600. 2050.6427699563856
7601. 1744.289195095042
7602. 1822.8689533085305
7603. 2379.128555284126
7604. 1576.7403388656553
7605. 1869.7992693690226
7606. 2237.8511744730245
7607. 3610.1669336938594
7608. 4374.350181555456
7609. 1258.467922120493
7610. 2928.6038563702145
7611. 2036.9283274775014
7612. 3684.3089647205265
7613. 3421.54868610677
7614. 1713.4186839451474
7615. 1526.0897030312171
7616. 2338.309483933635
7617. 2820.8048156201066
7618. 2173.1184820916255
7619. 2646.9753926008675
7620. 7496.509910387548
7621. 2489.8455458483054
7622. 5227.783635580782
7623. 2193.419361252587
7624. 1125.77918675476
7625. 2175.2952116469505
7626. 4169.498221011417
7627. 1469.3277499193482
7628. 1547.1923937265335
7629. 1228.5662660140547
7630. 1497.3807407263373
7631. 1228.590661589943
7632. 2134.6432601825645
7633. 5420.793232045526
7634. 2609.305669617514
7635. 3190.309707301134
7636. 7773.344295646246
7637. 1506.904534100188
7638. 4248.531999601981
7639. 1899.3194054063374
7640. 2358.715756547005
7641. 1885.2468449299329
7642. 1904.7192580559158
7643. 3512.4066232996606
7644. 1354.080933095397
7645. 1558.568850121751
7646. 436.86596126908296
7647. 171.7225958831449
7648. 1302.3531827263198
7649. 1195.5117364693683
7650. 437.57368375293936
7651. 1405.1542128391368
7652. 1374.6652739837473
7653. 621.0638634869711
7654. 1726.9742187856991
7655. 329.3991749082843
7656. 2165.1506634345715
7657. 494.77293988860265
7658. 1442.694259587972
7659. 1025.4258534863725
7660. 1715.5750404000746
7661. 2324.969316877157
7662. 1566.9326741183181
7663. 918.1937294034235
7664. 1745.1953052471565
7665. 2343.227024198998
7666. 1784.0454912588143
7667. 3136.4303124749104
7668. 607.1339071811697
7669. 9179.208794089873
7670. 4025.87861626713
7671. 1459.0063253540895
7672. 2368.044430918779
7673. 1428.928935619089
7674. 2461.9483525763444
7675. 3014.219156854234
7676. 1055.8869386046074
7677. 1773.9223160111478
7678. 2072.020748994889
7679. 3942.640961036
7680. 1378.1175160973771
7681. 5366.172447801624
7682. 3052.9077634713453
7683. 7908.4314454890955
7684. 9316.622222270003
7685. 5043.739942579679
7686. 1925.7993138660813
7687. 6463.239769146919
7688. 4389.828902860552
7689. 5486.808653262185
7690. 7675.121443646201
7691. 4078.9830756184215
7692. 4145.1662063890535
7693. 3772.294627909159
7694. 4303.479510450134
7695. 1537.7765021069115
7696. 822.014634763854
7697. 1032.1376906785617
7698. 3601.6520381323057
7699. 2835.77739412035
7700. 6357.1303290911965
7701. 2416.7640554404074
7702. 1920.4040311305707
7703. 6692.729453212611
7704. 6039.230683465797
7705. 3520.260236837183
7706. 2699.6124778897765
7707. 3453.675146824436
7708. 5916.338136651491
7709. 3195.904534416331
7710. 1710.4469319570717
7711. 7032.318716545807
7712. 1336.689877757093
7713. 7730.907570934992
7714. 1661.9236075049039
7715. 1876.5180722439843
7716. 2579.541907509006
7717. 9916.808621570282
7718. 5852.005584629739
7719. 7392.431282911021
7720. 1808.2056193460962
7721. 3073.075538873853
7722. 3225.0919138499057
7723. 7581.910298697271
7724. 4466.98661168487
7725. 11695.290240503571
7726. 3674.1485105889724
7727. 6141.661401912588
7728. 1736.538354167184
7729. 5310.882225401247
7730. 15542.738195481334
7731. 1983.3045618987285
7732. 8910.3878589876
7733. 2874.6048264546844
7734. 5010.050475801619
7735. 9277.363146496931
7736. 4403.936651697288
7737. 2908.7056082094637
7738. 5190.6161142584815
7739. 6825.361731505412
7740. 8274.939892581151
7741. 3098.663923066345
7742. 1904.3319147839197
7743. 9504.42127940781
7744. 2240.7286997609594
7745. 3522.0822202613426
7746. 2874.516562753452
7747. 4621.857982307765
7748. 4809.073816385582
7749. 1663.8673526821933
7750. 778.2629610339718
7751. 2481.8375760745416
7752. 2089.677663995787
7753. 2170.912544005075
7754. 1363.328218072895
7755. 1109.924865672634
7756. 1841.062361363351
7757. 3911.0583757155196
7758. 5464.674259800735
7759. 2609.447645884626
7760. 3541.2875721359396
7761. 7163.383671233315
7762. 2014.2205751068334
7763. 1522.8217732373337
7764. 856.3683887049453
7765. 1169.537474085467
7766. 2074.460658580364
7767. 5828.879071980659
7768. 6149.973654940441
7769. 2178.9223687933304
7770. 2734.908323427015
7771. 5181.094390879704
7772. 4076.84057284321
7773. 5885.214689177794
7774. 2549.8944046145857
7775. 3602.965455796474
7776. 4020.4090039877033
7777. 10461.275333831021
7778. 2879.7899876094543
7779. 9217.03855470871
7780. 5851.645128788299
7781. 3515.242680257247
7782. 2176.697603639985
7783. 1135.4222795560393
7784. 3482.5532940439134
7785. 5380.374630701723
7786. 3621.3008081619637
7787. 2906.942254021155
7788. 612.0583811290937
7789. 1917.3871777969757
7790. 2090.6991569700995
7791. 1567.2119626249298
7792. 1855.3306663675353
7793. 244.8983317284999
7794. 1597.7701477470193
7795. 1496.1833511802008
7796. 1607.984973513876
7797. 8736.75273165912
7798. 5278.446880574915
7799. 5324.125161062611
7800. 3901.804977507808
7801. 2911.8870547069246
7802. 1322.948890068018
7803. 4061.1157487184964
7804. 2057.1662317408855
7805. 1279.57679161659
7806. 2950.0272584115273
7807. 234.9523174647882
7808. 4660.634050428586
7809. 8206.416219769135
7810. 5301.390528819824
7811. 9155.387821818898
7812. 83.35662829561599
7813. 2642.1445660784125
7814. 17068.343560434776
7815. 1286.6180312967113
7816. 2593.007419599973
7817. 277.28175560375723
7818. 1848.4879086868214
7819. 925.4930189762292
7820. 1004.2699473620171
7821. 7674.375715803443
7822. 5013.510384072159
7823. 926.1100879292799
7824. 7750.485622353709
7825. 4641.867394744397
7826. 6517.076283059054
7827. 1196.2115287908596
7828. 4855.3030497336085
7829. 896.2530083302663
7830. 3313.4112217215525
7831. 962.8882022455975
7832. 2404.2725207308076
7833. 3040.2761152387857
7834. 4238.758009592551
7835. 2190.925324697109
7836. 1970.5250983510673
7837. 1136.566068888873
7838. 1868.3869196682913
7839. 609.4231989407493
7840. 657.8336279783882
7841. 1070.6063128728501
7842. 2378.953164763008
7843. 4045.5964421494223
7844. 4289.6098416967325
7845. 9938.418263892996
7846. 6279.814222644553
7847. 908.1235363848508
7848. 1171.915180791784
7849. 4655.525743556362
7850. 4507.854630072955
7851. 6895.690908726244
7852. 5259.947413714685
7853. 2848.7322789700875
7854. 3530.174761557162
7855. 846.7727513326076
7856. 727.4050068795635
7857. 946.5940521933311
7858. 606.4491750232772
7859. 1111.5158225921573
7860. 1519.3050545412186
7861. 4385.352969827201
7862. 3555.125855404506
7863. 9132.660732000184
7864. 8668.01821569413
7865. 19721.974902573274
7866. 3039.4668861753516
7867. 2541.7949381824333
7868. 2108.296232308534
7869. 16702.7188463434
7870. 1867.3312387259432
7871. 6582.137076988102
7872. 9017.531437778358
7873. 2435.1618716705557
7874. 6236.811657322996
7875. 5977.261077780014
7876. 2209.389408509902
7877. 9486.44434496498
7878. 8212.792693724452
7879. 3090.343216324848
7880. 6067.231336458367
7881. 12294.30714626084
7882. 5947.850919118472
7883. 4403.487247801965
7884. 7658.758556727946
7885. 10794.153194480672
7886. 5406.062867164473
7887. 897.2070950200189
7888. 945.0173266660383
7889. 5992.7397100900835
7890. 8321.899057098492
7891. 8051.498205354479
7892. 1205.428750868366
7893. 4764.87262068771
7894. 6962.804920019537
7895. 762.0463737268446
7896. 1808.987705847458
7897. 9783.671965310159
7898. 3828.715407237135
7899. 1177.968053399763
7900. 413.12388066205534
7901. 2345.3916342919356
7902. 5434.245555877035
7903. 1130.5586123930134
7904. 4807.2915891689345
7905. 2071.5251197626694
7906. 9778.648121259746
7907. 1481.760167346929
7908. 1825.3506810279928
7909. 3376.442435333255
7910. 2131.742570100925
7911. 1917.675041136564
7912. 5537.919480930465
7913. 2515.189864133288
7914. 1113.591563439061
7915. 8179.934927237099
7916. 5377.336903669074
7917. 6512.226818021891
7918. 724.0939577424296
7919. 427.9672388683256
7920. 3107.7939069324675
7921. 2556.4457987947903
7922. 5329.914568431142
7923. 4450.420330211356
7924. 5413.591245778937
7925. 1984.2024853286894
7926. 6067.199114081043
7927. 6337.607270514825
7928. 4308.060779454032
7929. 3241.1796867929147
7930. 3218.891635973234
7931. 2450.623727260168
7932. 2572.3631220207435
7933. 606.1449740672546
7934. 3941.3933027648286
7935. 14740.510020249785
7936. 638.3052861950291
7937. 995.2365783306693
7938. 3952.207486125359
7939. 1162.2790731578377
7940. 5853.7808413022585
7941. 8556.932817802393
7942. 4325.3208308962585
7943. 466.8052443190176
7944. 643.692209601604
7945. 451.0889334052751
7946. 5452.824201152161
7947. 4743.660027159373
7948. 3995.5438486624157
7949. 968.0245044044436
7950. 6626.914754125293
7951. 6251.824853909578
7952. 1194.7197455661376
7953. 2548.250457818178
7954. 3496.0118524414634
7955. 470.11299752655447
7956. 449.98831135890026
7957. 1618.104692374819
7958. 11840.609342521684
7959. 2065.1003430519186
7960. 8665.198691077028
7961. 4439.838357945915
7962. 15965.88647245907
7963. 7684.8845388819645
7964. 4148.240381776641
7965. 19568.215788097987
7966. 22513.039725456278
7967. 10817.205469695877
7968. 8838.168239694285
7969. 5932.954396589875
7970. 3339.2627858859364
7971. 4097.33991278511
7972. 4151.173960062158
7973. 2353.8925709284363
7974. 1809.7388221727147
7975. 4265.219829276256
7976. 3439.283621977376
7977. 1891.8712373297083
7978. 1562.5218834890734
7979. 19465.77015616055
7980. 2862.7666460735736
7981. 1123.8200048448691
7982. 6987.896498938808
7983. 1346.946375713659
7984. 3733.7940500828054
7985. 4245.600700842081
7986. 3910.425505878984
7987. 5137.688627654585
7988. 3856.5358334682164
7989. 9102.419918371777
7990. 7300.014003035712
7991. 7667.011750882378
7992. 24736.671682232263
7993. 4888.203634853476
7994. 15472.428500407685
7995. 4168.435779860562
7996. 1814.2862686454241
7997. 1630.231529972186
7998. 5486.377894587273
7999. 6745.550888995581
8000. 7786.824588879903
8001. 1571.5081597449225
8002. 4778.694853776873
8003. 5264.368060520193
8004. 5376.338191106258
8005. 5289.03884556169
8006. 17555.59540342347
8007. 887.1957259033495
8008. 1610.6189649043993
8009. 2663.490491495772
8010. 1457.0039113227288
8011. 4278.623040914225
8012. 3519.6551441275324
8013. 3585.04378172006
8014. 7741.894312649524
8015. 6674.670725126176
8016. 9376.488882851543
8017. 10277.073107760541
8018. 9014.540688461588
8019. 18377.99676168719
8020. 6308.434691095053
8021. 3489.1413997342024
8022. 26247.35879547848
8023. 5575.268764878601
8024. 12196.461792099572
8025. 7354.72367401499
8026. 2917.234311639418
8027. 1863.4182210016045
8028. 12608.869031233013
8029. 14013.784875306883
8030. 13541.710199927196
8031. 4703.954391103456
8032. 3215.5457064599814
8033. 9507.780730791368
8034. 10014.215268468823
8035. 1713.0362373171229
8036. 570.8902046141932
8037. 2277.7527447050393
8038. 1843.2926670023255
8039. 1297.525911609559
8040. 1745.1987698025248
8041. 6405.084795435415
8042. 6094.470820383647
8043. 1901.9070894595964
8044. 3632.4260122032415
8045. 4184.99875329175
8046. 1858.315958674397
8047. 3433.906879116728
8048. 7580.685127872031
8049. 26568.003441017143
8050. 2517.8108126722213
8051. 7416.8383742673495
8052. 5890.255029842862
8053. 1758.8966748086086
8054. 2438.6544965458866
8055. 4262.559672783366
8056. 11596.070657150527
8057. 2332.6408350154907
8058. 7734.120703755539
8059. 1191.365967625235
8060. 3846.602467870084
8061. 4168.200860409289
8062. 2755.2464970864185
8063. 1764.4694889055002
8064. 1984.4065694180233
8065. 12357.740708987958
8066. 842.5853162669038
8067. 1433.3338457789253
8068. 12309.261496435805
8069. 2565.9402689657763
8070. 929.6386300062865
8071. 2043.0508197216361
8072. 3294.500244950919
8073. 2649.785874165809
8074. 3868.9509802265707
8075. 1697.5318481515992
8076. 2168.626308582414
8077. 2059.709585142843
8078. 10467.894552594562
8079. 4563.47782386525
8080. 824.0836665161156
8081. 8305.350832615331
8082. 4716.828567595169
8083. 4643.060306925327
8084. 1159.4646145555046
8085. 2596.625844243689
8086. 794.5352963673671
8087. 4090.8666001948422
8088. 4542.801423822484
8089. 1066.6451827467076
8090. 1728.9018363609866
8091. 3523.092461213341
8092. 6566.445340030571
8093. 5870.895354347607
8094. 5127.959415678266
8095. 6794.700513986009
8096. 1335.8390938588332
8097. 7102.425609123918
8098. 6225.053883835384
8099. 4247.250785598476
8100. 929.9869649488651
8101. 9180.392975759105
8102. 7166.311403107796
8103. 6186.834725082571
8104. 4746.721551449022
8105. 5154.262964081601
8106. 8147.112689201879
8107. 3706.157656033138
8108. 1533.0998928258498
8109. 1543.0442784985155
8110. 3721.1912127195856
8111. 2313.8948852406
8112. 1804.9974006201523
8113. 787.4674583067043
8114. 2517.612140403621
8115. 5024.258652167732
8116. 4425.247869446751
8117. 3641.2756647596257
8118. 3628.7954442665605
8119. 1953.55272736101
8120. 4510.0208436527855
8121. 5132.170433775218
8122. 6004.112665936074
8123. 4075.751743684717
8124. 2963.8571870359406
8125. 1952.0105947814252
8126. 6523.477543281816
8127. 3226.4716303606137
8128. 6732.240506441712
8129. 5378.941577897947
8130. 3848.2019136003837
8131. 1654.9231580270878
8132. 1190.116165830638
8133. 2582.155019222888
8134. 2309.6580869342065
8135. 1498.1033527298978
8136. 1791.029385403646
8137. 628.7820812509891
8138. 776.2044209516521
8139. 929.6757700471497
8140. 4989.657375555742
8141. 7486.730054026954
8142. 1258.7631944574402
8143. 2047.747937618941
8144. 4532.618928679138
8145. 796.1206619295318
8146. 6130.405360981686
8147. 4415.121357926308
8148. 364.6435182049633
8149. 1897.1326866951713
8150. 2730.660891072131
8151. 2887.188519683536
8152. 1522.3097330658677
8153. 1797.2154797322905
8154. 2455.153736868727
8155. 9859.904487572678
8156. 6245.148965562526
8157. 4479.708174650593
8158. 1373.7088319717102
8159. 1653.5235681380284
8160. 1762.0589115497492
8161. 4553.477679573375
8162. 753.4223451121522
8163. 4372.208614415127
8164. 989.8843010539769
8165. 5448.3249578949935
8166. 1034.7258787578285
8167. 4492.154046054131
8168. 1285.6940191025942
8169. 6750.975035105045
8170. 2110.7080081550876
8171. 2471.556303482438
8172. 7307.92454252739
8173. 5451.470578743675
8174. 2702.1818107725244
8175. 6320.961689261134
8176. 5248.308003490503
8177. 4278.354754118257
8178. 5836.011152094039
8179. 4069.671685531707
8180. 2633.2060064005636
8181. 1944.9181962191415
8182. 2773.6620842498924
8183. 5389.355164917802
8184. 1375.117457859707
8185. 7007.293643403798
8186. 3529.7198138329604
8187. 4312.948685538573
8188. 1042.77850784858
8189. 4271.635039510361
8190. 4351.9321982440415
8191. 3890.0907254377717
8192. 2221.752857746913
8193. 10856.681387949111
8194. 6244.7598065477805
8195. 8175.207042930636
8196. 1966.633521695409
8197. 9951.62030526318
8198. 6591.480405713757
8199. 4668.6801218461105
8200. 5105.245049722913
8201. 4478.189523242487
8202. 5138.2677314127495
8203. 765.1320799054403
8204. 8729.837866837635
8205. 7889.507901559463
8206. 7960.821323958454
8207. 8286.513441768564
8208. 4056.8780887217526
8209. 2040.8612253868555
8210. 5175.298357272376
8211. 4903.796029269443
8212. 1143.1955075500382
8213. 6554.883469096207
8214. 9358.675461756604
8215. 4725.693566981504
8216. 3008.069284093062
8217. 4496.893460254757
8218. 1471.1427338622566
8219. 1337.259190945968
8220. 6878.381006676575
8221. 3050.1149949583682
8222. 4838.789827878947
8223. 249.72195722459028
8224. 11781.15456305759
8225. 4248.763365112754
8226. 3466.7084420564047
8227. 3436.9221592462673
8228. 2432.4823320898786
8229. 3336.826572525762
8230. 2685.7594767394785
8231. 6135.982592710516
8232. 12485.484174825106
8233. 3241.975576651406
8234. 8734.521029392678
8235. 9766.863305112953
8236. 6002.706012666502
8237. 5762.045777795361
8238. 5719.665089008166
8239. 10611.545878817027
8240. 3008.53170694719
8241. 5041.795077321469
8242. 12637.382884651597
8243. 14533.911383674405
8244. 5691.220885292544
8245. 11085.636799619268
8246. 2846.903849121209
8247. 9042.818709106228
8248. 3867.524296290292
8249. 2572.1422677920573
8250. 1986.3610117630192
8251. 7657.0705476525645
8252. 230.4066664621419
8253. 1625.9060097227587
8254. 5740.23293573949
8255. 2137.3845824045734
8256. 12455.129616883773
8257. 2004.4022297425863
8258. 5625.3864353142735
8259. 11320.220897556901
8260. 8088.332848038094
8261. 4612.823993290184
8262. 12921.761401069863
8263. 6062.005524479811
8264. 5590.12212641237
8265. 11021.698742148546
8266. 4719.345290481935
8267. 3877.4090787356954
8268. 4404.108918624805
8269. 13961.591151574645
8270. 1270.0357575507853
8271. 5435.495951867482
8272. 4401.613655744414
8273. 3230.6315679763734
8274. 6545.762049733832
8275. 1403.168447060698
8276. 4038.5431689873467
8277. 12147.268698045169
8278. 1197.393604177772
8279. 2505.5590092980588
8280. 3531.835458061349
8281. 761.0847384233774
8282. 696.5809959503538
8283. 4219.306152598221
8284. 3113.4827086082187
8285. 3175.8535943641696
8286. 10147.313217850142
8287. 3928.199832126964
8288. 2867.8945862029373
8289. 2313.5061511307063
8290. 1239.3766574106396
8291. 3619.7126050533984
8292. 2486.76968350274
8293. 2053.6958194737904
8294. 2116.6423231078074
8295. 2010.588231172541
8296. 2319.4470393680062
8297. 13271.345392883917
8298. 4433.638504879495
8299. 1646.3907685541428
8300. 1509.022010061492
8301. 1512.1476652973633
8302. 3028.201578156725
8303. 1693.516593864153
8304. 7463.602096071683
8305. 6450.332572513785
8306. 5713.904471557525
8307. 1629.0854699309282
8308. 7309.8356295459735
8309. 5825.334224590134
8310. 3369.5093090038686
8311. 4553.0348139814805
8312. 5261.542688179575
8313. 3305.046363174508
8314. 9967.40360281334
8315. 3069.1891191902737
8316. 7825.770130629383
8317. 3547.3085965812497
8318. 7711.804839656732
8319. 3694.919745878604
8320. 4832.565218434534
8321. 4430.148927428825
8322. 2935.253897030629
8323. 3039.4459261496854
8324. 11887.717601041024
8325. 4399.396072599388
8326. 3986.4013129752966
8327. 1896.8120993069297
8328. 1697.2392944595333
8329. 3880.463791507532
8330. 7071.777457769063
8331. 1451.7388714746826
8332. 3040.2043342069
8333. 3090.4019145614257
8334. 3381.961430290137
8335. 6508.166867370907
8336. 5025.220374959344
8337. 3477.002029440916
8338. 4211.717902467253
8339. 8550.55545535931
8340. 2173.086320645342
8341. 1729.8425039435583
8342. 4141.077210810123
8343. 3210.931934454414
8344. 2778.05410631175
8345. 5086.328910969134
8346. 1063.9393386055478
8347. 1090.767513367533
8348. 5997.488098313651
8349. 2396.794284693723
8350. 4798.129039099802
8351. 2222.394070829646
8352. 3846.375305147675
8353. 3020.430705793091
8354. 5412.369415024709
8355. 2265.1810528134506
8356. 1990.7556778508376
8357. 1612.3563378789468
8358. 1749.9797166940734
8359. 1176.3062983404902
8360. 4962.36188899115
8361. 4280.535713739902
8362. 2450.3491212650238
8363. 1100.0473939527085
8364. 2784.8718869597005
8365. 3812.9138277618945
8366. 2511.420392877561
8367. 1162.5050491147967
8368. 2853.781639898348
8369. 2808.664214670889
8370. 3193.054082147591
8371. 1664.10110393284
8372. 1168.8908834701742
8373. 3845.4686908759595
8374. 7421.2664026826305
8375. 1863.9653595682798
8376. 2785.036362999428
8377. 2069.382687014396
8378. 1921.2040491352764
8379. 5772.693735865537
8380. 2930.166411114578
8381. 2149.106446803166
8382. 3646.4376311761603
8383. 5546.296506631597
8384. 7106.271243907368
8385. 1573.1908005865398
8386. 1949.5304016256196
8387. 1268.7306374377001
8388. 1954.3502699655
8389. 3383.602694492713
8390. 2529.45549974804
8391. 1434.709197088084
8392. 2818.058320611761
8393. 4633.942425311394
8394. 4298.668511971925
8395. 1289.093816678421
8396. 3209.553476097736
8397. 1170.5048048420379
8398. 2013.140896311211
8399. 2344.4628849939086
8400. 1196.7921318637223
8401. 4474.525562496261
8402. 2927.6714527181693
8403. 4475.378155767706
8404. 839.6063057829041
8405. 2029.4271371667448
8406. 4640.663025419242
8407. 1614.835688804416
8408. 1795.6236029630384
8409. 2467.488418657986
8410. 2229.6292944943048
8411. 1457.9736739752823
8412. 4410.838952523567
8413. 4074.994126626857
8414. 1560.773296997242
8415. 1956.924542707215
8416. 1581.6453825445415
8417. 4593.056329221553
8418. 2617.4060878027663
8419. 3577.103658774654
8420. 2641.8612624958555
8421. 1835.79959558991
8422. 2407.221325291011
8423. 7672.528141328997
8424. 2119.2600385718415
8425. 9405.195563448415
8426. 3360.668260600136
8427. 1368.8944662659612
8428. 4232.350630704176
8429. 7262.595028881684
8430. 2437.7793306179406
8431. 2307.6576712398046
8432. 1856.860586095523
8433. 4128.981797278397
8434. 3975.1108277013536
8435. 5619.585472669287
8436. 2634.2296123150686
8437. 4443.300882589861
8438. 1106.6396510126642
8439. 2568.7797184574815
8440. 533.6953949474613
8441. 7739.980428879286
8442. 2332.103457352043
8443. 1475.9299207332867
8444. 898.1068562050722
8445. 665.2036738719372
8446. 3533.1122707894906
8447. 2110.0518915510206
8448. 3658.6617418042565
8449. 884.6248128790023
8450. 1611.7213866734292
8451. 836.727314845335
8452. 3456.938371498183
8453. 1409.91273858786
8454. 2410.208858839131
8455. 1760.928404644609
8456. 2403.1779177300664
8457. 4273.007806494063
8458. 4127.64060041024
8459. 2210.13355527597
8460. 8044.6427884849945
8461. 3360.657595546568
8462. 1445.8886761697584
8463. 9643.952925170432
8464. 3883.9348248963556
8465. 4452.952523948861
8466. 4573.163514021484
8467. 14446.490566426693
8468. 5415.760137315993
8469. 9433.98667440231
8470. 5531.267775107549
8471. 6338.983231884015
8472. 8748.333326623566
8473. 7960.619257956169
8474. 12310.658878263934
8475. 3093.4677383136095
8476. 6171.2259533887445
8477. 6452.8888616744325
8478. 4315.644886703992
8479. 4648.534015158987
8480. 9492.045114945744
8481. 4497.428165474193
8482. 10179.988450743702
8483. 14292.41348546433
8484. 13223.450507201806
8485. 8580.692989708503
8486. 1666.5556188857156
8487. 14969.917123817586
8488. 7631.5893389822295
8489. 7645.87883650727
8490. 2892.5905739578616
8491. 4912.242932734884
8492. 9309.13033984729
8493. 9032.78378871396
8494. 4863.241605527124
8495. 8947.656568842227
8496. 4372.720852056616
8497. 11888.121867837923
8498. 5996.944194287714
8499. 1240.7883818974324
8500. 4061.997133888145
8501. 2231.157467164698
8502. 1182.379749493751
8503. 5278.41484673086
8504. 2999.475204682629
8505. 6803.1779559042525
8506. 12844.782172252359
8507. 4616.487618168829
8508. 15129.487608897514
8509. 8580.169268915144
8510. 1306.0853294297308
8511. 8340.493837774013
8512. 3239.0392490959
8513. 3384.8951082604954
8514. 3469.774308878294
8515. 4812.804381771886
8516. 3390.9846221997495
8517. 7778.809310782427
8518. 6308.363993204994
8519. 17961.343499586885
8520. 14525.413923844682
8521. 1362.677055700663
8522. 1551.8679354315532
8523. 4149.530982736421
8524. 5395.735581345734
8525. 7953.901518069323
8526. 8795.848858343059
8527. 5390.139411892594
8528. 11582.32513372604
8529. 881.3850942935903
8530. 895.8114728689748
8531. 8736.904188912542
8532. 1790.7686964021655
8533. 3717.48775526158
8534. 2148.619736865012
8535. 3569.2800336466576
8536. 1695.3893910858305
8537. 1613.8017222576773
8538. 1220.3906850815938
8539. 1755.3797600744053
8540. 1461.7349146799206
8541. 918.1485768186262
8542. 2136.4545335391035
8543. 1765.6889289469266
8544. 1024.2726986415685
8545. 1110.1751473259583
8546. 1732.6952003838783
8547. 3167.4659314101436
8548. 2182.5640719366984
8549. 2401.593662036443
8550. 2661.622362546694
8551. 3578.457097355604
8552. 3098.8448354297893
8553. 8653.706657777957
8554. 7733.121290199686
8555. 2691.4957798059386
8556. 3910.753158811964
8557. 1531.1837819945024
8558. 5717.729479040216
8559. 1077.3550937119549
8560. 6822.003194544254
8561. 1267.6571002246635
8562. 1173.9466582612772
8563. 3232.709162186449
8564. 1044.8017896724514
8565. 7436.820890490575
8566. 5113.740287118656
8567. 2692.9437618130323
8568. 4115.647154298152
8569. 1272.9017677464121
8570. 3540.1758822495776
8571. 2439.248958708157
8572. 1980.7284058050286
8573. 2582.0331159175653
8574. 1621.8909259702957
8575. 2497.59797893679
8576. 11230.951725995117
8577. 1541.6593961176006
8578. 946.9498479324426
8579. 1237.171269474807
8580. 4937.998039847418
8581. 5119.363658125338
8582. 2955.8959223360853
8583. 4314.344865185329
8584. 2960.872040232566
8585. 6529.3572057180645
8586. 6432.253386338953
8587. 1505.3857802776345
8588. 4425.92607076149
8589. 3519.507216379066
8590. 7793.104495427446
8591. 3230.2316470544574
8592. 9123.512340994
8593. 3317.707412616033
8594. 3916.993820121114
8595. 8852.8650962389
8596. 3939.3176881302015
8597. 7728.542910476099
8598. 6529.2617494711385
8599. 8239.61413223402
8600. 2701.7612879513076
8601. 5122.307938296886
8602. 2019.1942761689777
8603. 3355.2573924031544
8604. 7734.904217860594
8605. 4696.464117971463
8606. 2004.1488479445115
8607. 3721.346826978228
8608. 6414.176028900591
8609. 9261.405472028233
8610. 5366.406342847852
8611. 2427.1444017266526
8612. 5564.867295131147
8613. 2699.3121819268285
8614. 2208.1918016700783
8615. 3969.0650462553253
8616. 3279.5127459111095
8617. 8058.6131954857765
8618. 2589.4867233519094
8619. 2502.7239726052508
8620. 3260.6134607419776
8621. 2190.3657329734156
8622. 1833.7967297507612
8623. 1156.5470576137143
8624. 6869.758150979792
8625. 4167.238899595043
8626. 6527.9270115806985
8627. 5075.059597562593
8628. 7630.422939671974
8629. 1512.1919405651781
8630. 1747.7628944717846
8631. 2994.688425230803
8632. 4605.3404055571
8633. 5207.368982569466
8634. 1921.93361968253
8635. 5973.426501821176
8636. 1812.4704252958613
8637. 2073.6028444936615
8638. 2066.246659773679
8639. 7321.99177652012
8640. 2549.764444832163
8641. 2821.3684131817827
8642. 1980.7355905533088
8643. 3798.442695777074
8644. 2364.46683892202
8645. 8044.249935824986
8646. 5681.852469974697
8647. 3461.7937340087306
8648. 2756.8890294711814
8649. 2495.5262158610326
8650. 9352.938182447047
8651. 1693.1937370764717
8652. 9046.379488547265
8653. 4954.582280600988
8654. 1840.2008986149654
8655. 2644.6228500711372
8656. 6012.977609624821
8657. 4728.039041008764
8658. 2801.128887399976
8659. 7706.487058842073
8660. 4297.916312775882
8661. 3701.998310433309
8662. 2363.197758319311
8663. 2136.254515393363
8664. 5759.29275866273
8665. 2136.045282071125
8666. 6896.0993385886895
8667. 8658.914533576833
8668. 507.4638273371836
8669. 1161.3668427865723
8670. 3610.919588045004
8671. 2475.610946538369
8672. 4770.71163366929
8673. 6993.546576004429
8674. 7048.93256385246
8675. 5723.561623545609
8676. 3231.1730334549507
8677. 2265.301523240508
8678. 4481.272797854763
8679. 1993.3340430936723
8680. 2579.9401229399637
8681. 2684.786957780946
8682. 7066.106503998346
8683. 5239.534112406224
8684. 14751.648861071364
8685. 6014.961185996983
8686. 1556.5505481370133
8687. 1671.7747737864665
8688. 1475.79164876347
8689. 1136.965578814921
8690. 1052.0399753066763
8691. 2864.476105203836
8692. 1774.7482803943697
8693. 1132.7263052150752
8694. 2440.5696019217967
8695. 1170.8895820435557
8696. 4859.853251391597
8697. 1931.3823010413696
8698. 11886.003568373824
8699. 673.5287613868942
8700. 97.80967677677286
8701. 3769.3204594185468
8702. 1270.4405417680432
8703. 2268.2472677224187
8704. 2830.903454927343
8705. 2649.502372300554
8706. 2748.4225065941223
8707. 4506.963883926289
8708. 5014.856800896794
8709. 2629.0589485927508
8710. 4295.456215786975
8711. 2880.04933024584
8712. 2899.2284178917193
8713. 4195.753621910656
8714. 4821.707886604837
8715. 13518.08284425418
8716. 4748.438730349988
8717. 7542.684443657749
8718. 3593.839094878339
8719. 8658.937674357952
8720. 2370.4689593711496
8721. 5538.55088968085
8722. 3565.2476490600106
8723. 1325.5218687428762
8724. 1321.6882835888898
8725. 1437.1541026595874
8726. 5644.937088536065
8727. 5091.259674523085
8728. 5614.430043100317
8729. 6681.480263197527
8730. 7616.921281570618
8731. 5574.138395517043
8732. 7496.98773394829
8733. 4989.709817745375
8734. 2092.784407450123
8735. 6071.172282404622
8736. 7287.849633084616
8737. 7025.8342062164875
8738. 7988.637865761967
8739. 3296.8167824168286
8740. 2986.4725028545026
8741. 8131.7961725674095
8742. 1927.969761574113
8743. 8374.167683011285
8744. 5098.000778441575
8745. 4423.75281565274
8746. 4119.389871556403
8747. 1904.5460363529055
8748. 3629.864043617316
8749. 6569.134581655984
8750. 8689.501537423414
8751. 10876.035801166061
8752. 2297.85623474562
8753. 4657.7850587593275
8754. 10764.485421066442
8755. 3832.128051917677
8756. 3005.4905545276215
8757. 3624.7003734989107
8758. 2976.369239725914
8759. 5511.2433583853135
8760. 4218.650924993147
8761. 1128.5839712030574
8762. 1965.1232154723157
8763. 1629.7940094005785
8764. 1120.4916167805934
8765. 10606.444072791493
8766. 10733.67969762992
8767. 5068.431723825296
8768. 8273.005060925207
8769. 11288.804801570672
8770. 14546.915605861106
8771. 5175.077387786491
8772. 4666.33964186705
8773. 4960.925248271789
8774. 2520.4486321657596
8775. 11796.30105950281
8776. 13008.14271569618
8777. 1034.3336708292268
8778. 6391.008949848125
8779. 3371.5852205144975
8780. 3936.947712261706
8781. 2181.668113286873
8782. 3191.2888632638474
8783. 5286.641361683842
8784. 376.09926222958165
8785. 10737.24652503063
8786. 2827.7577229345447
8787. 1473.8124440678957
8788. 6976.923329495117
8789. 2528.0225615858617
8790. 10938.246172838773
8791. 6150.001727971871
8792. 2982.035286475128
8793. 2245.14198190789
8794. 2451.333145188239
8795. 5008.253242677063
8796. 9956.042744519798
8797. 2642.579805927204
8798. 8560.61708287613
8799. 3848.0950838988174
8800. 2299.850975985817
8801. 5166.6484309489415
8802. 3617.640347211225
8803. 9673.483320624371
8804. 8690.12441485309
8805. 7546.479753423259
8806. 3658.4170719660797
8807. 3099.7043665819556
8808. 5840.322967842119
8809. 2696.4841685602837
8810. 10734.980245455581
8811. 2890.6489751034733
8812. 4747.776426542893
8813. 7602.123743880886
8814. 5322.317697561294
8815. 4546.923594493966
8816. 2094.5823574022047
8817. 6778.308250640889
8818. 1581.3593989901935
8819. 9528.61757716929
8820. 2519.4975440136172
8821. 12748.30475906924
8822. 1456.5339926616844
8823. 1721.2411481515794
8824. 3474.3712457597453
8825. 3826.379214564661
8826. 5315.154786954632
8827. 6561.7673758255505
8828. 6884.856775222905
8829. 2362.0348294036894
8830. 5391.716986619662
8831. 536.0655742049383
8832. 8869.124417426525
8833. 11967.260049142986
8834. 14015.875789900269
8835. 3852.446992794727
8836. 648.7838267149785
8837. 3555.7903364758445
8838. 2667.6741005671875
8839. 3685.3617542138786
8840. 6405.713301968367
8841. 10337.996199985842
8842. 2429.759808216276
8843. 967.6700380944665
8844. 8289.600913911678
8845. 2602.4548075797547
8846. 6901.918858543159
8847. 4225.886910184102
8848. 2487.4232698356577
8849. 8522.743498428483
8850. 489.8884088203029
8851. 2466.665581130235
8852. 2204.833826275467
8853. 1883.7002547734703
8854. 3870.655902090799
8855. 742.5991705569348
8856. 2208.337929052499
8857. 1996.9251930254777
8858. 1584.9104498129554
8859. 1651.09805427928
8860. 228.5723404680897
8861. 1135.6945967756612
8862. 594.9999954475079
8863. 751.8882472342301
8864. 2772.7265634010223
8865. 2265.478691142363
8866. 1291.1321394425909
8867. 2542.0567769488107
8868. 503.56238713033736
8869. 1307.397236628091
8870. 7010.660477678299
8871. 5206.871590440164
8872. 3134.265478311921
8873. 5305.558374268187
8874. 4170.082848514847
8875. 2157.045121282809
8876. 3885.3251218659393
8877. 4843.43718277126
8878. 6512.397377435841
8879. 1520.4970645488409
8880. 1871.2571849405917
8881. 6203.68965366467
8882. 4658.636330277661
8883. 2129.175371283381
8884. 2476.490673010086
8885. 1251.597712114656
8886. 2187.8920479602893
8887. 6536.199456255092
8888. 4570.689598541237
8889. 2908.6133738505678
8890. 2623.334826134295
8891. 2515.390363354872
8892. 2320.785571023154
8893. 12483.93795037304
8894. 6591.495127090053
8895. 8124.5431751013875
8896. 9115.438686180385
8897. 15784.972609062477
8898. 2909.4832836391206
8899. 1615.0593848937003
8900. 2153.1555453380884
8901. 9996.531120737778
8902. 2742.8885397136146
8903. 1897.2606327119445
8904. 16171.426117557105
8905. 26802.62706854759
8906. 6173.849330182675
8907. 4695.38848795629
8908. 5963.824671693936
8909. 3738.0234544613
8910. 6577.832795260626
8911. 18744.43578988026
8912. 8367.865953352526
8913. 3664.161515832887
8914. 12373.992110298077
8915. 8934.97851832367
8916. 3866.9048493430223
8917. 1861.848791469252
8918. 44411.220230032246
8919. 9787.622866404543
8920. 3176.141492421492
8921. 12925.78071125185
8922. 2893.6449801267936
8923. 4358.303158504801
8924. 25828.02380894666
8925. 8128.226592018135
8926. 13346.95151642161
8927. 6273.020527926499
8928. 5682.607229933123
8929. 4348.052355491894
8930. 10187.228576892732
8931. 7911.931229841999
8932. 1769.8051487338796
8933. 8086.612915016554
8934. 7920.631133216366
8935. 2766.2501907841747
8936. 5847.872852508939
8937. 1438.8357233541867
8938. 11447.68774163297
8939. 4135.959487544005
8940. 4566.568824566101
8941. 13326.200904088191
8942. 2933.025816966402
8943. 3907.506792741976
8944. 8096.022531766926
8945. 5537.919239445437
8946. 5810.509371655196
8947. 1022.5666934639248
8948. 3296.053991164983
8949. 955.9914947286117
8950. 7717.849234162059
8951. 4929.884779179268
8952. 9967.586283576335
8953. 12233.798449860324
8954. 3510.870889514415
8955. 4590.053860072159
8956. 1134.6361321131044
8957. 4247.294010666388
8958. 7086.021415574748
8959. 4617.088152377076
8960. 5904.152550952501
8961. 3007.092128643868
8962. 6099.130408092399
8963. 1143.4455155735886
8964. 2023.7373818581457
8965. 11082.301600795492
8966. 4783.80749257755
8967. 2280.7164979170757
8968. 3918.6630154069207
8969. 2989.060072439657
8970. 2570.1556724695342
8971. 4480.992533234455
8972. 4323.647416154369
8973. 2711.0591893658857
8974. 5452.106188400366
8975. 3563.940135682232
8976. 2129.156319103444
8977. 2962.213613360972
8978. 3580.7797392785887
8979. 1366.9545925959783
8980. 794.1727748664711
8981. 3075.534366787385
8982. 12198.689264868619
8983. 2805.1513303821025
8984. 2079.71487201797
8985. 4120.527256031091
8986. 3643.10293483647
8987. 4875.353654995838
8988. 2212.381257283486
8989. 13182.169749243387
8990. 7703.334556189732
8991. 1891.466762219745
8992. 195.83922596514554
8993. 1545.2638686687355
8994. 132.4067926008244
8995. 8979.776860466882
8996. 2785.3980719457704
8997. 6679.039789652531
8998. 3406.466814337667
8999. 3192.197103506237
9000. 2822.2710861118353
9001. 1785.7340939622143
9002. 1680.6650014881905
9003. 1595.5232499429083
9004. 5489.215272746377
9005. 2285.991598343503
9006. 2339.7722003371723
9007. 1164.6832856267433
9008. 7715.654593447497
9009. 2410.367643311627
9010. 2457.939958707147
9011. 3275.343159227141
9012. 1940.3793454173954
9013. 12651.528581349607
9014. 3843.3240898807135
9015. 1698.276941952701
9016. 4491.4570825214605
9017. 3639.925861111971
9018. 1388.5560276962558
9019. 2844.560014731103
9020. 3906.133186747914
9021. 7749.813518516463
9022. 10992.218063421718
9023. 9465.899114822994
9024. 4265.8405863840135
9025. 3321.0119840228676
9026. 7046.385747440237
9027. 7392.221131539981
9028. 2283.290550283266
9029. 3742.4552272481897
9030. 3906.1671580824686
9031. 8741.544704508544
9032. 2054.359707230117
9033. 5220.7683449468095
9034. 6007.728291169147
9035. 5189.68021343405
9036. 9317.871082457437
9037. 4306.77083408983
9038. 5468.143453227686
9039. 7795.522219886441
9040. 1257.3574688008273
9041. 7283.676859878247
9042. 5725.813016836387
9043. 2708.6050972681915
9044. 4280.178610688363
9045. 3784.8111970975633
9046. 1940.633608127076
9047. 5845.734844772097
9048. 988.0844730605966
9049. 6402.938781744026
9050. 12631.522211021913
9051. 3734.4899463935985
9052. 8829.163390547808
9053. 3846.883397379714
9054. 7175.4245180806465
9055. 12015.411007144863
9056. 4222.817304287315
9057. 4402.946796949305
9058. 3692.137203262022
9059. 2097.7876957262947
9060. 4862.271121086897
9061. 4704.796083105621
9062. 4459.682192492958
9063. 5270.885531812466
9064. 4156.3791120603555
9065. 2881.312831980536
9066. 3934.5584011574347
9067. 1632.2238763213163
9068. 3144.514665903707
9069. 2659.9123678943206
9070. 6112.257354606454
9071. 1911.3283354494442
9072. 7855.07223239079
9073. 1446.1468702734767
9074. 2801.5527522158764
9075. 753.7721407463832
9076. 3642.5791189360457
9077. 2454.5490841161177
9078. 2618.0383578242577
9079. 4146.470959708651
9080. 3771.5542540473784
9081. 4342.682731203482
9082. 1462.277574890861
9083. 3390.3209078665136
9084. 13315.28834890382
9085. 877.7884725818892
9086. 6383.504095566672
9087. 1346.7539413769002
9088. 7572.003430972216
9089. 3349.271209751197
9090. 4231.688822547551
9091. 4718.966233709418
9092. 2193.731935499783
9093. 4372.530060277396
9094. 3832.1474200906273
9095. 4128.817573166116
9096. 4589.265636080039
9097. 11267.919131949087
9098. 15349.447125411481
9099. 3439.469358271515
9100. 11325.096482978326
9101. 2309.022720879631
9102. 5538.360139327105
9103. 2104.0419954876847
9104. 5214.60173378808
9105. 40152.82262330809
9106. 7522.154524471733
9107. 5882.597356098617
9108. 2318.9736485095536
9109. 5055.124063637883
9110. 7916.075898194521
9111. 20947.32038865463
9112. 6488.906739628239
9113. 7537.24158694919
9114. 10166.060078588078
9115. 8088.58244432324
9116. 12463.804835955285
9117. 4571.701555316869
9118. 4129.209075028837
9119. 5374.829488962594
9120. 7948.361377666785
9121. 7547.252337749
9122. 11681.286961198715
9123. 8803.831637747166
9124. 5125.466424950329
9125. 3414.338879565661
9126. 2055.7926478944933
9127. 1212.0885348559777
9128. 2337.364107977535
9129. 2361.550598264076
9130. 1655.2185005464437
9131. 4717.919372321502
9132. 3008.153184392248
9133. 6268.338214015192
9134. 3729.135367669014
9135. 3274.7131745319602
9136. 2967.6056206907388
9137. 2667.3832191534343
9138. 5587.12749006185
9139. 10231.317064242328
9140. 6273.309266303818
9141. 920.6078727147548
9142. 2706.246418622866
9143. 4699.102321747407
9144. 4948.391524079238
9145. 1795.6281336902555
9146. 1930.9833187734407
9147. 4106.081837358856
9148. 3695.3540829810086
9149. 4871.352463311734
9150. 5295.215595164688
9151. 3933.263634182026
9152. 1252.0643990567469
9153. 2195.7891625481207
9154. 3431.5932105588013
9155. 4231.732117164702
9156. 14280.23448138352
9157. 4110.345848000986
9158. 4733.490869816589
9159. 7742.136651093066
9160. 1286.7443958086226
9161. 7967.474214169173
9162. 5302.149256808847
9163. 5702.2030107927585
9164. 2618.956569413822
9165. 1226.302994651693
9166. 6052.368484691151
9167. 20438.4000961135
9168. 5209.362740039594
9169. 4598.037326880257
9170. 1139.462262799748
9171. 1980.124903168273
9172. 8680.909177511943
9173. 4017.9994437630203
9174. 1300.8516774501602
9175. 4764.566371074186
9176. 2962.143884556543
9177. 3985.075824846038
9178. 1720.1711832152025
9179. 8571.155515864695
9180. 6506.585741029131
9181. 3432.0406497508475
9182. 5887.606912618644
9183. 5548.639830558578
9184. 6876.223725860168
9185. 8033.100434989643
9186. 13405.43031936378
9187. 4453.93414143502
9188. 2535.1921793152446
9189. 6124.582879653681
9190. 3223.2385001019843
9191. 4103.714079125573
9192. 5334.847134874152
9193. 25584.431926451638
9194. 4206.63251827335
9195. 3826.9069226853503
9196. 16069.31194689214
9197. 8202.49152858398
9198. 7536.635064769988
9199. 3555.9204292269155
9200. 12958.970169011782
9201. 3526.5283123738436
9202. 1902.859542067006
9203. 2173.423763374888
9204. 4871.654987117596
9205. 8831.950104651474
9206. 8858.931199592635
9207. 2739.4719560143294
9208. 3609.827414091456
9209. 13265.973253294249
9210. 16089.929938959574
9211. 12523.608600564245
9212. 15424.175557638304
9213. 6607.3127237751
9214. 6982.412369848304
9215. 6046.662110918834
9216. 5743.871017859886
9217. 11564.306450954766
9218. 696.2087278833609
9219. 2965.2477769861575
9220. 5297.542164886274
9221. 4073.247879054347
9222. 4075.98764824347
9223. 3714.608912587168
9224. 5524.668922595258
9225. 1387.1977470709323
9226. 1564.8084782645626
9227. 1639.5855227905395
9228. 2533.5247326058616
9229. 8941.04468342627
9230. 3587.608160828695
9231. 2860.00810144459
9232. 3192.892243218176
9233. 5023.977371912213
9234. 4107.709998339011
9235. 8508.552619197562
9236. 8074.987292781075
9237. 12177.095908346637
9238. 5549.350678250557
9239. 3679.3437051277015
9240. 4726.295269439844
9241. 2559.282750695672
9242. 3103.8768774509217
9243. 4620.982529799138
9244. 4832.876103033358
9245. 5762.950624609108
9246. 2322.4501766716526
9247. 6594.130733942057
9248. 4216.272399513464
9249. 2095.6263587247568
9250. 1828.2695608643735
9251. 3681.2088336477923
9252. 1855.5621542384956
9253. 3392.5655610890026
9254. 5686.611612555692
9255. 1707.8328228359912
9256. 7920.4333743348425
9257. 1673.1314553389836
9258. 6058.117172779808
9259. 92.3571589960615
9260. 4170.466344669101
9261. 4844.682833247165
9262. 6855.917528825429
9263. 2721.836654863488
9264. 3957.470113352539
9265. 2680.16480318596
9266. 8123.347457367006
9267. 5573.587037083737
9268. 1227.1687639057093
9269. 9556.958597519922
9270. 1170.185485390348
9271. 1186.4136257631549
9272. 992.8791034696874
9273. 1390.5955873535381
9274. 1382.387114398088
9275. 1091.0174821698774
9276. 1137.1130071245182
9277. 930.0994346802763
9278. 1756.9750091381002
9279. 856.1167972148498
9280. 770.2229952966514
9281. 889.3983503188336
9282. 668.0632915946559
9283. 619.3442968453938
9284. 1266.5237709213295
9285. 3009.50662552629
9286. 1242.6881774108094
9287. 4874.971826598077
9288. 2724.898359331114
9289. 2258.0199207708806
9290. 581.4849158651018
9291. 1094.8346074077413
9292. 1985.27857288525
9293. 1597.182101195301
9294. 4843.171922747198
9295. 473.865407961644
9296. 1441.9147693472037
9297. 5813.341179991177
9298. 3236.1804404819327
9299. 2765.2014060439083
9300. 6071.86126830348
9301. 4549.666305852131
9302. 5457.111860200265
9303. 3421.9665053834437
9304. 4899.873485956995
9305. 2645.450107563784
9306. 4743.287006668897
9307. 2464.7478105354644
9308. 5051.716245385888
9309. 5447.612497909526
9310. 1203.6855798247527
9311. 2040.6226208495216
9312. 1165.0885157510174
9313. 1616.4994035562609
9314. 1109.456203291883
9315. 2252.227709647241
9316. 2247.485548216671
9317. 1005.6751377668775
9318. 830.0503865066738
9319. 3900.20995349685
9320. 6401.65637917763
9321. 5269.894552460734
9322. 6623.676297362933
9323. 5248.707786209414
9324. 4312.440670849236
9325. 5774.433678559187
9326. 3222.366673804859
9327. 4812.052306853706
9328. 4014.2663480543006
9329. 8801.80953431866
9330. 4142.955138509019
9331. 3350.8344341611682
9332. 5283.276716780199
9333. 5236.6215491095745
9334. 9037.741541443178
9335. 7501.6156980879
9336. 3277.209602719156
9337. 8037.709358625698
9338. 8154.6661247212105
9339. 13622.686897077034
9340. 10584.868377132176
9341. 8971.411522832557
9342. 4265.831164140051
9343. 3299.841992341157
9344. 8986.552934238289
9345. 5464.8177774174355
9346. 7674.59207251931
9347. 3192.22127313163
9348. 9155.404304816551
9349. 15251.809972694495
9350. 2938.2432504546127
9351. 6394.252146091089
9352. 4896.978243982605
9353. 5466.777224565772
9354. 2800.3867894559507
9355. 3081.4585565150364
9356. 7836.77185414177
9357. 4367.121317504858
9358. 1209.2045607172417
9359. 1061.1939164528271
9360. 7068.69843384637
9361. 3533.17043412195
9362. 8317.082507136123
9363. 3875.03429422928
9364. 3280.2867814499537
9365. 6888.17186984632
9366. 3158.5230713550686
9367. 2330.6142240877407
9368. 8986.844295554047
9369. 2836.971403791477
9370. 2334.6344325216573
9371. 2719.7643471968663
9372. 2395.02976380791
9373. 4116.067365381586
9374. 13044.22865634341
9375. 4296.866585819589
9376. 9609.09778097618
9377. 5960.438462794279
9378. 1831.6361963757151
9379. 1800.6632877871843
9380. 7298.897353539768
9381. 1326.724465551192
9382. 6400.001435261379
9383. 4089.7206873685714
9384. 3162.271239374245
9385. 6881.860150350927
9386. 2255.5127376123023
9387. 4465.844561973327
9388. 2918.731138390362
9389. 13612.93456208566
9390. 3014.3841175528974
9391. 7079.60251139438
9392. 11112.056552560325
9393. 3102.208277227059
9394. 2826.9461932574177
9395. 6106.726539304573
9396. 3825.263570598572
9397. 10379.85926133096
9398. 6797.75782124806
9399. 7185.185557498399
9400. 5287.92300417597
9401. 11429.08853464284
9402. 3234.8492249633964
9403. 16013.147081843776
9404. 7424.551461212094
9405. 17797.5799752939
9406. 1518.1095521348996
9407. 12245.123205265809
9408. 6564.643749009103
9409. 4733.002415695045
9410. 5322.165714693526
9411. 4163.6447929633305
9412. 4331.907426847951
9413. 2135.2458397812597
9414. 1508.576202363026
9415. 6855.964119297741
9416. 13570.114138649427
9417. 5038.027455872067
9418. 9005.040853474688
9419. 4716.964158508298
9420. 3198.207580845216
9421. 5062.5638413484185
9422. 3356.7192613755174
9423. 7603.084075963303
9424. 3860.0188603107167
9425. 2008.0413495884786
9426. 1082.7059437097423
9427. 3607.99092232136
9428. 3466.1955324112946
9429. 4200.753387141214
9430. 3312.721913503631
9431. 4904.204655344179
9432. 4933.95042484989
9433. 2930.0249300845767
9434. 2482.4402775314907
9435. 5492.346237439735
9436. 1093.0696173943907
9437. 2450.8001582387224
9438. 2678.245835219739
9439. 8935.40687497022
9440. 1398.8405209894854
9441. 6023.579453949416
9442. 1116.1555907681238
9443. 979.874431180209
9444. 5797.8173688242905
9445. 4897.393341479311
9446. 6668.216813385726
9447. 4424.896394024276
9448. 5542.468229507049
9449. 4970.350089852145
9450. 1589.5827919679011
9451. 1414.886095266165
9452. 8194.907097378762
9453. 9728.386247834835
9454. 403.17359934614257
9455. 2123.1333591373113
9456. 13684.35294478872
9457. 4931.988245388096
9458. 9848.531468810303
9459. 7689.468396952081
9460. 8071.242219879906
9461. 6626.88428851647
9462. 5880.982634401059
9463. 4830.083765612536
9464. 5750.642517752418
9465. 9639.7384314223
9466. 2683.689080057035
9467. 5219.046854760337
9468. 4155.186447011515
9469. 3927.988688221346
9470. 10107.343539066853
9471. 5203.501057363124
9472. 4993.101547582941
9473. 1653.5249541886396
9474. 2925.384477549795
9475. 8821.85557725308
9476. 608.4629474634372
9477. 8104.228991899657
9478. 9453.041422764623
9479. 9089.912035103105
9480. 5522.74397509754
9481. 6807.219417617584
9482. 7019.129021438464
9483. 6754.422651124273
9484. 1271.153229356807
9485. 7657.423036439831
9486. 2691.9182535260356
9487. 11841.662625315463
9488. 2018.768685201661
9489. 10424.273069790135
9490. 2029.7832640656482
9491. 4630.4181552968175
9492. 7514.157781938732
9493. 7962.8924368731305
9494. 8072.626800268219
9495. 5405.955577789826
9496. 2129.780225007338
9497. 2668.6442770121994
9498. 6470.612107065643
9499. 715.3086913084647
9500. 2841.083457908515
9501. 5092.243131540013
9502. 7793.930488034766
9503. 3223.1749353586724
9504. 6990.141057166206
9505. 4274.037734565452
9506. 4103.851455223063
9507. 5962.500492440583
9508. 10588.143575751517
9509. 3412.0132620492896
9510. 2759.9546628751714
9511. 2110.711082211303
9512. 7805.484720669154
9513. 10691.748603257594
9514. 10750.44761836522
9515. 4172.399019588614
9516. 7900.85411038569
9517. 8055.842050426183
9518. 8922.608668089288
9519. 6874.706932463303
9520. 1261.347621730585
9521. 6694.497784880648
9522. 12274.838104717319
9523. 4025.011144724111
9524. 3599.6377643816522
9525. 5407.514852174558
9526. 2825.2499504892476
9527. 11223.90843386911
9528. 7755.208758881554
9529. 5070.146737515535
9530. 2879.784477284555
9531. 7140.412025620598
9532. 4476.782906541364
9533. 1818.2961143300683
9534. 3480.7168021124444
9535. 2770.4332139764356
9536. 8404.939293725516
9537. 3338.9326941120403
9538. 5879.342470050704
9539. 3200.5341868475307
9540. 10678.851887366147
9541. 5441.743691163886
9542. 4117.704490168337
9543. 2697.912230874369
9544. 2426.209684603181
9545. 5729.188676538454
9546. 6113.626858680512
9547. 5151.184425901578
9548. 5435.940421273168
9549. 9064.45170899817
9550. 6300.25381400466
9551. 5409.427274866706
9552. 6593.8546011693315
9553. 4697.707046329412
9554. 12980.596617497773
9555. 12636.682499175527
9556. 8417.40863502713
9557. 235.26182945248783
9558. 7796.22470820637
9559. 1076.8854750954715
9560. 1768.3070186709206
9561. 13055.769117183741
9562. 9414.196657263241
9563. 3053.1887330713785
9564. 11559.13393615934
9565. 9093.577617827548
9566. 5103.390774171196
9567. 5858.842919797534
9568. 3397.742315545683
9569. 6101.5793796790185
9570. 2604.7459240626954
9571. 1334.9379103073102
9572. 4697.770479856124
9573. 5679.893129608565
9574. 2901.3454741250443
9575. 1523.5677367582787
9576. 5777.776451819402
9577. 744.9054327534665
9578. 1441.2355670170693
9579. 3964.599261922584
9580. 1815.038997513042
9581. 3164.469920380709
9582. 1295.6019444807484
9583. 1739.4951923250883
9584. 2789.7254151616717
9585. 3563.1037854675674
9586. 1247.7183697111266
9587. 4171.4910857118175
9588. 5745.955544943982
9589. 7941.652840909761
9590. 632.2328453590226
9591. 731.65014799738
9592. 4531.995930652452
9593. 3541.758919560576
9594. 4304.07314407928
9595. 1504.9829218401017
9596. 2274.105929093986
9597. 2267.5401065611604
9598. 1161.8025818158387
9599. 2583.506097625432
9600. 2764.9723784064377
9601. 1845.6545041193683
9602. 4845.10138692406
9603. 1312.9973166479797
9604. 8154.705188905013
9605. 1448.7635198566982
9606. 1760.7914463839602
9607. 3303.915848200879
9608. 2704.422815412208
9609. 8446.470566468985
9610. 3421.2271014488665
9611. 7682.082735953982
9612. 1444.9937193713024
9613. 1367.1018977552897
9614. 3365.1022451227122
9615. 5373.975192009502
9616. 3953.666681521652
9617. 4397.29014121723
9618. 2550.0348349302208
9619. 2910.881436457152
9620. 3881.407772830654
9621. 5936.918546017039
9622. 1345.020674923809
9623. 5073.199586626295
9624. 1912.7109481286843
9625. 3160.5681085272067
9626. 3401.2256974221295
9627. 8339.94232617545
9628. 2581.106363755972
9629. 10420.185055911496
9630. 7788.789987164497
9631. 13786.124843978532
9632. 11587.909933804889
9633. 7274.271442784779
9634. 6083.157679714251
9635. 4361.64966134943
9636. 6731.232957485546
9637. 36427.85539510645
9638. 17443.95264008213
9639. 14639.062735683143
9640. 4659.941471460737
9641. 11130.544339476595
9642. 5031.837742965202
9643. 4898.882758164471
9644. 2790.158303932805
9645. 2413.975103675913
9646. 8421.58981446563
9647. 3381.9797426784276
9648. 13190.368988550106
9649. 6627.615354544018
9650. 5597.052868610249
9651. 3482.18032280104
9652. 13223.503835460357
9653. 9995.12399001221
9654. 2869.3210555964924
9655. 2553.5646524885897
9656. 7949.572393379684
9657. 2764.6223810159922
9658. 1315.6568125842678
9659. 545.2094681462765
9660. 6232.058223821396
9661. 12875.588196595143
9662. 7401.694277827304
9663. 13905.407266640557
9664. 3640.9999548675096
9665. 4107.057123077486
9666. 1373.2030178612224
9667. 14776.747074644512
9668. 2890.4627630764116
9669. 6119.673963134473
9670. 5482.9035424417
9671. 9319.818602482701
9672. 6149.722172159389
9673. 1052.952996755435
9674. 6885.091291564806
9675. 3079.5601300133753
9676. 2995.1136351278706
9677. 5004.021362770341
9678. 2064.9331057769655
9679. 3396.843823075854
9680. 6494.3279544901925
9681. 5595.259355470943
9682. 2384.7138995582477
9683. 4355.047815213899
9684. 2417.361539795658
9685. 2270.5058873983467
9686. 1882.414714872329
9687. 8088.489509347211
9688. 3739.3178434234896
9689. 1763.022939734317
9690. 6727.171404443025
9691. 3276.5877266574544
9692. 1069.0347755610585
9693. 2748.637438297867
9694. 1848.397632964891
9695. 4901.225945862619
9696. 1816.9409768062314
9697. 3909.9846123164452
9698. 1902.3785508126082
9699. 6097.485482884156
9700. 6272.459108876657
9701. 9706.431262265833
9702. 6427.9648930815465
9703. 1432.11868927313
9704. 1879.7583567692086
9705. 3324.5551411845804
9706. 1743.982028029616
9707. 1200.69849932531
9708. 2687.609206821279
9709. 2972.415581846426
9710. 4493.179674585373
9711. 2390.469796689831
9712. 3141.3515277889665
9713. 3971.5115527002317
9714. 3258.5032290918075
9715. 11174.035880123336
9716. 2962.941003313034
9717. 3953.031220090438
9718. 8626.961853091689
9719. 6311.29179699419
9720. 3814.489618145534
9721. 7112.684590850619
9722. 2659.760894725909
9723. 3656.093212034664
9724. 765.3356175871331
9725. 3797.4421566312153
9726. 2548.1037166184096
9727. 5204.170253658855
9728. 7152.775662785645
9729. 3478.6075615228506
9730. 9171.123530025532
9731. 13925.3063451039
9732. 8753.095051881963
9733. 8973.407551372638
9734. 4278.559993808673
9735. 3016.703723269408
9736. 1954.2530702529918
9737. 1309.7631599878391
9738. 1733.203342939683
9739. 1411.6179444682032
9740. 1887.796590950242
9741. 4272.009584675515
9742. 5344.629740037345
9743. 3927.3298475028623
9744. 11509.605558089135
9745. 2531.3746653564426
9746. 5763.137769627348
9747. 8780.130532841184
9748. 6012.153072034337
9749. 7579.643339960874
9750. 3226.232073217455
9751. 5821.981418694803
9752. 3713.4160109078093
9753. 1553.0584561868989
9754. 3371.129197148328
9755. 10981.001836091516
9756. 2672.294841811416
9757. 2778.4847565449213
9758. 3360.905862425698
9759. 4601.975703066354
9760. 6999.105837671174
9761. 2614.1855087293275
9762. 3369.3047882998294
9763. 640.7205044114099
9764. 8726.880975328435
9765. 2874.7925679931313
9766. 6458.559603426796
9767. 3843.371659638761
9768. 1350.1709476382791
9769. 4710.293731153976
9770. 2642.9723787193943
9771. 3341.627958682325
9772. 7184.409673848083
9773. 5248.301528350338
9774. 4594.761324694345
9775. 7638.696709359896
9776. 9339.375078124209
9777. 4862.445348029204
9778. 3950.9288645493375
9779. 3517.576733388056
9780. 1744.161289840293
9781. 8282.416433092636
9782. 6847.7690843970795
9783. 3856.2386543863918
9784. 5478.639533902799
9785. 3694.4686220149474
9786. 14080.036678713604
9787. 8373.959412930972
9788. 5249.672070124719
9789. 10591.254757005163
9790. 4628.808927628359
9791. 3550.3408637817283
9792. 6107.218141499717
9793. 12440.753282331458
9794. 2087.43339637975
9795. 8447.784777596216
9796. 13455.9130112531
9797. 4302.107552727338
9798. 22430.275550521543
9799. 5650.580873716358
9800. 11131.403673813029
9801. 6998.854741902949
9802. 12200.697187732307
9803. 7394.6836774669855
9804. 6102.595277036813
9805. 7060.129698609216
9806. 3260.369734825449
9807. 2829.982847889436
9808. 3194.4327487249802
9809. 3710.2036856002155
9810. 8467.73575895407
9811. 10919.536481348749
9812. 1548.1303227858823
9813. 4439.314301905489
9814. 15512.55353357004
9815. 3747.8294565812707
9816. 3163.13012815825
9817. 7769.840242115679
9818. 542.2314872933322
9819. 6242.001085238166
9820. 2274.97358974551
9821. 5726.087906681897
9822. 7852.135359492534
9823. 8993.230173722599
9824. 4795.964126362167
9825. 4070.2586418052233
9826. 13963.522527750996
9827. 3255.593949126536
9828. 3036.385531850501
9829. 8528.92325252489
9830. 1779.4867334147984
9831. 24097.087367781478
9832. 1080.5514383477905
9833. 528.574383575945
9834. 10455.962167239895
9835. 3187.491280958647
9836. 4154.13262219758
9837. 6772.817427327928
9838. 3693.077416976856
9839. 3053.7091574338424
9840. 4128.38445644806
9841. 5241.955661662609
9842. 4503.877822502808
9843. 3696.723573393577
9844. 2788.7774051362962
9845. 14768.61134889232
9846. 1026.4762957633898
9847. 3174.204937394489
9848. 4464.095573916264
9849. 8368.098332072426
9850. 5616.645273856962
9851. 6680.577294234172
9852. 2810.7762560730157
9853. 6094.779021571755
9854. 5790.3436929055
9855. 2130.273403407693
9856. 11571.520356235105
9857. 4635.9049535717595
9858. 5549.59240619066
9859. 4518.621707050165
9860. 1608.7421157081596
9861. 4302.699801914028
9862. 9836.099995616665
9863. 2360.7412752870346
9864. 7715.375658724986
9865. 6755.898186443816
9866. 2957.7442092659544
9867. 2591.5644825697996
9868. 1645.4943482169936
9869. 2672.130455660862
9870. 3408.7603896202086
9871. 2059.135848795328
9872. 10545.079926984075
9873. 6747.544891251086
9874. 2241.741355234264
9875. 8775.356763776741
9876. 3595.9573382877497
9877. 3850.2087749427305
9878. 2471.2564685786015
9879. 4484.941227969024
9880. 6071.617979360266
9881. 9315.972034049095
9882. 6079.386386610097
9883. 2949.3891155512774
9884. 5260.28636725609
9885. 2374.9373395749317
9886. 1476.5264097377776
9887. 2772.808073698455
9888. 3490.7913694096856
9889. 2970.9510018888045
9890. 1233.624170823966
9891. 7854.839457618842
9892. 2735.8322973315853
9893. 9144.91518292004
9894. 4466.811578607537
9895. 5555.435322710081
9896. 5109.31638472765
9897. 5057.047741732839
9898. 3410.467637871394
9899. 15423.647956247514
9900. 3596.7677168721953
9901. 6811.82332837268
9902. 2418.7341506400317
9903. 4555.921925499405
9904. 5401.378109933618
9905. 3810.676734593749
9906. 5133.524373048043
9907. 7205.603757896577
9908. 650.9962751697975
9909. 3930.3670106316936
9910. 972.0512364076973
9911. 922.8072926712689
9912. 329.9556868397444
9913. 5840.981199158969
9914. 6019.011029570686
9915. 4614.009297183027
9916. 10509.592272362252
9917. 5684.531852541062
9918. 1300.969897225904
9919. 981.7815964418708
9920. 2224.939383104441
9921. 908.2757827643222
9922. 1134.2413447685342
9923. 8566.290259405407
9924. 1930.3490474703708
9925. 2581.3447721982716
9926. 1652.576450976377
9927. 3529.3771789089396
9928. 4883.21832815605
9929. 7552.780212670372
9930. 1309.8048128446824
9931. 1933.8462981473792
9932. 3730.2932467873693
9933. 965.9801186121254
9934. 4860.018173241838
9935. 5107.641990691151
9936. 5554.233251319802
9937. 5037.113048460733
9938. 2337.164954037679
9939. 8500.149840411164
9940. 10687.33973643976
9941. 1020.5608000614359
9942. 1720.2638794417585
9943. 5772.779916057077
9944. 7183.503958462543
9945. 5535.67756788679
9946. 3863.656430655576
9947. 4234.50378402788
9948. 9040.135494508955
9949. 5823.27251722792
9950. 2714.8889918171353
9951. 3894.383973419718
9952. 1809.1072283227097
9953. 5220.722032874852
9954. 3556.067317719912
9955. 1899.887941760037
9956. 2337.2767175364947
9957. 3682.013906742306
9958. 2299.4784580293426
9959. 9076.038361624041
9960. 5877.301325533711
9961. 6856.388850368475
9962. 3902.6760864906423
9963. 4704.844293108591
9964. 5202.1405756603335
9965. 3345.106537652156
9966. 10070.5934833283
9967. 4211.319383987548
9968. 4841.222323741122
9969. 19608.79896222366
9970. 8626.100232491075
9971. 7066.727914043151
9972. 8269.669655439962
9973. 5599.542517309848
9974. 4899.429490433445
9975. 4983.690530636734
9976. 3102.4775644068013
9977. 6749.808333355364
9978. 10671.934885703758
9979. 10877.494328753797
9980. 13585.87492918788
9981. 14963.41072244119
9982. 7213.169441017989
9983. 4933.623028325429
9984. 12029.701129091522
9985. 2751.9598516140168
9986. 6513.425178033279
9987. 1405.3714795210437
9988. 3302.6659726604707
9989. 13717.216105373072
9990. 6528.304985492934
9991. 9956.252676693479
9992. 6877.926642499382
9993. 4340.566447615298
9994. 5193.545149970067
9995. 1262.5799660563678
9996. 3367.7745586251467
9997. 2227.030634694386
9998. 2691.1917626700124
9999. 14530.070934496936
10000. 16427.197473143893
10001. 5470.675464579583
10002. 10275.548682723724
10003. 16225.712105966017
10004. 1991.4915037369171
10005. 7489.156964579671
10006. 3077.600581370108
10007. 3548.5039900363818
10008. 11693.262781328174
10009. 5313.914987860132
10010. 7704.405670823396
10011. 8836.449254459198
10012. 5735.287187068832
10013. 4692.545873732371
10014. 4747.802589946387
10015. 6763.709855716652
10016. 2336.9929058737575
10017. 1821.7975170350476
10018. 2270.23656353345
10019. 9847.744524687405
10020. 3953.5077046965844
10021. 3412.4502837342384
10022. 2853.9321224866176
10023. 3145.7443875670506
10024. 5787.104950029819
10025. 1676.7862304336772
10026. 1205.305399350011
10027. 1329.0211441808085
10028. 2506.2645797959344
10029. 1154.449081024287
10030. 3994.845098147531
10031. 2975.054644879544
10032. 2322.0692504647272
10033. 571.771561336166
10034. 3462.7384795748267
10035. 4864.0175695204225
10036. 5636.630876555997
10037. 7845.787292120042
10038. 2635.13026056548
10039. 7041.732667377432
10040. 7208.460254762483
10041. 1907.7229788251482
10042. 3830.3867467348446
10043. 2916.5052701707864
10044. 3831.0965912842958
10045. 5517.003900483344
10046. 2996.3747180434307
10047. 4181.191443775521
10048. 3077.092116987641
10049. 3509.604371678611
10050. 5250.423105615726
10051. 7110.465568938916
10052. 4343.945236426183
10053. 2771.2949446133457
10054. 13474.098775804823
10055. 10345.042611290028
10056. 4172.605568695586
10057. 4545.291717951532
10058. 1540.3229007190744
10059. 2370.4171793248966
10060. 1324.1495393445514
10061. 5719.177655062722
10062. 11224.800811283283
10063. 706.3399622731299
10064. 7282.252954734507
10065. 5389.922701265266
10066. 7775.88760791501
10067. 1475.8512267579265
10068. 4724.122495972874
10069. 2808.2253406446416
10070. 3322.550361166852
10071. 5620.930480629639
10072. 2474.241340781854
10073. 5666.989785950233
10074. 2446.1353393100426
10075. 14623.723112783384
10076. 1747.471550600328
10077. 2747.558872213863
10078. 6246.906729713089
10079. 3176.348700844854
10080. 4675.19059479739
10081. 4931.528756046543
10082. 2884.440922247628
10083. 6308.030251271657
10084. 5750.029443527402
10085. 2842.931497219823
10086. 3323.0515670109285
10087. 6103.335425477531
10088. 12654.060649713165
10089. 9483.328102380616
10090. 3237.6937124435412
10091. 25370.370391969904
10092. 8050.7216762876715
10093. 17078.111313734214
10094. 8563.087340667005
10095. 2458.056275486226
10096. 3016.919633100035
10097. 4653.584445330943
10098. 3388.786333046631
10099. 6947.0127058249755
10100. 10411.242647931613
10101. 1323.0167721190035
10102. 13425.33493792147
10103. 3695.4597580437394
10104. 5932.827327971301
10105. 4820.921612454697
10106. 3243.8181745720326
10107. 727.0267502160228
10108. 2873.4638640603775
10109. 5635.598103773903
10110. 1525.8159018713325
10111. 4104.550544247299
10112. 3712.5810765253736
10113. 8627.102578376158
10114. 16082.31116866979
10115. 7161.308066864666
10116. 7055.729924561082
10117. 1403.5115867745478
10118. 6650.359395076223
10119. 1043.7313239532302
10120. 6799.098932767695
10121. 5172.246468862747
10122. 1574.9718114479144
10123. 12950.021187296583
10124. 3722.6287834980203
10125. 8617.24425536237
10126. 13452.822743459887
10127. 6548.777452255947
10128. 3149.5587296579956
10129. 8653.848825127285
10130. 6110.677002924971
10131. 8186.228221172884
10132. 10343.363411946908
10133. 4056.1423917740794
10134. 734.1259864591709
10135. 8610.622031129242
10136. 25660.806145664068
10137. 4500.97427868584
10138. 317.0726542869919
10139. 3050.486179104972
10140. 7090.261442102284
10141. 3220.524294530413
10142. 6159.806904554882
10143. 6974.613863972819
10144. 2519.2155485463018
10145. 1641.3689286733756
10146. 1520.6549331061663
10147. 1485.4175927906713
10148. 1777.8181891635836
10149. 6542.9717095849355
10150. 4460.548951448455
10151. 5124.601110121847
10152. 10500.67953983767
10153. 14448.369830773445
10154. 8066.733362547437
10155. 4525.6035957183685
10156. 7260.383676357711
10157. 7410.706898476935
10158. 1381.870033400025
10159. 3633.5767971018504
10160. 1083.248767836588
10161. 8869.159256739233
10162. 813.5471015017968
10163. 10802.944932411032
10164. 5523.643777304824
10165. 3941.305686554556
10166. 8692.922496579784
10167. 3199.3120660388176
10168. 9877.254966422743
10169. 2698.102260301985
10170. 9266.175982053712
10171. 16772.685667737587
10172. 4262.75961600734
10173. 2303.0601031361934
10174. 5674.634798006092
10175. 2601.7484239655173
10176. 1503.0077930907535
10177. 4335.498214260105
10178. 1911.4305744150088
10179. 7406.465191778762
10180. 4590.508911314605
10181. 4949.478069559648
10182. 5652.966147355816
10183. 4769.828399694223
10184. 6879.953938984483
10185. 10988.167022215057
10186. 7835.129834879901
10187. 5360.633639419247
10188. 2771.9125762667213
10189. 4606.14937373137
10190. 3800.2834629554304
10191. 7385.397722106466
10192. 2688.2104015674167
10193. 13231.653512613582
10194. 5043.231917068359
10195. 10866.229805593355
10196. 7068.711617928024
10197. 9572.803510822678
10198. 2803.276065478522
10199. 1796.8501754948031
10200. 16871.751923485917
10201. 2233.170953719278
10202. 4508.886018163889
10203. 6942.455132241445
10204. 3535.5358986617075
10205. 11429.090828298955
10206. 11389.542603154203
10207. 6960.916787971877
10208. 6553.430160573504
10209. 2111.1560228234616
10210. 3331.6204126608172
10211. 9236.446017224318
10212. 14500.970206001266
10213. 7267.938856921092
10214. 10702.35003680328
10215. 7877.564025473832
10216. 4992.082931925315
10217. 11615.407030080887
10218. 9396.276310730724
10219. 7674.645429902853
10220. 11961.892109876699
10221. 1869.4025968386154
10222. 2909.210794741283
10223. 8680.078487008279
10224. 1583.9087573104623
10225. 21292.707225494287
10226. 11440.20561990785
10227. 7054.217917466777
10228. 5530.852065611742
10229. 9012.813452311113
10230. 4540.951896656495
10231. 6651.882141734849
10232. 16265.289685770244
10233. 25911.25070156233
10234. 6871.264356688064
10235. 6696.663290651401
10236. 6092.206853040337
10237. 1770.0441876422826
10238. 5658.1618157531175
10239. 3845.770805635712
10240. 8325.360413034576
10241. 5304.86522878477
10242. 12477.04594202843
10243. 8008.140393656766
10244. 3869.756211702179
10245. 3154.351328415461
10246. 11763.709170589726
10247. 13195.618326202084
10248. 9706.908894064169
10249. 12965.88984006494
10250. 3609.962081813613
10251. 2328.0791933013165
10252. 6323.702591942999
10253. 2742.8317232502122
10254. 14895.953125295833
10255. 5465.825796904148
10256. 5535.09318505678
10257. 6658.929370118668
10258. 11828.646012007794
10259. 3144.424439010368
10260. 3183.367286420524
10261. 6382.441171417944
10262. 7444.422619078711
10263. 4096.219973162476
10264. 8516.615364670193
10265. 8953.633653420573
10266. 2023.8273279429886
10267. 24633.347024554325
10268. 636.9044216777141
10269. 6373.598261384412
10270. 5366.222171355342
10271. 4977.332728766609
10272. 9093.556638034244
10273. 4433.385715677863
10274. 4848.086912195122
10275. 2826.886756691078
10276. 12280.71587437089
10277. 14923.63284291483
10278. 9589.742694997589
10279. 7315.635105990314
10280. 4443.116147684591
10281. 3867.6183599736464
10282. 1933.228405854743
10283. 1366.1877857661902
10284. 6201.511890304142
10285. 3761.5602807220694
10286. 4042.3336075018187
10287. 12374.693691601125
10288. 4381.701648338798
10289. 6987.57484828147
10290. 3755.581742349469
10291. 4019.8819914646756
10292. 6025.386287136229
10293. 11478.716655619019
10294. 11301.896529126929
10295. 4662.994782550097
10296. 9295.269852897414
10297. 7297.765823811439
10298. 5844.343172594756
10299. 3123.1541995541065
10300. 3764.16013027602
10301. 14955.551499013707
10302. 5413.398107684042
10303. 8671.743125815445
10304. 5548.912494311115
10305. 5120.753453363904
10306. 12522.619804448886
10307. 2797.4834340641146
10308. 5298.199946056029
10309. 6117.682921296689
10310. 3213.7967278984297
10311. 6159.831620209367
10312. 6705.5988261350685
10313. 2070.1308916671633
10314. 2250.2708032853593
10315. 7495.092110987782
10316. 5050.894460823101
10317. 7810.079114697971
10318. 2884.994992094902
10319. 8635.653866669973
10320. 7799.001655657508
10321. 6002.556392154339
10322. 6824.1587384395
10323. 14864.43855637994
10324. 5784.062282920392
10325. 774.2768820921815
10326. 2888.605830562743
10327. 7021.619242040871
10328. 8385.9542004468
10329. 2302.903268975393
10330. 3912.3640307691803
10331. 8747.443235159533
10332. 3385.818434491686
10333. 16664.017771878065
10334. 3725.471467111339
10335. 8282.65718658093
10336. 3093.993494528174
10337. 5331.320869425829
10338. 3252.70443186361
10339. 6393.248457469031
10340. 4216.719366878978
10341. 6265.556576886675
10342. 6524.921506272191
10343. 5533.598764490223
10344. 5958.333786401642
10345. 6116.966543146265
10346. 3984.231189206296
10347. 7722.022493796022
10348. 1271.2109736527525
10349. 1757.9209676837208
10350. 5775.324914142695
10351. 5240.163910886073
10352. 4909.550493494975
10353. 7317.140037978008
10354. 17962.194149725157
10355. 3949.422210734081
10356. 17969.45591903593
10357. 3543.1853523887794
10358. 1160.0321040880706
10359. 10161.968437548618
10360. 9131.142517963319
10361. 4945.609409164576
10362. 10198.681982654725
10363. 10195.735394233936
10364. 10342.025708522522
10365. 7109.926375633698
10366. 5722.5878373305595
10367. 1785.2319774761024
10368. 11795.531888407533
10369. 6197.559076642607
10370. 15308.26683250053
10371. 5248.966118614271
10372. 16830.189783485934
10373. 24106.820694254147
10374. 6204.828790004605
10375. 10571.849626585508
10376. 3691.716685615925
10377. 10305.641810780806
10378. 10860.000979270979
10379. 5920.7073263222455
10380. 8294.861889158046
10381. 4266.321220356118
10382. 7441.4480091708765
10383. 12970.701983813187
10384. 6448.067101168993
10385. 1899.1294014027596
10386. 1088.2863062306621
10387. 8197.597154459436
10388. 3327.6890087512097
10389. 18649.415270080186
10390. 6366.385682819619
10391. 12587.722199144433
10392. 4301.895432381761
10393. 4968.71092821413
10394. 1862.9025190232078
10395. 9737.955962971764
10396. 3895.6569414111823
10397. 1632.63931066147
10398. 1325.7437598694473
10399. 7037.882855984949
10400. 5736.7148472877
10401. 3102.3648261166054
10402. 10798.721934286059
10403. 2809.6659385784114
10404. 8511.647931341677
10405. 5592.004384497208
10406. 3726.42607399729
10407. 3912.3140347753424
10408. 3810.5413790836787
10409. 18249.786338162456
10410. 2090.41121463974
10411. 5185.7928999085225
10412. 4792.967387164472
10413. 6371.358772745793
10414. 4943.404332770035
10415. 9430.411446141268
10416. 5249.4277275627455
10417. 2132.4032404713416
10418. 3787.0190180232485
10419. 4638.240592977118
10420. 3846.377399793637
10421. 6078.175530957429
10422. 4982.509013898342
10423. 3323.4941353441477
10424. 5783.326206088124
10425. 3593.9322258393227
10426. 2458.026144704608
10427. 4104.364353901101
10428. 8490.302198341227
10429. 7198.944158922367
10430. 2227.1612966528087
10431. 5186.409628901576
10432. 5455.444948180816
10433. 4017.3543537262904
10434. 3202.3881207889026
10435. 2376.6349302541494
10436. 3222.4470607172448
10437. 7790.3348009731835
10438. 1682.36240315451
10439. 3630.7871719503605
10440. 3271.0286987429445
10441. 2222.9211236825067
10442. 7307.203358115989
10443. 2374.0786740375465
10444. 9119.807933600208
10445. 7174.110954532599
10446. 3676.332354632454
10447. 11906.41671913507
10448. 5416.637542939276
10449. 6331.978353850436
10450. 1373.565884820012
10451. 2101.643237116969
10452. 4025.8737048074786
10453. 725.8360172012651
10454. 3605.9380897942665
10455. 2079.825459718009
10456. 3352.2680603559447
10457. 6513.059582676226
10458. 2556.798293760734
10459. 4038.0114054052265
10460. 3313.1746593292296
10461. 5625.0612515858
10462. 13218.176531862882
10463. 7996.649417502849
10464. 10439.406685988733
10465. 2830.8375251333186
10466. 22129.465187841248
10467. 4162.613688583609
10468. 8412.733505774195
10469. 3231.3110022114392
10470. 13881.312466784664
10471. 18615.661866339935
10472. 7890.408205197599
10473. 4493.658375441398
10474. 11565.729964672631
10475. 6055.03934122619
10476. 1995.9852726981146
10477. 6748.320144092274
10478. 5184.79827233536
10479. 11920.936901487561
10480. 6341.028944599057
10481. 2953.9077518705208
10482. 6075.008768257079
10483. 9090.19761581257
10484. 6224.117625306898
10485. 7024.718167107196
10486. 3249.259248781017
10487. 18422.876578294698
10488. 2387.109376621017
10489. 6991.137467739325
10490. 3465.951091566943
10491. 4892.679252054987
10492. 11998.373907093082
10493. 4750.581988519503
10494. 3984.4746841503193
10495. 7701.246218587482
10496. 3673.398711704741
10497. 4528.9639641495205
10498. 3918.938823527913
10499. 3537.170753805947
10500. 4141.498329935489
10501. 5463.837341932273
10502. 9740.615754607375
10503. 8917.646591340761
10504. 23964.67587224168
10505. 1343.3939212945033
10506. 4481.66048505936
10507. 2177.9796187144843
10508. 4114.2913527983
10509. 7786.195178841063
10510. 6347.558839814735
10511. 2937.5520704974692
10512. 809.080935399191
10513. 2514.501395302239
10514. 2170.6455252515666
10515. 9923.968542052267
10516. 8330.485815446811
10517. 4728.090774449541
10518. 10484.498869458354
10519. 3402.423097258522
10520. 4270.865452163959
10521. 9404.882447772603
10522. 4133.757436052278
10523. 3972.3313169544767
10524. 4270.075420214707
10525. 2276.451393154815
10526. 4775.882219143193
10527. 5997.823150298267
10528. 5082.542811523636
10529. 4713.5516918225485
10530. 3498.1855501701857
10531. 3892.8064099607436
10532. 5047.313011108682
10533. 3077.207762989351
10534. 11406.390334974934
10535. 5399.304558970332
10536. 14337.029246921711
10537. 12333.487906723689
10538. 14756.431472386934
10539. 4629.267945892486
10540. 4775.856027531569
10541. 7423.483476582509
10542. 5501.618176718176
10543. 1487.614774283945
10544. 4214.189376059304
10545. 10719.225457894834
10546. 4435.102079199155
10547. 2188.5800733126443
10548. 9388.91720521489
10549. 4465.948132530614
10550. 3977.1269851560196
10551. 2518.6586049852153
10552. 7815.8935780245365
10553. 4493.050516514219
10554. 10230.386597488057
10555. 7625.718149663521
10556. 10005.372661752051
10557. 3175.5374519776515
10558. 14094.847465828812
10559. 9803.271238274658
10560. 3958.2780371571653
10561. 2555.7902844007417
10562. 7493.124340854337
10563. 4761.132173330235
10564. 2630.2539776807375
10565. 3653.762792740405
10566. 10763.444293433562
10567. 6088.860654806626
10568. 2717.3705925536715
10569. 9215.516672034477
10570. 7886.930914755274
10571. 14354.460672908814
10572. 5133.573557828004
10573. 10222.505265211386
10574. 2932.2832878525523
10575. 6576.508763890693
10576. 4884.116636501478
10577. 6944.768105793145
10578. 4512.366108229657
10579. 3765.601421019202
10580. 11250.480221127093
10581. 6768.20636740972
10582. 3087.7283298254574
10583. 3172.2137021044755
10584. 6128.394699429292
10585. 8501.115709391881
10586. 6983.236036670097
10587. 7492.159740321377
10588. 5185.978906231554
10589. 2447.611797410696
10590. 17639.716985309653
10591. 17600.30613697931
10592. 3338.0795071189905
10593. 6021.965801761524
10594. 3857.329357105354
10595. 5074.581845557537
10596. 9211.084396314798
10597. 7896.3996926294
10598. 7398.5989815800385
10599. 10353.651933290355
10600. 8280.213677597365
10601. 8469.22338227064
10602. 2877.12912471926
10603. 7856.1925177804815
10604. 5881.337840499188
10605. 5285.047418543731
10606. 4656.877533159267
10607. 4994.824087535279
10608. 3299.033634053455
10609. 6149.284927874157
10610. 9364.86528474482
10611. 5154.278163926231
10612. 3741.538417510353
10613. 5779.016834540151
10614. 9614.900500358974
10615. 6878.8730771331375
10616. 9193.215197690706
10617. 4450.877657607427
10618. 2732.2995196197858
10619. 2384.704233897196
10620. 8537.208439196665
10621. 8903.301454088785
10622. 6537.817394640998
10623. 6181.569649711871
10624. 7081.955881464524
10625. 5328.419408647562
10626. 4063.596426141009
10627. 7126.037301222576
10628. 1428.2166997344136
10629. 4164.841759170132
10630. 11645.271446507237
10631. 7793.9057502127935
10632. 4812.9914521099545
10633. 14613.374182180174
10634. 10291.922568561491
10635. 7565.0232164659055
10636. 11213.160896017247
10637. 15680.94027627638
10638. 10175.678728631638
10639. 2499.3489138311525
10640. 7706.637316458004
10641. 6768.740209226773
10642. 2459.3826056856333
10643. 3452.891092241968
10644. 6061.322930695826
10645. 4505.016994306675
10646. 5925.496013731825
10647. 13840.495838515655
10648. 10937.202759723476
10649. 6372.838904996469
10650. 1848.2203671797693
10651. 4094.5550246484718
10652. 7651.064409063515
10653. 2873.5307850507097
10654. 11036.57178404551
10655. 2961.846787815797
10656. 8115.437187347885
10657. 5965.442786144766
10658. 15248.201163631844
10659. 15608.361809965796
10660. 7009.912905677725
10661. 5799.353850876424
10662. 12704.13114038994
10663. 9697.73770634818
10664. 4864.123824623794
10665. 13218.229297439166
10666. 3921.4574059301076
10667. 4342.523699164392
10668. 3692.353212296837
10669. 11716.394930397058
10670. 14685.249124899361
10671. 9763.249274136846
10672. 5179.4272562091255
10673. 8752.851778188257
10674. 6224.524940078863
10675. 7059.789198489941
10676. 7077.521179164606
10677. 9071.788248379888
10678. 2708.2500417957945
10679. 6420.8010419931425
10680. 9848.60037919106
10681. 13720.717903311255
10682. 30141.46123924892
10683. 8801.587746052954
10684. 10726.479521347852
10685. 11638.080853647234
10686. 3814.5151806177387
10687. 7018.7569721388545
10688. 16190.413655419557
10689. 6634.432240052705
10690. 3120.1079290845087
10691. 4291.492805708236
10692. 1823.7260145868665
10693. 3595.6142897751965
10694. 2851.2815441725566
10695. 11690.400053450285
10696. 8016.681586620225
10697. 5946.0613099674865
10698. 4022.6704233241367
10699. 4661.4124075837935
10700. 5707.999243921132
10701. 6247.7059030346945
10702. 11615.419002865623
10703. 6231.198261790915
10704. 7102.479704438337
10705. 17788.928611085896
10706. 2879.0147608398543
10707. 9734.22599386677
10708. 16051.917624864602
10709. 5606.451730418217
10710. 5563.843023682055
10711. 6193.742840985544
10712. 1322.5828645368151
10713. 4278.976113350412
10714. 14585.957477905018
10715. 5884.176423344341
10716. 7500.677516421743
10717. 2747.913418772625
10718. 9161.022918310558
10719. 3440.3509514696043
10720. 6945.674573584268
10721. 9295.147819900589
10722. 4751.987784255144
10723. 12138.048558130453
10724. 11393.271726472349
10725. 22955.935435409217
10726. 4068.540269225547
10727. 2450.779298046151
10728. 1800.9546145011238
10729. 4467.233296062774
10730. 15706.389937764918
10731. 4226.932974972632
10732. 9543.421635110688
10733. 4560.275189948058
10734. 8362.040436987896
10735. 3975.7576507738822
10736. 3974.0799170825185
10737. 7187.7005422592265
10738. 4231.595832627544
10739. 6212.386745738119
10740. 6194.422445566431
10741. 4068.5352016309935
10742. 3235.3179177975285
10743. 3821.452881427228
10744. 2403.824395946312
10745. 6969.396605505206
10746. 3152.825527637516
10747. 4658.723452599182
10748. 4688.184036548119
10749. 2817.7961239279307
10750. 9401.70220744139
10751. 13149.170647622632
10752. 6484.3195534710485
10753. 5066.114546158801
10754. 1857.682346661926
10755. 4921.027051326734
10756. 892.3709759928968
10757. 6145.259740101549
10758. 6382.140560976874
10759. 5844.191345630844
10760. 26754.571933325147
10761. 13680.865811173857
10762. 5853.892246484973
10763. 6955.996499959137
10764. 10681.26660420502
10765. 13328.909462450158
10766. 20256.314957472005
10767. 4179.253564419726
10768. 16314.189554754517
10769. 4521.103363846657
10770. 1620.4889647485538
10771. 4960.019314377412
10772. 9102.386204376457
10773. 2707.483812387952
10774. 7257.6709071853875
10775. 7273.750513464166
10776. 4098.026871796091
10777. 3261.113099024387
10778. 7584.215334118525
10779. 7557.374382223162
10780. 1113.3644250503944
10781. 5137.31450342624
10782. 3283.46510473013
10783. 3805.6944511580855
10784. 9720.136273213135
10785. 3916.114005134555
10786. 7972.155977950152
10787. 10361.425186467794
10788. 5824.402886808549
10789. 13832.721070097245
10790. 5748.543709766725
10791. 6245.512938640984
10792. 5602.989586003785
10793. 3268.358762309321
10794. 16949.455066276376
10795. 3901.483293051679
10796. 4444.55241634006
10797. 2944.770253739483
10798. 14751.185041645298
10799. 13297.35490689363
10800. 5707.448819516228
10801. 2026.3626402235352
10802. 6523.044326670948
10803. 6730.314444242367
10804. 15552.662936999883
10805. 17358.590707823852
10806. 9706.468881404246
10807. 3543.116624456019
10808. 5534.658553508487
10809. 13980.619523159266
10810. 7460.883241684904
10811. 13283.759983721371
10812. 2542.5181145059646
10813. 5339.269838556698
10814. 3894.5280812895817
10815. 5948.068990964161
10816. 7432.80255290262
10817. 3019.464182028151
10818. 3909.2387788706355
10819. 8250.154361192108
10820. 4970.60221025022
10821. 8819.026336915596
10822. 1909.5676284437366
10823. 4170.5339969623465
10824. 5693.331006228606
10825. 7191.826841304225
10826. 2309.724267744607
10827. 2274.0252852195626
10828. 1277.6600783305291
10829. 4849.721158131246
10830. 4866.020028801832
10831. 4657.724266785918
10832. 3273.3737712313773
10833. 2601.8056517086993
10834. 6989.9858074954445
10835. 3510.9121396040227
10836. 5936.835296324195
10837. 10264.587882723858
10838. 615.379108248348
10839. 8558.347972779105
10840. 3057.8513134792893
10841. 17944.37405852762
10842. 6915.878054163563
10843. 7689.459010060438
10844. 7483.583906927354
10845. 11682.447173260243
10846. 7837.534113896443
10847. 4673.230735213334
10848. 3550.272204956181
10849. 6127.146936104774
10850. 4595.696550614342
10851. 1480.5869211983268
10852. 3043.283971518486
10853. 724.8234687332423
10854. 2246.806387442491
10855. 6611.971687940738
10856. 3673.2097282930986
10857. 12522.327698990355
10858. 4043.5836615286667
10859. 10535.472193522792
10860. 3655.2815683154727
10861. 5285.2389142720385
10862. 16720.54124046269
10863. 5886.444354865
10864. 3549.841918426958
10865. 5380.227692494057
10866. 5967.072559897485
10867. 4547.870202653968
10868. 6070.667193504173
10869. 3964.441729106096
10870. 1808.1267029516769
10871. 4915.299358401814
10872. 12691.031688431505
10873. 8763.837257498313
10874. 6817.88658165584
10875. 9451.45820811949
10876. 2416.9250030885937
10877. 2810.6151987611024
10878. 4852.934495397414
10879. 6127.439568531963
10880. 3815.2659079439195
10881. 1693.511729754654
10882. 7989.006542944966
10883. 4556.997752697435
10884. 3503.721875043825
10885. 20766.912821942693
10886. 6438.4267541092195
10887. 3458.750391231177
10888. 7033.157337530016
10889. 6183.48443633818
10890. 5087.150695518567
10891. 6279.066998381317
10892. 3346.425037702225
10893. 8041.192403511471
10894. 2767.569100382661
10895. 2287.970503475106
10896. 3176.945572642687
10897. 17397.672253495995
10898. 2579.3095662696287
10899. 5114.182090209322
10900. 2653.6168913588863
10901. 2307.0314271977113
10902. 12837.854926440044
10903. 12791.625791928727
10904. 2850.3883365694624
10905. 4837.512944222413
10906. 4107.739638549667
10907. 6192.654383806682
10908. 4456.7979455227405
10909. 15489.950125046578
10910. 3526.054300646669
10911. 9284.374522587425
10912. 5930.024595211386
10913. 5433.290415931333
10914. 4494.731032368611
10915. 3033.336027012717
10916. 3930.117479144095
10917. 10689.644962477169
10918. 3948.776330948004
10919. 5430.3052898393835
10920. 11115.19463269226
10921. 1561.72149560573
10922. 1957.3000981235339
10923. 1661.1431214369297
10924. 3418.9347066445976
10925. 3218.486415511055
10926. 5114.609738505507
10927. 6303.638010172543
10928. 2987.8631481051066
10929. 4574.895426257654
10930. 15592.515892968371
10931. 3307.1250312371194
10932. 4601.173564739103
10933. 9796.619815992888
10934. 5937.075026577111
10935. 3641.056421773889
10936. 3987.0808541778038
10937. 17096.00790257147
10938. 4135.078829163659
10939. 11228.321456558588
10940. 9325.080367199052
10941. 9709.627214264898
10942. 11054.59001659242
10943. 10035.12028609785
10944. 2488.5324894621212
10945. 5631.109939622334
10946. 6989.124848694744
10947. 2967.8030414564364
10948. 2080.0045436297
10949. 5164.719957787136
10950. 3496.0457365409816
10951. 5888.163064704439
10952. 5176.113303206219
10953. 3571.6528388703596
10954. 10623.891903941918
10955. 7351.542339697591
10956. 7083.964246385456
10957. 6424.73790076861
10958. 2160.492763844339
10959. 13132.332349211845
10960. 7061.791729593162
10961. 1634.87615561308
10962. 9079.499667261189
10963. 8242.93710816887
10964. 5369.589939749878
10965. 3801.6536135858864
10966. 12036.334326772387
10967. 8866.477731082536
10968. 2284.097679577336
10969. 5158.760003459494
10970. 7202.9502757640485
10971. 30408.362011782803
10972. 8055.259642016439
10973. 7131.130023450439
10974. 6028.8165877343545
10975. 7945.170248042004
10976. 3301.484605699609
10977. 19110.587142547487
10978. 12777.733836573412
10979. 7349.530837594054
10980. 4647.163607845902
10981. 10695.784143909146
10982. 4784.383124285426
10983. 12520.582647365605
10984. 9958.986459069669
10985. 10260.81175367603
10986. 19668.5567641547
10987. 4841.927276976046
10988. 5160.919256956627
10989. 2350.8144027377016
10990. 10255.440632225766
10991. 8821.356969718468
10992. 10297.817535551352
10993. 6311.567644413868
10994. 6177.689869078515
10995. 4372.995953431398
10996. 5943.591555414167
10997. 2724.734468233774
10998. 17856.450444763635
10999. 8056.4032931579395
11000. 1277.198611874311
11001. 17852.948633399625
11002. 8581.492245053669
11003. 5660.353003823042
11004. 15481.992186790036
11005. 15648.126021698834
11006. 9667.742269463268
11007. 7220.59351831084
11008. 6220.674344379549
11009. 7563.211478379813
11010. 793.3823600087375
11011. 587.4947385490283
11012. 12834.454716613509
11013. 8463.50485822772
11014. 3841.4606860215044
11015. 4619.156927388585
11016. 6149.806721035025
11017. 6148.524393349211
11018. 3745.418572055745
11019. 3175.4105149346155
11020. 8008.832931265592
11021. 5134.869002199745
11022. 2319.0403279087936
11023. 3377.4592543370786
11024. 3642.326634391712
11025. 2555.0486853418965
11026. 11499.212583678256
11027. 7328.787826343558
11028. 1730.2213942646124
11029. 863.888465202884
11030. 3353.689776515979
11031. 4095.281212676715
11032. 1709.122235480963
11033. 3582.4660947800085
11034. 12547.226651995697
11035. 2407.28411928936
11036. 4143.262123639272
11037. 3917.6880601510625
11038. 3841.2111549934516
11039. 6247.435386938707
11040. 2070.8240018390666
11041. 4129.4512710646195
11042. 8049.01641015429
11043. 10773.678004255069
11044. 13862.307374889257
11045. 6228.705532429124
11046. 2353.3086105763286
11047. 5242.5598563725935
11048. 8953.601893068706
11049. 14202.35545283783
11050. 1828.1051085887598
11051. 3707.5575567852256
11052. 17784.412845143645
11053. 2287.378681156389
11054. 7949.866676603562
11055. 15051.093720823605
11056. 1780.5082028783431
11057. 7013.482865815409
11058. 6778.3593323760515
11059. 8590.820874048095
11060. 5791.721883643074
11061. 2347.819634147794
11062. 3280.9449062594576
11063. 6852.841784614846
11064. 3566.159182404714
11065. 3257.4701419779235
11066. 5329.51073567405
11067. 16988.06151304546
11068. 7546.977348700878
11069. 7083.736337548639
11070. 8611.917354638807
11071. 8562.952887689447
11072. 8585.628005193137
11073. 9514.761648669464
11074. 9554.730027656615
11075. 2577.0168650648434
11076. 710.1621677601582
11077. 8513.804397744289
11078. 1323.1162466762432
11079. 2999.1894968428705
11080. 1894.9191202743257
11081. 6584.136667389512
11082. 5161.305660221229
11083. 4279.880839008431
11084. 9599.787498810167
11085. 8225.116081409573
11086. 8240.94753022822
11087. 4473.317726861505
11088. 8427.037291694374
11089. 3861.2999988726783
11090. 3866.758213628908
11091. 7327.412018226429
11092. 8760.679260060517
11093. 5305.57755826588
11094. 16953.29206602534
11095. 8307.637886264194
11096. 3202.32390950875
11097. 1544.3908680011511
11098. 8866.73897649456
11099. 14433.760354818642
11100. 9325.586654651868
11101. 13345.61185627886
11102. 13266.080257439886
11103. 1498.2393734831076
11104. 4553.4281645936635
11105. 12109.620049513544
11106. 6984.641335921342
11107. 2729.004166475668
11108. 7389.233927089731
11109. 6886.784608850061
11110. 3276.095697030916
11111. 4028.8469365918445
11112. 4784.236359701027
11113. 8098.0529362871475
11114. 3659.1822627042407
11115. 4822.841975966437
11116. 3834.3017580335513
11117. 4126.781273055407
11118. 18938.933543405947
11119. 1484.9367682320158
11120. 3423.8871660616037
11121. 4634.706759371344
11122. 4625.587968879359
11123. 8720.338607375912
11124. 3193.6032250199837
11125. 5406.744904982538
11126. 6812.556292023233
11127. 7411.047912619988
11128. 3170.429997305174
11129. 5056.446872338158
11130. 2169.2902928829526
11131. 5259.145860062351
11132. 2756.0597566898978
11133. 3777.243912020197
11134. 7183.958841118333
11135. 1645.2916424054333
11136. 4359.797153145301
11137. 2583.4112603077547
11138. 4416.854308123887
11139. 955.3249176141903
11140. 6715.653235256647
11141. 3982.434307051868
11142. 10245.875944181083
11143. 6213.688964657223
11144. 1973.9850201144582
11145. 1960.958932560577
11146. 3293.1559108699807
11147. 5956.671155380359
11148. 4735.864305951644
11149. 5869.118406876537
11150. 2393.4429801157294
11151. 1278.9576320545443
11152. 2193.793557008198
11153. 12762.05078231679
11154. 3249.1333267676105
11155. 3578.7914345492522
11156. 5467.688893407234
11157. 2007.0944179604492
11158. 4603.965233375278
11159. 3296.946328699405
11160. 4581.824176838862
11161. 9595.327571120944
11162. 5399.049016156644
11163. 6949.724267688347
11164. 2742.047719848253
11165. 2248.9366358559205
11166. 3812.737694658941
11167. 3015.6974103139714
11168. 4094.3157099874743
11169. 474.8652836014269
11170. 3663.6215457580615
11171. 638.144178100793
11172. 2475.8689930885034
11173. 15364.015496440079
11174. 10013.748739125414
11175. 8937.761937324376
11176. 5498.798966754553
11177. 7173.481328122
11178. 3748.1491949500005
11179. 2112.282955641279
11180. 2036.247886823708
11181. 7645.075974754553
11182. 9565.476776648216
11183. 5887.725465552638
11184. 3249.237098702131
11185. 5088.466596022251
11186. 8869.027489659318
11187. 5846.978300704193
11188. 3908.734810423524
11189. 1850.464733331507
11190. 2250.1039719091846
11191. 6541.882745676268
11192. 9025.547682172339
11193. 3580.4129996703955
11194. 11500.308492637238
11195. 5372.310857600689
11196. 6488.717221701649
11197. 4140.306487986879
11198. 5242.795816068886
11199. 5328.325391917995
11200. 6754.332082830096
11201. 6163.581905439607
11202. 4072.8135805683487
11203. 4458.799593770023
11204. 3589.376201488008
11205. 5953.357600247932
11206. 6686.481613071296
11207. 12972.484787654575
11208. 6623.709269539108
11209. 3446.175455318465
11210. 7267.313052497604
11211. 12778.571426097049
11212. 12238.089376077756
11213. 5998.147707437735
11214. 4109.979359148517
11215. 758.7749875992824
11216. 22076.120204018807
11217. 9902.09969384982
11218. 3235.664894817905
11219. 4466.902641851235
11220. 2208.3793269093903
11221. 4531.051656338493
11222. 433.886474137804
11223. 3259.935096104006
11224. 12619.314216329672
11225. 71744.42793253975
11226. 1401.1551861236119
11227. 31910.160739856212
11228. 6521.85640611821
11229. 12085.054924295904
11230. 4176.371132909257
11231. 3736.0210257437884
11232. 5882.90694215088
11233. 10485.855099472556
11234. 2531.5024563477523
11235. 38566.25877260853
11236. 10073.481412906649
11237. 41422.228462515806
11238. 5886.002386694248
11239. 5471.239360994336
11240. 20370.608663636678
11241. 20124.894968131346
11242. 14798.008773625279
11243. 16678.529595303153
11244. 18995.282910355392
11245. 6749.4472958783
11246. 5977.9489344896865
11247. 2687.901141017856
11248. 1072.0546695598716
11249. 9719.249834742926
11250. 2368.145921591
11251. 6220.706032881501
11252. 2220.901406449025
11253. 19039.272492899734
11254. 3784.6809147136582
11255. 3706.737933408061
11256. 12464.55232892071
11257. 1607.7528852984065
11258. 1291.0061607379025
11259. 2872.7311748677575
11260. 2106.1030533795133
11261. 2621.6384878303184
11262. 2473.2857223515057
11263. 6327.87871957654
11264. 20855.836719365765
11265. 7913.592062417622
11266. 8792.450203764623
11267. 5618.113988847289
11268. 12119.749632498822
11269. 8140.6417396464785
11270. 3950.697374744662
11271. 18927.69537424004
11272. 3108.380667091875
11273. 3556.106000213116
11274. 11542.44182669459
11275. 5797.413641847968
11276. 6718.156767565929
11277. 4375.096542596732
11278. 3094.4426255375033
11279. 2415.5708519911177
11280. 1441.2939698684575
11281. 1562.1463709373868
11282. 83.10197162576756
11283. 1262.7744431380993
11284. 1347.5795946019248
11285. 944.0467750306556
11286. 1364.5624636888344
11287. 4927.56194792699
11288. 5258.211590683765
11289. 1186.1539784922747
11290. 3438.595194771882
11291. 5029.1988616394265
11292. 3644.5065570834404
11293. 1059.9375889745443
11294. 615.3173105613517
11295. 3124.830189034656
11296. 732.0053650449283
11297. 1763.0684093838743
11298. 577.602173299722
11299. 1511.1505224362702
11300. 2478.94085355998
11301. 2227.744300583534
11302. 304.39578739970176
11303. 243.43971751643488
11304. 2430.9174893408913
11305. 1894.7134048202918
11306. 4602.831291774616
11307. 735.888099722186
11308. 425.9866236839205
11309. 2928.778427845888
11310. 616.9006296836842
11311. 945.6372707483154
11312. 2008.875365862145
11313. 1185.947488098858
11314. 2078.4514672716923
11315. 420.29762445715096
11316. 545.0226238986594
11317. 2528.2755333490736
11318. 1202.8935675421308
11319. 1710.1400716911378
11320. 3110.907667894727
11321. 2440.348291174483
11322. 2668.4040558611355
11323. 1346.2520809812327
11324. 1414.2601743281884
11325. 2212.4939027554033
11326. 1351.3188934364275
11327. 1689.0087776013872
11328. 3193.6532978841897
11329. 2143.043731679157
11330. 1367.0184896084982
11331. 1432.018439512942
11332. 632.3019072215801
11333. 428.35123202896324
11334. 2122.319206024249
11335. 1489.612576064933
11336. 789.4185274876202
11337. 832.9476267768467
11338. 255.9897784278519
11339. 225.06096844859212
11340. 600.7066759511832
11341. 214.86989421962596
11342. 194.3154534968528
11343. 80.32845570430283
11344. 806.739154935767
11345. 275.94502793767725
11346. 263.12546451572706
11347. 231.0989675723117
11348. 345.593747016556
11349. 1411.4479816124574
11350. 360.05710683827425
11351. 2484.6462474825275
11352. 2254.0840978414544
11353. 3466.00019555683
11354. 458.3498698047582
11355. 2913.8084572718035
11356. 1756.897888183698
11357. 1293.667707003651
11358. 1213.081845287255
11359. 246.08043696019143
11360. 4917.82675894742
11361. 574.3299136503391
11362. 178.4824942925343
11363. 1627.9777619558056
11364. 496.74979262503547
11365. 571.7654589228028
11366. 1551.4911792133141
11367. 2849.775790185796
11368. 1008.4229931013008
11369. 1878.3669171241047
11370. 1674.5314126442183
11371. 775.8327741244548
11372. 4219.690862900838
11373. 242.39521623487352
11374. 1919.8557130671468
11375. 617.0466427440382
11376. 996.6326773613238
11377. 1304.401513748572
11378. 73.03008251686583
11379. 262.7152431409282
11380. 329.6142285739085
11381. 474.2156321766402
11382. 914.4758935429987
11383. 594.770293394419
11384. 376.88843953602765
11385. 1521.7713373655556
11386. 756.607457287831
11387. 1138.5928901730829
11388. 2392.7717662338487
11389. 964.2965844247329
11390. 2197.708867710739
11391. 3379.9020504368705
11392. 2567.063393070759
11393. 1500.9030575470342
11394. 1841.7603262901
11395. 1915.2941840777269
11396. 1515.1954156382587
11397. 2400.2434582965434
11398. 2631.99069526242
11399. 3459.5224642019243
11400. 4255.464005193925
11401. 1308.1223126306706
11402. 1435.0050335867386
11403. 2863.9409297425245
11404. 3851.5310494209307
11405. 2972.488372336539
11406. 1931.3643489876854
11407. 1641.0186580147188
11408. 1643.2652342400932
11409. 1097.4519539791017
11410. 993.0696173196818
11411. 309.8342066167313
11412. 2166.6246769718337
11413. 3924.9326750017035
11414. 3336.819218397042
11415. 3461.1536226409567
11416. 2756.6920290903017
11417. 3891.615913697397
11418. 2127.2228540752
11419. 1237.53619453215
11420. 2513.3523996936397
11421. 3217.750338170705
11422. 1309.1965098104301
11423. 2412.666514263305
11424. 261.68875058548156
11425. 180.93176993254187
11426. 257.6906705358225
11427. 934.3376565162124
11428. 2033.0334605585028
11429. 1547.8601781993127
11430. 632.8112682442462
11431. 952.5234075542826
11432. 720.7286551955375
11433. 622.806583918942
11434. 1124.448506235748
11435. 1391.5501702115066
11436. 1957.1263713203791
11437. 1265.271468627776
11438. 1320.6986750369038
11439. 292.3963932407797
11440. 3830.119426717053
11441. 401.17377219487855
11442. 1873.297444110686
11443. 1272.258920259517
11444. 587.4961315796236
11445. 1869.1086129931202
11446. 988.0358696474348
11447. 1862.9142023810386
11448. 1063.822184804548
11449. 1163.0392696368813
11450. 3092.7550967014454
11451. 1686.713287124156
11452. 1459.27078523687
11453. 1755.547030355209
11454. 2149.180507854439
11455. 1048.86235808026
11456. 1511.414347304231
11457. 2784.8661714152768
11458. 3550.4554980509192
11459. 1688.626938890804
11460. 1781.6387312729782
11461. 1344.6915724304176
11462. 1808.1873918344202
11463. 1915.6079006741068
11464. 1964.6474189175317
11465. 1930.860613887041
11466. 1279.3689940567613
11467. 1498.636208790289
11468. 3424.3772649755106
11469. 2275.810178655137
11470. 2188.564100723655
11471. 1943.8455087220448
11472. 1983.9745533521195
11473. 2307.9120181437765
11474. 1159.2643850357833
11475. 2479.0846467399338
11476. 1762.4832900207643
11477. 1276.0830915694557
11478. 3714.6597992871298
11479. 1103.0406718773563
11480. 523.7307479210531
11481. 3591.229561688393
11482. 2487.85172172608
11483. 695.471208710634
11484. 2104.493956944236
11485. 453.09416711430146
11486. 754.1008927785006
11487. 2329.773487295669
11488. 331.815498047137
11489. 2952.244072107921
11490. 1338.202914238072
11491. 814.1485687459309
11492. 1724.7340686793025
11493. 1127.423041843829
11494. 2447.8176963021133
11495. 507.27659972826905
11496. 1300.5225462834962
11497. 1838.6969738759003
11498. 2637.4958536961026
11499. 2931.507504289075
11500. 2039.8371611812283
11501. 3622.023900130501
11502. 185.5863348508579
11503. 1731.375781581915
11504. 1433.8026279090166
11505. 396.4030388481997
11506. 947.0318900122792
11507. 1979.140905843186
11508. 548.8886587354891
11509. 2423.5103427524587
11510. 1051.4645738178558
11511. 3931.570722678777
11512. 563.2068233918827
11513. 632.7720601630767
11514. 1042.4770665870067
11515. 679.802636796288
11516. 884.913071298265
11517. 1645.5110486718365
11518. 616.7339924203064
11519. 1218.8378750021102
11520. 305.02213260206383
11521. 1386.95835722982
11522. 974.8733187225898
11523. 514.0052989777769
11524. 980.743879346693
11525. 59.462593816946885
11526. 904.288414280794
11527. 48.56850694111362
11528. 862.635703350284
11529. 1066.7457524908239
11530. 1027.403055354907
11531. 1246.9309552385007
11532. 2756.5138431416494
11533. 2410.7411247681875
11534. 1595.8554008152923
11535. 1200.7228159935541
11536. 2004.7364727237398
11537. 138.0385895916685
11538. 1824.9468933309454
11539. 276.71940703472535
11540. 616.326050740401
11541. 2064.665963891055
11542. 1958.4356202754734
11543. 2841.3951431125847
11544. 1289.7747658147005
11545. 1211.840915929702
11546. 3111.3361287078196
11547. 209.52089073688353
11548. 1247.8822745613552
11549. 3621.7234362044524
11550. 1572.1664267982555
11551. 1356.5987416755356
11552. 1278.6126171627525
11553. 2677.3199602893733
11554. 3455.6107357569445
11555. 3496.6443715747027
11556. 670.7295465257534
11557. 60.924425831972684
11558. 159.89348486560104
11559. 420.5454203044544
11560. 161.35301080101416
11561. 981.1844444990008
11562. 636.8734419263184
11563. 1578.4043223334234
11564. 102.54852184063654
11565. 2049.7812160048675
11566. 398.92918987087614
11567. 352.3958397856796
11568. 774.6530026070934
11569. 188.69494131427777
11570. 688.9670154301546
11571. 60.49229182132115
11572. 909.906261391185
11573. 269.28833686801687
11574. 1297.0607042468077
11575. 1192.272920442006
11576. 743.9944228188357
11577. 1647.8985657041776
11578. 2287.0384932765414
11579. 774.8180369023718
11580. 501.1553013145894
11581. 484.6644000307977
11582. 773.9625180028727
11583. 890.0910333194621
11584. 414.598387476257
11585. 40.43109012502696
11586. 738.9811848348309
11587. 108.33706620480565
11588. 183.88428427390673
11589. 489.22393148471485
11590. 107.74065472169218
11591. 716.6226988855719
11592. 1000.1055386029592
11593. 1771.4932173990937
11594. 669.9053960823917
11595. 645.564094889838
11596. 44.31484867428967
11597. 119.14779367621678
11598. 970.8720558906734
11599. 962.1714254228677
11600. 971.541623492558
11601. 631.6142563177126
11602. 637.8876890216445
11603. 293.8637412788263
11604. 37.37216770877118
11605. 937.7966529205233
11606. 187.75300641699044
11607. 706.6480724840369
11608. 1972.9108059009168
11609. 1966.9639479600612
11610. 2421.614719876338
11611. 2219.498173876264
11612. 1946.5249964248405
11613. 2753.052605136491
11614. 2942.2767917737046
11615. 1926.3614824501433
11616. 2172.0349883931985
11617. 2277.2610403777658
11618. 1695.6203951831408
11619. 1868.2222644182068
11620. 123.21169835029816
11621. 2063.3512393896813
11622. 1275.9192096476254
11623. 2447.776526346163
11624. 1162.5839681484415
11625. 1496.1846787610407
11626. 944.1258099296516
11627. 1734.1964558632933
11628. 649.76220328019
11629. 1536.1661597087107
11630. 780.0810476068851
11631. 1104.3041135933822
11632. 1169.7707055747157
11633. 1450.2646866193609
11634. 1493.8954902404116
11635. 1278.4614367581557
11636. 273.84775936624203
11637. 1174.5760907210852
11638. 891.1908538238067
11639. 414.9402416258947
11640. 921.2807785302048
11641. 1943.7251921290456
11642. 1018.1616925443808
11643. 1853.565935901636
11644. 291.19007286377786
11645. 570.5368218957212
11646. 703.929642291519
11647. 2472.481984067565
11648. 819.3479385714312
11649. 421.5666982021012
11650. 164.6931004022865
11651. 2390.9545663234585
11652. 457.90346075148454
11653. 4121.426201557191
11654. 2554.550557240102
11655. 3228.567935578435
11656. 659.9723091421815
11657. 543.3773487701602
11658. 4680.69059756944
11659. 633.1645100719533
11660. 601.1067742449914
11661. 485.7996452805658
11662. 1668.659779827325
11663. 2448.523412702572
11664. 1553.9989164309757
11665. 322.6925028101321
11666. 1049.6112837760102
11667. 806.649102775753
11668. 1367.380571931883
11669. 701.1409662312586
11670. 2616.54751440048
11671. 1289.2812580714624
11672. 1125.4046178015317
11673. 96.70656215235535
11674. 115.11443408878604
11675. 2361.139871000487
11676. 1417.380948657916
11677. 1873.3475521459493
11678. 273.3398964465598
11679. 1399.0720650750113
11680. 769.6606469513594
11681. 694.7387515225613
11682. 165.2139604858198
11683. 1726.131730835745
11684. 245.7995345572838
11685. 632.413988041241
11686. 384.4806512511993
11687. 451.39802326055786
11688. 601.8207436135945
11689. 146.86787488493033
11690. 180.37837050494898
11691. 698.3403527763902
11692. 1985.2984762668304
11693. 784.6272710043407
11694. 958.7843245067482
11695. 244.78358532356248
11696. 741.8809977613936
11697. 380.44311610056496
11698. 992.8767404935994
11699. 433.8586672817426
11700. 1689.6798340562602
11701. 1439.8387177754141
11702. 1120.6749732400215
11703. 1050.4532729678651
11704. 983.4575363562882
11705. 1535.80352506752
11706. 2394.206583186944
11707. 2709.0291094941995
11708. 490.2412901724105
11709. 1613.6946354303643
11710. 134.12764978722458
11711. 3098.0491590370148
11712. 732.1421763460816
11713. 1401.413848285808
11714. 313.7518925753809
11715. 1026.2012694567215
11716. 1558.2509392333216
11717. 2484.2293840589064
11718. 1208.0373859276824
11719. 1193.6871298333263
11720. 1778.4608065687858
11721. 457.1468986628674
11722. 1824.4927169902367
11723. 1047.4982464129057
11724. 2021.8414251100933
11725. 1210.7466182321623
11726. 1052.0564295855625
11727. 624.8626933386884
11728. 495.33602760016583
11729. 463.47057938156155
11730. 1005.7547964530687
11731. 739.9568025739633
11732. 518.9353062090953
11733. 427.98481536621324
11734. 402.296312561953
11735. 848.859868183361
11736. 868.7430229319259
11737. 868.6707589627147
11738. 1064.3390761051128
11739. 520.3108132782083
11740. 368.0759372412559
11741. 693.6277671504462
11742. 484.13174750047057
11743. 764.5269151096198
11744. 119.39744994372482
11745. 311.4151118079579
11746. 847.8016300234493
11747. 932.9383834451419
11748. 2049.263082153873
11749. 288.1001823927988
11750. 843.6571831266814
11751. 1617.0890558035048
11752. 1800.392055766704
11753. 2532.609655859837
11754. 1385.8718033450448
11755. 2263.0964854257118
11756. 582.6168559103925
11757. 1442.6328658514335
11758. 1380.8511547261473
11759. 1927.3164961663315
11760. 1368.8766632636195
11761. 1067.2285648242148
11762. 292.6890763283052
11763. 131.13281131817968
11764. 386.72030841347697
11765. 511.79361397768855
11766. 295.85212198551903
11767. 265.31173958232284
11768. 1192.6104152993614
11769. 1044.2442188197704
11770. 421.09437865403305
11771. 902.3171910021662
11772. 1250.054704714087
11773. 1039.359384074286
11774. 211.19844326674814
11775. 190.93492735779287
11776. 1185.349762896646
11777. 572.4066317387592
11778. 614.952510948365
11779. 1638.7148037028498
11780. 223.10663470527018
11781. 124.62472778610609
11782. 872.3385926349889
11783. 359.2795953527309
11784. 435.2264417058472
11785. 1683.168513105571
11786. 160.56974798318137
11787. 316.84708305273244
11788. 215.74493236424803
11789. 764.7731209719905
11790. 497.7649902259998
11791. 279.6672489462341
11792. 3825.530495847133
11793. 3649.0194950633254
11794. 1849.6603464577763
11795. 313.02178065767595
11796. 961.494781215563
11797. 1235.3727564982282
11798. 3471.8266269468872
11799. 1170.9013777198124
11800. 2528.9769713262317
11801. 668.4516343613643
11802. 1530.129419758892
11803. 1291.7518510479263
11804. 783.8596222312574
11805. 3406.1809117181033
11806. 1678.4757817988475
11807. 1007.449074532872
11808. 2080.412207309569
11809. 2175.0792623174884
11810. 425.4063430531878
11811. 1542.1652822760886
11812. 1236.962727520711
11813. 336.1735788047636
11814. 359.68565479115637
11815. 1490.9047084002175
11816. 1072.1302609805168
11817. 1501.8486964394142
11818. 1033.0624956490576
11819. 1774.450737947452
11820. 3398.5017227882836
11821. 1581.509314750767
11822. 1016.31410010968
11823. 953.7332048834961
11824. 15.996405471521225
11825. 1690.3287572372326
11826. 825.5817196676834
11827. 1619.7521876410817
11828. 836.2617911128442
11829. 1426.7755962747283
11830. 2100.594289376556
11831. 2399.1359580945073
11832. 4056.955224402597
11833. 285.11215377635364
11834. 2393.1347711521303
11835. 3970.715889701785
11836. 1861.2345135823227
11837. 1017.8893351871607
11838. 1072.3409839108524
11839. 392.1968440959479
11840. 3481.7561665201633
11841. 2964.7865239309485
11842. 3206.01984182724
11843. 1311.0962793837402
11844. 994.1575349772345
11845. 4494.26105281239
11846. 2665.838545031527
11847. 1439.3921283049835
11848. 821.4776754984792
11849. 2117.3098004278777
11850. 1512.93453505332
11851. 1828.571530981465
11852. 965.2504115172576
11853. 2430.934191380982
11854. 1672.0017408236195
11855. 350.1320549052514
11856. 1476.4405788727797
11857. 2044.8503950286108
11858. 1183.9082888230819
11859. 626.0565494978291
11860. 109.33260471898167
11861. 931.4319047821589
11862. 971.1342037542095
11863. 774.1439122884377
11864. 3462.521819817624
11865. 1556.115284917491
11866. 990.103671664649
11867. 1513.5151576915705
11868. 987.743769671408
11869. 452.14917603051623
11870. 2948.4153813447642
11871. 929.8903146325849
11872. 2997.347201028105
11873. 869.2856846384499
11874. 1335.560995747904
11875. 659.6389936173903
11876. 1624.523473102114
11877. 382.59851152842606
11878. 1541.9153322478223
11879. 545.8720438756328
11880. 1285.3217791863758
11881. 1404.7437575839901
11882. 2535.065993534667
11883. 615.6990258001186
11884. 1602.235650408788
11885. 1220.9680364716041
11886. 531.2579645615842
11887. 2317.337308373388
11888. 2515.483086491632
11889. 2148.2311046426053
11890. 3093.564875373857
11891. 3798.7024337420203
11892. 4424.70675817631
11893. 2624.5549504715173
11894. 739.470900000343
11895. 2576.78296517252
11896. 544.4224787458088
11897. 54.17505216679993
11898. 2219.801887453304
11899. 1082.8788825224078
11900. 1791.2848969571698
11901. 1455.709322978518
11902. 686.6034711872743
11903. 1543.1690040808319
11904. 1106.0310747353653
11905. 1112.4281200887033
11906. 738.9251816789089
11907. 2479.1881971049365
11908. 1325.038498399634
11909. 669.9076735215326
11910. 2157.394392233466
11911. 2701.7817491425026
11912. 4317.078429903764
11913. 3778.623707523948
11914. 898.7020408585691
11915. 3946.528910047853
11916. 1400.6356137480527
11917. 1589.6212165188686
11918. 1210.0269718632746
11919. 1898.3887656713462
11920. 1689.2855163772642
11921. 1034.1203853084703
11922. 2320.9339542712937
11923. 2709.4377919519143
11924. 923.4216528573136
11925. 3298.5732345476144
11926. 4521.364012252168
11927. 2116.0125925011807
11928. 1243.4651973621797
11929. 2637.528463021105
11930. 2008.239386324783
11931. 6086.061209827346
11932. 2294.621355862786
11933. 5758.116198151408
11934. 1663.7581131380832
11935. 4472.226797703858
11936. 1842.5301890036214
11937. 4254.988124072065
11938. 307.2036560099533
11939. 1065.4273594134302
11940. 2939.1934987796053
11941. 611.2291169903123
11942. 294.16061838784606
11943. 984.2020953817315
11944. 1468.553083333813
11945. 527.2680715808497
11946. 719.7298625023853
11947. 2299.6793076713548
11948. 4380.7275161083435
11949. 1788.5865922627297
11950. 1190.500196771958
11951. 3322.4996440090486
11952. 4797.410027208259
11953. 4632.130593514876
11954. 3855.49830810274
11955. 4967.907697537018
11956. 1974.1116432245772
11957. 2651.267707546588
11958. 2484.8088545957403
11959. 382.475717774061
11960. 3254.180162840916
11961. 828.2655009416989
11962. 361.25159195924243
11963. 989.1458164225661
11964. 1171.4869739113776
11965. 2593.331276032455
11966. 1329.630448670836
11967. 2043.4956841481828
11968. 1321.047015120881
11969. 2276.0543036553972
11970. 1611.5869280240538
11971. 1943.4531449971767
11972. 2076.6280264305296
11973. 1472.5023295536714
11974. 2708.856886444662
11975. 167.84666375711487
11976. 499.66050703870866
11977. 3666.819269943559
11978. 1878.8508831143222
11979. 2056.0721592337327
11980. 151.7469731792443
11981. 328.096968508238
11982. 627.8698196196801
11983. 638.395299135782
11984. 226.42384302022785
11985. 939.2936363353199
11986. 930.477581506383
11987. 244.57388720717182
11988. 726.3463187256316
11989. 140.40372825519842
11990. 527.3174492705077
11991. 1104.5361090608772
11992. 603.3054400126493
11993. 37.4348123632228
11994. 308.4316605955847
11995. 257.61693763431725
11996. 725.399582198904
11997. 582.3580896829326
11998. 1119.7008977617859
11999. 2234.7044394499144
12000. 792.9379713073552
12001. 973.8092569452148
12002. 451.3970433259365
12003. 958.7307268673632
12004. 842.3321512322099
12005. 354.22216430334595
12006. 771.1080997769408
12007. 931.5426241754584
12008. 1014.4915368074126
12009. 361.9035492315244
12010. 3296.4674015412934
12011. 470.10658974488234
12012. 1413.226674869541
12013. 599.9447792353396
12014. 1099.65141748376
12015. 678.1272905085519
12016. 2230.0915668780594
12017. 2079.404666831346
12018. 1865.7066912598057
12019. 589.0457635350848
12020. 1466.9493072254415
12021. 1241.1399174719322
12022. 3558.3454812264567
12023. 2780.2260128084904
12024. 1119.957564249223
12025. 2264.0072131385677
12026. 2122.5411134070255
12027. 602.7014817132846
12028. 533.1568167508372
12029. 562.7726066606407
12030. 3619.4921270366744
12031. 1159.1249399235146
12032. 3643.3741288888073
12033. 1364.4065056959246
12034. 1411.040506544259
12035. 1446.1771167166087
12036. 4692.26105537112
12037. 2417.6562166384965
12038. 1731.483656829053
12039. 1618.8411487951091
12040. 2652.2412561520414
12041. 2784.552430804929
12042. 760.1651859624587
12043. 5883.730517749127
12044. 2795.2162373144038
12045. 7810.649960233627
12046. 7070.414587722294
12047. 7212.7090310723515
12048. 3266.2622247624204
12049. 665.8519114233993
12050. 3592.5288198548405
12051. 15002.930146559844
12052. 5199.905445168479
12053. 5156.328421130844
12054. 5523.3587439963385
12055. 6383.453395528204
12056. 3715.47133088559
12057. 9536.526161957843
12058. 3067.9676672817272
12059. 2817.595670801661
12060. 4692.607669221727
12061. 5558.64344732084
12062. 9453.04783218161
12063. 6164.213357883949
12064. 5906.414856151319
12065. 4853.618780693201
12066. 7319.727878586743
12067. 3109.0756946282877
12068. 5051.401488279689
12069. 4254.600480889014
12070. 9325.400827173527
12071. 1406.6679648139432
12072. 3236.583575470237
12073. 7237.499942548167
12074. 3884.6939174768927
12075. 1591.792172302352
12076. 5434.531733938656
12077. 11185.768113768067
12078. 1855.8700238320048
12079. 5573.908417845179
12080. 1173.1691125054313
12081. 6296.29406855322
12082. 6432.532770912702
12083. 2995.789140030824
12084. 6904.315075937683
12085. 8491.046586873274
12086. 13741.042555548851
12087. 6616.448293742983
12088. 772.2289450749149
12089. 3079.429621536901
12090. 3259.548687465602
12091. 5035.702003746804
12092. 8507.296636752226
12093. 9048.175923472912
12094. 20145.555279398894
12095. 5633.592511977608
12096. 4518.077180406444
12097. 3837.1152794591603
12098. 6003.383470343317
12099. 9602.139821150105
12100. 1136.2970246545224
12101. 4427.327923605472
12102. 2589.180722600377
12103. 8333.933853750623
12104. 9630.829842070669
12105. 2786.71642681287
12106. 6471.342675907367
12107. 7698.592833853065
12108. 12124.344872674948
12109. 4013.1728910190336
12110. 5947.304877538984
12111. 3145.795423417689
12112. 6351.391502082477
12113. 13074.478624821655
12114. 8577.103290753008
12115. 4955.435300814402
12116. 5008.016604222811
12117. 2380.590689828233
12118. 8128.081152966602
12119. 2622.0250112223885
12120. 8741.65075055686
12121. 3242.217264223771
12122. 6635.739093562403
12123. 5292.745904592055
12124. 1225.5287278278663
12125. 3615.030277867825
12126. 5935.544273447806
12127. 7265.144132559862
12128. 2200.157870373491
12129. 4967.338718372085
12130. 8623.428172784992
12131. 7768.338227515432
12132. 8647.149666474204
12133. 4233.548887546892
12134. 4004.15984352428
12135. 14047.215583539826
12136. 1042.5145390388102
12137. 2390.4275496971854
12138. 2060.6335973951564
12139. 5809.044742737796
12140. 6491.448314621822
12141. 3374.6492243218854
12142. 7693.991374077407
12143. 3067.2990021999412
12144. 11638.188747658985
12145. 5370.789915027483
12146. 5715.526477369158
12147. 3390.1931551150014
12148. 5649.240918977389
12149. 4263.044168168713
12150. 3308.7342245315062
12151. 8461.440646645518
12152. 10200.783161338513
12153. 6204.894097752035
12154. 1955.714347950496
12155. 3983.1163209738743
12156. 6504.860998661224
12157. 2297.825330438215
12158. 3608.0838855171664
12159. 3453.9236871767735
12160. 3048.0231692979933
12161. 13989.731743731989
12162. 11998.693950149145
12163. 4170.194372727344
12164. 13003.753336841719
12165. 11496.182301931669
12166. 5757.12166007385
12167. 10820.47313316949
12168. 2180.5629416915317
12169. 6257.232064202338
12170. 3456.8748446210698
12171. 8061.245276664233
12172. 8411.578849352802
12173. 2166.7662061668534
12174. 3415.71855696435
12175. 5504.091369370962
12176. 4520.223376170198
12177. 2987.0659054640937
12178. 5203.592487622978
12179. 3262.7316289483133
12180. 712.3990418201242
12181. 6542.929540612071
12182. 8544.448154724114
12183. 1770.6547241197375
12184. 10695.876639417278
12185. 5947.853027354249
12186. 2210.2112841886997
12187. 4892.55568444005
12188. 1872.3726385184932
12189. 4948.616751829877
12190. 3897.767362853884
12191. 4709.37997345398
12192. 2812.832817875352
12193. 6379.645436929414
12194. 4426.9556130935125
12195. 2838.605807845989
12196. 4560.786811458469
12197. 1529.7173708228256
12198. 7431.597806324143
12199. 3425.284123033249
12200. 5763.004671399107
12201. 7344.542401607261
12202. 6587.0354525162475
12203. 10337.960243208094
12204. 7860.323111410001
12205. 3070.4115234171545
12206. 1550.2794908175072
12207. 2825.2821555189835
12208. 2909.1559034243896
12209. 4886.135413413872
12210. 5546.123685688832
12211. 3145.791175052872
12212. 3348.248703920967
12213. 2629.9453918417066
12214. 4532.919996208335
12215. 11320.913362340281
12216. 5163.8078653202665
12217. 5392.151518791189
12218. 1788.1872978103293
12219. 11313.443886422434
12220. 1764.9268275876232
12221. 2872.60648863526
12222. 6303.764506847285
12223. 4290.951890316488
12224. 6536.853794496098
12225. 4324.9684929898
12226. 3519.9639095097336
12227. 4187.465610631089
12228. 4956.091089092875
12229. 6834.080515515176
12230. 2213.2908209807742
12231. 2682.6784959475513
12232. 2751.7848607793017
12233. 4890.33764619116
12234. 1722.2010839233653
12235. 1636.3825141583345
12236. 1563.5562831314867
12237. 1637.7385513679092
12238. 3445.0287662145133
12239. 6808.29729449943
12240. 6847.493791842699
12241. 3954.023713373817
12242. 1248.899365612035
12243. 5319.6924308068565
12244. 8076.914847333814
12245. 2049.62392783715
12246. 3199.5604302244856
12247. 4301.142338097597
12248. 4625.222332209447
12249. 3646.2594307943946
12250. 2639.202864457144
12251. 4680.971440170518
12252. 2339.8842640412686
12253. 3840.7399285777965
12254. 7463.90034089929
12255. 3472.098723838631
12256. 6060.174384422482
12257. 1985.9058792506976
12258. 9294.693989698304
12259. 2504.9199227387653
12260. 4806.856688530815
12261. 4383.223191655892
12262. 2965.10985476825
12263. 5649.017222714111
12264. 8719.248639149268
12265. 4284.9980891875475
12266. 3587.1197395778636
12267. 2635.0721814910617
12268. 5095.611702492804
12269. 5400.879429202181
12270. 5758.398289581691
12271. 8256.51604002008
12272. 2438.3590871939546
12273. 10815.122742028645
12274. 6995.749341417416
12275. 10222.649958461989
12276. 7189.389891585137
12277. 4271.078778287453
12278. 3954.808124847755
12279. 5003.091036012706
12280. 2691.509961669268
12281. 3604.9552992772387
12282. 4301.839153166245
12283. 5459.585535118801
12284. 4441.242342430077
12285. 5125.956357298231
12286. 4463.882320862973
12287. 5951.520461854525
12288. 7822.191809184432
12289. 7772.692740135451
12290. 5254.952153541377
12291. 8328.496555399039
12292. 12236.988085292569
12293. 838.0625312489483
12294. 1416.0047474470168
12295. 4123.972138306997
12296. 6446.894977893685
12297. 4382.745311709386
12298. 2842.965785871021
12299. 5802.445026802088
12300. 4397.788816012782
12301. 2470.360360596663
12302. 2777.1422824222986
12303. 3788.048244061627
12304. 7835.767698787644
12305. 5340.286791491176
12306. 2800.336696918395
12307. 10625.992801931126
12308. 7652.922444483651
12309. 5270.850392123479
12310. 3886.520648763352
12311. 1919.7245162156266
12312. 4205.075963745095
12313. 3540.8972818041634
12314. 4629.0419354783735
12315. 6518.83633230774
12316. 6682.540552212302
12317. 7588.642507451376
12318. 8241.912097457584
12319. 9625.923334637437
12320. 4517.885909194689
12321. 14062.867432009954
12322. 1360.2822966574756
12323. 7195.547696246191
12324. 11223.078705388189
12325. 1340.907224792801
12326. 12039.0896220647
12327. 10228.692562520808
12328. 8948.617762683145
12329. 6776.644260982819
12330. 5018.202825498031
12331. 5350.1526736773
12332. 1837.581622101398
12333. 12262.111767649665
12334. 6432.084251133948
12335. 1393.4824985746943
12336. 1555.6898315891337
12337. 11050.5072375297
12338. 3968.9082524026794
12339. 14593.84850244469
12340. 6143.894386207604
12341. 4607.889560833982
12342. 1833.8619950420418
12343. 1873.8686172767332
12344. 1959.1678777854631
12345. 2260.4126257417593
12346. 5018.208664967849
12347. 5004.5155047034805
12348. 5292.958318114091
12349. 5114.148554239446
12350. 1635.3528349518735
12351. 5149.551502472026
12352. 1619.1801403987772
12353. 2320.036409146964
12354. 8962.858379164429
12355. 12000.589153364226
12356. 7817.905766026774
12357. 11288.679196523583
12358. 3356.044969043159
12359. 4343.933842883106
12360. 5478.099522479748
12361. 8939.817753674055
12362. 1314.8114674653
12363. 1609.0734634031458
12364. 4125.808259543615
12365. 8714.999334232942
12366. 4916.298419602916
12367. 6517.883834448129
12368. 16945.83355250919
12369. 7930.21168337183
12370. 8505.580630543282
12371. 5567.036232428263
12372. 2002.9178322495648
12373. 6206.326898292797
12374. 9105.653124961678
12375. 9205.569754734874
12376. 672.1709939442818
12377. 3074.3413414741094
12378. 3884.6411244531164
12379. 2995.008343609512
12380. 4719.423949932861
12381. 4288.23741741823
12382. 5784.473874551435
12383. 3370.775949246392
12384. 4383.859660515233
12385. 4830.4890024861415
12386. 1405.547537125851
12387. 5925.155670076541
12388. 2443.7050640516236
12389. 4186.923188996801
12390. 1644.8729738392378
12391. 3878.168582403191
12392. 4619.526347037006
12393. 4735.669808694001
12394. 3781.2949328175964
12395. 4076.8031612767963
12396. 3693.1856910211845
12397. 3171.210553396066
12398. 8667.672381477616
12399. 4576.311186132231
12400. 8431.322045839466
12401. 3376.055493595893
12402. 4026.8780939391945
12403. 5354.4849197897365
12404. 3355.496184747321
12405. 9701.5644572155
12406. 5264.623567817521
12407. 6091.064901613763
12408. 4786.950266682892
12409. 2999.3887215001205
12410. 6318.267696574584
12411. 4372.649476961609
12412. 2903.8825317883807
12413. 5632.559248514107
12414. 1086.1662287394445
12415. 3144.292005913657
12416. 5048.758180000009
12417. 15132.080687792622
12418. 7664.0850093326835
12419. 8987.767507226186
12420. 6228.252063898255
12421. 2660.464594890443
12422. 3719.3627846098743
12423. 4787.10884956264
12424. 4329.244636203392
12425. 1557.2883606138198
12426. 7056.823875376143
12427. 1364.875772521214
12428. 4118.11208190918
12429. 4520.849060416861
12430. 9255.166545213391
12431. 6184.97114175706
12432. 6696.256281084701
12433. 6071.840854509019
12434. 7092.510832605142
12435. 9790.272310371658
12436. 4606.443978207208
12437. 8320.396531775734
12438. 5475.278507985918
12439. 12887.663731399974
12440. 2012.9872407039945
12441. 2636.2532579578797
12442. 5416.069000686605
12443. 8979.160143497915
12444. 11422.366013423396
12445. 1936.6909302799081
12446. 1242.9431910889334
12447. 7913.180580108922
12448. 9229.393648746183
12449. 2040.9419122368465
12450. 3254.8236112177437
12451. 6211.265110946736
12452. 2889.0367112243403
12453. 5689.247149976568
12454. 9857.454746790585
12455. 7610.50171944254
12456. 4569.6529774875535
12457. 9249.91823371882
12458. 9270.903219020922
12459. 3401.548268707021
12460. 6971.792774624984
12461. 5491.819774517683
12462. 4836.495973201448
12463. 2954.299400503126
12464. 6057.921530357795
12465. 2321.118707529813
12466. 10538.675335088583
12467. 2115.519906043895
12468. 3645.3172598820297
12469. 7799.1085221367275
12470. 3553.9409892019116
12471. 4461.3340648462045
12472. 16076.508454655577
12473. 4349.113804707906
12474. 4711.3900774638605
12475. 4740.751126513773
12476. 1876.733355459512
12477. 1968.432925562504
12478. 9212.789765662486
12479. 13393.376505965129
12480. 10894.016385927793
12481. 6763.276866484649
12482. 6745.035654271169
12483. 5096.8843822494755
12484. 1721.2554183813602
12485. 6968.8159119373395
12486. 4734.1451641729045
12487. 2450.124944632423
12488. 3119.393819780302
12489. 3590.025010473416
12490. 3390.3829189592993
12491. 6550.232840002831
12492. 4763.516195338295
12493. 8516.552871060132
12494. 11370.093400027927
12495. 5642.213173570389
12496. 3621.7099338127173
12497. 1160.4466585867435
12498. 2044.060774014606
12499. 2278.0801129461206
12500. 2509.5297618298555
12501. 3772.4339001914814
12502. 6801.79420422404
12503. 2209.3278403949466
12504. 6635.284813596952
12505. 5959.659766422432
12506. 6070.5759294537365
12507. 4823.870933229161
12508. 2786.2643989025582
12509. 7721.511235090773
12510. 8821.44963045519
12511. 6713.908394405893
12512. 19851.26758448543
12513. 3914.7869394863956
12514. 6581.410247090839
12515. 7806.788168377521
12516. 6776.849343937483
12517. 5629.715583686413
12518. 1932.9949330744375
12519. 8578.223476742012
12520. 10403.181341815109
12521. 5922.460473924655
12522. 7221.813320860018
12523. 11506.570703342793
12524. 10714.165967558509
12525. 10098.701187735356
12526. 6751.5268502798335
12527. 5662.419982662421
12528. 2983.8464945773026
12529. 6670.4524774091315
12530. 7288.022110154892
12531. 2332.8981274590465
12532. 3611.6030349675357
12533. 12344.245656262581
12534. 3551.201694905016
12535. 2838.1989601673968
12536. 8744.482729304978
12537. 6397.749794829619
12538. 8202.951990971298
12539. 6592.07824382531
12540. 5207.112848673007
12541. 577.6282904404283
12542. 8188.294622543739
12543. 9411.477066150963
12544. 5487.14759194084
12545. 7952.036640808061
12546. 3346.4136498165376
12547. 10728.34822145841
12548. 5539.661251026906
12549. 8547.977645439601
12550. 6770.141507949419
12551. 9233.473871762684
12552. 4262.070080606802
12553. 17519.023749597276
12554. 1298.4393636682512
12555. 12309.035738819373
12556. 3138.5737475211195
12557. 4419.117516483163
12558. 3717.7134984457616
12559. 11624.283141630913
12560. 4583.152433916315
12561. 8525.677747683765
12562. 7057.597889019317
12563. 5171.63492401675
12564. 3415.5663445965856
12565. 6333.013480683894
12566. 4194.698817843682
12567. 9016.513499860866
12568. 5408.329850885574
12569. 8846.418425901356
12570. 3536.542828903109
12571. 3020.4258308726467
12572. 6466.348732883093
12573. 6262.611227828375
12574. 6057.4453089241415
12575. 1462.6988969134661
12576. 5407.393045800106
12577. 2745.03330117761
12578. 1889.5245334202573
12579. 2141.4271091346
12580. 8684.199987538637
12581. 2359.0543277197366
12582. 14280.283318622118
12583. 10450.972205989832
12584. 8274.522957391844
12585. 5785.074967391384
12586. 1852.032828593263
12587. 2604.987262577042
12588. 3244.0395686896622
12589. 6320.59654929978
12590. 10173.995314844231
12591. 6610.943478270777
12592. 16892.76277302705
12593. 1295.1668415687911
12594. 2211.3987145350843
12595. 9315.053458318427
12596. 2502.6256881659315
12597. 3694.5214843048866
12598. 3305.6930118706005
12599. 4233.53829214128
12600. 2081.0033720385436
12601. 5532.047123926321
12602. 4903.292706868809
12603. 4586.58178982589
12604. 2824.309440423434
12605. 8332.123864078205
12606. 6382.49322673066
12607. 3792.4879755714337
12608. 8022.581520599545
12609. 7988.819252869672
12610. 5163.260735728045
12611. 5807.185372065538
12612. 1004.7162461702129
12613. 2146.6186541205084
12614. 7384.777500495859
12615. 2428.600746617384
12616. 6911.621981824362
12617. 2707.605686314291
12618. 7556.546285670389
12619. 2115.209298462658
12620. 10257.007321969335
12621. 12093.019436846236
12622. 16145.045040331073
12623. 7768.621906921147
12624. 6210.627935317325
12625. 13529.999189599059
12626. 2329.085072307413
12627. 11905.113205171898
12628. 3175.7804717564113
12629. 5865.19302070745
12630. 8949.399978922638
12631. 7973.185066489681
12632. 2238.5919416387214
12633. 2076.494702411996
12634. 3494.065588003643
12635. 448.94241034969707
12636. 1225.6005795255378
12637. 2813.722333938538
12638. 1220.185372407301
12639. 650.963457277404
12640. 3937.9860093770685
12641. 626.9952080521914
12642. 848.0440773089704
12643. 2320.294499125097
12644. 4174.912849554447
12645. 4343.770339668183
12646. 431.98406557166624
12647. 705.7297849191604
12648. 870.2425663306606
12649. 919.9247738755749
12650. 571.4338851639008
12651. 329.2503385365106
12652. 1436.8463130322245
12653. 982.568758195087
12654. 287.85606863653464
12655. 1443.132659235426
12656. 803.4569448906051
12657. 2414.9855964506182
12658. 367.5680771519629
12659. 977.8966051053744
12660. 337.5500158851876
12661. 1103.0177402454117
12662. 775.5883956448009
12663. 246.6853083805445
12664. 1888.9134011678898
12665. 1409.168909978878
12666. 2315.1325508816385
12667. 2942.0463084049456
12668. 2290.1440892792734
12669. 621.8656201496607
12670. 2676.6401690645166
12671. 2896.9931419240606
12672. 125.6839737734339
12673. 2098.7455405617784
12674. 3596.7536931939703
12675. 2124.863718124234
12676. 4641.934272841946
12677. 4174.900069623792
12678. 1226.6338279743306
12679. 1191.3886061055698
12680. 2486.286277833076
12681. 1154.7671678303766
12682. 1097.9568398422164
12683. 831.1624842035812
12684. 1476.7610905424383
12685. 567.8994187665273
12686. 542.3244171732974
12687. 409.1866580568678
12688. 1580.2542049561787
12689. 336.02556584856
12690. 1622.2165522747935
12691. 1691.2021956021215
12692. 374.9604076535918
12693. 1941.9994684710423
12694. 1748.2279167566853
12695. 353.9795874696364
12696. 164.62872604365137
12697. 2927.144725422887
12698. 4340.193237600039
12699. 1469.3451111493014
12700. 4545.745175714593
12701. 1095.1069414592475
12702. 2925.735055599727
12703. 1756.3924635250173
12704. 1827.9197839727478
12705. 935.9534582751998
12706. 1287.523837300911
12707. 2997.264798025034
12708. 1037.884287898512
12709. 125.27322731350266
12710. 1373.2579706291713
12711. 504.7878954067026
12712. 156.73240542474164
12713. 1307.5308508176654
12714. 785.62562025748
12715. 1724.685697111714
12716. 1799.0327635967176
12717. 1541.1712382123685
12718. 1115.5254209289594
12719. 1675.0317419507644
12720. 1118.4519507662087
12721. 1404.6988274922905
12722. 816.5665847777832
12723. 1237.1495608860332
12724. 2527.786233223643
12725. 1041.5417863955236
12726. 2120.493452987309
12727. 1042.1477874286113
12728. 590.9794131055845
12729. 335.7284685297602
12730. 1970.2850459998858
12731. 603.0596721286909
12732. 364.0931194783107
12733. 1284.4933253534466
12734. 1031.7939829409831
12735. 234.81933064738138
12736. 109.35296555585406
12737. 1617.005482918312
12738. 1719.8178340453821
12739. 8250.147931269546
12740. 2041.0789453269213
12741. 2186.5825319768733
12742. 2281.466653708258
12743. 542.09908550082
12744. 2579.9149174723525
12745. 2614.9550928848444
12746. 1755.287259921324
12747. 2981.9889249701178
12748. 4801.201015333585
12749. 3361.4628199980334
12750. 8408.149662329819
12751. 10139.248575896678
12752. 9904.393373146775
12753. 1357.4634113478971
12754. 5444.848441996889
12755. 3861.331888688091
12756. 13275.076495965099
12757. 5079.698602233136
12758. 254.70815133374234
12759. 12527.600624857901
12760. 16299.46966541294
12761. 4048.7717724595773
12762. 17835.44126798266
12763. 35814.86770041015
12764. 7567.699010421554
12765. 11357.66091874595
12766. 6485.587170641473
12767. 10271.671315994625
12768. 14728.321537174805
12769. 24763.29493843873
12770. 6749.594240943013
12771. 8083.493823580568
12772. 7838.532505799407
12773. 1712.7551664223074
12774. 10099.918114142218
12775. 5686.693119562321
12776. 7096.46442391008
12777. 20035.180997874195
12778. 21779.505909362128
12779. 8051.101614336287
12780. 8016.021697481724
12781. 5283.379779942379
12782. 4170.200811655339
12783. 4312.554305453674
12784. 15016.663921054556
12785. 10159.189477916729
12786. 9205.478675260618
12787. 12494.058401097209
12788. 201.83343360004577
12789. 8896.739033396474
12790. 13240.56208293192
12791. 9435.506330578552
12792. 6166.823151050654
12793. 3560.880564359615
12794. 5962.142583099597
12795. 4990.993215782846
12796. 4323.161527753725
12797. 8431.254177933062
12798. 6199.215424520351
12799. 9099.807219717834
12800. 7618.847980601231
12801. 9310.489035027638
12802. 232.65530472956561
12803. 4948.72860246504
12804. 1510.4672993589056
12805. 3595.5170097427504
12806. 7994.252993537494
12807. 3580.4243223086273
12808. 7719.501319690915
12809. 10167.815982937052
12810. 9793.522071471112
12811. 6798.089252936876
12812. 16066.339120171875
12813. 1534.6394287587875
12814. 989.7637350655475
12815. 13920.099713818749
12816. 8949.058645688785
12817. 7856.140339528174
12818. 6563.122972167428
12819. 16053.443435293892
12820. 6870.177173473723
12821. 18235.068271207932
12822. 9802.212754672493
12823. 19157.774351808515
12824. 9066.252902930433
12825. 5998.671575700047
12826. 15323.429705149805
12827. 2565.167905223039
12828. 6385.516705193769
12829. 35349.33117926598
12830. 12365.84965942569
12831. 21403.531386902137
12832. 7995.015618531735
12833. 19648.511533068162
12834. 6196.572320068349
12835. 7609.39451608662
12836. 5164.1724285500395
12837. 11296.744928356742
12838. 30154.65891945643
12839. 19807.842834393592
12840. 25830.921827240843
12841. 3043.6403291606384
12842. 17389.88428472346
12843. 5148.462085129051
12844. 2211.625711986888
12845. 6972.429664861254
12846. 67.14271968034609
12847. 17136.210789480338
12848. 6034.128388003134
12849. 4678.867092407041
12850. 12468.145018810052
12851. 16254.696524296307
12852. 32854.48905664861
12853. 5796.986068761917
12854. 30324.77504943332
12855. 5095.707269308627
12856. 8887.907246009729
12857. 3207.3209184383554
12858. 10666.0908456968
12859. 12318.929020768937
12860. 6276.333010466171
12861. 12436.540313787198
12862. 10573.538974336534
12863. 8039.641387060681
12864. 18521.28299767843
12865. 11951.787865590903
12866. 3056.8718271214725
12867. 8022.883300342933
12868. 1297.4732000388847
12869. 3250.705896538069
12870. 220.205683098801
12871. 4207.015247482037
12872. 2689.3402127065306
12873. 9570.851968354753
12874. 1850.227881011822
12875. 4198.015356963935
12876. 4488.093952169442
12877. 11111.425123860137
12878. 1193.7791995371936
12879. 4677.588793583869
12880. 5910.838987766629
12881. 13452.164942905645
12882. 5524.021578062318
12883. 12774.915109379544
12884. 14679.114536740182
12885. 21568.57136763187
12886. 6567.000160308005
12887. 12072.781041222264
12888. 10933.205449165122
12889. 4154.831113537701
12890. 2795.4994394194973
12891. 14795.427128022242
12892. 1801.0959880439254
12893. 14468.406963731808
12894. 9455.304336393596
12895. 8980.721558026471
12896. 3233.5582200809995
12897. 13635.454488966858
12898. 5532.632453798827
12899. 3962.8290158552923
12900. 17777.724771152156
12901. 9742.671911766154
12902. 7245.6379271693395
12903. 3151.4082860333097
12904. 10589.502036179176
12905. 7224.174424965829
12906. 11011.887858066568
12907. 3791.737533049564
12908. 13015.737032617746
12909. 7217.525640087445
12910. 4197.418886196544
12911. 17313.982213753905
12912. 13435.378588043372
12913. 63.90501705107373
12914. 60.390788835279515
12915. 4743.9992573813015
12916. 4752.728643385539
12917. 11592.629491575617
12918. 13179.797200822164
12919. 5948.062401236922
12920. 6274.305425112137
12921. 3785.326288465244
12922. 11260.556819251606
12923. 10051.735236513485
12924. 11166.612009517512
12925. 9288.45541985995
12926. 9889.47843832893
12927. 4249.797760777528
12928. 5486.729198473894
12929. 10564.483238304445
12930. 9414.46708435369
12931. 7321.703236654154
12932. 2384.789174490131
12933. 6585.724126527544
12934. 127.98653617528281
12935. 1935.486510726152
12936. 1557.4709986674306
12937. 7148.8261922507345
12938. 39193.14108608771
12939. 1040.9420505269663
12940. 1510.8956051281577
12941. 2231.9182544927057
12942. 19872.386468699115
12943. 10288.409506409356
12944. 8858.592478110744
12945. 15348.403452850464
12946. 7361.227374883709
12947. 670.9914471221907
12948. 10909.754643473438
12949. 15847.245877579275
12950. 125.98744200272611
12951. 3465.7885669235143
12952. 19212.647205683053
12953. 6960.7242090920745
12954. 15721.25418762683
12955. 21370.308786601177
12956. 438.710080449507
12957. 2479.1257602983515
12958. 11478.81041396169
12959. 11976.143152684943
12960. 20497.107548628228
12961. 5978.6124751851075
12962. 9466.203200560858
12963. 3462.8672725592187
12964. 13167.162141487448
12965. 11136.372269363845
12966. 1234.1841728156942
12967. 7412.584452453187
12968. 13664.259109177478
12969. 3067.948310554878
12970. 5824.723439102537
12971. 12537.509148306164
12972. 4973.329723358503
12973. 14232.040372852487
12974. 18810.059681115246
12975. 12682.65179722422
12976. 10892.636282303723
12977. 18772.05301864233
12978. 8072.211382208709
12979. 9783.296650348268
12980. 8621.74013449665
12981. 4043.949274724672
12982. 6518.780778687899
12983. 12094.036389506544
12984. 19740.80464964342
12985. 14707.94614917984
12986. 6273.477145481649
12987. 16809.632060665448
12988. 3051.6288546076153
12989. 1277.0230945761998
12990. 11109.47800480211
12991. 172.53956296872607
12992. 7639.731697020483
12993. 14438.208980387128
12994. 2133.413429234408
12995. 3341.6709463616894
12996. 6835.300260863613
12997. 8999.190283357073
12998. 4773.185129864443
12999. 9162.905581588971
13000. 1522.7731163140622
13001. 9000.032327293666
13002. 7632.610669868724
13003. 8721.340498805503
13004. 3561.8070558926993
13005. 3952.6636989601225
13006. 4095.8496446542044
13007. 19014.11784062056
13008. 17305.659769830712
13009. 3195.4052066009685
13010. 7074.943713888412
13011. 10940.124833262304
13012. 10654.551995125643
13013. 7096.36969242413
13014. 855.6406828669623
13015. 1712.0976884533657
13016. 6083.102457619164
13017. 3043.8704396754724
13018. 7384.396464860556
13019. 4794.957956768449
13020. 521.4143346853349
13021. 321.45532432726736
13022. 5170.364064490365
13023. 336.8004214268432
13024. 816.3687761758417
13025. 905.5452333225186
13026. 1544.6240725035655
13027. 3129.6515008843558
13028. 5486.905968641002
13029. 6584.80936856728
13030. 11424.64459866122
13031. 11840.574456748076
13032. 7028.7488738613865
13033. 6009.247090670945
13034. 18746.332347957064
13035. 16969.471490679323
13036. 4546.120154735236
13037. 24278.536011845474
13038. 8633.506933562285
13039. 3848.83084451541
13040. 2736.375572140061
13041. 2838.543923046103
13042. 7559.079769567086
13043. 27039.329788717052
13044. 794.1894000149263
13045. 3880.6210256951636
13046. 4882.252151438287
13047. 537.3263449976491
13048. 9235.16091475947
13049. 9282.911638404914
13050. 12663.154531940789
13051. 2434.0531013264963
13052. 7377.591937338802
13053. 9512.133584377205
13054. 16739.124919472724
13055. 2352.2020780781054
13056. 12985.927172300931
13057. 1915.3862957310012
13058. 1471.4018172721046
13059. 1111.5069631352162
13060. 1608.8706807751644
13061. 620.9384212712428
13062. 454.2408997847797
13063. 3575.1440686857854
13064. 7961.994428103386
13065. 1682.5732842282084
13066. 8371.682141752313
13067. 3035.0786269136083
13068. 8103.48839160169
13069. 13888.427128360765
13070. 8917.61513922293
13071. 7721.464647214573
13072. 21256.09381244253
13073. 8329.614701754745
13074. 2086.645448854144
13075. 6993.629160237953
13076. 4686.930574122227
13077. 1535.2297948264797
13078. 1829.6356259878166
13079. 91.313657334588
13080. 1090.2091214791835
13081. 21590.70110898177
13082. 2349.4893010707606
13083. 7317.6053402583575
13084. 11303.229464786611
13085. 3342.080838286638
13086. 5889.614848277329
13087. 10310.39558962403
13088. 5662.17620927387
13089. 13547.70831369273
13090. 1680.5087727061973
13091. 12874.298423601167
13092. 11598.287711203704
13093. 3588.3017735167887
13094. 7521.472457536785
13095. 3945.355244285337
13096. 4380.998144480322
13097. 807.6594866612982
13098. 1304.6144610892006
13099. 10600.459059256249
13100. 4266.8288517601895
13101. 5771.70251805692
13102. 4190.130834802478
13103. 2070.712561419144
13104. 9240.887119205796
13105. 3485.2916109681864
13106. 9680.962415643351
13107. 11938.194330424583
13108. 1449.2991702974496
13109. 11749.511022456618
13110. 10643.248231403708
13111. 6719.739963080956
13112. 531.2520125297576
13113. 9722.18442625056
13114. 6270.42072113824
13115. 4616.904801168941
13116. 13529.454551834348
13117. 5159.343412046556
13118. 4732.738256725711
13119. 17102.403567049587
13120. 12437.454783358677
13121. 17712.454357033504
13122. 27477.50816467879
13123. 7401.595948450743
13124. 12304.78387708661
13125. 1586.0214273441684
13126. 2506.544506116538
13127. 920.3613822049875
13128. 1005.6194765293554
13129. 12888.245083935979
13130. 8951.97419020249
13131. 3888.2424102885107
13132. 9758.021672870962
13133. 5585.011795898649
13134. 21827.770033715526
13135. 16410.63643492807
13136. 5320.919338149007
13137. 7270.630183080075
13138. 3361.7492771766642
13139. 5714.63714225394
13140. 10027.160291491742
13141. 9532.2813373409
13142. 3984.9214420931316
13143. 12445.450529578353
13144. 2455.4418060472735
13145. 8656.445474369733
13146. 7144.0310641147535
13147. 1443.670825238635
13148. 8933.566722753922
13149. 10604.000808299053
13150. 5205.7643561318755
13151. 6836.1096435272675
13152. 10772.545182464051
13153. 19251.59614315521
13154. 1778.8126104837954
13155. 2317.9950737612826
13156. 2883.7207512489795
13157. 1006.7192193162257
13158. 15232.251756364214
13159. 9940.62278026585
13160. 9946.959553690525
13161. 9365.55408526997
13162. 9105.62696725691
13163. 8364.349011203505
13164. 3430.38739011352
13165. 12731.407561321437
13166. 5196.391401335963
13167. 1335.5824236177857
13168. 2512.7467721362555
13169. 641.5708231189265
13170. 2781.6732913640235
13171. 3823.41094159308
13172. 4678.850770965196
13173. 7970.356617015554
13174. 3295.4764288605215
13175. 5538.521172006516
13176. 2026.576512546004
13177. 532.5075528522152
13178. 4490.140260208333
13179. 6797.262473181368
13180. 15819.56617706861
13181. 37344.25893056682
13182. 11640.054918720947
13183. 3889.2338813053784
13184. 8139.616839632068
13185. 12067.225904620862
13186. 17312.503056588444
13187. 20876.188395068475
13188. 14517.006837734454
13189. 8492.426472890429
13190. 11108.388487379394
13191. 21730.467045947033
13192. 13094.732039674154
13193. 1641.5624082478537
13194. 4108.648041744515
13195. 23339.59315260705
13196. 18647.822180675244
13197. 3914.5985947088375
13198. 26165.835736521894
13199. 1652.8440484074583
13200. 4409.014469946846
13201. 1638.5282651414645
13202. 2113.598122781972
13203. 4793.287208116347
13204. 13635.932249833446
13205. 3464.2796215715357
13206. 5870.414576209655
13207. 7879.56666839426
13208. 12056.771606983251
13209. 6854.779843759657
13210. 6071.683698119288
13211. 9221.2699034578
13212. 11914.331363849453
13213. 2725.100755369457
13214. 1195.7501354279773
13215. 5209.349878390559
13216. 1153.788124055837
13217. 19274.39626206525
13218. 1808.636076085966
13219. 7322.25788150981
13220. 1247.0509289908957
13221. 2056.4962374308457
13222. 1474.8420719849396
13223. 4954.630592491501
13224. 3742.9525873967204
13225. 6730.033239942756
13226. 6672.401751497626
13227. 9838.172518052632
13228. 4011.058629941056
13229. 5446.916903047223
13230. 3122.573088649962
13231. 14218.149273435974
13232. 8468.113935496482
13233. 1773.7697743804354
13234. 12869.754051374808
13235. 4739.217718439569
13236. 2066.0451586318204
13237. 1241.055482665201
13238. 4122.56292204298
13239. 4642.253328137614
13240. 8231.779871741857
13241. 2108.589173446626
13242. 3893.2128405913163
13243. 14756.79864373954
13244. 2939.4733553497213
13245. 1307.653063871025
13246. 5396.1229862983855
13247. 21364.90876411078
13248. 14340.414358027183
13249. 4565.510108431369
13250. 2647.436523699725
13251. 5550.75418908027
13252. 206.88075545504665
13253. 23717.349228429084
13254. 15705.304895448024
13255. 6344.122202748463
13256. 8470.4411199656
13257. 6344.8428695902585
13258. 2988.6746502515653
13259. 9318.68122206756
13260. 8681.44782876403
13261. 10266.626750711172
13262. 13002.124575229001
13263. 5937.695832877194
13264. 6789.724665773587
13265. 10157.316357665059
13266. 5465.823789114582
13267. 2168.006058085147
13268. 5145.647568809668
13269. 7643.169379520838
13270. 6556.583280482386
13271. 4208.616288493688
13272. 4396.873258217632
13273. 5490.585960536359
13274. 2105.216466943191
13275. 2344.966028762674
13276. 3716.935095913396
13277. 1710.2807927132237
13278. 1400.2418136225872
13279. 6810.489976613772
13280. 16648.58754372971
13281. 1740.4609296469223
13282. 1342.347717737864
13283. 1306.9855099818121
13284. 11416.883487590427
13285. 11640.050180492626
13286. 9340.313390900914
13287. 9494.982612269523
13288. 3038.056806668773
13289. 3710.1954996279296
13290. 5850.673435580691
13291. 11359.589669897088
13292. 10939.30236465494
13293. 10843.018129754251
13294. 12449.235661467514
13295. 1625.690016010434
13296. 1000.4579293182479
13297. 874.9745749862223
13298. 3124.5484242390125
13299. 11997.40817262541
13300. 5098.7986514760005
13301. 8358.896620027377
13302. 13579.06141374561
13303. 15600.515010967403
13304. 2726.076284577697
13305. 12670.980036616887
13306. 5783.0385721753855
13307. 13151.471016438752
13308. 989.9269499896841
13309. 1123.7653529734791
13310. 6916.028742884977
13311. 15226.55665749696
13312. 1070.0867172403778
13313. 5712.427401584585
13314. 8155.340439289969
13315. 7118.389756746064
13316. 6716.238877731513
13317. 8602.468738662508
13318. 11886.834924353545
13319. 7700.004944872706
13320. 11529.945980052737
13321. 412.025719881707
13322. 22923.172504140817
13323. 19162.187129596878
13324. 283.87980412333667
13325. 4428.7396945381815
13326. 9573.883313149718
13327. 12092.08515859664
13328. 4924.42783526256
13329. 3339.161446348865
13330. 1421.8000911566717
13331. 1224.4147038003719
13332. 3486.235639808094
13333. 1255.5120161611103
13334. 776.2253137568167
13335. 1982.257732947717
13336. 2650.3140531355666
13337. 726.5953500221574
13338. 2115.01626249461
13339. 2622.3529885020675
13340. 1493.6042805158677
13341. 817.1953573553317
13342. 947.7871745908507
13343. 577.4600103802867
13344. 696.3598852709179
13345. 2060.3715318093664
13346. 1666.4131884720894
13347. 3040.658514412793
13348. 4011.5069641861937
13349. 24113.167870580557
13350. 6094.275652379494
13351. 22338.34549021313
13352. 3549.845941358001
13353. 2763.987536968369
13354. 6126.967472836327
13355. 9859.595808601385
13356. 5080.785163043852
13357. 7402.112272157097
13358. 3265.511717664089
13359. 9625.314813555447
13360. 9166.43233184304
13361. 6611.510900774133
13362. 9629.887143204785
13363. 2388.677405280203
13364. 15484.403994352268
13365. 6301.134847543203
13366. 13740.997963324233
13367. 22016.413429349253
13368. 529.7692249117864
13369. 622.90779846908
13370. 315.90476663310443
13371. 536.1296425615777
13372. 566.9497017795908
13373. 2288.5581955098264
13374. 3147.690483682632
13375. 324.6011105692259
13376. 1690.7569418700784
13377. 1474.0431589757625
13378. 1250.1625310195313
13379. 936.9575480490487
13380. 499.92540700139665
13381. 2734.654275506177
13382. 372.9256467483556
13383. 804.1193640041232
13384. 2443.157139712422
13385. 850.9984926222005
13386. 1837.2265426939687
13387. 291.80384976990155
13388. 599.4496783273696
13389. 119.35429210225412
13390. 440.50917982034673
13391. 1074.3694222766537
13392. 3160.211581418273
13393. 2087.257749474691
13394. 760.450417810892
13395. 485.56019471550275
13396. 1439.8746789884297
13397. 1852.3749764945253
13398. 327.62332369882637
13399. 1070.926944303402
13400. 757.9145558667122
13401. 1920.2590404992595
13402. 5023.226560997583
13403. 1085.9389471679017
13404. 1681.9576542437
13405. 756.4339632162933
13406. 2509.0252290559174
13407. 1872.3147443804248
13408. 440.2955001654065
13409. 3146.501977567459
13410. 839.0972466928667
13411. 1787.1497314878548
13412. 4024.134362726068
13413. 3871.424366091335
13414. 531.258758572957
13415. 741.0502301848074
13416. 440.44569695324526
13417. 644.0229653202232
13418. 1107.2948360442006
13419. 819.8113450959232
13420. 4520.894338371464
13421. 582.9555461513423
13422. 604.3822714575138
13423. 1074.218648863412
13424. 1137.2386363465146
13425. 662.7656786078928
13426. 2058.583367394571
13427. 970.4545022322101
13428. 3977.383986108401
13429. 303.6917378614913
13430. 2862.7173478631903
13431. 516.7022517172805
13432. 1354.8349129337644
13433. 1038.2153768216745
13434. 549.1583346308311
13435. 508.54369086943746
13436. 895.0148300987349
13437. 144.39376562327615
13438. 742.6498377631672
13439. 1730.6424453251382
13440. 223.7620407338472
13441. 315.71114112464306
13442. 1169.7703252305873
13443. 1638.1129988620398
13444. 368.3928215274959
13445. 969.0269418087049
13446. 862.7466687932703
13447. 287.06724789065305
13448. 926.6758373119258
13449. 321.6493705191698
13450. 1784.221685172628
13451. 469.33195255144767
13452. 1684.493840411326
13453. 1901.0459120149555
13454. 861.8104417717776
13455. 1618.7662135996304
13456. 1999.7014052220893
13457. 2436.128039317535
13458. 680.7052649672601
13459. 838.6865277161636
13460. 1076.529694187882
13461. 1523.45650781096
13462. 1493.129495674661
13463. 660.8438200936453
13464. 390.0985228603168
13465. 983.63708298956
13466. 620.2462775927345
13467. 508.91029333643496
13468. 2820.032291659126
13469. 2001.3494290576828
13470. 2879.7977755995435
13471. 841.1005472147875
13472. 4391.230744037342
13473. 1477.8581167061575
13474. 1504.1768752246378
13475. 1915.2021020715747
13476. 1789.9707805059531
13477. 1862.998156801867
13478. 325.6270509718246
13479. 2164.3981187960703
13480. 1197.3351867048189
13481. 1221.9075491409194
13482. 1104.9080879722499
13483. 829.7327573707602
13484. 1610.6620810046832
13485. 878.7527898849032
13486. 815.2300683756898
13487. 3810.0916640146597
13488. 4164.274760250486
13489. 3340.2908230774733
13490. 3844.3814417882754
13491. 2363.5067320510325
13492. 3680.7717416402793
13493. 821.6916895552866
13494. 1984.0550027244788
13495. 1948.1925567742592
13496. 1700.5380513416349
13497. 2262.165038027623
13498. 898.0067782055031
13499. 995.361324056555
13500. 859.8735460678262
13501. 918.351152594136
13502. 1656.4254429942903
13503. 908.9380410347342
13504. 905.5316174828864
13505. 1601.258261353173
13506. 828.562373678656
13507. 150.1515558045779
13508. 349.1771822079694
13509. 247.1920834545893
13510. 1079.584217809794
13511. 989.2784126688093
13512. 2006.1773906339222
13513. 1698.7226279255729
13514. 1548.8349645755038
13515. 1868.0841073547053
13516. 207.15711237673509
13517. 399.475149030872
13518. 2462.602862378393
13519. 1728.870343907352
13520. 1160.5485188421878
13521. 1063.0184994290214
13522. 2189.558075007328
13523. 3087.4201983319535
13524. 2034.6259378051386
13525. 1157.8473252818414
13526. 1046.4240779446616
13527. 1345.7637565863672
13528. 4167.314627788764
13529. 1990.6981656565224
13530. 1583.074049919347
13531. 3741.053164591056
13532. 816.2774059968528
13533. 844.1414225300663
13534. 2415.2632524771343
13535. 696.2540289611909
13536. 1829.9229019023387
13537. 10142.071602156768
13538. 2362.0932662936275
13539. 1719.8746735094837
13540. 2131.758705380806
13541. 974.1986032291913
13542. 6677.391150157349
13543. 2749.3080501669274
13544. 2654.137172803643
13545. 1336.0712602280842
13546. 3622.550571331974
13547. 2073.6881576785886
13548. 2772.7139513821844
13549. 5496.923709999638
13550. 1553.58730478057
13551. 2231.482692449683
13552. 1290.9565034879622
13553. 1202.7561715405232
13554. 1132.0831080507846
13555. 3969.5851521917148
13556. 1336.9852836952134
13557. 1175.0777668820238
13558. 354.199175568201
13559. 2870.43722564821
13560. 276.2989572249673
13561. 1654.0181931973157
13562. 1414.6399455604126
13563. 1337.9230879756735
13564. 1518.6512747784357
13565. 570.4522235771952
13566. 1108.4382200094335
13567. 544.9247036818521
13568. 2512.0388587476787
13569. 2717.501558961303
13570. 480.46704243744404
13571. 3931.6865061765925
13572. 757.6140094542518
13573. 2919.370622353073
13574. 1490.870346706525
13575. 2826.2127337979155
13576. 3464.9615818308143
13577. 2845.999498608496
13578. 1790.7118004060314
13579. 1863.7449318245583
13580. 1637.8046636708953
13581. 2433.4425190097604
13582. 1853.5596626352394
13583. 1738.842550095229
13584. 2120.98388178401
13585. 458.72796875306847
13586. 2498.961477546353
13587. 2080.236314905338
13588. 1105.148849994485
13589. 2392.448688939991
13590. 1905.6046059899834
13591. 4816.9356967264275
13592. 1395.502429120679
13593. 4489.787028419292
13594. 2449.608241133768
13595. 1592.8430054651062
13596. 159.4676578662133
13597. 1332.3779150022344
13598. 724.015384982505
13599. 2461.5658403328307
13600. 1086.394006405211
13601. 2806.0663184209902
13602. 3604.7512503168427
13603. 1351.6573336348906
13604. 2556.3922312848313
13605. 4794.170528160719
13606. 3171.6910992526505
13607. 875.1669252239268
13608. 1240.4444207169395
13609. 962.6655729095124
13610. 986.6163589522131
13611. 1138.3659829012406
13612. 446.59312957729253
13613. 1368.0319547063605
13614. 1542.4920508546522
13615. 1098.9731888136582
13616. 466.7315396666194
13617. 272.87287038188543
13618. 480.81962679398856
13619. 1082.5032654736146
13620. 587.6613338363402
13621. 1029.0117669960798
13622. 3083.004711934676
13623. 3769.7083817219645
13624. 1029.2395997123022
13625. 2335.7267662804925
13626. 2152.642760704575
13627. 1368.0820172453325
13628. 1100.5888016219485
13629. 2476.4347182261313
13630. 1135.481325807431
13631. 967.0909944106211
13632. 1408.8511288974048
13633. 2195.9375843173298
13634. 2147.818094861231
13635. 1415.7819813666792
13636. 1982.7911352508777
13637. 214.9114393107511
13638. 4750.191304120461
13639. 1657.549820291228
13640. 201.20219280786864
13641. 1383.018985349628
13642. 636.1004215152905
13643. 121.02553093652463
13644. 699.7127731989218
13645. 1472.837705972007
13646. 910.819054960382
13647. 249.19902065103545
13648. 452.03184357987533
13649. 363.07664234360414
13650. 1672.4778870454397
13651. 2020.4323156108974
13652. 1346.4372024639308
13653. 644.3803040538575
13654. 1037.2369923121032
13655. 2631.023460738272
13656. 3735.788339537482
13657. 1943.4351367972688
13658. 1744.3630704524544
13659. 739.9257259785394
13660. 1691.8635007149846
13661. 321.14511186272625
13662. 148.1176957105316
13663. 2281.920845947159
13664. 480.5923495616144
13665. 1381.4301714496746
13666. 1981.9226272952958
13667. 728.8807764415628
13668. 1368.329166260351
13669. 2906.418448233894
13670. 552.008205209953
13671. 673.8424698690155
13672. 4478.839442910924
13673. 2091.4722148176415
13674. 649.8422913170567
13675. 986.0690038657541
13676. 3132.4467247600433
13677. 2260.988826088535
13678. 2542.709280187093
13679. 1910.0767274647812
13680. 227.3157389832376
13681. 1433.174414801259
13682. 1396.871556168798
13683. 453.54769939946476
13684. 325.7224600472789
13685. 541.7777626585972
13686. 286.58082713837393
13687. 1077.6574864144907
13688. 304.3146108587886
13689. 409.8631563242259
13690. 60.297417324961614
13691. 1561.474878782612
13692. 844.1702491653083
13693. 2246.0508052516448
13694. 1521.3492765806493
13695. 672.314137821519
13696. 975.1910503400504
13697. 1449.9321528186185
13698. 371.9565030064939
13699. 1258.12874754932
13700. 2131.8110264659385
13701. 510.8102385464673
13702. 1703.6289414308505
13703. 1195.2708125673348
13704. 408.3718590752204
13705. 2488.540752090299
13706. 2568.277590688558
13707. 664.5724843817643
13708. 1001.5424234899658
13709. 530.0588469998619
13710. 349.0848737219479
13711. 1066.5473371124826
13712. 1297.1559635575088
13713. 184.366497784185
13714. 349.68074625654225
13715. 1187.4374970575413
13716. 1001.3081164921656
13717. 852.5260943534641
13718. 695.6081511566421
13719. 1184.617419268424
13720. 922.9080669699975
13721. 352.19147445221483
13722. 2292.368752084396
13723. 1939.6904383461786
13724. 461.82251819188
13725. 2271.148758177809
13726. 645.0931725177003
13727. 3039.506096273235
13728. 1925.580360565792
13729. 5387.781305685803
13730. 795.9350657073356
13731. 342.5332679991165
13732. 332.40387887079146
13733. 2138.1533411880223
13734. 1021.9484695428433
13735. 1209.0429618942992
13736. 1481.5611282886646
13737. 2151.668711991643
13738. 1988.6182414302652
13739. 2124.5142557923596
13740. 3869.558680925163
13741. 7990.213564210045
13742. 308.19182179411166
13743. 1299.8365586665543
13744. 1468.1060198550538
13745. 859.8168178378271
13746. 402.0587168900676
13747. 687.3916991231656
13748. 573.5953937920058
13749. 1930.100599329464
13750. 934.3944963448796
13751. 196.60942496263735
13752. 3120.652039002049
13753. 1571.5399603606013
13754. 390.74381314774047
13755. 771.0878195517744
13756. 1545.7236301083099
13757. 798.2698519394854
13758. 2850.3267658781524
13759. 2649.4315145154214
13760. 258.4504726766669
13761. 705.8287729806557
13762. 258.2016098215511
13763. 995.8466463539459
13764. 1005.6211807605317
13765. 496.96768686752074
13766. 627.9130094842607
13767. 805.4927355977684
13768. 304.76342916109576
13769. 660.7872383396718
13770. 4732.672839038362
13771. 1412.1401214109283
13772. 1354.9952477283052
13773. 2814.094230327572
13774. 905.9954645532712
13775. 1330.9537911156074
13776. 854.4342397680615
13777. 746.7076327116135
13778. 1009.2065043559314
13779. 424.4789701187414
13780. 1199.0736880532127
13781. 2098.309933126881
13782. 2122.217430123469
13783. 984.4840512458691
13784. 1347.819849143096
13785. 2366.7871642416644
13786. 928.6642251028835
13787. 1277.0895635811128
13788. 2311.753129860174
13789. 2658.846810056701
13790. 3301.395925806219
13791. 1252.6359536463117
13792. 995.6761462559894
13793. 849.8926713610164
13794. 1110.8462552993367
13795. 1669.7399877446942
13796. 2771.792522749638
13797. 1552.70031635137
13798. 1033.740341875846
13799. 1062.1674983193404
13800. 1932.1020369884554
13801. 3430.1509493987583
13802. 807.3483232119727
13803. 2258.2009194214766
13804. 8022.929877841615
13805. 2719.288837445022
13806. 1284.0297011569635
13807. 1689.4177134263082
13808. 4266.115225117886
13809. 1836.6929622099367
13810. 4137.776293933879
13811. 1029.030446273832
13812. 792.1070479806851
13813. 1565.9782173541096
13814. 746.9703048198719
13815. 3075.5199429775835
13816. 5297.911171963724
13817. 1020.9711511167964
13818. 166.20286012419479
13819. 2620.1722179515964
13820. 1926.2191576539672
13821. 110.32795637082836
13822. 330.49491983038354
13823. 1916.1219644468829
13824. 1633.3998824410014
13825. 4767.284689391229
13826. 1300.204298740972
13827. 702.1808931601745
13828. 3994.1603719705495
13829. 2579.959252710839
13830. 7539.5158519247625
13831. 2597.916034996893
13832. 1369.4182791201024
13833. 4200.303475055568
13834. 1189.6111402632473
13835. 912.6478937014781
13836. 181.57665231266907
13837. 1290.337854523555
13838. 3194.910344471641
13839. 796.2621147264167
13840. 4468.244109623706
13841. 574.9274761210812
13842. 3286.4664407101623
13843. 586.7392008340017
13844. 836.4622274264042
13845. 854.0707662189292
13846. 956.1462191655603
13847. 1053.6582149547805
13848. 1213.427473155802
13849. 2104.525264824367
13850. 1604.3097670024745
13851. 1130.2236702833416
13852. 393.0299730318807
13853. 221.98799555029188
13854. 1946.3295624066861
13855. 442.7545481906808
13856. 1936.336285759413
13857. 986.9554823466756
13858. 674.2393447341951
13859. 3352.960310322504
13860. 1112.4399129425217
13861. 5419.2183988294
13862. 621.7482551160874
13863. 492.713130017895
13864. 6689.7471078840335
13865. 2127.256267997356
13866. 311.2844428127317
13867. 2161.22480384965
13868. 3761.1999056934665
13869. 3323.9157965011336
13870. 1614.1320325324784
13871. 1771.4483517677484
13872. 2308.200775494811
13873. 683.6732403930839
13874. 577.239377289578
13875. 852.9653999573953
13876. 1390.1646068898024
13877. 726.8514228411887
13878. 1360.7298392593646
13879. 1014.1488448833903
13880. 890.5518680497553
13881. 275.40546211957087
13882. 397.7043799220851
13883. 639.3876009802659
13884. 3155.3314716646328
13885. 1847.715306720891
13886. 933.4240146064424
13887. 941.531323029268
13888. 1070.2077091442518
13889. 2564.7078865298804
13890. 1246.8247879401988
13891. 2668.8417349694855
13892. 352.44219168283337
13893. 3826.6947139967133
13894. 4422.246313126084
13895. 4325.966987544853
13896. 1885.2127885509394
13897. 8455.828548021997
13898. 4128.361231166473
13899. 5947.841004607141
13900. 1023.5630910240743
13901. 6029.103416732791
13902. 6565.239037218357
13903. 6977.323643866985
13904. 5549.672245457279
13905. 7078.462633059698
13906. 2257.4395138391
13907. 4180.17961991266
13908. 4382.734204884585
13909. 2655.137437167427
13910. 2663.2334942433727
13911. 1691.7899130547755
13912. 4369.421597718792
13913. 3763.3717222630708
13914. 580.6941149984564
13915. 2066.069143734459
13916. 6157.816950991095
13917. 3585.4195275424363
13918. 1556.969908395115
13919. 1849.0714302307663
13920. 1371.7001406426482
13921. 1833.4823111304083
13922. 3175.905038691826
13923. 5517.449921580907
13924. 6469.58914602547
13925. 982.3619767643801
13926. 7991.82834514725
13927. 4632.903778931207
13928. 1361.217741009473
13929. 2062.93538871536
13930. 10906.366723711828
13931. 2344.8460820343194
13932. 6033.765961071872
13933. 2807.91877924396
13934. 2151.1058487834252
13935. 4286.706221305729
13936. 1276.0173244503158
13937. 2721.3598472536164
13938. 3321.655098413941
13939. 5098.586685785201
13940. 1758.0945582326972
13941. 1076.475191679214
13942. 6717.520823817844
13943. 1637.2820598639605
13944. 3692.8905266135184
13945. 3259.7902865175092
13946. 1528.4072242061363
13947. 1190.9992397108283
13948. 4024.5781829598877
13949. 5912.197969657918
13950. 149.3901820867947
13951. 697.7449314850966
13952. 3330.748492691116
13953. 3566.010106376465
13954. 6265.382684112781
13955. 3326.013717713808
13956. 3621.7470389116997
13957. 5856.688451531076
13958. 215.49577356177258
13959. 1388.0767589941224
13960. 233.53300189782826
13961. 1960.8749595488468
13962. 2451.946901960161
13963. 1338.7671973881477
13964. 3845.379933826152
13965. 5563.616906415495
13966. 3314.0220703798896
13967. 1928.659677894259
13968. 2715.7354971760155
13969. 2603.320354692222
13970. 555.5143272470497
13971. 1228.5878558707338
13972. 931.8152695804964
13973. 3468.5736181304937
13974. 3004.209154062288
13975. 2480.691237907121
13976. 5458.989041565378
13977. 1998.894701282284
13978. 2233.8412940859744
13979. 5907.559704609348
13980. 3767.4287047298244
13981. 3733.628368624825
13982. 2488.6779123402343
13983. 181.8286139299364
13984. 1951.8139316203342
13985. 875.2666290028002
13986. 4541.374563585565
13987. 2289.865603302645
13988. 1038.6050044075635
13989. 2301.908571639759
13990. 2537.505470610416
13991. 792.5809717196439
13992. 5885.531794192174
13993. 1533.1780047180814
13994. 4366.476081011231
13995. 2321.450588284226
13996. 1898.6591640590623
13997. 2322.905660797396
13998. 3082.4961329600287
13999. 2844.600653304007
14000. 2127.419561067168
14001. 6687.087423784052
14002. 4594.256778293283
14003. 5736.4610146339655
14004. 8575.42106508478
14005. 2927.554950221982
14006. 3783.1004078935625
14007. 4228.977127092331
14008. 1945.1660076341338
14009. 3369.9935207623275
14010. 3292.9971380422107
14011. 3636.6830167505186
14012. 1689.473686732497
14013. 1251.6529592274085
14014. 8412.846326003755
14015. 4877.001093815176
14016. 4708.705602390055
14017. 773.296796225912
14018. 6231.740185545775
14019. 2011.563603029553
14020. 3080.486506945608
14021. 2860.880934664042
14022. 2723.797492844627
14023. 1810.4071396051875
14024. 4963.357872551305
14025. 3358.383462750779
14026. 4676.448926304528
14027. 3677.3060327288135
14028. 3202.3205753507405
14029. 4867.114266771414
14030. 2423.874075192313
14031. 5376.219296251536
14032. 2613.4017287854676
14033. 1350.9454384555927
14034. 1396.293626211372
14035. 2824.3313437317015
14036. 1530.299309186146
14037. 3714.2086433637087
14038. 1625.464834948285
14039. 3980.455280848394
14040. 538.8127817388314
14041. 2159.3266388302695
14042. 2948.5748938280817
14043. 2067.4060518158312
14044. 3157.6918995720353
14045. 4091.02712831225
14046. 3827.7864030235496
14047. 4140.480782922574
14048. 6414.18818801926
14049. 806.3267398479654
14050. 133.39594844776252
14051. 89.59452700403438
14052. 3736.365724611342
14053. 5721.335505061874
14054. 5723.9876112923785
14055. 3521.24070409048
14056. 1160.6614257459473
14057. 2004.1948492251618
14058. 2086.256797390198
14059. 3673.1224954626578
14060. 2063.0055843168857
14061. 3643.4775958378063
14062. 204.64930463727077
14063. 2601.5506012980322
14064. 2768.669250682902
14065. 4806.684080520722
14066. 2737.022316983872
14067. 1900.9005136590665
14068. 7546.401388298252
14069. 4183.760571243447
14070. 6646.023331904752
14071. 2410.9220212755545
14072. 2669.3732531917385
14073. 2788.1422860868347
14074. 1073.0380083113232
14075. 1636.3065389661572
14076. 2744.717944755094
14077. 5997.665486008951
14078. 2030.0431793338494
14079. 1715.7743855257247
14080. 2602.346055374482
14081. 3267.734742716505
14082. 3385.5128891310396
14083. 1900.92617534594
14084. 2046.2472991210657
14085. 2176.0000837305242
14086. 1794.6002648265483
14087. 5093.779717979066
14088. 7603.269006585815
14089. 5580.875770425723
14090. 2949.3518882299304
14091. 1229.992144567762
14092. 1134.248343166577
14093. 1992.1155178086321
14094. 3329.8753785207223
14095. 3913.744827976382
14096. 1506.8983886547285
14097. 4906.107960398561
14098. 1983.525027119703
14099. 4743.477616400493
14100. 4123.521693929306
14101. 1103.1226368474195
14102. 3233.363263061648
14103. 3201.9265407500075
14104. 2758.867266540351
14105. 3644.1699601009536
14106. 2923.1263838607942
14107. 434.13202427583894
14108. 7235.7244268739305
14109. 3655.0615345808233
14110. 8737.903454267904
14111. 2639.5057608266725
14112. 6633.414106007731
14113. 5267.774956401702
14114. 4420.801263419754
14115. 4550.141993681382
14116. 7503.804710066722
14117. 6827.785942916113
14118. 5992.00236850365
14119. 2363.8876642996447
14120. 6638.751880074368
14121. 12786.091989312556
14122. 11283.64596066851
14123. 4303.59120457105
14124. 1225.2205924217558
14125. 2954.5470995735536
14126. 1600.7942898816932
14127. 2177.5277859406638
14128. 2410.869827975741
14129. 3848.239322909257
14130. 3723.0998825017555
14131. 4642.093499122328
14132. 2521.9797334614104
14133. 3702.742347731621
14134. 3772.49483806263
14135. 810.586526033573
14136. 1754.646985419631
14137. 8266.339787468214
14138. 3140.7147889075177
14139. 2057.1493105670684
14140. 4529.119509383688
14141. 5807.908230422345
14142. 5032.852910975204
14143. 5223.658822932499
14144. 1899.4051526736105
14145. 5245.08953539921
14146. 5613.142691197893
14147. 2985.323126874822
14148. 7600.154475718301
14149. 5580.07355720248
14150. 7144.838154953231
14151. 2565.338463751152
14152. 5888.837001675339
14153. 7274.239544235177
14154. 3581.606283328779
14155. 6313.8995767691695
14156. 5839.018976227617
14157. 779.2132460612874
14158. 208.61136345629598
14159. 1729.2744403380084
14160. 1088.8523368121087
14161. 4469.769737027154
14162. 2485.7762918382264
14163. 2284.074211103352
14164. 3122.5417062123524
14165. 3019.4825243734026
14166. 4741.576820570502
14167. 699.9694517755025
14168. 1540.1852749282402
14169. 2088.7607144600724
14170. 2950.621053502922
14171. 4498.045765736142
14172. 3791.0438204830334
14173. 4492.69067280138
14174. 3697.250108835116
14175. 1498.2877133312584
14176. 330.67929110704284
14177. 56.25777923889895
14178. 3809.521095276019
14179. 5866.286676395449
14180. 3159.4837914393183
14181. 3628.365767086791
14182. 11072.414262623817
14183. 140.89671738467626
14184. 3726.924013086047
14185. 974.6305611482065
14186. 1897.9143591321501
14187. 4229.404637099448
14188. 2483.8844924157556
14189. 6250.826378035584
14190. 3762.442177864883
14191. 881.6955229817186
14192. 4400.727385273845
14193. 6690.9522793767455
14194. 2944.596570185707
14195. 2824.529353769406
14196. 2778.405843482739
14197. 2163.7467191583
14198. 1599.97939644214
14199. 3063.719171124914
14200. 3524.048314346354
14201. 1799.9800843989703
14202. 3982.5779942901463
14203. 2951.85690888912
14204. 2214.337221053618
14205. 1787.6367031934697
14206. 2408.4569781508617
14207. 1601.3745242752386
14208. 3706.079999599198
14209. 2916.147774601885
14210. 3208.3907608244813
14211. 2911.803313717029
14212. 432.549280364302
14213. 62.93735538692058
14214. 274.3319571130833
14215. 464.6309504944888
14216. 1498.8173190176703
14217. 756.324312789121
14218. 1701.890347878494
14219. 5284.084737008297
14220. 1108.6508864486989
14221. 3968.382802907733
14222. 2674.9943720235437
14223. 3335.4172615214175
14224. 3147.5607009580963
14225. 3289.809608286
14226. 7216.285510059776
14227. 4427.17843269674
14228. 5693.810219987715
14229. 262.5342448691669
14230. 3465.9095351597084
14231. 7658.797257508952
14232. 6619.742275410589
14233. 1472.7077586188643
14234. 2238.456763598483
14235. 5012.0387353660735
14236. 5513.42872035332
14237. 1068.1529634394606
14238. 3581.486977657146
14239. 2498.8356901272227
14240. 1564.2185211518124
14241. 6104.0205110385
14242. 6572.586118442264
14243. 2635.8560060120335
14244. 1664.3712865692264
14245. 1573.2280585028607
14246. 5264.007922015759
14247. 7155.9032498954175
14248. 1706.5043254226298
14249. 460.5392896060942
14250. 1574.2833217798934
14251. 2359.105818891766
14252. 1752.347773928821
14253. 5486.9916064890385
14254. 1311.817583904602
14255. 5659.942071029783
14256. 1611.2289772307167
14257. 1567.9154861382665
14258. 70.14302511103463
14259. 1671.245464042524
14260. 8696.254557215942
14261. 3506.2251860075153
14262. 2897.6222389132568
14263. 3864.616210799524
14264. 4507.758464865802
14265. 2335.8382719905185
14266. 5358.398037352429
14267. 2473.855756991628
14268. 10089.374905508066
14269. 4554.221745869869
14270. 4464.880682104696
14271. 6886.553837211069
14272. 3665.2805373019637
14273. 2308.939569454068
14274. 2365.996556209582
14275. 2971.750180341931
14276. 2305.0779256503242
14277. 2254.1836674487818
14278. 3356.77602244864
14279. 1149.1057418816663
14280. 6103.771035811672
14281. 1142.821324611504
14282. 8078.038604046434
14283. 4897.466291604687
14284. 2811.9953080071796
14285. 4957.970240689073
14286. 5664.095388155391
14287. 2244.703681224334
14288. 2480.9921718501514
14289. 2711.0594781907566
14290. 2623.756094996554
14291. 4047.7549346695378
14292. 3058.381813787123
14293. 2809.201258746326
14294. 3072.321063528478
14295. 2719.1328670856033
14296. 1457.4223115757434
14297. 2216.0145599932475
14298. 2287.3077630056896
14299. 5412.323906908974
14300. 1623.5454978813816
14301. 2480.711416877683
14302. 2553.19334318071
14303. 2656.658650740549
14304. 1002.2606936827274
14305. 3046.3096633418672
14306. 2287.207020030403
14307. 1757.012351870616
14308. 1159.437192232871
14309. 217.9777056095242
14310. 258.7917655378028
14311. 2309.167865236933
14312. 949.8204309525852
14313. 1210.5922276934225
14314. 1521.0979985103597
14315. 4022.2536687300003
14316. 2385.855473435208
14317. 330.9708034747687
14318. 4251.758893571755
14319. 10861.340338819975
14320. 1656.0208782459881
14321. 796.4629575739207
14322. 309.5719804375894
14323. 1774.9497021881443
14324. 2933.384856843248
14325. 1696.474942475875
14326. 414.6220711480999
14327. 578.3765280155907
14328. 4014.6889993496493
14329. 2240.5402217314977
14330. 1808.461902875079
14331. 1530.9154488593645
14332. 562.1511726719889
14333. 1062.996606323115
14334. 1822.6022700396961
14335. 693.8869744150137
14336. 2977.701875223132
14337. 5134.465744053211
14338. 3492.1882336549784
14339. 1132.0667453179483
14340. 2399.4872326698996
14341. 1286.2357694170655
14342. 1867.7975924957273
14343. 184.47011931058702
14344. 4901.084574578425
14345. 2984.3964916124787
14346. 5520.791304204365
14347. 407.1562644027046
14348. 2415.6079242979376
14349. 3551.5604582980086
14350. 11542.65787899272
14351. 2342.4056907862723
14352. 2397.203110766426
14353. 1598.6859041157043
14354. 1635.2062657804097
14355. 1472.2208407171793
14356. 2174.08925401062
14357. 1798.1915928912824
14358. 1924.56004482279
14359. 2447.534838764947
14360. 795.7346467796553
14361. 3397.5193141175378
14362. 3251.5230531636726
14363. 2526.484100679222
14364. 1375.5218048889558
14365. 1629.5738477783045
14366. 3192.4568047046796
14367. 5498.612702815403
14368. 997.13483893183
14369. 6909.321427145673
14370. 9790.468634918807
14371. 6113.596688692612
14372. 3502.7384714726995
14373. 1646.1328884610134
14374. 2276.3873243420608
14375. 1989.4332290968857
14376. 4943.424198931662
14377. 1882.4596008262438
14378. 1168.2741517234592
14379. 610.568722798534
14380. 3109.7935115667487
14381. 5355.832450634557
14382. 795.7478113235701
14383. 1833.7751907249922
14384. 1785.022601118888
14385. 6862.449062962567
14386. 2277.0746906334557
14387. 5073.987191062423
14388. 3729.599632886779
14389. 4264.85819262523
14390. 1960.5632788918492
14391. 5165.143730196983
14392. 1830.3855100421724
14393. 5359.945882960504
14394. 4891.900806233386
14395. 2438.674109541454
14396. 1751.033435559702
14397. 3672.727677475215
14398. 2026.2809337111996
14399. 1964.70874909443
14400. 478.55728805537916
14401. 2499.6178720991056
14402. 2384.9601151201136
14403. 6791.9898103202495
14404. 3161.4606273545664
14405. 5632.67367008636
14406. 2535.9517458100877
14407. 1946.368267689849
14408. 7910.896663040542
14409. 2055.1076364757077
14410. 1641.0337306887477
14411. 8741.100783741633
14412. 4446.024318433402
14413. 2571.459877466715
14414. 1366.610393888893
14415. 6783.039712844891
14416. 3865.9240311249237
14417. 1894.2377206518431
14418. 6322.488128641668
14419. 796.695335941791
14420. 274.62751675818475
14421. 3879.4932896750165
14422. 2394.6591486211655
14423. 1698.7953299090357
14424. 3405.030843465241
14425. 10088.509061543176
14426. 2946.8243050743035
14427. 2386.7805162022955
14428. 1768.1753110756213
14429. 638.232979543251
14430. 12156.762474400472
14431. 10582.420153978597
14432. 3213.821125401744
14433. 1486.985318294698
14434. 6869.898973501258
14435. 9920.407596698773
14436. 1358.2825285811516
14437. 2783.944834584545
14438. 1910.7628337156348
14439. 550.2934837652699
14440. 3796.1611916704146
14441. 81.35786685125984
14442. 6543.032640238377
14443. 11346.286924727747
14444. 585.4407264111653
14445. 892.5092287938619
14446. 1211.3282016641062
14447. 4698.870688351172
14448. 3078.014127944058
14449. 3173.9914503624036
14450. 3127.065743320912
14451. 2097.292900821198
14452. 1735.603884438978
14453. 2519.321214187727
14454. 1679.0672735401645
14455. 991.8276284631504
14456. 3696.3404606967933
14457. 4033.507785220278
14458. 1120.2065744988288
14459. 3698.1061956843496
14460. 1096.4401821082863
14461. 1560.8356691533436
14462. 342.22512639797037
14463. 2636.8271204358616
14464. 2740.9181732114994
14465. 2829.4398633403725
14466. 1134.8504694481023
14467. 5465.223134212641
14468. 3963.2847093519836
14469. 2415.7272777154744
14470. 3412.3021741453836
14471. 4927.889950101999
14472. 4230.700971020479
14473. 3162.0777865517375
14474. 6684.338929190668
14475. 6456.871773151466
14476. 6333.5761996124575
14477. 2783.614021754959
14478. 6072.851576459048
14479. 2814.5965002279486
14480. 2318.8616833609367
14481. 2410.8204676705705
14482. 1972.120457377462
14483. 6201.926232158375
14484. 4998.3890156274965
14485. 2281.0465582843926
14486. 53.035591898253074
14487. 3191.6815151932906
14488. 1047.1013312153839
14489. 1220.073955728122
14490. 2743.2563844848055
14491. 2152.482701012529
14492. 3105.897008519564
14493. 3582.2563470636046
14494. 1714.2411573187549
14495. 4046.04385111135
14496. 935.2954616910871
14497. 7538.941669619354
14498. 3214.062455158167
14499. 4918.461826825423
14500. 2662.8888076171193
14501. 3539.6506132194118
14502. 5482.9814805087835
14503. 724.5221385092074
14504. 2890.356970508692
14505. 6527.051204300179
14506. 1650.5390275920004
14507. 1895.6338061127021
14508. 1821.5188814535923
14509. 1843.7599562914522
14510. 2592.1676059443157
14511. 2087.9226644133764
14512. 6492.168772002692
14513. 1086.4062776432067
14514. 1489.5635256221738
14515. 3478.1595907691494
14516. 1344.1400321404562
14517. 785.4217044849821
14518. 1738.5252632029078
14519. 1749.2324651263305
14520. 2414.417581319097
14521. 3715.144124648433
14522. 2756.1685068479464
14523. 3134.580650885871
14524. 5435.868217927603
14525. 2567.113957623986
14526. 5327.181235694417
14527. 3053.2590570506773
14528. 1858.3042277450704
14529. 2941.2106523685256
14530. 2141.727276792028
14531. 2967.2584122115013
14532. 4879.739211063019
14533. 503.87506567421735
14534. 2411.624588112641
14535. 7118.3933699742265
14536. 4288.036891724654
14537. 2377.0380669497526
14538. 2374.7735178643925
14539. 3330.068283376457
14540. 1783.862626936118
14541. 2933.096420529532
14542. 4165.869017358112
14543. 552.3980703578677
14544. 90.8520852866153
14545. 3211.3948977788664
14546. 3749.9228042456457
14547. 1418.8866016937284
14548. 1498.5903149972803
14549. 2900.867164772036
14550. 1581.5652131025395
14551. 4945.805804459462
14552. 5106.661229902303
14553. 4707.176924567833
14554. 1414.2374793709203
14555. 5326.293144292911
14556. 1243.6644657609402
14557. 4384.206078906513
14558. 4380.171230697666
14559. 4687.725168243788
14560. 1250.343621728944
14561. 1262.4907542429557
14562. 2211.0797783895155
14563. 825.1022179790889
14564. 5577.902263047639
14565. 1705.6342325535607
14566. 1650.9279249187648
14567. 1521.8949592573579
14568. 4739.322675029549
14569. 1387.0397959534585
14570. 2795.0619935764935
14571. 5851.663986098322
14572. 2732.0235197512056
14573. 10104.153417887874
14574. 7147.8625760938185
14575. 3907.557448249736
14576. 8941.335758677205
14577. 6000.68660022546
14578. 10613.136484358196
14579. 7901.037868565346
14580. 6457.540702543408
14581. 4518.772182267219
14582. 9480.82611274883
14583. 8895.490430300135
14584. 3520.60716815809
14585. 10674.926165127086
14586. 2278.7934311522636
14587. 5247.792068324931
14588. 4257.904477250045
14589. 608.9628437149723
14590. 5911.393726728355
14591. 23955.662226073317
14592. 508.94092797133703
14593. 6957.210431613417
14594. 3903.5142591475665
14595. 3756.4283478646985
14596. 4683.118279950316
14597. 5058.599111655206
14598. 3395.9062121063225
14599. 2036.606573271525
14600. 4276.272746409571
14601. 2921.719705333885
14602. 1027.804675687415
14603. 673.4496753499019
14604. 1737.9974913975707
14605. 2240.6684048490843
14606. 3123.7878032379317
14607. 9563.333458340923
14608. 2348.71053259495
14609. 6622.822156259912
14610. 819.9338212196232
14611. 1128.9151094726417
14612. 601.6503962426635
14613. 1551.8504236730694
14614. 1556.3522678432348
14615. 1655.299016588198
14616. 9131.570916473811
14617. 12956.705088220491
14618. 389.87188050839774
14619. 7688.52780220996
14620. 7514.93657477284
14621. 6574.061799795531
14622. 2390.697671307595
14623. 3251.6923507131914
14624. 5101.391272728844
14625. 10306.538621193029
14626. 2837.382295958563
14627. 1320.2518174752315
14628. 1504.4681748428861
14629. 3332.335038044332
14630. 1420.7115599467209
14631. 6178.37377123251
14632. 5311.782393265464
14633. 6308.779055416653
14634. 4371.121760718295
14635. 8194.430735534463
14636. 4440.234452508776
14637. 8024.019465871375
14638. 4421.362087645852
14639. 19657.620794705013
14640. 9622.550720023286
14641. 4793.896056558643
14642. 5262.752317501176
14643. 5118.776341477092
14644. 9173.713768521526
14645. 5885.603308674799
14646. 5635.005454462294
14647. 3915.4093383878603
14648. 5602.222830589407
14649. 3349.046600896724
14650. 20512.631316015842
14651. 5672.315185364878
14652. 2439.3090869244916
14653. 6382.832853625271
14654. 5964.379756431267
14655. 4017.2936842103436
14656. 4008.097500605308
14657. 5823.793904711659
14658. 4976.527820899005
14659. 2727.575076156949
14660. 11343.277284127207
14661. 2643.1420629886893
14662. 3106.0603848647183
14663. 9449.841873474792
14664. 6813.458856324913
14665. 6249.0393386842015
14666. 2537.61595771557
14667. 4363.806229484531
14668. 3613.631697914202
14669. 11045.122990170235
14670. 5811.7252182171405
14671. 7755.147423644228
14672. 19639.382744297956
14673. 5264.215427031464
14674. 6227.7261464171725
14675. 15174.99410399794
14676. 10515.636557642585
14677. 7426.2414992133345
14678. 5189.142556990262
14679. 8709.556496571082
14680. 6388.5255684711165
14681. 12584.601394615862
14682. 7100.194429533673
14683. 10314.187128681326
14684. 8349.017000463647
14685. 11476.2162585627
14686. 6624.741057257052
14687. 1126.7912439160311
14688. 202.65044097531052
14689. 6631.0376117350515
14690. 5733.89568198773
14691. 3065.7451627800297
14692. 9100.160767059042
14693. 4768.299689803758
14694. 1783.0690289906765
14695. 2055.839863337006
14696. 4519.520605615745
14697. 4954.613103903364
14698. 5129.721412603986
14699. 2687.7974667338513
14700. 1946.539366464424
14701. 1879.6999968517284
14702. 569.7439849612387
14703. 15252.303797962446
14704. 4102.397170067046
14705. 5839.557034294926
14706. 7808.026004939983
14707. 3748.8281547547817
14708. 16880.272176292754
14709. 2604.3118209458185
14710. 1188.2976616277638
14711. 9622.525239195344
14712. 4094.493538497244
14713. 1228.579345157332
14714. 856.5826901541936
14715. 1779.9883326213574
14716. 4590.466169632053
14717. 12873.505535321185
14718. 3815.258032251819
14719. 7363.131570613753
14720. 6853.548647323524
14721. 4092.729184191218
14722. 6179.603559204295
14723. 3608.628747976597
14724. 3109.302535530881
14725. 4893.377524181956
14726. 3597.804403232354
14727. 8971.193176113296
14728. 3004.901889539233
14729. 1555.33483322197
14730. 5747.795621811491
14731. 5602.168453398866
14732. 5088.441331666978
14733. 3888.4951960389417
14734. 5792.642524734771
14735. 11771.554306081058
14736. 14625.24869994954
14737. 10356.729057473363
14738. 6427.294533296452
14739. 8061.487567136619
14740. 14959.919456083806
14741. 8048.651608639307
14742. 17571.998687294097
14743. 1660.9926256478795
14744. 4761.3926917736735
14745. 7568.954178457013
14746. 4431.377026949544
14747. 7344.119543958406
14748. 18360.897344858247
14749. 7878.6391258673075
14750. 6680.311793331107
14751. 6873.781323164622
14752. 8632.12869265248
14753. 12820.817438101514
14754. 10160.474559190137
14755. 6779.617039864964
14756. 8314.576221383279
14757. 1657.095927203804
14758. 2097.3948071973464
14759. 7634.67941183477
14760. 5688.453424083585
14761. 8869.54291898048
14762. 6670.978510753665
14763. 9562.708288189026
14764. 5661.132117788588
14765. 8287.791684203421
14766. 6537.978970215637
14767. 4581.706089511575
14768. 7045.961261470689
14769. 18951.264315075565
14770. 6556.041766543293
14771. 26601.488275882857
14772. 6290.840654201529
14773. 18486.038451099546
14774. 16131.617006100927
14775. 3171.086204016521
14776. 6359.175264359851
14777. 11641.310279390562
14778. 7013.252240660425
14779. 4444.103900187451
14780. 4467.966831347792
14781. 3408.4009345887334
14782. 19780.25728477647
14783. 9358.815313708197
14784. 20429.53834727685
14785. 6643.023487598765
14786. 20002.444315740224
14787. 8898.65638474585
14788. 6729.2095580486475
14789. 4291.159995875254
14790. 11465.176503857827
14791. 5661.925388447024
14792. 5668.261863047283
14793. 10736.398320195198
14794. 14550.403915114199
14795. 14074.37355421249
14796. 6737.960678002448
14797. 15597.258611229265
14798. 3473.708718857477
14799. 5591.686959065453
14800. 8676.418477951836
14801. 5555.203217516736
14802. 17065.754486887134
14803. 6846.963008370465
14804. 9521.156542380177
14805. 12075.023663575226
14806. 5850.4003739594555
14807. 10152.539077748954
14808. 9458.8549421665
14809. 7068.58497861391
14810. 8002.3081086037155
14811. 2799.426922326833
14812. 15548.875296625813
14813. 10172.246464471986
14814. 11978.97623667443
14815. 13297.192463422165
14816. 14724.975304847972
14817. 8201.416040410568
14818. 12556.724535613403
14819. 13644.311382119235
14820. 1251.852559928304
14821. 1899.5352362984188
14822. 7178.72730390327
14823. 4358.950427927424
14824. 5351.62851617966
14825. 2384.954966911744
14826. 3092.635901592942
14827. 5217.664820228922
14828. 2246.855491728454
14829. 15126.664086760136
14830. 3351.471856766669
14831. 2405.208842021438
14832. 1731.3660375563736
14833. 8992.925998026722
14834. 3781.784363954612
14835. 16887.184934461682
14836. 8163.499331922086
14837. 6640.59870446801
14838. 13531.0403760801
14839. 9934.394334883369
14840. 9943.050126430702
14841. 6353.166073857469
14842. 6282.6389293822185
14843. 4147.793444332335
14844. 5722.761763494765
14845. 10884.414035181897
14846. 2988.382029311388
14847. 11300.969697492112
14848. 17730.63648196153
14849. 3671.987120567522
14850. 11442.902097412427
14851. 4924.395224099028
14852. 2077.6014417079296
14853. 9333.370266396838
14854. 6314.007445768927
14855. 8012.253267218519
14856. 3197.4188425050097
14857. 835.4059638771951
14858. 4187.419296328405
14859. 10697.36024609706
14860. 476.58721520833075
14861. 6596.746402750079
14862. 7312.66036829214
14863. 12783.53442171834
14864. 19650.03056516221
14865. 674.1799267381475
14866. 13418.6851625533
14867. 11070.410817723725
14868. 6831.779492563149
14869. 3323.9353612748687
14870. 12719.57545036587
14871. 18215.854429616567
14872. 3787.380918845728
14873. 14684.58520338467
14874. 3991.5324500108086
14875. 3812.334644641989
14876. 13509.559743270398
14877. 4563.445205892447
14878. 2930.5790897028687
14879. 2871.5324928063455
14880. 2515.96332451383
14881. 4664.584041692611
14882. 2259.508651022927
14883. 1162.3976385720425
14884. 2532.3040411675893
14885. 2576.4840667697954
14886. 3314.4860503262253
14887. 2767.8954455566154
14888. 3967.2794679246786
14889. 4991.804821694093
14890. 1590.4989193616639
14891. 3809.100880629752
14892. 9100.022702834045
14893. 7511.904480978491
14894. 11560.521825457745
14895. 7296.138502171652
14896. 1611.6409626039824
14897. 5541.06081651318
14898. 932.6801783435126
14899. 9257.422427468562
14900. 7021.023653541663
14901. 5643.783691089394
14902. 1643.1344401287686
14903. 5298.686264385514
14904. 3006.4122655700207
14905. 1858.0339086810748
14906. 3764.224882846682
14907. 5061.944993575276
14908. 4927.047845567897
14909. 12798.9405468098
14910. 10040.00174594094
14911. 8071.020448651797
14912. 8872.908297363434
14913. 7665.582294720083
14914. 12100.733002409635
14915. 6300.9962202434845
14916. 7886.292407513514
14917. 4523.992947675706
14918. 13212.467754299418
14919. 4829.092227230643
14920. 18239.66669469455
14921. 9844.01478645497
14922. 9928.844297204198
14923. 5877.456917281945
14924. 6935.270320258016
14925. 5356.267023629544
14926. 3126.5612228833656
14927. 9644.700842633849
14928. 16619.318992142787
14929. 8939.250949318473
14930. 1800.9211787913146
14931. 1797.522873081363
14932. 12032.265234690281
14933. 6048.418083073661
14934. 3477.6591043252315
14935. 10346.800858228318
14936. 8079.356514644555
14937. 13668.969928710954
14938. 13094.963693151496
14939. 3481.9949344053584
14940. 2914.312589450309
14941. 13792.786505040318
14942. 2784.3833939078163
14943. 6369.238248833764
14944. 8352.5826648269
14945. 6033.186583584975
14946. 7056.021583130145
14947. 5595.041607911788
14948. 12772.755303678423
14949. 3276.118604119531
14950. 2701.661189395538
14951. 9384.874402250505
14952. 14964.816582813695
14953. 11806.04187858778
14954. 16768.196319255403
14955. 9442.417783443667
14956. 2694.038782644044
14957. 8907.960025557675
14958. 8310.711251042625
14959. 10880.654662073106
14960. 17949.489642627806
14961. 10816.770601810535
14962. 5049.027432965189
14963. 3055.8984183829057
14964. 17280.341250617563
14965. 8245.63821652913
14966. 6022.124017730924
14967. 16512.950833454932
14968. 4603.056061805011
14969. 20344.49028358354
14970. 6151.172705191953
14971. 1744.671410776577
14972. 10503.081082628803
14973. 3594.77456814413
14974. 7808.554797626516
14975. 2098.817338534666
14976. 5543.5059621498785
14977. 10577.177605625688
14978. 3027.2959798646775
14979. 11315.283249204313
14980. 3063.9836793578584
14981. 14689.383440960228
14982. 2553.095794510518
14983. 9946.716894795481
14984. 4235.198500670832
14985. 1365.3102487755907
14986. 1982.2236414473878
14987. 4127.759753442604
14988. 5045.2078849890495
14989. 8203.497059749254
14990. 4740.628588398955
14991. 7867.995238564445
14992. 4590.799297466612
14993. 7068.507332596981
14994. 7333.385739281292
14995. 4122.4504122531325
14996. 7107.284216618472
14997. 9043.88529073559
14998. 10620.711472605422
14999. 7400.3132841095185
15000. 3363.311455977487
15001. 2978.636914077675
15002. 16536.20452497181
15003. 15799.357526977237
15004. 10110.907221379346
15005. 1577.4475859532115
15006. 9228.098056321009
15007. 6006.818619685475
15008. 5287.080161927655
15009. 3522.975584829577
15010. 9546.027091346117
15011. 6510.583118522617
15012. 4335.939069809288
15013. 5841.477772494833
15014. 4848.936884134296
15015. 15596.313675339898
15016. 7519.872592665661
15017. 2211.7070206726466
15018. 18659.97691047677
15019. 5518.350215174821
15020. 22435.961243532838
15021. 2980.0019893145995
15022. 6590.530782166355
15023. 2881.7294425293753
15024. 3922.160825069695
15025. 14507.425398334439
15026. 12661.698922235357
15027. 4073.2251261159663
15028. 15554.516411796092
15029. 6354.890925419826
15030. 4172.4134359214695
15031. 3915.126050507149
15032. 2869.2589669673835
15033. 7761.879670588612
15034. 1611.3354236219643
15035. 7431.4578736542035
15036. 8617.542359626215
15037. 6723.568493029553
15038. 9635.391310649235
15039. 4438.536665651259
15040. 2297.2932862963307
15041. 10877.521763756087
15042. 862.6170375794546
15043. 4484.827676258661
15044. 5525.564118719891
15045. 4974.593001629065
15046. 1974.149726616876
15047. 8239.504789268043
15048. 3720.1947747244317
15049. 9253.789141774958
15050. 4090.908374400349
15051. 9231.793866337426
15052. 2970.160566668341
15053. 5416.043921558513
15054. 7891.936491374264
15055. 4257.068881135776
15056. 8212.544724578438
15057. 3707.8408601187452
15058. 3450.2704681710347
15059. 4844.457164040823
15060. 9377.138764346893
15061. 10289.145685146656
15062. 5675.26414954741
15063. 3240.5002505884536
15064. 2255.262043879083
15065. 2298.0550667465623
15066. 1823.3862191447113
15067. 4094.4770967793916
15068. 2804.7292127650517
15069. 3872.903077098065
15070. 5659.350335529404
15071. 3155.699751621955
15072. 2158.8733288463477
15073. 1800.9794899648975
15074. 7488.618796203878
15075. 6716.897564904678
15076. 462.65422368202235
15077. 1382.3306521635297
15078. 3024.6602566889146
15079. 153.48763103793775
15080. 1240.4893408921575
15081. 2931.008265607007
15082. 2986.6035498166157
15083. 356.0541217561158
15084. 3423.579571711182
15085. 3544.198016901599
15086. 4209.372622284145
15087. 2781.441352434062
15088. 2367.818173870768
15089. 1030.3105392208581
15090. 3409.3467780522146
15091. 1888.1600706609738
15092. 5928.691079169914
15093. 4435.202571570498
15094. 5866.651925080196
15095. 1326.6506686387286
15096. 2074.054022342936
15097. 3323.332115990026
15098. 1371.6386618637973
15099. 170.4633524336784
15100. 1610.1011969261647
15101. 1579.5470237221327
15102. 2379.1786556280267
15103. 1859.7551084633262
15104. 1599.0193964549574
15105. 2384.3394030846375
15106. 177.02866218633838
15107. 1870.7791264009156
15108. 1106.3060560088181
15109. 1172.7818936082456
15110. 4353.221865732256
15111. 3215.912710677404
15112. 2007.843193477386
15113. 6572.650425921691
15114. 5860.277802110977
15115. 6125.07325637179
15116. 2913.1684905113775
15117. 9375.731559290365
15118. 1145.318265002851
15119. 1523.7787782369358
15120. 2765.808989317277
15121. 2504.003427130486
15122. 6886.17693084109
15123. 6376.220106273205
15124. 15522.547841861397
15125. 10196.63207632271
15126. 5605.740466001538
15127. 10269.111407319517
15128. 4172.720339397356
15129. 1816.805201901771
15130. 4773.654435889934
15131. 4683.317227526635
15132. 4155.608580192973
15133. 11925.91157421975
15134. 3637.1564431203133
15135. 7571.657317815583
15136. 3615.927216272639
15137. 4053.339763116411
15138. 5069.989349654702
15139. 3222.7495046598997
15140. 1939.7706549007378
15141. 3143.1335928868198
15142. 2909.5630075096396
15143. 439.83387946951126
15144. 1707.420514830097
15145. 987.1976255108764
15146. 978.1258292553898
15147. 2032.6977767502442
15148. 605.2377894592048
15149. 1214.4044763223874
15150. 5527.915082062364
15151. 3605.8061979837603
15152. 1659.054110995365
15153. 1515.660800124797
15154. 2056.0769208494644
15155. 1273.9737540889237
15156. 1823.8916570662566
15157. 2477.8443875182156
15158. 3683.3599006335758
15159. 9336.981191806004
15160. 7051.6496143501945
15161. 8452.231183179778
15162. 2128.6284499492426
15163. 3137.8448960368205
15164. 1887.101520208126
15165. 8895.363767453076
15166. 2853.5788475711856
15167. 2796.124597352119
15168. 9520.245746396608
15169. 6321.823144997713
15170. 7798.589708609099
15171. 21980.472083357436
15172. 5520.45860602957
15173. 6332.7285017115155
15174. 2715.4108916753794
15175. 1513.4300932298122
15176. 1483.3371438145905
15177. 6423.502030718164
15178. 2517.1594544367463
15179. 1172.3993374592428
15180. 11828.550558835801
15181. 7251.7757172763395
15182. 4194.121550724111
15183. 4677.903865780859
15184. 5751.987518275998
15185. 2796.30654640928
15186. 4780.7682941348185
15187. 3828.38595420733
15188. 1243.7139724375493
15189. 4730.196124258689
15190. 6758.49172494601
15191. 2995.486941832031
15192. 4873.3788576671805
15193. 2373.9128176467757
15194. 989.0554372319276
15195. 4854.839522826704
15196. 5927.723047775273
15197. 2981.609329918192
15198. 5343.41612806901
15199. 3899.334290334283
15200. 3091.5397713237685
15201. 1790.3704966650973
15202. 5061.200682791197
15203. 2949.7685074373326
15204. 7803.658507752743
15205. 2515.2967011507085
15206. 2572.141256161598
15207. 15683.44552685312
15208. 4413.225256971597
15209. 2852.286336261207
15210. 4006.608178833107
15211. 4829.875265225689
15212. 12756.336071837457
15213. 4325.471982955458
15214. 5991.506080460654
15215. 4583.351221569658
15216. 10483.567159638773
15217. 6250.799785835836
15218. 2352.1350744506262
15219. 7287.734312390077
15220. 7848.782552715488
15221. 2506.4808253036304
15222. 2862.0671640766614
15223. 4344.586153806292
15224. 4578.868546343778
15225. 2844.737391898927
15226. 5739.322970625149
15227. 1880.2032788446315
15228. 1784.611393760194
15229. 2658.177131002598
15230. 2859.5538569107885
15231. 5675.385308954184
15232. 4181.5123453322785
15233. 1266.3373665257407
15234. 6644.095968412397
15235. 910.0485027313641
15236. 2746.949864994688
15237. 7624.53015919329
15238. 2505.4345951218875
15239. 6408.844960547835
15240. 3288.3525947756075
15241. 5067.533753166761
15242. 4398.81069860656
15243. 1333.913233272931
15244. 1119.2535041493268
15245. 2298.3763455583203
15246. 2636.9253240890025
15247. 1628.9710467024843
15248. 1177.094678646367
15249. 6302.999010280052
15250. 5423.928778093229
15251. 3008.375897519021
15252. 17453.294173965456
15253. 5467.486260458414
15254. 8418.975242830033
15255. 3264.650568052124
15256. 6216.391899243405
15257. 3381.2773924588923
15258. 4872.681682389148
15259. 5354.819862890856
15260. 3388.768292026567
15261. 2563.9607185332025
15262. 3519.260196492821
15263. 4174.887365620035
15264. 2029.8167541472437
15265. 1513.3519568307204
15266. 7170.731400658505
15267. 2692.619651296217
15268. 5423.108281072621
15269. 2494.678389555416
15270. 1307.3694801075214
15271. 2053.2779290285907
15272. 4081.2354607495763
15273. 1408.5292573430852
15274. 3498.6555436992535
15275. 6197.901820483514
15276. 6049.649310757029
15277. 939.1654776161959
15278. 2828.2132441816393
15279. 1959.1696527527904
15280. 2065.748784746355
15281. 6016.320582298818
15282. 2955.747430290166
15283. 2128.1930415367456
15284. 1917.3873293944716
15285. 4431.133767201777
15286. 2930.958259104173
15287. 1652.5685465262786
15288. 3052.583522799902
15289. 3153.089982892958
15290. 4976.801091757545
15291. 3894.141654507201
15292. 1669.890375269523
15293. 2069.4926727810207
15294. 5906.363574377474
15295. 2183.8854907686796
15296. 2173.2616190958106
15297. 1545.9132574144446
15298. 6123.445620615712
15299. 4890.404030692438
15300. 5350.153967118028
15301. 1665.5895167548506
15302. 2851.350184656502
15303. 5907.431188150825
15304. 4434.600161415599
15305. 5949.587862054348
15306. 4031.8307048612232
15307. 4905.429907357794
15308. 6317.65122682907
15309. 8856.265734043947
15310. 2567.2624978152976
15311. 1591.496811498419
15312. 3100.8450608871335
15313. 4767.341666779092
15314. 4298.383031215136
15315. 4145.905202324792
15316. 1690.3752792998805
15317. 8056.9077992390785
15318. 6960.9754510744415
15319. 1476.7503460148987
15320. 5526.002983127079
15321. 6169.296078560622
15322. 3973.946960031077
15323. 6615.091271382628
15324. 1338.0675770397763
15325. 2858.6215191361325
15326. 3951.1965868603897
15327. 4885.661239489386
15328. 2937.7663313715857
15329. 3003.093126683627
15330. 3410.8021276390527
15331. 2796.5182755717697
15332. 1667.2207127535753
15333. 2345.2463980913194
15334. 2217.505144967408
15335. 1903.460767226237
15336. 1477.1350291835117
15337. 9004.506197289631
15338. 2848.743411024142
15339. 5143.232021781414
15340. 1849.8564167071477
15341. 1455.8901336941235
15342. 3962.6385463217766
15343. 3190.2476141705315
15344. 2706.3883805108117
15345. 1619.7101039023664
15346. 2064.7155325865842
15347. 6229.280315522936
15348. 6393.86785803767
15349. 4745.063958783757
15350. 3233.071026002577
15351. 2761.573389579489
15352. 3822.386502510838
15353. 3877.696748583426
15354. 995.5438367690036
15355. 2604.8072683309333
15356. 8215.65146443779
15357. 1795.9826993837614
15358. 6277.952973064595
15359. 5561.8227045337635
15360. 6780.4911255360585
15361. 2115.2087873129535
15362. 4223.639899129633
15363. 4665.464667253569
15364. 3470.4987429527314
15365. 2746.2285014459085
15366. 2587.4322790941246
15367. 2448.1306219998955
15368. 1457.7084103638354
15369. 3230.3141834409016
15370. 4475.955044353525
15371. 1237.9456886880178
15372. 8495.852251088387
15373. 3727.287299238026
15374. 5501.497503871399
15375. 6801.072806248218
15376. 2405.3717151945652
15377. 1101.3554380679082
15378. 1350.29098772494
15379. 2338.1500947690365
15380. 9293.963834248307
15381. 4455.474864480716
15382. 4885.788174503739
15383. 3048.670705273032
15384. 1705.300108097361
15385. 677.2453670253348
15386. 1484.0773105430324
15387. 2099.1269458695315
15388. 1617.6238026641533
15389. 2249.407860704448
15390. 2437.7779904211443
15391. 2750.0479942628017
15392. 2972.1509765876913
15393. 14803.46788498997
15394. 3205.864319120754
15395. 6123.462620927412
15396. 3819.1773663983145
15397. 976.2808074495582
15398. 8415.483114467359
15399. 5323.532020483026
15400. 3093.800231008742
15401. 3537.495088635354
15402. 4008.2751681540853
15403. 4392.664843551934
15404. 1784.6819641378709
15405. 5096.618935364762
15406. 1903.7914575226162
15407. 3177.370588342698
15408. 2264.926637799367
15409. 3751.481633475085
15410. 4516.013392592944
15411. 6216.942134469726
15412. 3665.310097368383
15413. 5247.576312347639
15414. 2521.3884201743263
15415. 6834.5327125447175
15416. 6849.027450843332
15417. 1898.1595930654769
15418. 6559.476569661084
15419. 3207.3485142695517
15420. 1417.5514804773236
15421. 11809.692598716652
15422. 2814.0114340325795
15423. 978.5879619763559
15424. 638.4800091403891
15425. 2094.1204684526947
15426. 1564.8971022348076
15427. 1480.9540251068768
15428. 379.75312262707513
15429. 1242.6492139038528
15430. 1613.847966066928
15431. 1544.6895603882729
15432. 2616.0125887448157
15433. 1516.9208897064796
15434. 5152.776419302083
15435. 4672.898025323689
15436. 1674.4003017401394
15437. 4997.4513170949085
15438. 1142.753467212546
15439. 1991.2354519351004
15440. 170.06929055954723
15441. 649.9731616514305
15442. 449.4301167956729
15443. 2427.327690456219
15444. 394.59639186473544
15445. 504.24996767320533
15446. 5866.148775553
15447. 558.2403554771901
15448. 6470.604926155257
15449. 6064.065743142148
15450. 997.4338050218644
15451. 4010.9762706560737
15452. 1081.341821274251
15453. 6583.153030929261
15454. 1888.0503861743994
15455. 7622.375474765462
15456. 1458.316319468548
15457. 718.4501432943666
15458. 1925.8134936651284
15459. 9786.64740451639
15460. 734.4798557565856
15461. 3647.5512646708594
15462. 1213.2415203499265
15463. 1017.8189124432795
15464. 1271.4522003853403
15465. 1359.6671526638097
15466. 9493.505959496819
15467. 4731.903883660698
15468. 837.533070189279
15469. 991.011110937578
15470. 2590.9906252226037
15471. 4156.982347800423
15472. 219.6540564806709
15473. 5397.040236306201
15474. 2704.588835732686
15475. 869.4397793083211
15476. 1333.506018344598
15477. 6810.328676673377
15478. 7415.259497360082
15479. 1870.6413062427741
15480. 3230.033856300373
15481. 4134.365500751305
15482. 6431.535970951993
15483. 2248.9887624973007
15484. 4210.741698797132
15485. 9143.219417842733
15486. 2681.750727837927
15487. 6785.068548256418
15488. 1108.361999816326
15489. 3010.4969940829174
15490. 3371.8252190672033
15491. 2132.3823600062765
15492. 5199.677670157789
15493. 5859.506628355716
15494. 3673.4173109709163
15495. 3874.526990763148
15496. 4185.702609572666
15497. 2046.3986673573093
15498. 5744.490888495119
15499. 3480.4830698636697
15500. 9715.255128131172
15501. 21262.836038436315
15502. 5908.204977493273
15503. 3171.7038590030984
15504. 6915.22729353381
15505. 4807.613390459751
15506. 7429.131932525484
15507. 7108.021639880675
15508. 5989.317373435458
15509. 3247.937673902396
15510. 3234.3924116381145
15511. 723.4793431403755
15512. 2345.528720791873
15513. 12448.36260882498
15514. 1397.9637759617622
15515. 2051.5500733161252
15516. 11954.188354301072
15517. 10708.458715685907
15518. 8744.188686483636
15519. 1475.7598131053644
15520. 4950.733367919234
15521. 4625.317010643175
15522. 5807.187952945192
15523. 3715.8635665712573
15524. 1259.1970444307576
15525. 17579.40418601541
15526. 13491.05949007665
15527. 9617.174265500253
15528. 4435.600386341286
15529. 3597.144593986756
15530. 5924.398728959613
15531. 13586.891584212344
15532. 10140.090389265255
15533. 7068.2162580628055
15534. 3974.4695643157347
15535. 6635.003564547994
15536. 9108.047053020537
15537. 4871.227721579021
15538. 1372.2054319444746
15539. 6543.828245074182
15540. 3778.268832731121
15541. 10093.76460394456
15542. 3829.808166466947
15543. 3112.2644730675456
15544. 3227.1509244339277
15545. 13354.135963198554
15546. 18657.82183456743
15547. 6685.60469045504
15548. 1045.931470200091
15549. 520.7737575989382
15550. 302.8976268589505
15551. 2370.893556910495
15552. 2231.9539996065255
15553. 6406.961405996794
15554. 11792.399815682342
15555. 7436.072417771096
15556. 17943.644149450214
15557. 9609.965187546097
15558. 894.1150921788068
15559. 16470.82820172683
15560. 8298.0682513533
15561. 3967.4886387506144
15562. 10090.772608106174
15563. 7913.840781024567
15564. 4605.197375590464
15565. 2594.4658760485177
15566. 7151.327043542465
15567. 4713.5298448891235
15568. 1915.5272125559811
15569. 1623.781926755663
15570. 14759.057997464835
15571. 4989.037517597234
15572. 1106.7387644184314
15573. 12542.451710946398
15574. 2486.3984093905005
15575. 3880.8892981099016
15576. 866.8321222211024
15577. 2657.792013000026
15578. 3635.0767000366245
15579. 1234.167169328956
15580. 1252.1211661126922
15581. 1620.126707517771
15582. 2880.1667751150485
15583. 4395.51241368425
15584. 8326.08273517542
15585. 4443.475138138896
15586. 5476.996181188558
15587. 6785.294548126718
15588. 5798.597586349148
15589. 642.8749415018378
15590. 2869.323290919183
15591. 18891.83825214604
15592. 16842.09064251208
15593. 2465.5561037162615
15594. 3027.814657327319
15595. 6802.622751659466
15596. 2180.001950128364
15597. 1809.437931497774
15598. 7112.673407398832
15599. 4261.119096216788
15600. 4648.371013719849
15601. 9302.18466420107
15602. 3827.830922874209
15603. 5766.58500435285
15604. 4978.812291315313
15605. 3322.0029359429413
15606. 4763.872769476122
15607. 9096.805060369783
15608. 2119.694658227896
15609. 5700.867416731116
15610. 8033.1378039237625
15611. 11190.744247556971
15612. 9411.862988836028
15613. 1497.4444157572345
15614. 4044.681519582636
15615. 1892.0189647888403
15616. 1711.9955499589832
15617. 4500.408957830647
15618. 1656.5631085272041
15619. 2322.138682888061
15620. 1269.922176120854
15621. 747.0963646851342
15622. 1680.1773705523153
15623. 2358.5928754389747
15624. 2291.6223752443907
15625. 1205.3669659009527
15626. 898.3917156535717
15627. 1372.895790586632
15628. 1671.891324208295
15629. 2116.586978907666
15630. 859.2874629808582
15631. 1862.2672090738579
15632. 12353.901691795509
15633. 2241.539210554289
15634. 2546.0043069691806
15635. 6724.3686522144535
15636. 5940.457323853698
15637. 3321.9795952654704
15638. 2128.2847478915896
15639. 1433.9526179628035
15640. 1318.1491169981882
15641. 6307.971572514655
15642. 3059.893895608816
15643. 2820.151513479013
15644. 4363.0002636221725
15645. 5554.703987209788
15646. 387.644412041181
15647. 1975.146236728042
15648. 2868.9491107535205
15649. 1010.159425504198
15650. 774.2723160045997
15651. 787.0801960087792
15652. 1012.232730330254
15653. 781.7295253102305
15654. 458.38722985640084
15655. 2359.5594676392607
15656. 4040.804984785477
15657. 7631.287062373108
15658. 12706.599700492534
15659. 3437.8994638234076
15660. 10656.929846185294
15661. 1572.958826058331
15662. 5406.046467730264
15663. 6915.333623181665
15664. 2924.645966072372
15665. 3497.930162429795
15666. 1481.2541067701707
15667. 758.7155497845501
15668. 3825.0584068295757
15669. 8381.777041711459
15670. 1969.0631869930846
15671. 573.5879563904078
15672. 4321.6224704841325
15673. 3473.9846003103576
15674. 12712.753725950208
15675. 1267.4421729048843
15676. 3644.62843086502
15677. 1580.709347214923
15678. 1887.8612150685683
15679. 3242.3171035980245
15680. 4980.555669169989
15681. 2047.7464001430762
15682. 3850.8577637894514
15683. 4006.4618465553003
15684. 5007.837743335597
15685. 1624.9634131248058
15686. 5166.94809476007
15687. 3394.404318742216
15688. 4017.7138362187943
15689. 4364.864130404586
15690. 2816.1058028408347
15691. 7617.2996692044035
15692. 2666.8927818945062
15693. 5461.702595996408
15694. 1322.4800938262654
15695. 5591.652334602319
15696. 6112.908520280617
15697. 2705.3946998902616
15698. 5481.295694760504
15699. 4052.611256549231
15700. 1680.1182458921303
15701. 7443.38359222132
15702. 7261.626482096571
15703. 2991.8355336757973
15704. 2876.440479786816
15705. 7543.602637471097
15706. 7005.970741904298
15707. 1812.5213787271223
15708. 1830.8552515183767
15709. 1486.8028727732483
15710. 3426.9623386697003
15711. 1271.7803892995005
15712. 2711.157441032406
15713. 2288.5832052370156
15714. 1693.6972261501187
15715. 5294.778456265844
15716. 1904.3333282760932
15717. 2259.923379962921
15718. 7601.053861667505
15719. 4276.839907640597
15720. 3293.778820250994
15721. 1872.353288037858
15722. 8812.407992120014
15723. 5830.409947833249
15724. 3116.8095563214
15725. 3061.50214773807
15726. 2827.749644810776
15727. 3547.8236079371654
15728. 3582.47834432092
15729. 2916.7483775929313
15730. 5260.492661853924
15731. 3898.1252507257527
15732. 4641.502682113375
15733. 7251.835903114834
15734. 3098.0242413541073
15735. 1866.9283911096315
15736. 1718.1924846940728
15737. 3764.2262540209954
15738. 3155.3216252149837
15739. 5809.113983205743
15740. 5060.914675844687
15741. 4028.884654334762
15742. 4904.374662986788
15743. 2009.7360190380239
15744. 6749.529952644904
15745. 7504.090215945919
15746. 2794.0761643867286
15747. 6922.9909016672245
15748. 3897.4419964353096
15749. 3406.00582725526
15750. 4247.902721058113
15751. 7672.7626037733635
15752. 3247.1164919781663
15753. 6145.54370824724
15754. 2678.7246587568698
15755. 2623.3103788273597
15756. 1988.2374846798086
15757. 4128.914456443677
15758. 6732.745786688217
15759. 2996.8893974608154
15760. 3830.0886922579784
15761. 4560.443726740065
15762. 7695.46424957293
15763. 277.1827135112582
15764. 8719.841080297603
15765. 6032.500117505763
15766. 7162.014520239089
15767. 5489.749738908829
15768. 3165.3046356060836
15769. 2552.2624778344016
15770. 1665.955858704273
15771. 2965.746434808005
15772. 3081.6375713139714
15773. 3124.819913554844
15774. 1299.9448513222792
15775. 10265.343473183097
15776. 8232.602877688854
15777. 4154.48594553409
15778. 5162.162724471189
15779. 3708.7928092321145
15780. 4450.48548971809
15781. 6619.559066274492
15782. 769.2062013449654
15783. 1631.4779795907095
15784. 7757.795212783176
15785. 1803.5433160755936
15786. 8098.752789053053
15787. 3785.6319388875017
15788. 4592.197942614926
15789. 2470.731516857162
15790. 1632.1236691525432
15791. 9090.668395233166
15792. 8173.049734990657
15793. 1354.4489920727358
15794. 1795.686396162342
15795. 3579.57589124546
15796. 8325.073751072032
15797. 4073.9577187969658
15798. 3717.212977426152
15799. 2410.986051663914
15800. 6764.230576776522
15801. 4562.755154587229
15802. 8444.817282110856
15803. 7006.9721383161095
15804. 8112.721260236807
15805. 4956.734620608618
15806. 3579.9845975017147
15807. 5473.017667451001
15808. 4918.853509896632
15809. 2574.769158458266
15810. 1470.143829568156
15811. 7628.927285111796
15812. 1571.42289736189
15813. 892.2637552684471
15814. 2894.31453670144
15815. 3175.8554477595335
15816. 4826.176320170064
15817. 10673.735180387477
15818. 2984.8713520140773
15819. 3830.8792908160663
15820. 2246.8626729726197
15821. 10738.878980059493
15822. 4853.580440590626
15823. 7402.061784810586
15824. 3647.4888704758832
15825. 5692.705291864348
15826. 1741.3305061743465
15827. 5205.480552441283
15828. 2446.929143744292
15829. 9279.616122987498
15830. 6482.407401696675
15831. 7316.98157637562
15832. 2292.5223518520393
15833. 9734.746646748015
15834. 4010.545288071081
15835. 3087.0948772494444
15836. 3477.02657022404
15837. 1407.5806616369443
15838. 4147.02883653874
15839. 6639.918858001959
15840. 14130.999155008898
15841. 8282.76599559069
15842. 4453.347524858371
15843. 3946.44884248832
15844. 3475.246633037934
15845. 3787.4146943984197
15846. 11347.280502553092
15847. 6523.850395736545
15848. 4870.919711381159
15849. 3106.1987815049656
15850. 3576.1192589372354
15851. 8068.697487796812
15852. 5087.535538553501
15853. 1696.1680025488724
15854. 3518.1325200513693
15855. 1785.6315722213283
15856. 6105.04016376522
15857. 4593.360057904878
15858. 9981.505082337731
15859. 6613.108820070794
15860. 7749.113843427253
15861. 5843.722679720307
15862. 5897.27008758063
15863. 5074.9449180039055
15864. 9557.362353399474
15865. 4221.676293650989
15866. 9912.152913830243
15867. 5882.345235122426
15868. 4613.4870558400535
15869. 3664.5730202650616
15870. 1720.9008627086478
15871. 4477.235512717946
15872. 8639.397314498485
15873. 5943.73692201628
15874. 3464.3305703223973
15875. 5182.540028528607
15876. 3127.066492399979
15877. 6005.810369256572
15878. 3770.7524587770363
15879. 9096.514611027773
15880. 2440.4223178902794
15881. 5645.669429463581
15882. 8087.400839288177
15883. 8048.548663253546
15884. 10291.088204061341
15885. 1641.381957903839
15886. 8576.618838281523
15887. 7250.406459338394
15888. 13375.071874511066
15889. 3048.0504124836793
15890. 7727.050819790696
15891. 5431.103132975244
15892. 11147.459469331443
15893. 4835.617271820773
15894. 659.063251694447
15895. 804.5641923429239
15896. 7629.846010802355
15897. 3751.5898533050026
15898. 9254.426457210511
15899. 3969.20711140478
15900. 8496.192480853757
15901. 10934.516567896093
15902. 5494.575947848288
15903. 2775.3138219420416
15904. 10692.01120102107
15905. 7852.670239721062
15906. 2240.219131502849
15907. 4061.3913808111884
15908. 1724.3462216140802
15909. 2768.318632873154
15910. 5828.720400942971
15911. 2356.4833249100325
15912. 1782.6506128569954
15913. 1337.2419771058032
15914. 12678.868820149284
15915. 7527.311149000995
15916. 5181.425178715033
15917. 2664.310372734187
15918. 4354.322848656292
15919. 3780.7315764690347
15920. 3913.3688346127933
15921. 16220.442060955518
15922. 9062.940715991608
15923. 8073.608775670055
15924. 5519.8760376784485
15925. 2833.369764401034
15926. 2947.757225865471
15927. 2154.9364666859806
15928. 6651.408859492509
15929. 2872.9727277839693
15930. 8549.435300161886
15931. 9547.92459554863
15932. 8258.157502563354
15933. 3946.886409695071
15934. 9700.445491178785
15935. 11816.198303542044
15936. 7081.55090338992
15937. 11193.420786943228
15938. 8224.259186009198
15939. 2332.8077356256067
15940. 7597.099727747281
15941. 9318.72433123283
15942. 8754.574742999228
15943. 1623.3058809856652
15944. 2412.950437308185
15945. 493.4984482610902
15946. 9389.5302870988
15947. 17042.33686646092
15948. 4872.067392878464
15949. 4517.110177859872
15950. 8843.137562389586
15951. 2808.073697120522
15952. 2878.815750268548
15953. 5121.443810317842
15954. 4029.512608773019
15955. 9312.88551046163
15956. 5727.283709973497
15957. 1978.8938298984024
15958. 4137.914267951907
15959. 3902.4773129676214
15960. 4369.400522179219
15961. 3038.5430783739857
15962. 4777.716943383187
15963. 2668.9125233965246
15964. 5147.998614678919
15965. 4127.415192114243
15966. 5419.395205654181
15967. 4033.3057983435783
15968. 7106.060762008734
15969. 6087.105320141498
15970. 6610.82503294625
15971. 4550.8623063866935
15972. 8060.939385858825
15973. 5126.149526672702
15974. 1106.7935422807898
15975. 8422.674695547968
15976. 2710.2624767320954
15977. 4364.236641155624
15978. 3341.0161573422256
15979. 3006.4301107799583
15980. 8174.3885586108845
15981. 3308.810427988158
15982. 1834.8851756393144
15983. 2421.216996071369
15984. 7423.191794368345
15985. 3093.7439115560687
15986. 3307.6027847866903
15987. 5208.745215199299
15988. 15496.12412414121
15989. 2487.833506593929
15990. 8525.850717538733
15991. 5311.183096035998
15992. 5397.867883091849
15993. 2218.2511709793225
15994. 16822.442889608417
15995. 10406.224386813834
15996. 12447.067353539478
15997. 5674.243506967068
15998. 4068.710433815868
15999. 4768.693987288849
16000. 2745.183154202156
16001. 3359.9759260163246
16002. 6472.207980281044
16003. 2584.9484597058117
16004. 5434.856049472529
16005. 594.1731427499117
16006. 4679.108325447146
16007. 1014.248337612161
16008. 2901.4005887328367
16009. 3595.8365316166723
16010. 5437.782902035202
16011. 5797.073711112045
16012. 7006.667151439653
16013. 5655.277470724247
16014. 4877.6735159982445
16015. 7167.274854573278
16016. 6542.079649812534
16017. 4537.293891197424
16018. 11041.21116719154
16019. 5136.492106142096
16020. 10571.593675224818
16021. 5053.454425355738
16022. 3073.3351009833755
16023. 5146.13026203648
16024. 3922.2618205377253
16025. 14562.770397822189
16026. 6316.400076464169
16027. 6002.533599221073
16028. 11173.297842036482
16029. 18759.07329121943
16030. 4811.751460975466
16031. 14437.368670656822
16032. 4834.484052415443
16033. 7137.428831911041
16034. 16859.770042023723
16035. 4094.443978209398
16036. 11900.500560468088
16037. 6953.505989824421
16038. 1981.476926128555
16039. 892.9065099747844
16040. 3343.2613069547115
16041. 223.71551703980165
16042. 546.6948937418558
16043. 2102.0960037501923
16044. 14370.30748560698
16045. 7122.4868334962775
16046. 7675.567017464245
16047. 1361.7018961756985
16048. 6918.814757248765
16049. 4290.269103432919
16050. 7191.16012486284
16051. 3794.1936707018936
16052. 3822.0346569461058
16053. 2569.0626468612163
16054. 3660.490007723775
16055. 4972.299175526672
16056. 6989.0109261259595
16057. 1377.681092918192
16058. 20214.55214641301
16059. 13789.643262246052
16060. 5184.025387142774
16061. 3622.3344662079107
16062. 8608.491258783139
16063. 7972.599567964355
16064. 4044.5840017259284
16065. 7994.690286413651
16066. 2039.1946778399802
16067. 3735.408062337841
16068. 3354.332914305145
16069. 7321.040744563767
16070. 11675.261996576011
16071. 4890.6229288694
16072. 5207.322609896967
16073. 8655.198123817956
16074. 5891.217711226251
16075. 7007.046389570994
16076. 7600.633537576011
16077. 5118.833865324103
16078. 3889.248315194198
16079. 11350.313109942168
16080. 22577.61264859824
16081. 20700.60288549446
16082. 10028.952560010284
16083. 3175.5195025205444
16084. 11694.119674744923
16085. 2972.501836840535
16086. 12029.84586200611
16087. 6248.9275612243955
16088. 8877.475123594291
16089. 9655.37755798102
16090. 6889.686146651417
16091. 4724.672334888019
16092. 5510.507963333146
16093. 11979.096008785698
16094. 8429.127651495974
16095. 8101.829418059513
16096. 9807.478085376883
16097. 1153.9797841884968
16098. 8578.839203699941
16099. 1980.6809953809866
16100. 12183.022920321528
16101. 2573.81018814457
16102. 7764.108579897755
16103. 7434.088896137833
16104. 8555.459746281984
16105. 1661.2487835890418
16106. 3357.0899860306145
16107. 6567.082974817883
16108. 17245.76712189358
16109. 2096.9921203495887
16110. 10184.689959035368
16111. 6625.975299915523
16112. 6356.324836267325
16113. 8334.025555679742
16114. 20017.79425884785
16115. 1341.2968409169446
16116. 10404.999101324547
16117. 6558.146809165825
16118. 7100.63065305774
16119. 1804.4424452248047
16120. 10866.65059230693
16121. 10854.329395140794
16122. 10468.119306066834
16123. 4506.065521731919
16124. 6055.5167726710015
16125. 1285.9233879009928
16126. 2121.4569826931634
16127. 3270.0205785549465
16128. 14567.372052142358
16129. 10886.968856878804
16130. 11962.863121426932
16131. 15585.889582149826
16132. 3012.298090345618
16133. 7471.194207102847
16134. 1988.9913892005864
16135. 4799.387386371475
16136. 5458.132209586081
16137. 20007.287348469425
16138. 3938.078932516913
16139. 7841.789942053936
16140. 2456.415234046805
16141. 2834.9972555140394
16142. 16849.348144512696
16143. 8130.895492191963
16144. 11001.592934545139
16145. 5596.354739573616
16146. 6054.975732350341
16147. 14596.656489093397
16148. 4873.966093687758
16149. 6171.646405739201
16150. 4760.939902625034
16151. 7088.546182953413
16152. 5839.61927175279
16153. 10648.309253066
16154. 3546.737768244736
16155. 14303.455918972464
16156. 8532.868089400095
16157. 2364.7190593291084
16158. 5361.13527536723
16159. 9494.561186522604
16160. 8453.72135812916
16161. 1549.9526089142728
16162. 5794.746944510403
16163. 17009.91532519651
16164. 11367.139689584816
16165. 11918.353941147187
16166. 5557.218660470218
16167. 5725.567795555271
16168. 4814.559189785896
16169. 18330.11527923222
16170. 12865.418008174567
16171. 4437.8550567088805
16172. 6617.121243845589
16173. 11465.663889081125
16174. 5297.072110299657
16175. 4308.321355516727
16176. 9402.92296768453
16177. 4030.8752416187303
16178. 7165.347369181776
16179. 21474.9752801594
16180. 7636.1896082802405
16181. 11672.7310606241
16182. 7268.241341738248
16183. 5887.521886411003
16184. 2435.5450577346414
16185. 22097.375701376583
16186. 6861.238659061514
16187. 4316.336409537864
16188. 14373.378698768927
16189. 11990.096025598972
16190. 8844.080654100891
16191. 3350.2727233198234
16192. 1119.7239775742016
16193. 1213.2477188385853
16194. 2152.140342937437
16195. 4003.322510953333
16196. 7003.733338809979
16197. 7282.068938187795
16198. 6980.200919843915
16199. 12346.92956953903
16200. 11075.931492259526
16201. 7452.7507948437
16202. 6175.666941517856
16203. 6520.355023926546
16204. 11630.49933213478
16205. 4321.849298221543
16206. 10606.403386114434
16207. 1109.4497066313606
16208. 3024.8931027875083
16209. 4227.368932987089
16210. 2114.137336330162
16211. 2004.800843265235
16212. 819.7227645448583
16213. 3924.942342388126
16214. 1498.6158805181183
16215. 2143.420379647564
16216. 2921.4178207561627
16217. 3737.766172072444
16218. 5542.2996522422245
16219. 997.6200062653138
16220. 3787.4273965614343
16221. 4315.1918894343935
16222. 5599.70612168203
16223. 2753.001451448251
16224. 5161.979166398118
16225. 12563.694127076138
16226. 4932.113950662987
16227. 3284.6220267380854
16228. 5038.957208314661
16229. 3177.0222579755814
16230. 10303.312514383622
16231. 4182.9241002389035
16232. 4334.085731573283
16233. 10600.818031801746
16234. 15108.426410106826
16235. 15235.537037305532
16236. 4047.839034929278
16237. 5958.615300853817
16238. 10505.357672557957
16239. 8379.413245577613
16240. 22542.165099414433
16241. 10760.93723075939
16242. 2879.001948602843
16243. 471.4935545440301
16244. 5757.33399401721
16245. 6246.516302150779
16246. 2119.6980849076363
16247. 2550.169020167607
16248. 8866.843770714253
16249. 4630.398593249238
16250. 7659.404798577796
16251. 8511.856986116058
16252. 3213.6301206355542
16253. 564.2621165651949
16254. 4543.311211691117
16255. 5155.157502818915
16256. 5275.343518505948
16257. 10352.104762684608
16258. 4495.439055301863
16259. 7024.836835022892
16260. 4465.5527731750535
16261. 2906.0253109643254
16262. 4467.794712695364
16263. 8333.221320177423
16264. 2352.1692767597738
16265. 2564.696941452613
16266. 6779.180804735895
16267. 3432.7324083657645
16268. 6282.2712761856865
16269. 8936.922347679581
16270. 25918.163128473792
16271. 4919.456288125025
16272. 4041.5531456412177
16273. 1289.435733336657
16274. 1322.8433629928293
16275. 19813.86100901781
16276. 7044.813894957556
16277. 4406.183091399693
16278. 8840.406049366245
16279. 10537.364406261904
16280. 14157.035618607471
16281. 12060.423667661884
16282. 13657.853167191926
16283. 6454.784834996319
16284. 961.0549575090172
16285. 2113.335321207073
16286. 5846.011509446639
16287. 43587.870651566074
16288. 3734.0047316882324
16289. 13697.921160830429
16290. 4724.84439815368
16291. 4423.994007297066
16292. 15282.917789200996
16293. 5559.022179711053
16294. 9062.613472741663
16295. 19797.87364391714
16296. 19295.505377725265
16297. 9169.263675181233
16298. 6158.025014963731
16299. 7478.556946086224
16300. 10413.443689019625
16301. 2817.7833099638547
16302. 2630.588705939152
16303. 3587.0494471132006
16304. 6121.6358550971045
16305. 7313.865298691927
16306. 3036.6680856473513
16307. 2634.183195140305
16308. 9512.033601682897
16309. 7923.580780665775
16310. 13289.75765424919
16311. 13865.607047229123
16312. 9978.742781061685
16313. 8724.969237978194
16314. 3070.9820363448484
16315. 8986.834225572486
16316. 6171.546899059635
16317. 19460.467360426665
16318. 4482.052634785748
16319. 10878.742803606387
16320. 4383.738086901718
16321. 4668.446234757363
16322. 4986.304893969417
16323. 7150.218794733127
16324. 10207.914739367161
16325. 3555.512981964227
16326. 9781.716819917756
16327. 19256.266751638588
16328. 10537.491314356235
16329. 6641.928368528071
16330. 6884.6864191834065
16331. 6566.642964687023
16332. 10262.532624715379
16333. 5111.403343383026
16334. 4444.5040877651545
16335. 3648.4129860470134
16336. 1408.6940517107546
16337. 6724.461444390617
16338. 3986.9198564995504
16339. 6681.214074201853
16340. 2098.5480421515927
16341. 5182.056266570463
16342. 6377.829254459033
16343. 5993.655863899332
16344. 5271.454276111573
16345. 4543.18056366907
16346. 2456.247370656248
16347. 6917.801445322865
16348. 8122.855390367763
16349. 5937.896925147677
16350. 11242.342243300374
16351. 7407.98767266155
16352. 2344.1728443492498
16353. 2212.1732610773333
16354. 3086.745730179171
16355. 5351.248539697188
16356. 6092.519532771804
16357. 9629.258798791632
16358. 7500.4996907115565
16359. 8666.462845931252
16360. 8888.420305048852
16361. 2912.527977075639
16362. 1391.535770645918
16363. 4326.525932832555
16364. 12228.011999532946
16365. 5051.964741739324
16366. 3557.0330184172617
16367. 3591.440026680599
16368. 4094.1087744437023
16369. 9096.083142267862
16370. 6452.521232971834
16371. 6426.66733182102
16372. 3952.0461959954187
16373. 19446.38716797739
16374. 6247.98551844144
16375. 9516.23268731325
16376. 7378.574487325714
16377. 7673.481769255241
16378. 2176.9413579147576
16379. 8364.657641348762
16380. 7329.406201590426
16381. 6611.192278856068
16382. 12415.066248463492
16383. 7267.048374321828
16384. 13131.465743318544
16385. 21451.023929751933
16386. 5295.004021382137
16387. 5593.93119785848
16388. 1820.5861769524129
16389. 14815.211485955866
16390. 13679.092171176802
16391. 4781.826625422584
16392. 3657.2435686312397
16393. 2578.3537644680127
16394. 5953.925114626981
16395. 4692.661700166384
16396. 3272.8238669273996
16397. 6836.121027032118
16398. 1721.6433150892049
16399. 3044.9836067184533
16400. 8179.618539076057
16401. 3514.5332714621645
16402. 2969.6787907427038
16403. 2298.046658939873
16404. 6323.884128317335
16405. 2721.9112927476517
16406. 2949.455978799195
16407. 3465.6668378649724
16408. 2119.3818532481514
16409. 4149.001057735896
16410. 6330.444439278114
16411. 4351.01795110309
16412. 6631.744164868511
16413. 3189.2749627457147
16414. 3338.2471754389144
16415. 1685.40878430126
16416. 6680.643620749091
16417. 6420.8866472207355
16418. 2654.6547351237537
16419. 3467.634137539605
16420. 2075.941807738033
16421. 1413.4312464929058
16422. 2350.3962863984684
16423. 5378.096537892894
16424. 2400.430196192933
16425. 5992.522948832139
16426. 6243.493445874536
16427. 4036.242746373525
16428. 5071.148380618397
16429. 7323.418477233404
16430. 5917.444398146618
16431. 2778.726548622059
16432. 2686.37265542391
16433. 1969.5620885971696
16434. 2375.140421968505
16435. 7912.14078516999
16436. 3568.5043286418913
16437. 7814.257950364349
16438. 2284.3843338532206
16439. 4965.672256660021
16440. 2884.2981666601286
16441. 6580.167641450445
16442. 5381.587342125656
16443. 1518.6576432186184
16444. 4586.589312650229
16445. 2850.4774309579598
16446. 1909.6859245071562
16447. 610.6320317929933
16448. 2445.2169419904585
16449. 953.427801420437
16450. 1387.0297627233028
16451. 3889.641032348812
16452. 4076.664445413178
16453. 4244.166471494288
16454. 4148.953979671593
16455. 2627.055777753065
16456. 10026.540263135263
16457. 2615.620180940837
16458. 4574.780217592451
16459. 5365.269281184853
16460. 4284.338147868769
16461. 3836.191111885145
16462. 2697.3179995245414
16463. 3059.8957017394146
16464. 5208.271931341409
16465. 5608.6037671428385
16466. 4127.582244059713
16467. 5529.686975277916
16468. 4337.853857233253
16469. 3804.9596860223937
16470. 2161.7156809187
16471. 6165.793164838162
16472. 4426.082644946338
16473. 5438.825692550149
16474. 1995.6292770355667
16475. 8051.251235772336
16476. 3282.358465917594
16477. 10481.674502657404
16478. 1487.930195679983
16479. 6065.388255475854
16480. 6587.105806085983
16481. 4792.499961053382
16482. 16514.10929685311
16483. 8214.399004031538
16484. 670.8748996691041
16485. 11224.83691519154
16486. 2783.074590771875
16487. 3489.7195529906257
16488. 3504.759421982613
16489. 4645.121220876652
16490. 3202.7609088506083
16491. 4176.156701439651
16492. 2138.6285976165896
16493. 12765.492351207966
16494. 7684.3734813268775
16495. 3668.4801425970277
16496. 4276.571850301364
16497. 3919.9418129231785
16498. 5330.55672516179
16499. 8029.901137806799
16500. 7288.77082077603
16501. 9622.931059023389
16502. 12680.381234660796
16503. 19871.943789813235
16504. 2993.5576645827405
16505. 3248.1218656320534
16506. 6101.382505955245
16507. 3243.431521895526
16508. 6105.52724466475
16509. 968.8831669410063
16510. 18814.15855170674
16511. 12567.748609325803
16512. 35735.380848117005
16513. 3886.469229026395
16514. 4036.32941267378
16515. 9278.091594861686
16516. 6645.059367395682
16517. 2781.830720661115
16518. 17233.869825358695
16519. 3344.2583819676797
16520. 8708.966346484167
16521. 1755.580269482563
16522. 11416.840157446051
16523. 5371.078264587548
16524. 5084.686981302502
16525. 4117.180379536457
16526. 8479.425125834943
16527. 5568.84425242475
16528. 4707.173368612451
16529. 1770.665792148292
16530. 4371.718736379578
16531. 10065.186591059368
16532. 6505.220592194972
16533. 10060.27867712542
16534. 6696.956479591485
16535. 9454.364336029854
16536. 2794.0330960831025
16537. 5184.110968209521
16538. 2985.7808904218896
16539. 4125.877250908338
16540. 2138.579680226465
16541. 1448.5387422729748
16542. 2307.6864209979008
16543. 8151.378048759803
16544. 5720.713974895557
16545. 3355.32392881701
16546. 2533.9758114477327
16547. 1548.051285095157
16548. 10594.413781138537
16549. 4313.516394277335
16550. 2987.671164587106
16551. 4419.3361917873835
16552. 13098.679730604586
16553. 5314.097348326202
16554. 27865.016609558374
16555. 3047.25375913056
16556. 4855.937150306008
16557. 10613.74211121291
16558. 5963.144153240501
16559. 4048.8985437616116
16560. 6720.123974210327
16561. 7185.259937380545
16562. 6080.352057401458
16563. 9187.331260198322
16564. 4683.273951703875
16565. 16142.965358477215
16566. 3040.2984485632637
16567. 5726.658969312515
16568. 2549.6041045372563
16569. 16096.750275257224
16570. 1692.84277421207
16571. 7751.040795738246
16572. 11066.188141325289
16573. 2237.444308649269
16574. 6571.456018898921
16575. 3503.1317881148293
16576. 3881.397834705734
16577. 6091.457157514488
16578. 7568.240569725075
16579. 15420.348257808193
16580. 1587.0690564814229
16581. 4436.491041107995
16582. 2003.4984641169535
16583. 6832.221259849935
16584. 4181.7005284852785
16585. 2241.208822667589
16586. 9137.737115655465
16587. 12074.08954941753
16588. 7166.9420784698705
16589. 6787.53269317095
16590. 6274.391165499595
16591. 2348.7807953843517
16592. 8824.643884397583
16593. 7218.709671271244
16594. 20834.40566579847
16595. 1357.881986049458
16596. 3260.7315671493516
16597. 2909.0544427330983
16598. 12444.010592796963
16599. 42806.339598277846
16600. 4983.822380938614
16601. 3535.8350827596114
16602. 3449.136573788919
16603. 3707.97825321079
16604. 11560.594411339915
16605. 5849.660962475297
16606. 1196.2106975837055
16607. 1386.8661558534118
16608. 4406.4889842287985
16609. 9476.399681102199
16610. 9619.521528878426
16611. 9473.018669609553
16612. 18067.95981113564
16613. 14844.88002891497
16614. 334.9416605554373
16615. 9369.776856053895
16616. 2405.8251513432897
16617. 3832.405503211464
16618. 4922.069343675237
16619. 5240.527560116209
16620. 1489.1686174290144
16621. 5652.981851828007
16622. 1135.8282634045054
16623. 7636.698957721952
16624. 10492.251765688463
16625. 3531.5667161365745
16626. 10709.861351189385
16627. 5582.745129462041
16628. 6699.368502426878
16629. 7959.4086429685885
16630. 7088.589414553666
16631. 10481.445010511197
16632. 10036.187011805465
16633. 2506.162448442538
16634. 2974.880543192004
16635. 3976.2337487977065
16636. 7189.352250217746
16637. 5323.874302851633
16638. 6404.887671387768
16639. 3773.847046332255
16640. 4992.819616548764
16641. 11059.951777657614
16642. 2285.707978430794
16643. 2736.455060208523
16644. 4313.937036110759
16645. 2532.7956073781215
16646. 1252.4455825243324
16647. 2851.3005271580914
16648. 6576.472369169265
16649. 3363.044851642551
16650. 1384.133748046759
16651. 3499.541133446541
16652. 2783.0231559987533
16653. 1034.8565141678744
16654. 3322.675894083394
16655. 2620.2958449378616
16656. 13395.053728841576
16657. 10523.8585976807
16658. 4249.216762001548
16659. 6898.097148356266
16660. 4790.96358435504
16661. 12059.467098402738
16662. 3209.200409873514
16663. 9958.12373185601
16664. 1559.4685643123316
16665. 10076.546251261134
16666. 2654.308181927952
16667. 7825.086875026595
16668. 14893.683497181011
16669. 4680.662917001009
16670. 10986.864794132614
16671. 7326.968534034206
16672. 8763.58405180951
16673. 3260.8253193354935
16674. 5305.042210251683
16675. 8531.53512552672
16676. 16668.122276689413
16677. 3941.168226195016
16678. 2132.624728266527
16679. 15178.545838247835
16680. 7785.485914316126
16681. 4761.7384887934495
16682. 1415.2487895444199
16683. 7009.628013901599
16684. 4761.2024782735425
16685. 10703.534138315339
16686. 20614.793098255963
16687. 5158.683484711501
16688. 2394.499459453876
16689. 3922.4083121561043
16690. 4237.053982211377
16691. 3899.6234567085703
16692. 6517.104437347184
16693. 12771.307771914244
16694. 12285.497058747402
16695. 12642.939282144649
16696. 8314.174853379032
16697. 2623.20650877831
16698. 2589.5007237277623
16699. 2831.9900436398007
16700. 4893.497434130097
16701. 6837.9720302509095
16702. 2682.985046401421
16703. 6861.58291738569
16704. 2084.309645135528
16705. 2370.8457592839804
16706. 16003.990572855677
16707. 3362.8637507410585
16708. 4405.07913364922
16709. 3681.3685927457777
16710. 12587.00683929641
16711. 6509.165917785993
16712. 7050.236133406716
16713. 1861.6479134874753
16714. 1196.0865939415053
16715. 19956.3026939876
16716. 6703.649648832853
16717. 9920.91545885197
16718. 3277.19936975658
16719. 5328.025533522262
16720. 4625.985981708455
16721. 3990.0924830725385
16722. 4400.897200026882
16723. 9019.572352375433
16724. 20569.460817952124
16725. 14887.280097772016
16726. 14373.366015893449
16727. 2191.3636208185562
16728. 9644.374081957572
16729. 15210.756761932449
16730. 8572.462508832816
16731. 14754.789960300033
16732. 2747.1907507166115
16733. 2487.554542965273
16734. 2191.8025518003205
16735. 3674.668363527266
16736. 9739.807961178381
16737. 3781.627663208447
16738. 7962.240329879436
16739. 6950.909648515249
16740. 7170.602296071926
16741. 6726.710810824749
16742. 6479.235950284486
16743. 5867.801813479623
16744. 8423.44233564655
16745. 11431.955091008529
16746. 3738.8035836983545
16747. 11728.247781166681
16748. 6780.137637772851
16749. 11342.272779548086
16750. 9537.096473945316
16751. 2171.9426918482814
16752. 3213.6877965526346
16753. 12241.746304202532
16754. 13072.507719824238
16755. 2393.754640198721
16756. 11642.064028514484
16757. 9009.366745942378
16758. 3905.851778815036
16759. 8938.496460494382
16760. 7111.907791118231
16761. 9383.126689889283
16762. 3820.9396336957884
16763. 7485.0640153832355
16764. 4412.45885835344
16765. 8658.23391947721
16766. 9344.583547266811
16767. 7783.025116972094
16768. 9584.286323466877
16769. 7206.663598647357
16770. 20532.765313524964
16771. 11984.480011847112
16772. 34744.88206212822
16773. 6009.321417389277
16774. 11128.567345665184
16775. 12375.532940638586
16776. 7790.199515506727
16777. 9089.995153907665
16778. 5081.173646315852
16779. 6652.786176620198
16780. 3475.7327754664498
16781. 8668.29262889616
16782. 6132.708567311673
16783. 3976.8009594771775
16784. 2865.200286218559
16785. 3109.9915827119216
16786. 12109.767709919894
16787. 5724.782890753548
16788. 3238.2764641457634
16789. 3002.647939725031
16790. 10064.465604359797
16791. 5214.200548762835
16792. 6423.669225951972
16793. 1175.5848671562533
16794. 13444.184830880055
16795. 12718.182332506303
16796. 3964.902012182957
16797. 8470.51372113726
16798. 3095.2443398451833
16799. 3986.639475815246
16800. 3663.275010373955
16801. 11731.775677242958
16802. 2743.695339937233
16803. 5088.765183287607
16804. 7040.988936619098
16805. 9051.554928900461
16806. 8185.416541891671
16807. 2338.458002750617
16808. 9606.977272685217
16809. 4375.035532908182
16810. 8349.044115665052
16811. 22041.33984792147
16812. 1733.5447400790647
16813. 3777.4354466303375
16814. 13583.390524163973
16815. 4372.457180570279
16816. 3600.281529442211
16817. 2988.9624611407803
16818. 558.6568875452256
16819. 3155.511930057006
16820. 5965.500819921958
16821. 7934.121787641674
16822. 5012.584318764919
16823. 1748.7179980497015
16824. 9895.177158034197
16825. 7757.994981389373
16826. 4169.194857190386
16827. 6862.81734696076
16828. 11518.635357907266
16829. 7622.512501782492
16830. 9804.774541414145
16831. 11104.19113557966
16832. 15673.488943556004
16833. 9262.225622708302
16834. 11099.736804682114
16835. 3495.2074554254546
16836. 11479.233400183424
16837. 17078.55123816359
16838. 2526.569268744903
16839. 5137.931852948445
16840. 3951.7282485740657
16841. 1321.9358269466793
16842. 5108.011455972217
16843. 12674.642404885746
16844. 4626.063439045789
16845. 10952.738519036371
16846. 5572.159418429513
16847. 7072.956890911135
16848. 6104.781809468787
16849. 10775.789556414466
16850. 9741.389691503768
16851. 3900.177655994362
16852. 4521.116035035408
16853. 10634.681335727659
16854. 10231.457652852167
16855. 8471.377943634865
16856. 14531.252568133508
16857. 15609.293278032057
16858. 6619.45425729385
16859. 10859.436380062885
16860. 5691.8773424596975
16861. 2907.8727041183915
16862. 4474.140100933645
16863. 8440.831270947221
16864. 6524.8192182736
16865. 5473.6249918420335
16866. 7070.70701988071
16867. 11934.748768019112
16868. 8544.3061506957
16869. 4999.240215109059
16870. 5718.278970245819
16871. 2232.573180406218
16872. 5963.683857224137
16873. 2696.843633527194
16874. 7202.190367450852
16875. 3913.354932748937
16876. 1624.3803361756204
16877. 2594.981265934189
16878. 2981.9347527950663
16879. 3989.593564012887
16880. 7303.713231121519
16881. 16535.113116468776
16882. 5806.580114424522
16883. 14117.87558809223
16884. 3675.4515083187553
16885. 3402.478175150877
16886. 515.9682432088945
16887. 2380.344251516014
16888. 4584.788753159438
16889. 1794.2003481714526
16890. 3445.0969317434265
16891. 5963.423114770692
16892. 5489.602778433715
16893. 3185.5555637200987
16894. 5264.677518696743
16895. 3462.081898245488
16896. 10630.33124566948
16897. 10635.56698124358
16898. 2507.610096990351
16899. 6174.170967038714
16900. 10774.705742905233
16901. 11559.754738210177
16902. 8256.095569372126
16903. 6496.3008672184715
16904. 3861.8798618950495
16905. 4003.854687649653
16906. 1657.600891767707
16907. 2604.500012922845
16908. 4280.528351457408
16909. 3806.0874845218596
16910. 4396.055149348862
16911. 2331.765746762626
16912. 6468.739391347294
16913. 1312.997718420741
16914. 3930.769682584581
16915. 1679.369513126933
16916. 3438.2908722203033
16917. 1781.7255335853088
16918. 2474.639341321111
16919. 4918.040348228582
16920. 538.6494543864113
16921. 6540.104995121744
16922. 3424.8006614091914
16923. 2984.9522141771236
16924. 4648.287090192243
16925. 2957.3112961877055
16926. 3624.359546297566
16927. 7386.966931576839
16928. 9038.732160077767
16929. 7243.521310884094
16930. 586.9553627944675
16931. 6687.358579960619
16932. 3072.357018619666
16933. 8825.277219173191
16934. 3956.289095355079
16935. 2897.451869610777
16936. 4336.923174468793
16937. 4815.41504042331
16938. 3810.416803503862
16939. 23835.13988310236
16940. 2904.05111943345
16941. 3669.3084703029913
16942. 9117.257102227304
16943. 2581.852666149462
16944. 7420.685027521068
16945. 4876.46344649516
16946. 5658.4252546501675
16947. 6971.394279912953
16948. 2420.0896806253645
16949. 2253.7604735132836
16950. 7913.083583615244
16951. 5850.618986324531
16952. 4994.4634508710105
16953. 12199.213485972597
16954. 7502.549526871246
16955. 7510.565806036997
16956. 15990.416271641941
16957. 10767.354360679816
16958. 15269.120693174411
16959. 5475.209554516901
16960. 6975.270571926962
16961. 4330.518939747629
16962. 7954.4847695698545
16963. 11347.12913263827
16964. 10094.724829969942
16965. 3528.1918376192953
16966. 3660.616632783081
16967. 3913.1161465744726
16968. 1730.154743861158
16969. 6689.140267168846
16970. 12976.293834542263
16971. 7916.431693737747
16972. 4968.45317591351
16973. 293.0591743238353
16974. 5346.467285443851
16975. 12531.741353209045
16976. 5652.400702690465
16977. 11253.335083303977
16978. 12108.464892868824
16979. 3962.0128286991076
16980. 5730.540221860832
16981. 9908.762381272272
16982. 9780.330144354279
16983. 5968.472323207097
16984. 14463.968980119736
16985. 7540.868249212759
16986. 4860.834058583284
16987. 3474.9293558095037
16988. 3108.6310383012737
16989. 14475.69382648652
16990. 5911.90269993117
16991. 6454.040058110221
16992. 3104.9424389550536
16993. 3298.3550969993503
16994. 2752.492594559692
16995. 2459.3929152731776
16996. 5859.319746146933
16997. 7312.553588445913
16998. 4612.033622424575
16999. 1438.385796122189
17000. 7317.089721643007
17001. 12863.359607802398
17002. 10410.144881694201
17003. 4951.058784101024
17004. 13024.951497288115
17005. 6585.167107152477
17006. 4587.681037298921
17007. 1902.676283709408
17008. 4946.333564371976
17009. 1903.3503058963308
17010. 3594.2404434094424
17011. 6666.932587348748
17012. 4385.157398373277
17013. 4047.748691580834
17014. 5524.419041888961
17015. 4734.760912386936
17016. 12802.195519966872
17017. 3925.0196382740223
17018. 3296.372380991575
17019. 3202.114748774525
17020. 5509.089553653591
17021. 6608.9681967474735
17022. 5181.6932862118465
17023. 4796.657606409445
17024. 2337.7051576075714
17025. 6847.521579606805
17026. 15744.493934410806
17027. 4098.584247422068
17028. 7614.9831966168795
17029. 15556.169870232643
17030. 8783.123628808962
17031. 4096.657614735017
17032. 6397.103158715786
17033. 3935.268029834431
17034. 3362.591785970442
17035. 5530.453478001778
17036. 12653.121999850884
17037. 7818.245826555626
17038. 2302.7036539288056
17039. 2664.3839302168753
17040. 9568.17286704575
17041. 3571.932920268668
17042. 6853.190227412599
17043. 8439.769324542434
17044. 5226.033772309384
17045. 11752.060329576674
17046. 8603.79057151955
17047. 5526.607034698939
17048. 4765.6778680515745
17049. 11326.409462380872
17050. 14065.393570752158
17051. 17561.519752978453
17052. 5016.755574783583
17053. 11305.052293789251
17054. 9104.919889751416
17055. 3170.193050938219
17056. 1679.1641904593976
17057. 13894.21160459016
17058. 5696.773005848881
17059. 2369.6684867688964
17060. 1286.323718887689
17061. 6545.388883846766
17062. 1888.1838614373266
17063. 1371.902534617016
17064. 10293.295433131514
17065. 14559.836866670985
17066. 10991.68927315155
17067. 3795.905929462796
17068. 12395.89781839161
17069. 12623.010707971862
17070. 6700.255156013969
17071. 3597.0671953889887
17072. 2151.444207458967
17073. 9371.227897772063
17074. 11175.108535478264
17075. 4028.5838338526287
17076. 8770.178343248908
17077. 8495.072574028849
17078. 8418.469749874357
17079. 7606.774897793459
17080. 5011.562048621947
17081. 2090.4922894862143
17082. 7013.168523090545
17083. 4676.330068345423
17084. 2201.5944948752162
17085. 7912.332938183796
17086. 5753.902404321984
17087. 8278.079437827275
17088. 25538.775971142022
17089. 828.3885958192787
17090. 7951.073853893641
17091. 2544.2978690283767
17092. 8375.873100645054
17093. 8350.032642828863
17094. 3515.3484816938817
17095. 12717.454341068971
17096. 12837.232995512446
17097. 6629.785056438422
17098. 8863.356129274553
17099. 3073.4484651848406
17100. 10350.777834280854
17101. 4513.533666859619
17102. 10242.749237902372
17103. 7576.461751267029
17104. 3987.6414553814047
17105. 6708.726896267015
17106. 5183.4842869850245
17107. 4489.166707823404
17108. 3859.7055815497024
17109. 2540.8691057542133
17110. 7286.158681934886
17111. 4099.995827844895
17112. 3541.695134710829
17113. 3651.5524512528177
17114. 2595.0838939295545
17115. 2181.166658899924
17116. 5146.252776262064
17117. 5635.758222165851
17118. 10980.175504657818
17119. 5492.2586885864475
17120. 8191.374772666149
17121. 9996.367036325482
17122. 8125.758787422842
17123. 11124.965681129639
17124. 6292.291746780112
17125. 9499.580458155902
17126. 9224.793617807352
17127. 8834.615512340999
17128. 16557.731291280623
17129. 5825.614526133685
17130. 9491.736575374043
17131. 6252.74795994555
17132. 6472.377427615874
17133. 9245.469729921799
17134. 9161.774114762868
17135. 8298.29812161248
17136. 10337.799744991204
17137. 7340.740394625089
17138. 8272.851717897973
17139. 10465.314134209882
17140. 4324.518125810008
17141. 14756.612482521623
17142. 1652.8102731968327
17143. 6726.878529553819
17144. 21450.40117854844
17145. 7544.4675852553755
17146. 846.3583491475778
17147. 3979.1882659633497
17148. 4410.377438605911
17149. 16528.892740454663
17150. 13072.50644467792
17151. 5588.754443852175
17152. 6258.924724464619
17153. 7085.512470052913
17154. 6818.384534237307
17155. 4250.604613359236
17156. 6483.83918933968
17157. 19369.113473030437
17158. 10582.452492630258
17159. 1702.331723347424
17160. 10872.13703832038
17161. 8952.081701919686
17162. 6940.720589105712
17163. 5439.732903572005
17164. 7849.950412308963
17165. 7128.748836427248
17166. 11302.35327999141
17167. 2082.014534924862
17168. 5135.7944227278085
17169. 6127.497081641456
17170. 10852.783169222952
17171. 9630.453485211685
17172. 8863.290897565748
17173. 3100.890456099326
17174. 9411.619983450533
17175. 19385.262469982874
17176. 2945.5313056158834
17177. 4301.9294228346
17178. 5692.405383290303
17179. 22663.632801103056
17180. 2025.7533075263652
17181. 5605.4473866173985
17182. 7441.752083008598
17183. 4396.521614510344
17184. 3444.778146905058
17185. 3546.984926711212
17186. 4742.091409656125
17187. 17757.762676547656
17188. 6157.765068451356
17189. 6872.602438667338
17190. 5227.356887886462
17191. 11741.913701957073
17192. 3748.048022876529
17193. 5518.869672867022
17194. 8035.3816159620565
17195. 6007.443490200813
17196. 2486.164344696286
17197. 2709.777974005804
17198. 3326.81544136048
17199. 3063.795381704781
17200. 4759.549421853431
17201. 8387.253115033276
17202. 6246.415445648307
17203. 4380.25314519016
17204. 6218.81770146172
17205. 3698.0406874688433
17206. 11430.030818882626
17207. 4259.090010454781
17208. 3243.7711118116504
17209. 10051.790996639438
17210. 11518.921398667415
17211. 8137.50657726848
17212. 10892.782805399363
17213. 11063.371068819155
17214. 11388.561545572118
17215. 1412.9512792801418
17216. 6518.7240064928965
17217. 3446.530709249877
17218. 5107.000625979779
17219. 6078.9836732803615
17220. 2854.7452751388328
17221. 3616.7019807279944
17222. 4851.026699609516
17223. 14307.703970625314
17224. 2715.021627665352
17225. 3822.117369896743
17226. 1365.8308583403282
17227. 10114.069877648395
17228. 9019.171197031146
17229. 4993.16515049402
17230. 7794.041456583885
17231. 3153.8650267325265
17232. 6193.240997841414
17233. 8226.226679482024
17234. 13629.706842307985
17235. 3473.0737720404622
17236. 7078.66313734295
17237. 6656.622802994108
17238. 5644.428946655733
17239. 12966.470973664176
17240. 21540.278867534846
17241. 3541.6725288022267
17242. 11775.429602311493
17243. 18308.7497369634
17244. 4590.3857419739115
17245. 7575.494746986579
17246. 11811.306141485566
17247. 4228.528577755604
17248. 12742.144021166743
17249. 15216.854144427678
17250. 11035.05931696867
17251. 2908.8756935200145
17252. 8847.779138823413
17253. 10196.319541645791
17254. 4311.05432454991
17255. 1637.4582213684098
17256. 5285.785785097369
17257. 7324.640557080214
17258. 9613.075879217418
17259. 23387.586052847466
17260. 2366.250962015595
17261. 9498.160340413993
17262. 9385.890566647886
17263. 6349.815725700955
17264. 8330.343217526954
17265. 8977.391508068427
17266. 6016.479611507624
17267. 9889.479083309481
17268. 4430.956193978732
17269. 3420.4073730908444
17270. 6790.75443124607
17271. 10414.59107464466
17272. 12565.219847275117
17273. 10961.153143850377
17274. 9243.047075560442
17275. 11542.400127410061
17276. 37068.53749268631
17277. 9736.172773425329
17278. 8214.872152591479
17279. 7218.147132569105
17280. 5934.699144414793
17281. 5507.778608047944
17282. 20602.753801072973
17283. 10199.176177569583
17284. 14743.867084986283
17285. 6994.573911824563
17286. 2682.127860420542
17287. 3674.3955478541448
17288. 9814.759717247754
17289. 14167.51395851525
17290. 4428.812147178484
17291. 2026.835434971445
17292. 10118.753715703344
17293. 907.9956626187571
17294. 1569.4317959414423
17295. 5336.909424007682
17296. 5061.873760747741
17297. 3073.444646858448
17298. 5061.314793447859
17299. 2423.7972535805466
17300. 668.3289478064344
17301. 4947.329473716087
17302. 2331.8937153871902
17303. 691.286511856726
17304. 1151.337398694604
17305. 1621.4299786166814
17306. 1523.7763661440529
17307. 1222.3430982895
17308. 958.8136931701612
17309. 1594.8894545663713
17310. 1813.150506603937
17311. 904.256477771381
17312. 1634.2133771966933
17313. 2921.9349264458897
17314. 2073.5054409888407
17315. 3243.4127163682433
17316. 3139.179786161387
17317. 4478.249193541362
17318. 4063.7514859091693
17319. 5644.980232388945
17320. 31759.445402533307
17321. 3316.301239125902
17322. 3198.503124234904
17323. 11509.386704617124
17324. 6084.736439144575
17325. 4037.06198051198
17326. 21411.61878632151
17327. 4752.892001831522
17328. 6217.616839956332
17329. 2082.714732536223
17330. 10008.100323210258
17331. 3925.9102133975216
17332. 5743.339600291222
17333. 6789.690177651523
17334. 3352.2298168959865
17335. 3777.2724770420086
17336. 9884.437170440939
17337. 3419.1544411356795
17338. 7440.6469243409465
17339. 5031.802244467612
17340. 13570.38929487806
17341. 7790.464977421167
17342. 4913.026955836488
17343. 17575.420724533178
17344. 10709.167228492995
17345. 7713.275747991452
17346. 2372.9158950819406
17347. 17584.104410517488
17348. 9478.560125269898
17349. 12894.0477445056
17350. 7655.971133223272
17351. 5486.5884025403575
17352. 6269.838276917293
17353. 15542.916230288065
17354. 13085.396929453478
17355. 1281.617342599622
17356. 859.5280201377619
17357. 698.8516822522411
17358. 2431.715705737327
17359. 4610.004889394442
17360. 682.8659574501088
17361. 19268.106153450117
17362. 1450.3121109638369
17363. 8007.721556370694
17364. 5305.696430503032
17365. 4886.773942657794
17366. 3070.79796959436
17367. 9994.952930316931
17368. 2594.8016242009357
17369. 7125.042420979396
17370. 11213.638324768777
17371. 3019.268523691782
17372. 4499.336501854252
17373. 5460.067426995521
17374. 1810.3396438455645
17375. 3962.3955969716376
17376. 3750.1193559780972
17377. 6211.685507374951
17378. 4515.230175567372
17379. 3961.7580874380587
17380. 3535.9448357317997
17381. 2443.8770974913173
17382. 6081.467273259227
17383. 3830.1543192878
17384. 4564.227307922309
17385. 2861.3848955384474
17386. 17326.694965700073
17387. 1626.8366096051034
17388. 6292.486694809146
17389. 6533.567818617323
17390. 2541.442632020386
17391. 2791.1059818814756
17392. 14155.18866922208
17393. 19307.16864299906
17394. 4115.486279685142
17395. 5033.655696946684
17396. 4165.440870400985
17397. 3855.3190380458336
17398. 9698.492687257776
17399. 15215.028010393215
17400. 11822.725194383407
17401. 4701.7642226756425
17402. 10243.434493460385
17403. 4727.838362929678
17404. 23858.47576602383
17405. 10867.423240007482
17406. 2066.767135896782
17407. 7766.783789042922
17408. 7126.012788353724
17409. 4322.28813746168
17410. 7059.465373237885
17411. 1783.2611363503981
17412. 7517.420356129085
17413. 5159.250196894172
17414. 5721.742135297202
17415. 3160.0649329724806
17416. 12265.85415131704
17417. 3387.404438390226
17418. 8239.286827229484
17419. 8081.831621026651
17420. 8022.66566816244
17421. 4467.434694037801
17422. 18672.296433163352
17423. 10606.07247896742
17424. 7770.453099259418
17425. 5464.039512507352
17426. 9709.377343180611
17427. 6504.143098864171
17428. 7914.690463600076
17429. 8577.519912561942
17430. 3617.214747884068
17431. 2844.5431022894422
17432. 5927.248125300429
17433. 9990.368944191167
17434. 3174.9998393003666
17435. 11710.387959796
17436. 2946.3132256608123
17437. 11675.622111647317
17438. 4785.368424323277
17439. 7438.411901043333
17440. 5385.079690738937
17441. 3564.6189548071475
17442. 5049.281934613159
17443. 5169.032782268866
17444. 6023.433889092982
17445. 11579.399555746804
17446. 9660.240409330878
17447. 7868.444256682421
17448. 4358.285083785923
17449. 5963.013938210893
17450. 4344.8411953276145
17451. 3372.612049937111
17452. 12199.4503114848
17453. 9435.568800123865
17454. 12948.377846860541
17455. 5269.5231146869255
17456. 12196.083850621744
17457. 3367.7686638787286
17458. 2549.527398985061
17459. 9341.550667139078
17460. 5040.638979295408
17461. 3854.6531595272127
17462. 9395.699966347533
17463. 6024.4945617885605
17464. 16116.722370123272
17465. 6467.632057355572
17466. 6386.430508156833
17467. 16977.95925823084
17468. 4212.642002152798
17469. 14592.31437617911
17470. 8843.342664461912
17471. 11111.841415376331
17472. 2512.742699098664
17473. 12329.600871159937
17474. 7086.386169970112
17475. 6500.739581118306
17476. 4386.84710922697
17477. 8485.315143463053
17478. 2453.2559862333965
17479. 3811.053537034704
17480. 3166.3001038651587
17481. 24685.130679297432
17482. 5229.943325751176
17483. 6213.1426775867185
17484. 8043.460578613409
17485. 4183.023596836768
17486. 9347.337751096833
17487. 2108.1651048513722
17488. 5109.227284232861
17489. 4334.489190379057
17490. 5144.105545632519
17491. 6631.492944550111
17492. 1933.083980780959
17493. 3357.8289123481773
17494. 10696.19639877699
17495. 4522.449397936947
17496. 4138.655590936648
17497. 9002.064061582952
17498. 5821.2761481165735
17499. 9689.289966848757
17500. 5714.180641171374
17501. 8423.661792879177
17502. 5269.721462998279
17503. 6109.960640419921
17504. 4500.755251998879
17505. 14312.786144632137
17506. 2463.448743548752
17507. 2659.317790031106
17508. 5221.518068891737
17509. 4796.739349972261
17510. 6042.679764389661
17511. 7708.568157723335
17512. 3660.759724245231
17513. 14008.73306469868
17514. 2267.220052054442
17515. 2673.3758553955954
17516. 2488.4203906011794
17517. 7539.95173521798
17518. 3246.112596783436
17519. 5392.7825798534095
17520. 1988.3672691800525
17521. 1368.515873457273
17522. 3162.2697993962547
17523. 7500.649873987378
17524. 12274.042676412202
17525. 8551.824078452932
17526. 7181.942323064432
17527. 12024.733216813444
17528. 8674.203734022234
17529. 14547.532608699514
17530. 6386.864560800841
17531. 13615.786591179738
17532. 8147.432667432162
17533. 3772.6767144225646
17534. 3117.8814875464086
17535. 12335.415815286658
17536. 12010.13987623258
17537. 1906.9120928380732
17538. 1321.3253505517189
17539. 3607.553234111891
17540. 3707.5695599083847
17541. 2011.5379473605892
17542. 5404.690808591855
17543. 2034.4667957544052
17544. 6983.213167755419
17545. 14507.904122779897
17546. 7312.621692885308
17547. 2338.3279670353645
17548. 4004.380260475953
17549. 3074.0965867736663
17550. 3554.131230150009
17551. 3953.312127857098
17552. 3315.07043478186
17553. 6490.661121868954
17554. 3000.6958037066015
17555. 4557.102707456349
17556. 4051.0376012443235
17557. 3500.053754793406
17558. 3838.9342511843392
17559. 5478.616301683864
17560. 4803.1132816949175
17561. 5627.358930364109
17562. 8798.988056157057
17563. 2159.201215162262
17564. 4235.494723854876
17565. 5868.285216041994
17566. 12753.179142127661
17567. 6326.828152432365
17568. 9227.734597476048
17569. 3721.4948378970967
17570. 5110.408178423875
17571. 3350.47737173302
17572. 7839.711204889853
17573. 2974.7522521621295
17574. 8472.021989455332
17575. 6662.742709236317
17576. 1685.709040069046
17577. 9659.752749336647
17578. 4055.7785306835644
17579. 6344.786266202234
17580. 4390.9353231363975
17581. 1107.6388148976632
17582. 10337.650623932705
17583. 4505.474275102098
17584. 906.2851324605681
17585. 14641.760729555215
17586. 4042.9123693128795
17587. 4366.9979712425275
17588. 7747.835584280354
17589. 4521.485529175657
17590. 8652.295948177725
17591. 2875.292094662075
17592. 10467.054837746353
17593. 13858.702570731775
17594. 5372.40719542807
17595. 12477.43519227533
17596. 2491.5900144073635
17597. 8964.484530636382
17598. 2851.044163501498
17599. 5295.296363774796
17600. 2021.3269154021175
17601. 4382.005093332929
17602. 5286.8417881830765
17603. 7820.77407306084
17604. 3468.941374951661
17605. 3719.6716533610684
17606. 10836.112527341576
17607. 829.590571364565
17608. 1859.6411959207014
17609. 3026.1930220406334
17610. 1789.7735557151914
17611. 9813.189783751035
17612. 7762.735177911879
17613. 3968.656289735006
17614. 9554.004378591797
17615. 5877.658307256822
17616. 4705.36966592959
17617. 3979.4810748039317
17618. 1708.348458537685
17619. 4590.1634702499005
17620. 6260.400928993018
17621. 1778.0629175182123
17622. 4232.796446907722
17623. 13637.822267601177
17624. 4015.961664560643
17625. 1599.9558324339873
17626. 2594.628451352031
17627. 1454.3090805267939
17628. 9745.861292469575
17629. 2443.5618788580396
17630. 2150.9158864239366
17631. 2613.908625589608
17632. 2435.5271447376845
17633. 4332.812103352253
17634. 3309.0709083472143
17635. 3884.4939921371747
17636. 2260.3533650782383
17637. 6503.213967517767
17638. 4349.25464667857
17639. 2623.9395497837672
17640. 4319.771445879954
17641. 1663.636519402987
17642. 4229.895575429592
17643. 1592.1916568061708
17644. 8842.794954910041
17645. 8144.191513873676
17646. 7134.549848678006
17647. 12900.354749634682
17648. 11045.297634402214
17649. 4821.751413072849
17650. 11435.956596971622
17651. 10238.884168285882
17652. 2804.8921698336594
17653. 4822.7540009021595
17654. 3355.1768004888295
17655. 8081.922065053667
17656. 4852.038223232135
17657. 9731.472611883475
17658. 3955.295433124764
17659. 3697.9918914479795
17660. 4444.576796175915
17661. 9513.22315531583
17662. 11468.821292539033
17663. 3969.920134281771
17664. 7562.930046473343
17665. 6451.348911577557
17666. 9381.169895125355
17667. 5105.705536279303
17668. 3320.0544312480242
17669. 3049.0565421732776
17670. 5534.674939198446
17671. 6178.144492591677
17672. 9547.66282299373
17673. 7000.447542758604
17674. 7435.055533888642
17675. 2353.5063128420375
17676. 10933.638276327169
17677. 2412.2969263653504
17678. 9628.128824322082
17679. 5340.681390022946
17680. 6273.193248418603
17681. 12006.166358074848
17682. 2594.7193855735873
17683. 8090.835283054777
17684. 3115.1211664039356
17685. 1578.213808191388
17686. 1823.9619650175705
17687. 9583.915508126483
17688. 1979.9258209388884
17689. 8185.19104764919
17690. 896.4538863969707
17691. 2849.3258506313964
17692. 3387.2974706813247
17693. 2452.9625993867885
17694. 2709.924282070522
17695. 3165.6061992607365
17696. 3284.723151506807
17697. 3318.6243190349182
17698. 7421.857209911682
17699. 5122.514003357579
17700. 4919.536163452921
17701. 6598.679016747948
17702. 4591.012215764581
17703. 2674.504284756439
17704. 2070.771763823667
17705. 4821.527588312188
17706. 3655.1899576162436
17707. 6805.6105736136205
17708. 755.9875026643805
17709. 570.6792708679116
17710. 6942.498001505825
17711. 5202.42029836353
17712. 6572.659334872652
17713. 3322.7427321304317
17714. 6553.103089089447
17715. 10024.494089299516
17716. 3493.6171153832556
17717. 6341.273153206
17718. 7719.728585196813
17719. 10675.62882447427
17720. 8028.611705542537
17721. 4485.855408135713
17722. 4816.4358584314805
17723. 4106.874281352662
17724. 11631.915824157524
17725. 2024.25866849604
17726. 17237.5651214423
17727. 7274.58990599291
17728. 6651.159515993674
17729. 18311.530956082977
17730. 1949.884233058727
17731. 3859.3471475413157
17732. 11323.984404565981
17733. 6055.203113476402
17734. 8290.863281726453
17735. 4795.840672362675
17736. 9464.861713603328
17737. 2182.787012780109
17738. 7816.94579079447
17739. 5136.268000129914
17740. 10601.58348427955
17741. 5535.923077139557
17742. 12346.727663808755
17743. 6528.142475810926
17744. 1678.9403684245742
17745. 8819.184752618601
17746. 5706.907915259792
17747. 2132.855125293268
17748. 3211.562659844004
17749. 16793.288128950935
17750. 5249.903197453397
17751. 9603.430351419895
17752. 2688.2360049270787
17753. 10984.608959188574
17754. 3008.56073380282
17755. 6945.685109082368
17756. 5576.1947671250055
17757. 9792.642213605017
17758. 6103.852795173526
17759. 14423.900612244566
17760. 8623.147918700344
17761. 4452.458947210139
17762. 9581.850824266205
17763. 3075.3458009315796
17764. 2717.368334434205
17765. 6566.60875445367
17766. 8414.134080192642
17767. 9062.389407418514
17768. 3080.0868826959895
17769. 3482.0273245406024
17770. 6432.099850006191
17771. 8667.682175712387
17772. 6246.93772269617
17773. 1493.4267012328091
17774. 6946.858392029854
17775. 2125.9006199347186
17776. 2895.926285581787
17777. 2567.8232122262907
17778. 4928.766898462188
17779. 4137.888386524291
17780. 7809.3718613576
17781. 3033.870317587964
17782. 5365.133082733647
17783. 5515.588991895796
17784. 11207.443749250815
17785. 6925.297292241998
17786. 5760.076113736423
17787. 10474.638492540795
17788. 3796.7203787262124
17789. 5589.95044589151
17790. 6669.405262770812
17791. 6578.345982027243
17792. 8834.074431808232
17793. 5295.282318465805
17794. 7111.228008092139
17795. 5279.085960090665
17796. 3777.0479625689572
17797. 3205.213785019794
17798. 3767.2156193925653
17799. 2598.530377698802
17800. 4955.365991110482
17801. 2624.036980724508
17802. 2922.092893871091
17803. 3840.417065666414
17804. 3849.182450167618
17805. 4076.797759268134
17806. 9910.339041566951
17807. 8019.343406215576
17808. 4110.513504808721
17809. 9807.378611586566
17810. 5158.491990664296
17811. 5261.947737961252
17812. 6091.790105306185
17813. 4931.0744417772
17814. 3555.635955277218
17815. 6787.5918918051375
17816. 2749.3417166897702
17817. 4150.042768834672
17818. 4525.307101966108
17819. 2751.8632906661715
17820. 13355.266247067177
17821. 2599.567547795476
17822. 8096.767270010642
17823. 3073.584336326258
17824. 1696.1703799311972
17825. 4000.3674686255467
17826. 3386.2769603044694
17827. 2714.4811095318346
17828. 3369.0096905445416
17829. 4098.554719150201
17830. 8203.401162659462
17831. 2424.626347853839
17832. 3204.5848413004196
17833. 4702.001256790326
17834. 4771.154058089374
17835. 4146.517883674267
17836. 5868.694130259955
17837. 2403.1311180559023
17838. 12301.34248069402
17839. 5872.74373055019
17840. 10464.141108855449
17841. 5374.171506777544
17842. 3103.2573952912694
17843. 14959.09645425105
17844. 7321.103218741567
17845. 5259.00379447935
17846. 6760.058844141526
17847. 2453.008247037368
17848. 13386.211898995807
17849. 12148.448436324565
17850. 3483.5438013038474
17851. 6091.166229851434
17852. 10536.403359376702
17853. 4826.5004596400595
17854. 5998.581543348975
17855. 3591.5300832460784
17856. 2007.5481035943321
17857. 5362.758840718519
17858. 1748.83945749728
17859. 1804.115497909085
17860. 1758.3504478243844
17861. 5475.773357490912
17862. 3574.4626128788054
17863. 1683.1766351586782
17864. 4821.911916333266
17865. 1211.384121431254
17866. 11065.494214763421
17867. 7894.6633626443345
17868. 7706.403179409234
17869. 11645.402355959333
17870. 3518.8141813487305
17871. 9508.257617853755
17872. 9414.680272899379
17873. 37973.07023240554
17874. 3756.677507383499
17875. 7570.47403432677
17876. 9036.67290017361
17877. 2911.682826699675
17878. 13482.134179572608
17879. 11782.935327923817
17880. 7218.085016237367
17881. 7060.506614540894
17882. 6526.573571557027
17883. 6646.2314105967
17884. 8579.244204351593
17885. 7464.926793382431
17886. 10854.62300028272
17887. 2817.4431997681
17888. 5067.541308143202
17889. 15852.470685466047
17890. 3079.3901533170606
17891. 14877.789586399707
17892. 20020.81105058708
17893. 6685.997139217356
17894. 3906.130892513966
17895. 9997.344392588366
17896. 3413.1860351972086
17897. 10425.941030190117
17898. 8000.585808307153
17899. 11672.958296738987
17900. 3656.31665382646
17901. 7195.777826090998
17902. 6293.384250965263
17903. 3877.6493457364695
17904. 9234.378025466009
17905. 9182.195145942733
17906. 8031.33054614897
17907. 5806.690738238648
17908. 12937.815800648783
17909. 13189.621253193995
17910. 10474.955835275168
17911. 12817.941839664603
17912. 6313.955334598978
17913. 7132.314663875695
17914. 13596.785758275637
17915. 2381.3257986319168
17916. 1333.0019190674946
17917. 20473.85785191771
17918. 12878.813753573782
17919. 3748.0136011872746
17920. 10492.81934241347
17921. 10732.647388135889
17922. 16825.036156627597
17923. 19753.75356055549
17924. 7548.216492532847
17925. 8371.36621619176
17926. 10715.03204102417
17927. 3913.1014367632188
17928. 10354.65591265403
17929. 10244.197603065357
17930. 12053.372030307566
17931. 8049.663550894372
17932. 3616.332842384032
17933. 2550.158641308621
17934. 4165.18913473186
17935. 2300.0865159742657
17936. 2786.2133032785378
17937. 2674.9210746802232
17938. 2909.1445338809503
17939. 4853.273919896286
17940. 7160.728589947107
17941. 7427.280779596937
17942. 11736.018877409795
17943. 10398.07890697183
17944. 7751.153071438793
17945. 12226.627581623885
17946. 14251.978366933501
17947. 8540.20067536541
17948. 14823.80112476635
17949. 9127.198093325014
17950. 5140.617701247963
17951. 14256.161279261392
17952. 7471.598059953013
17953. 12386.260103459019
17954. 19267.551905292625
17955. 11222.725313478362
17956. 5980.607899162689
17957. 6412.562127619823
17958. 16392.162081819763
17959. 5459.531919083183
17960. 5422.134264736309
17961. 4379.6723817599095
17962. 3998.6291245527314
17963. 9615.435717776276
17964. 3349.1953006178737
17965. 2119.407207448824
17966. 4150.042268332185
17967. 4870.91238182233
17968. 10495.744428273118
17969. 6718.201799834719
17970. 3069.947968434827
17971. 10840.269155989854
17972. 8346.709464287149
17973. 11226.659264410266
17974. 2302.393588814566
17975. 9607.276662357457
17976. 4490.878856288329
17977. 3244.9797309437863
17978. 3730.8496780582786
17979. 8557.99624736242
17980. 5197.001215468091
17981. 6045.237022737391
17982. 3967.4197595763076
17983. 9355.30114204891
17984. 8212.576929551082
17985. 3890.118686381779
17986. 8793.532742000298
17987. 8756.451177507202
17988. 4349.961012615544
17989. 6708.644419393109
17990. 6824.652327139426
17991. 2645.6431244342716
17992. 3530.1141487459336
17993. 13859.51938775847
17994. 2555.8338325104414
17995. 8392.14234425711
17996. 4725.794824709063
17997. 2381.235831047401
17998. 2259.602666649583
17999. 3134.2612445818254
18000. 5068.0778752566175
18001. 4312.702910844925
18002. 6563.804387541714
18003. 2541.226238094486
18004. 8258.274597672698
18005. 4174.297651984213
18006. 3890.294625829346
18007. 2033.8787572593671
18008. 3526.2483904193937
18009. 10096.609501348667
18010. 14723.852029918635
18011. 2649.499052449087
18012. 6691.074758195459
18013. 4079.4532042339665
18014. 4384.608870406027
18015. 8806.010052498325
18016. 2237.3833853413444
18017. 6343.703385970418
18018. 4586.072831589756
18019. 4663.937066165834
18020. 1846.3146150548066
18021. 4782.853306791033
18022. 15280.231588453707
18023. 6642.708955654047
18024. 6183.298269924498
18025. 5912.62491535472
18026. 11855.825304606104
18027. 5519.072986670237
18028. 4008.5519892023376
18029. 4703.398996703034
18030. 2190.560040471893
18031. 3460.475044629999
18032. 3126.0459127501813
18033. 4219.133198998255
18034. 4634.988515268991
18035. 8683.127374684833
18036. 7462.34453825567
18037. 10962.005791583639
18038. 6324.8786975759795
18039. 12397.679211729628
18040. 4128.913288374245
18041. 4590.955760918329
18042. 5055.269183215557
18043. 2658.9319516622313
18044. 9421.135373549223
18045. 6421.058735171125
18046. 5634.357909556391
18047. 10785.546155142745
18048. 20509.372689657503
18049. 8321.3508574049
18050. 25138.28263053112
18051. 6759.63394401067
18052. 5684.813801226029
18053. 4076.025248583063
18054. 10762.131490418644
18055. 6068.391244628848
18056. 13245.887801709483
18057. 547.2703657391921
18058. 2082.225437570917
18059. 4912.313113946109
18060. 9126.358195167026
18061. 9799.290574799708
18062. 5392.864893777991
18063. 226.5324722551523
18064. 1924.834448999078
18065. 351.3398337246387
18066. 10476.501958003968
18067. 13742.568946979432
18068. 3190.8410218120734
18069. 6174.246800462921
18070. 5290.44720186918
18071. 6834.329461636136
18072. 7676.657656048196
18073. 5386.66301357605
18074. 14812.902137609013
18075. 1952.4259321110235
18076. 3464.2013218841553
18077. 5078.926556004426
18078. 7434.64920933216
18079. 3472.050823895683
18080. 1868.8182537825314
18081. 1576.0484895968175
18082. 1635.8034613871196
18083. 6735.479589129507
18084. 4764.540260665475
18085. 6852.657098156383
18086. 8032.240175673425
18087. 11292.414365132609
18088. 8840.278954620304
18089. 10875.399618415844
18090. 4410.788673148192
18091. 3399.02828416666
18092. 6008.642467663257
18093. 6314.3635247002785
18094. 7907.99284039394
18095. 4986.959135703615
18096. 12272.359423919634
18097. 4731.13686199224
18098. 6763.073871081755
18099. 12352.169852543007
18100. 4591.226973380883
18101. 5980.557878223186
18102. 2062.2773861895007
18103. 9198.906332589368
18104. 2035.7727842745285
18105. 3772.8884742563123
18106. 5231.916776864135
18107. 5083.0614429811485
18108. 12074.931638530563
18109. 8361.057916839209
18110. 6040.712628278237
18111. 6285.572437800139
18112. 15111.478127863182
18113. 2602.7832863638773
18114. 8281.527523697632
18115. 7160.32702535681
18116. 10298.623523802786
18117. 6767.94707136833
18118. 2654.801169216322
18119. 8371.196200762142
18120. 9358.208868196323
18121. 10258.244101517297
18122. 17569.55138181921
18123. 7171.549122242498
18124. 6405.223046394355
18125. 6168.3254678385065
18126. 3679.9645520600898
18127. 5798.438376195707
18128. 5579.570835344694
18129. 2614.6993770115782
18130. 3295.304437779544
18131. 4326.794548067953
18132. 4623.456163751947
18133. 10775.93921490438
18134. 10813.887651466614
18135. 23411.01640562974
18136. 1020.9622067557079
18137. 9271.48068924858
18138. 15045.426941193835
18139. 3092.848924807679
18140. 4543.441459860007
18141. 2814.1439913250156
18142. 646.7457242380149
18143. 2458.8635622035963
18144. 4697.162266099222
18145. 5733.307109051336
18146. 14485.65220220527
18147. 3257.9849897337253
18148. 2390.2240478028266
18149. 4437.8115582392265
18150. 11444.056821047396
18151. 1183.026857925795
18152. 3813.0849875930085
18153. 10977.560892827114
18154. 4367.600236612174
18155. 5915.803474918545
18156. 4944.8203029771375
18157. 15276.496287954022
18158. 7113.8466811107855
18159. 7390.524431064261
18160. 7864.778730913228
18161. 6798.542933250677
18162. 12298.102878516833
18163. 3886.528584089815
18164. 9084.902931344523
18165. 12507.656767234368
18166. 7352.89285415173
18167. 7347.465524868168
18168. 9150.224303184654
18169. 1742.8824350577495
18170. 1741.8089792412213
18171. 1396.3070874198015
18172. 4193.750750291346
18173. 4164.492900811849
18174. 9542.948404992396
18175. 5247.916737288261
18176. 14648.815511572686
18177. 2293.0528562347317
18178. 3972.09789694691
18179. 2699.050542755537
18180. 2032.7580704473403
18181. 7014.899869691062
18182. 1679.8244848835557
18183. 2530.5985528830643
18184. 3213.059461247468
18185. 7572.094894645465
18186. 5044.639594930129
18187. 3565.5908364588004
18188. 5840.231345762982
18189. 8413.297272915746
18190. 6789.912907871267
18191. 463.0199363677965
18192. 6634.6454679494755
18193. 6433.145377236909
18194. 2219.5038796904073
18195. 5881.461201889427
18196. 1071.4663733032955
18197. 2327.7040398720605
18198. 3485.811271436562
18199. 2250.423041398985
18200. 3519.080011684121
18201. 11908.520863534375
18202. 5374.613718584137
18203. 7955.374793749759
18204. 3918.0325632517033
18205. 2278.9574455552392
18206. 2084.3254724400927
18207. 7936.839814357075
18208. 3451.0817707059564
18209. 8055.0814289971195
18210. 6025.00537203776
18211. 1162.2601960808133
18212. 4095.263632643736
18213. 10341.499811853346
18214. 5234.369075725249
18215. 4071.262600670098
18216. 7213.918313378698
18217. 2045.4044869170532
18218. 5163.941013710739
18219. 3269.4096092465948
18220. 2545.5880555456724
18221. 5260.288512641254
18222. 8610.295330674935
18223. 4610.853890433037
18224. 4947.951576835763
18225. 14576.989818208343
18226. 3309.7751792676886
18227. 7016.435212474072
18228. 7231.20832364641
18229. 3238.3408402173027
18230. 8799.633814086417
18231. 5490.018526821919
18232. 8738.929443850338
18233. 3489.5215745772784
18234. 5844.934756547409
18235. 6233.346264563797
18236. 4412.507361830115
18237. 4980.218710573653
18238. 3219.901842480405
18239. 4437.216591637287
18240. 5046.270556002953
18241. 5212.708497572144
18242. 3364.256867036169
18243. 10722.508863981871
18244. 13773.815130507208
18245. 7681.772381840796
18246. 4211.239811248641
18247. 3938.4861393021374
18248. 12994.310124374448
18249. 3151.4981464066414
18250. 7275.136834028021
18251. 6374.3482063764895
18252. 9336.2978613488
18253. 3186.6240879130173
18254. 3856.79350921141
18255. 9736.636974985086
18256. 4077.6016034727936
18257. 3988.3203508247034
18258. 7123.084191211305
18259. 2301.631783676057
18260. 6561.0970908215995
18261. 5837.81074516783
18262. 4876.827357648068
18263. 4739.649495484548
18264. 3994.819479397313
18265. 4192.890671912772
18266. 2622.7197737513025
18267. 6997.7192574701485
18268. 21203.334002681466
18269. 10254.1357247795
18270. 4842.987207309394
18271. 9764.382384731285
18272. 9141.647186723098
18273. 4644.905774234399
18274. 17312.583649632586
18275. 10212.11575850815
18276. 3239.2780931115167
18277. 9850.420242865606
18278. 1702.2391428137646
18279. 3122.1338574882993
18280. 4437.593197959459
18281. 4514.097639028585
18282. 10179.25611118807
18283. 9412.218771918682
18284. 3872.8547285236727
18285. 7014.632481301303
18286. 14855.966902605536
18287. 4058.9510498884815
18288. 4238.324133039113
18289. 3470.0387700918127
18290. 3468.6444879797514
18291. 5793.796674402985
18292. 3309.2382380076056
18293. 5217.538720870765
18294. 10205.653091027161
18295. 4941.765982229083
18296. 9448.728665998873
18297. 15897.901236275546
18298. 7270.397640320838
18299. 9622.43951978213
18300. 3849.490687396027
18301. 8085.502283849295
18302. 16610.07282414063
18303. 4527.938055033126
18304. 2617.441107435257
18305. 2224.4083147488973
18306. 4786.215331059017
18307. 8003.340721348428
18308. 2719.5107382258884
18309. 1798.2253830767177
18310. 3196.2346405184403
18311. 8976.720973154128
18312. 3255.8973568433894
18313. 14217.770165226862
18314. 10208.562230369971
18315. 12723.503190354755
18316. 1934.5053055979147
18317. 1119.3688716720355
18318. 10778.20969350341
18319. 7573.524604898298
18320. 8704.122070239922
18321. 5718.754966540344
18322. 12194.975189280083
18323. 10050.22699819586
18324. 3693.0279831527637
18325. 9328.423496955533
18326. 5800.2933678913105
18327. 2568.569512687961
18328. 11609.283737294623
18329. 5700.86734948949
18330. 18408.795026769832
18331. 11197.559150919176
18332. 9458.37780418927
18333. 12282.223424449407
18334. 5471.099142607488
18335. 2281.0460750129873
18336. 8930.757319025384
18337. 7431.896729168544
18338. 7516.083007021557
18339. 9091.420847265927
18340. 6357.598417987235
18341. 3217.461725985806
18342. 16133.865805581388
18343. 13302.79470866563
18344. 11781.532475311984
18345. 1191.1482318304475
18346. 10183.40758221683
18347. 15096.936921605333
18348. 6909.285529115589
18349. 3468.6431968612983
18350. 11463.2209479042
18351. 10236.395276860518
18352. 6479.355765992143
18353. 12299.705030724672
18354. 10465.138855019042
18355. 9134.444236470794
18356. 5058.593390324644
18357. 15272.049659004502
18358. 10987.2466085051
18359. 11900.539323024625
18360. 10280.16988753085
18361. 3250.115834526423
18362. 6947.657516248895
18363. 2059.3494298895325
18364. 4085.1640299010837
18365. 7714.274532552236
18366. 1357.6069684652457
18367. 1890.0982125666058
18368. 3180.0803932499334
18369. 2281.3958195961686
18370. 3431.466262175679
18371. 2809.054441195031
18372. 2755.86375222901
18373. 1766.2336781644647
18374. 3242.3847129819137
18375. 3066.7563455184
18376. 9546.353497944556
18377. 1646.537295089877
18378. 8103.716057398425
18379. 8314.834285727078
18380. 4244.769575665208
18381. 6058.357460070274
18382. 3649.5281006986947
18383. 3919.444751867667
18384. 4692.62285774652
18385. 6519.000327357067
18386. 4348.357631656138
18387. 8040.810065444189
18388. 4759.635756707798
18389. 4025.9964127960247
18390. 11687.00651686362
18391. 19031.41831685811
18392. 11787.161786037956
18393. 7407.177559222578
18394. 2591.4506702231392
18395. 14098.169716225331
18396. 3367.5033180371256
18397. 4743.138346328727
18398. 5539.60168121796
18399. 6822.439300638922
18400. 12570.368908262588
18401. 6893.13576208452
18402. 8056.036308464898
18403. 14654.549694100075
18404. 4751.28055044069
18405. 6059.799720554467
18406. 4280.908391203572
18407. 6946.927723435342
18408. 5732.198919554959
18409. 15918.077938588074
18410. 6610.764641186755
18411. 9901.328132145041
18412. 6000.408942832673
18413. 8616.608488680034
18414. 4919.162062902731
18415. 4455.402498866057
18416. 4138.036621136239
18417. 2039.0534938387311
18418. 4226.682014113344
18419. 4908.181004154605
18420. 2154.307632667684
18421. 8867.040427923785
18422. 4950.857666808931
18423. 6939.924369585491
18424. 3769.678513573711
18425. 1385.7532884661991
18426. 9207.199778102617
18427. 6762.456093516911
18428. 4811.634146617726
18429. 5836.238330132355
18430. 1016.5269801037159
18431. 7819.069945372542
18432. 1929.2469470803405
18433. 5381.702284295667
18434. 2070.775562513315
18435. 4777.848139022822
18436. 13375.464228315135
18437. 4225.563483708539
18438. 2170.0198468465087
18439. 5780.198049057959
18440. 9018.651010405332
18441. 8178.784782390818
18442. 8429.298096907854
18443. 6639.758333457439
18444. 14704.730347740382
18445. 6436.118382285471
18446. 1253.1082130457255
18447. 5140.209044277803
18448. 1691.3269799269046
18449. 3995.279962470249
18450. 2505.705409653574
18451. 6483.173086830864
18452. 3187.09486185316
18453. 12480.771600318752
18454. 8862.825393214107
18455. 14564.070175790768
18456. 5266.589210117755
18457. 2754.573146469815
18458. 3463.410153339105
18459. 4932.908653603861
18460. 13485.264126181763
18461. 2059.5024241623246
18462. 2794.578149305676
18463. 5523.061852793815
18464. 6298.413506609257
18465. 3756.656573752479
18466. 11814.340557345164
18467. 2241.3667082991287
18468. 1801.701654244621
18469. 2392.890257996005
18470. 3008.6297559707846
18471. 3169.268744980817
18472. 2357.010600813718
18473. 1636.9311585107773
18474. 6868.516332613687
18475. 3913.2673713596305
18476. 2470.3855477026837
18477. 4451.287918747669
18478. 1794.764263383508
18479. 4666.160546986098
18480. 4220.471787908225
18481. 3185.5552850733566
18482. 5007.075977761299
18483. 4235.706253502559
18484. 10180.907902247382
18485. 7090.249845884647
18486. 4947.992711369685
18487. 6929.340671624537
18488. 9889.698805071233
18489. 1956.207199129393
18490. 1663.7990622312661
18491. 7412.894485647409
18492. 3281.6860231496216
18493. 2953.7377639941724
18494. 11743.69504648129
18495. 12982.08450169317
18496. 3430.5395310104946
18497. 2760.3432149505525
18498. 2932.912186532946
18499. 2307.214196439093
18500. 2713.0446176239775
18501. 11579.278094692128
18502. 5048.5427145235535
18503. 3269.1833976931844
18504. 3225.3604706972687
18505. 734.919100975701
18506. 5147.207056828855
18507. 15728.708005261678
18508. 15713.68432622369
18509. 3312.882636407833
18510. 5295.360877218838
18511. 5355.500213759246
18512. 14164.15900338727
18513. 2214.836915560229
18514. 3350.8467076555735
18515. 9549.417518482085
18516. 11392.73323160567
18517. 13465.523139393592
18518. 4158.045287419031
18519. 3259.7807813017344
18520. 9841.848706722989
18521. 5182.373462704601
18522. 1343.1377842907486
18523. 6205.339100265475
18524. 13599.65329486002
18525. 14633.522852500259
18526. 1438.7404633743488
18527. 9696.73494950637
18528. 10093.18575289975
18529. 9598.928277252784
18530. 4042.817617041572
18531. 2124.9325739091505
18532. 2139.343252518171
18533. 4691.203735103687
18534. 9277.603661906684
18535. 10129.066390455268
18536. 3224.889955233643
18537. 3577.018318777773
18538. 3155.4864937087973
18539. 8802.819897620126
18540. 8882.785770698398
18541. 5962.576139846245
18542. 9962.0378036184
18543. 8191.851471260344
18544. 8171.058739732834
18545. 7359.310518646175
18546. 3262.67234741084
18547. 1929.5555566550654
18548. 6279.622127851027
18549. 9656.691686059406
18550. 13185.605843633113
18551. 9358.350158549902
18552. 15569.314482836491
18553. 3931.5341730736986
18554. 3267.189655382495
18555. 9391.745547504355
18556. 678.4745047340746
18557. 5567.610330930249
18558. 1937.2237590855373
18559. 3267.0409929893426
18560. 4248.636458284966
18561. 3429.346904922709
18562. 4823.632790639532
18563. 8620.715356825418
18564. 6540.195362961971
18565. 5061.224778681376
18566. 1870.0476223065086
18567. 9914.469389401453
18568. 1788.067969205565
18569. 5530.832236192945
18570. 6023.10163689147
18571. 5205.276918274541
18572. 3017.275938477792
18573. 5537.784130114751
18574. 2632.608442049666
18575. 1882.292151776111
18576. 4519.337240105521
18577. 4513.411085813822
18578. 5256.503616607201
18579. 4378.95437711368
18580. 3486.157200441527
18581. 4658.543768148128
18582. 3213.996056621187
18583. 1666.0215694757076
18584. 1885.8368616282523
18585. 3141.4114882754384
18586. 5074.863686866725
18587. 4853.346640273159
18588. 3477.0876895941783
18589. 6932.612560760715
18590. 2429.673612492156
18591. 1968.3580361420968
18592. 5736.520725500184
18593. 1932.0727891903343
18594. 3787.061516782653
18595. 2651.157113294628
18596. 2184.815350150347
18597. 1103.3446275259887
18598. 918.321314714885
18599. 2330.667121590362
18600. 2659.9766202521605
18601. 2483.2226498468162
18602. 3180.044462025561
18603. 5102.124878886844
18604. 3433.037688485949
18605. 5283.359758029426
18606. 9663.554010522766
18607. 7226.342467672931
18608. 2000.0843237701843
18609. 1092.516665093718
18610. 3458.163076922043
18611. 1744.6706325654409
18612. 8858.869991526977
18613. 5547.829334122277
18614. 2163.0195621125035
18615. 7707.81448178418
18616. 9012.504455238324
18617. 11491.921026287988
18618. 12152.584295684099
18619. 6809.946271345664
18620. 4731.5098866101325
18621. 4229.53444433631
18622. 8612.909336889386
18623. 5118.028550471538
18624. 4799.8166605244
18625. 11568.305135228336
18626. 7878.78478934939
18627. 6566.216874956852
18628. 1824.5789478060233
18629. 6543.581302149274
18630. 3175.8885942387656
18631. 8979.934317978516
18632. 8634.50658204026
18633. 551.7409583433641
18634. 3417.802535726024
18635. 8321.228223759865
18636. 12387.959907282922
18637. 12357.67264794582
18638. 10271.461966848661
18639. 13297.056923672026
18640. 2852.4952947602837
18641. 589.2239825954349
18642. 10498.555874189682
18643. 1423.7309496495802
18644. 5097.912639954156
18645. 393.16964382120085
18646. 14862.270829066738
18647. 807.5284566851216
18648. 2278.6179340395533
18649. 5211.335365979848
18650. 7609.542655969757
18651. 1236.060572277672
18652. 2231.069110899801
18653. 9210.79719833631
18654. 10131.081922864347
18655. 12541.78299189564
18656. 6017.235473733516
18657. 8506.82123871545
18658. 4883.5805125015495
18659. 8654.237848539407
18660. 14194.532517674446
18661. 13438.66169654233
18662. 6896.810603298833
18663. 12557.183352278455
18664. 12808.437267706657
18665. 6702.224094000706
18666. 3814.0874815405705
18667. 6061.983126496637
18668. 6110.528628808392
18669. 8730.771395121568
18670. 7967.117182468145
18671. 13531.2463155912
18672. 9945.582956482218
18673. 1910.8455463458965
18674. 3181.414721428403
18675. 3673.15744786277
18676. 2938.9621713799493
18677. 12016.189814680121
18678. 3590.547298264034
18679. 2907.2044369042655
18680. 4604.528594709688
18681. 8599.603162981244
18682. 9986.008446244821
18683. 4727.462086444101
18684. 5611.167494588831
18685. 1618.4748893762287
18686. 814.1812499775797
18687. 911.0063571472447
18688. 1860.791768117345
18689. 3085.921225165117
18690. 2057.6744076312166
18691. 3387.6280267164757
18692. 4561.316550145397
18693. 2453.0212912138277
18694. 1901.5391967885187
18695. 3213.497830139266
18696. 3423.2921600867803
18697. 5874.719857941208
18698. 7661.3030670384305
18699. 4196.8721776496295
18700. 4086.024522394409
18701. 3134.731586373295
18702. 3321.1099251639534
18703. 5522.725861937504
18704. 10389.243237804949
18705. 3137.997564617967
18706. 3432.588650463316
18707. 3516.55535802666
18708. 1258.367204497376
18709. 4735.58981029093
18710. 10012.527949515115
18711. 9973.677809079765
18712. 7179.325763683719
18713. 7191.006122909427
18714. 2742.4845388588474
18715. 3304.620425899551
18716. 3283.2292808262246
18717. 3646.5562021710716
18718. 6962.2719408527
18719. 2458.699729296674
18720. 5922.21263176338
18721. 9691.110344828543
18722. 8784.691164504757
18723. 9536.35512576315
18724. 8720.039132730995
18725. 5298.058291423278
18726. 1157.5873957204624
18727. 4150.701561087368
18728. 2005.1372169235526
18729. 5487.829865666313
18730. 11324.242631375857
18731. 11960.605680391167
18732. 2280.1527429889043
18733. 8478.60419369109
18734. 6637.241676852347
18735. 7310.140091449704
18736. 8497.421785626244
18737. 11177.970065985743
18738. 8477.283221356587
18739. 3924.9633617391773
18740. 5301.499051056496
18741. 4149.895070453205
18742. 3015.58157074977
18743. 5409.735323939432
18744. 6695.377045528323
18745. 2287.1381408656785
18746. 9226.706371399328
18747. 2782.6585218751056
18748. 2501.98593977979
18749. 2492.681928112188
18750. 1880.188128625275
18751. 5858.274322093572
18752. 11532.339762616995
18753. 10614.463591169038
18754. 5781.181137450259
18755. 3005.608107639235
18756. 4324.580305439496
18757. 3992.9615448912878
18758. 2390.4353104286747
18759. 6943.123547468026
18760. 714.0718444825769
18761. 945.412868189515
18762. 6883.0920082699595
18763. 7889.093021574948
18764. 8952.096672889737
18765. 3194.641796257328
18766. 8760.294893144237
18767. 9935.04500113966
18768. 8019.483968309753
18769. 5355.700908188194
18770. 2953.899158642862
18771. 724.3026768719325
18772. 1399.299480730341
18773. 3062.5436704874996
18774. 3774.226005158681
18775. 7329.3045142637375
18776. 2797.5059837523036
18777. 1498.053920753287
18778. 2097.386115409803
18779. 1501.5782982838223
18780. 3488.5977539595865
18781. 1539.76357001564
18782. 4590.109685429632
18783. 3422.384373270897
18784. 4764.393281525474
18785. 4103.750560757992
18786. 3000.769356626651
18787. 3057.8341280828217
18788. 2750.777413437863
18789. 3367.631739808634
18790. 2682.733616282051
18791. 2904.4953944062113
18792. 4044.476283403105
18793. 8945.981953314997
18794. 1605.86598028251
18795. 10547.916615998154
18796. 5352.693238915042
18797. 7289.108896485783
18798. 1633.5641808800528
18799. 5329.854087481494
18800. 8546.997055137099
18801. 8636.049004164928
18802. 15602.03832338737
18803. 6425.585725817824
18804. 6785.818730532124
18805. 10616.705694064727
18806. 9934.390160968142
18807. 6955.0962845513595
18808. 10063.905180070882
18809. 14763.415512275837
18810. 9965.196002043449
18811. 7798.876723813727
18812. 1353.6963017770759
18813. 2092.267973774756
18814. 3323.274908350763
18815. 4535.236748192464
18816. 8049.114341908814
18817. 8902.788574741879
18818. 2672.3878790098684
18819. 4934.697539568785
18820. 2367.9777260934884
18821. 3808.8786726824114
18822. 6787.11081246364
18823. 13931.612984880698
18824. 7365.911160865063
18825. 3590.709433297534
18826. 766.7553021150586
18827. 11512.222481540688
18828. 8245.890829802725
18829. 9731.814595892301
18830. 9358.857702375322
18831. 2145.419009528074
18832. 6489.448579338031
18833. 9850.017197786621
18834. 14740.41004038519
18835. 8264.752351290486
18836. 7690.843129281816
18837. 7533.690309168427
18838. 2108.7857464768476
18839. 2370.6449703992603
18840. 5090.637188599958
18841. 9880.636755864152
18842. 8357.56302718707
18843. 5451.378682612514
18844. 3128.912402264935
18845. 2622.9239097266322
18846. 3462.691618827992
18847. 5371.293679612676
18848. 1451.6305982428548
18849. 6849.685758945862
18850. 3076.6171114470676
18851. 2230.7333982038417
18852. 1304.3632356797984
18853. 357.7334963449817
18854. 3091.78805250025
18855. 1810.4850698055689
18856. 1171.0443773572758
18857. 3421.8669388222966
18858. 1706.5631401718485
18859. 1875.4495388008525
18860. 928.9438294096909
18861. 3853.757042123984
18862. 3251.9695092532106
18863. 2320.8276444374087
18864. 3761.1459681898227
18865. 2820.7520581246467
18866. 3774.3591018954285
18867. 2751.1284372198784
18868. 788.7451127262073
18869. 5907.6270914960305
18870. 1306.97854048454
18871. 3334.4000178130577
18872. 2044.992573599166
18873. 2670.071780857703
18874. 2465.8366861197555
18875. 381.919160668335
18876. 1712.2494426546
18877. 4154.3424224528335
18878. 11255.138582481793
18879. 7886.458530339541
18880. 12403.803514113655
18881. 4804.517223910683
18882. 10053.587973741169
18883. 6395.646755257085
18884. 2819.956460388012
18885. 2930.716713535246
18886. 1682.1593997292082
18887. 9994.62984945247
18888. 3707.755527378044
18889. 4845.22745916158
18890. 1525.4514735563425
18891. 2628.386630992556
18892. 5650.989892841837
18893. 3859.7546066973696
18894. 2095.6692340293926
18895. 5351.126110649905
18896. 2425.182478278701
18897. 3144.4141491184278
18898. 1604.2607665587047
18899. 904.4609211580953
18900. 1210.843657883665
18901. 1295.8887385379162
18902. 1259.9645505695935
18903. 3640.0075439977454
18904. 1477.5361327049243
18905. 5830.39138862475
18906. 4900.6195045570175
18907. 4043.317606109084
18908. 1583.5930833591817
18909. 2732.2072263557325
18910. 10871.49974165143
18911. 5337.836268656657
18912. 2071.236563066694
18913. 7152.628134375571
18914. 3256.817997645348
18915. 2906.0543629393833
18916. 7238.389324937902
18917. 8623.954779621901
18918. 3913.5049591428037
18919. 9937.495840122358
18920. 1532.264964260106
18921. 709.0358212315125
18922. 8618.51419564282
18923. 3768.0007609823256
18924. 7837.429961592825
18925. 4021.696581586641
18926. 3292.0865238746887
18927. 10789.804834280016
18928. 459.79033809452307
18929. 2774.209878039105
18930. 4487.224795842575
18931. 3413.8845691439196
18932. 13180.100483469498
18933. 4554.440053538671
18934. 11289.445432412238
18935. 8773.26353104137
18936. 1745.0878435557925
18937. 1717.8035228978786
18938. 2907.069121714866
18939. 8719.135195656721
18940. 9190.763728294784
18941. 7650.92345417647
18942. 1814.1754107059753
18943. 2803.950369768199
18944. 1946.947263313912
18945. 7836.562384557841
18946. 3199.047856078935
18947. 1057.771004945477
18948. 3779.9508046613732
18949. 4782.896250142215
18950. 4664.15385158535
18951. 7544.550060756488
18952. 5175.714595993938
18953. 1439.0665110723896
18954. 12801.229901397968
18955. 10073.594972429677
18956. 3080.837502418363
18957. 28598.422082666908
18958. 5533.819888251584
18959. 4328.4499985424445
18960. 2329.1506593740596
18961. 11562.331344669841
18962. 2183.6202767296377
18963. 2579.0104191499386
18964. 6747.2463598533695
18965. 1584.4960414484742
18966. 5354.362734993084
18967. 6829.298991690167
18968. 8309.62777191175
18969. 2698.0580127212406
18970. 6675.996400520803
18971. 1846.1702315546224
18972. 7263.442713492312
18973. 2212.2111851375275
18974. 8327.303115599289
18975. 6449.145908904099
18976. 10714.309763206576
18977. 4854.714093027664
18978. 2051.7790498295376
18979. 2024.615768322759
18980. 5886.891866222234
18981. 2534.924050801125
18982. 1323.7153394748198
18983. 7903.314251688983
18984. 6270.21490036757
18985. 3848.379640359637
18986. 4803.363068284901
18987. 5010.927871923633
18988. 5062.884258434625
18989. 21019.226052755403
18990. 5696.7760318900255
18991. 5280.600788256491
18992. 5012.697229464085
18993. 13456.69674187427
18994. 4466.411059444687
18995. 5060.699244865226
18996. 9275.28561960216
18997. 9208.748806475916
18998. 12136.085335680893
18999. 2638.454991452196
19000. 9760.740571698761
19001. 8004.363447457447
19002. 3855.892848615565
19003. 5457.1659537436935
19004. 5220.536544578301
19005. 6312.639464367393
19006. 11406.491046914709
19007. 10317.72008940893
19008. 3773.763217661998
19009. 2917.9916562976696
19010. 1447.7605574055704
19011. 4151.546656295131
19012. 5340.469398108052
19013. 4331.776722080386
19014. 8798.82014756604
19015. 4698.897640260733
19016. 15161.34114929086
19017. 9123.178731491036
19018. 4794.238587112882
19019. 4981.12868148045
19020. 4396.543666445417
19021. 7434.734536383628
19022. 7241.626164539266
19023. 1202.32946811599
19024. 5480.967518073462
19025. 1105.1855102163215
19026. 6692.1994964842415
19027. 7183.402373440987
19028. 2563.798142975908
19029. 21860.432660977694
19030. 320.35389392835
19031. 15899.30573290484
19032. 6158.969062559469
19033. 7935.685292534809
19034. 21205.469103003936
19035. 3039.392609621246
19036. 1975.7638236621103
19037. 12223.13722950697
19038. 10524.739631383103
19039. 19866.616765488856
19040. 1923.4679530064448
19041. 4920.723977441669
19042. 9538.440896306502
19043. 8025.400696502492
19044. 5944.782946532389
19045. 1127.21873466729
19046. 11229.129174049953
19047. 1906.2644603057654
19048. 823.3115961752536
19049. 1316.00078587118
19050. 5447.3415535638305
19051. 11895.205983770866
19052. 15414.609344792616
19053. 8120.296951677034
19054. 2600.0563837075824
19055. 3642.625286306833
19056. 6318.759589111805
19057. 2607.6251788439467
19058. 5829.354451916187
19059. 2835.382996548308
19060. 1504.085757177011
19061. 1906.4288752562406
19062. 1773.752531378917
19063. 1037.2547081953815
19064. 887.3855599098226
19065. 7469.745207938762
19066. 6886.3321363027435
19067. 10720.098621693765
19068. 5951.103504151107
19069. 5760.714770438472
19070. 5753.874112377646
19071. 8660.07033095024
19072. 5723.3906302722235
19073. 2639.5417213856676
19074. 19302.236270156052
19075. 4588.703063908686
19076. 9743.077896077139
19077. 6519.922703309569
19078. 17179.432090545622
19079. 8045.427129662966
19080. 5475.12542172596
19081. 8290.018850196271
19082. 5961.271528965122
19083. 13279.787980947409
19084. 15112.043701998158
19085. 2736.1312846473065
19086. 11657.08324358456
19087. 14726.799019827731
19088. 6578.110619940191
19089. 6723.558748421009
19090. 5582.131495002752
19091. 14154.465560267277
19092. 4517.842864240311
19093. 3621.870605798452
19094. 4462.87804105748
19095. 6355.824226293147
19096. 9846.896837547296
19097. 6865.751573705486
19098. 6106.261279733385
19099. 10657.793668383216
19100. 7443.1641572348235
19101. 7775.5811624239295
19102. 10575.130182673362
19103. 2765.1228215971046
19104. 6237.086621733755
19105. 7997.465905286096
19106. 6735.96756206741
19107. 10968.488316642024
19108. 8554.389495236954
19109. 4459.7554232052435
19110. 6288.676814876904
19111. 8132.14381847496
19112. 6663.304296441637
19113. 1222.8421598736534
19114. 5287.996208135099
19115. 2562.9773175489995
19116. 10870.450402410032
19117. 3032.4088284107474
19118. 2469.204312420267
19119. 3999.22473569932
19120. 4594.066856449969
19121. 5451.503418455062
19122. 4913.820872634403
19123. 5826.301612814518
19124. 3137.101108926076
19125. 3089.1686547768736
19126. 6409.545190316147
19127. 1713.0422625376636
19128. 6191.854487218061
19129. 2089.8254741790743
19130. 2649.966099648474
19131. 1567.3100734890454
19132. 3548.417493497958
19133. 7891.594640582965
19134. 6789.869329431766
19135. 4743.887428734004
19136. 6648.290520204383
19137. 10771.346931297965
19138. 3851.3356958896406
19139. 4885.940879322183
19140. 3277.281312236042
19141. 7300.987202650677
19142. 9635.735709115823
19143. 9038.34115353316
19144. 1871.2827213641206
19145. 7265.948643386811
19146. 8263.798229944106
19147. 7609.002686089754
19148. 4012.3639470773487
19149. 10092.245767514001
19150. 3982.0243476915
19151. 3908.1948268735596
19152. 10505.23641885918
19153. 4791.763949449109
19154. 6885.213859021982
19155. 14350.005035625341
19156. 6385.748243929294
19157. 13687.941415690051
19158. 6159.014690348028
19159. 9570.554809887588
19160. 8362.418930907974
19161. 5379.206747333164
19162. 2354.7168587898072
19163. 4776.558606794249
19164. 3640.0983521730564
19165. 3954.9430777231996
19166. 2297.222499964595
19167. 2052.268178951123
19168. 4859.085714875655
19169. 5144.098189168981
19170. 5412.869088870759
19171. 4819.477299041605
19172. 3009.2749317853322
19173. 2972.994503933352
19174. 3403.6338839076134
19175. 3002.837542303156
19176. 4494.420332904238
19177. 2381.6943814412807
19178. 1159.7867877349445
19179. 2116.0339160478193
19180. 705.9549863751614
19181. 1478.1092425277996
19182. 1307.7071270785755
19183. 10663.105633055942
19184. 11144.138321261265
19185. 2896.441368811671
19186. 3263.0863589962655
19187. 7132.761841322734
19188. 4847.981558057629
19189. 3780.7796428162346
19190. 3978.977417615352
19191. 2184.967114456314
19192. 713.6245439648628
19193. 2369.605000036096
19194. 815.9817111867718
19195. 2264.1572603631994
19196. 2409.539492980934
19197. 3025.724036713481
19198. 3471.4772497009426
19199. 2276.359818083973
19200. 1636.8263378253148
19201. 591.8560883457723
19202. 2124.994103081233
19203. 614.0143036127324
19204. 1282.2792717451773
19205. 941.8715806599797
19206. 7161.505228002052
19207. 6758.93589084121
19208. 7370.255594924937
19209. 15016.451604493797
19210. 5262.0101991657175
19211. 2353.3706688349707
19212. 12821.854041853425
19213. 1390.535592238444
19214. 3119.8970091245774
19215. 7053.570550579545
19216. 16955.101906676722
19217. 2640.551252162436
19218. 3220.6737038190035
19219. 1572.9650823474012
19220. 5228.998984597435
19221. 10193.04791123722
19222. 6893.006381617745
19223. 4310.583284885501
19224. 3964.073110531369
19225. 2230.438990983562
19226. 1276.684500840713
19227. 3111.993451513243
19228. 461.2960075694019
19229. 3842.9353523571376
19230. 1494.498284442969
19231. 6487.243593621491
19232. 8011.313391317426
19233. 1967.1702141878068
19234. 1177.8894830277727
19235. 2386.074561767471
19236. 2584.246174532381
19237. 69.67690759832522
19238. 2640.8674877607828
19239. 4715.2147724660545
19240. 15011.302572859204
19241. 3278.5576837579183
19242. 4431.5037297833005
19243. 7709.364959466004
19244. 4704.702546099108
19245. 3279.740015537802
19246. 3071.221093566753
19247. 4561.972838664445
19248. 3275.5052491264773
19249. 643.2847808467201
19250. 1397.14722289054
19251. 6144.438767894391
19252. 3760.0404846722095
19253. 6777.704528966845
19254. 5930.536814639853
19255. 663.044701307387
19256. 8112.143370644585
19257. 533.1773640140925
19258. 2212.148384844665
19259. 5006.41139000957
19260. 8781.27926876865
19261. 1558.7824489542793
19262. 2362.264126603297
19263. 4049.3830230977355
19264. 11558.992935253405
19265. 15445.549106392427
19266. 8891.116315093836
19267. 7988.417959298388
19268. 15685.259589844723
19269. 15574.350703398846
19270. 12327.612441758894
19271. 9214.155386107845
19272. 424.18225425300005
19273. 13364.63304673568
19274. 13165.201043949315
19275. 11991.476334680143
19276. 7055.048246098992
19277. 18660.69588301527
19278. 993.6363203391676
19279. 2260.362431361414
19280. 743.7648735927763
19281. 2814.400106387507
19282. 1844.1437440090228
19283. 12725.745362009311
19284. 1650.1600303404346
19285. 1561.7586749824225
19286. 3209.302367608478
19287. 5730.3777946132695
19288. 15140.404863730328
19289. 3989.248766022383
19290. 7686.146301512785
19291. 10924.879858568445
19292. 13638.006446263467
19293. 3504.848863970027
19294. 1204.8659436719727
19295. 1274.511771852505
19296. 1683.6399120617982
19297. 3899.949391142504
19298. 17001.659167558246
19299. 9444.531816959274
19300. 3148.515177507772
19301. 3790.2934079912284
19302. 26557.812848133242
19303. 63446.91075009373
19304. 5741.075171771573
19305. 9380.707473132143
19306. 2166.146497886269
19307. 4561.29180045213
19308. 8946.017502788125
19309. 4235.141628353802
19310. 2663.0201705793297
19311. 1908.7133351740822
19312. 4849.583116580723
19313. 6761.972150569104
19314. 7865.12717778065
19315. 1730.9610417098265
19316. 12929.306673134763
19317. 15710.645577975407
19318. 7961.984966925418
19319. 14887.566344282217
19320. 15213.744311869048
19321. 4458.196565570543
19322. 1098.718635622021
19323. 1591.334875156486
19324. 22093.85986346492
19325. 24609.355472408217
19326. 2003.5763989458476
19327. 1744.1319815260968
19328. 4780.563873035627
19329. 2962.307006506964
19330. 16329.413975470197
19331. 1736.535338704888
19332. 884.6137605209404
19333. 1443.5161796334946
19334. 3651.6627194994057
19335. 8567.717544453813
19336. 3873.3811906984006
19337. 1973.026761161583
19338. 263.1941814028471
19339. 5821.651364760913
19340. 610.5284943750103
19341. 1167.5695261681508
19342. 1230.6269163001205
19343. 2319.5193176817597
19344. 5319.920763595944
19345. 6906.812114968453
19346. 15103.614839729824
19347. 1377.9574841012454
19348. 4024.5949702464823
19349. 2300.0920958868865
19350. 29737.333360616223
19351. 15344.962976351515
19352. 8154.811112660244
19353. 14274.39634044546
19354. 10934.87112788525
19355. 15429.73510557128
19356. 3515.8608710262693
19357. 6364.899787220932
19358. 783.4120991707658
19359. 11901.31344197382
19360. 9570.229077001264
19361. 10922.381895322294
19362. 6354.394041564069
19363. 11522.327782835648
19364. 11105.213641092267
19365. 15655.111533862204
19366. 1591.1106138400432
19367. 13263.599880765774
19368. 13590.489379802706
19369. 21916.71964419638
19370. 5588.226653061526
19371. 11484.246587220376
19372. 2436.932995398338
19373. 2398.2686598932546
19374. 7703.572864762525
19375. 3487.6542804818505
19376. 11124.89074223185
19377. 5608.343190960863
19378. 1926.6030963834435
19379. 2252.2351659562514
19380. 3654.920254175989
19381. 2452.1738625560965
19382. 5847.269056863418
19383. 4058.3171533213695
19384. 2645.6473629345132
19385. 6946.547553362443
19386. 4296.639245710769
19387. 4089.147822261644
19388. 4343.042081024779
19389. 3122.4318986740923
19390. 3296.1678250912887
19391. 4119.697602094285
19392. 4250.997926418682
19393. 3592.942818911896
19394. 1789.5969106767539
19395. 4822.402868734809
19396. 4031.756775926364
19397. 4673.321552696376
19398. 3355.6169095192904
19399. 3202.5661286381956
19400. 3422.8483516873307
19401. 3838.0741245268623
19402. 5266.781875027724
19403. 6598.171717729624
19404. 6162.379567116466
19405. 8045.573981629941
19406. 4754.659394933744
19407. 5577.302648697705
19408. 5115.220852944667
19409. 3855.8675015467566
19410. 4141.317299325899
19411. 3612.9354112075075
19412. 2632.5601554808586
19413. 3272.8534211416727
19414. 11839.351469335295
19415. 3580.6277673460395
19416. 1970.5736693675378
19417. 2738.9957759875642
19418. 7505.168362167723
19419. 4094.8267063644757
19420. 6211.491236129114
19421. 7145.287031652535
19422. 5298.905379151228
19423. 13166.10583998673
19424. 11504.62497937015
19425. 4508.941642506901
19426. 5247.237003793013
19427. 10586.085786029564
19428. 9407.483889577836
19429. 2112.2857126238987
19430. 5188.155456796206
19431. 2692.724386488856
19432. 8165.3515875673575
19433. 4210.5904511667195
19434. 3926.5123234870935
19435. 5059.01626461615
19436. 3835.1827838564973
19437. 6642.923210287286
19438. 6846.591792450195
19439. 6049.729313441464
19440. 2457.2790993946314
19441. 1599.89434116102
19442. 4639.987059249746
19443. 1897.8275322537563
19444. 2630.98222551749
19445. 1888.4274733958066
19446. 2599.506154868181
19447. 3866.3984039919155
19448. 1387.1085852502074
19449. 4060.1474795363065
19450. 7183.591577388576
19451. 10598.451067858972
19452. 5019.947432930904
19453. 4596.325427087769
19454. 1105.5004058479897
19455. 2169.6426065838255
19456. 2273.5979048269996
19457. 9833.058782594495
19458. 10922.876159651738
19459. 6003.576198066301
19460. 4061.5705169062703
19461. 2772.2206381889664
19462. 1852.3767445086369
19463. 3320.2741445855136
19464. 1433.1569227142595
19465. 4694.176295470587
19466. 15698.315788653745
19467. 5376.565195562017
19468. 3072.106629917163
19469. 2730.4245322065467
19470. 5299.297825649949
19471. 5603.684830198752
19472. 6761.7157815614455
19473. 4006.580529697381
19474. 8438.875354310052
19475. 6505.210714835692
19476. 4138.357360216086
19477. 1941.9929293943267
19478. 2757.2684228718053
19479. 9051.70668327143
19480. 1684.4377393615268
19481. 6280.134680291036
19482. 4737.0434212697255
19483. 1673.6773199040479
19484. 3616.6620679334846
19485. 2539.579509369162
19486. 2808.2600044860146
19487. 7067.920230724942
19488. 5561.168024138573
19489. 1362.0981759891115
19490. 4217.314125270285
19491. 6804.626320017246
19492. 4656.008913702702
19493. 3329.9980118960834
19494. 3998.928834563109
19495. 3395.1121952257113
19496. 3281.296140897341
19497. 1309.5656453854729
19498. 2074.463054288336
19499. 4986.343914180257
19500. 3314.4869250435504
19501. 3346.680470351965
19502. 6759.934089865281
19503. 11440.315173049145
19504. 3169.305742220332
19505. 5582.894517108374
19506. 4363.224116678275
19507. 632.6301517978718
19508. 3247.5905917159835
19509. 2751.582339236518
19510. 5540.352583760154
19511. 5173.288793473549
19512. 2681.1888376059583
19513. 4070.144417325878
19514. 5735.157579706461
19515. 713.7935300721578
19516. 1244.388978425178
19517. 520.6702261347574
19518. 314.17346314390954
19519. 640.132689893429
19520. 1075.6575889352432
19521. 1912.3713443517395
19522. 3650.46394129347
19523. 3387.9319587659515
19524. 1362.3902285943666
19525. 1708.9661751492533
19526. 1830.9086572604517
19527. 7552.930973328627
19528. 2344.0781642607017
19529. 4306.6412470023615
19530. 2636.166571729831
19531. 4369.784767983401
19532. 2665.955576892152
19533. 2868.76828110117
19534. 2481.4970706026897
19535. 2553.757631461651
19536. 4544.290528229398
19537. 2290.717241297049
19538. 4363.168407613526
19539. 4056.1311015830306
19540. 3497.9112587616364
19541. 4380.123202823222
19542. 4658.236287770919
19543. 1093.4223224942589
19544. 1438.950675708615
19545. 2071.042085731041
19546. 1276.5871182302574
19547. 1471.6270101119806
19548. 805.0160308194834
19549. 2227.187853829961
19550. 3760.049606213867
19551. 1186.9947742828826
19552. 2489.795770833589
19553. 4882.847578674003
19554. 9338.565955685583
19555. 4104.800655323926
19556. 4178.493708807081
19557. 3167.9602350411537
19558. 2430.3844370945944
19559. 10243.46297618616
19560. 4283.283016266159
19561. 2495.183151007127
19562. 5781.843110494312
19563. 5864.699239108097
19564. 8071.760518869815
19565. 4394.286849804246
19566. 7611.827768194547
19567. 8413.94117946575
19568. 9281.136865085442
19569. 4908.713154121157
19570. 9146.81784290656
19571. 14501.140824218146
19572. 4363.245115649904
19573. 14842.567814736247
19574. 1937.159325795012
19575. 9703.435071906604
19576. 6378.298335342997
19577. 2730.0157489239396
19578. 5289.917855409342
19579. 13358.838685674731
19580. 5097.734032239119
19581. 15378.068482591945
19582. 4408.502107490797
19583. 11053.485256534523
19584. 14997.286765541718
19585. 2127.052930514003
19586. 5527.739150696124
19587. 6669.233450948557
19588. 4559.100230952367
19589. 5762.169756586238
19590. 3739.4006190607856
19591. 5645.804006844412
19592. 15303.33540313713
19593. 3488.64965150281
19594. 17811.701324094414
19595. 12426.62245442242
19596. 4465.112853786677
19597. 2143.15991908921
19598. 13813.857834061191
19599. 17620.387814310943
19600. 9280.817688299676
19601. 4304.867857314522
19602. 4122.494966447547
19603. 7048.004173981242
19604. 3138.7376074621548
19605. 6221.827340239322
19606. 6374.265529042614
19607. 10817.802502682573
19608. 4690.164427207992
19609. 12250.863810105837
19610. 4514.6482819773255
19611. 3618.1855291705706
19612. 11790.744962351484
19613. 7766.091081317685
19614. 4889.903917365269
19615. 14435.514036324244
19616. 9423.132948956718
19617. 4089.813328292688
19618. 4603.524519440454
19619. 7835.16261514712
19620. 3894.952764333401
19621. 2682.7732039205735
19622. 2924.021735176466
19623. 5672.310365500166
19624. 14897.091897850087
19625. 13855.473544847191
19626. 10029.434046633507
19627. 10588.156542624924
19628. 10537.829430882823
19629. 14258.506560370497
19630. 15165.247074186942
19631. 12720.5021548328
19632. 12933.765302514888
19633. 2936.922595543634
19634. 2923.0008218640173
19635. 346.3583938751529
19636. 1058.0422763267093
19637. 3731.2982967260923
19638. 1274.2806510916919
19639. 431.4588512401813
19640. 1369.2841777624378
19641. 346.769065711156
19642. 13465.06944990968
19643. 6268.341738532257
19644. 3417.035545171884
19645. 12238.033555178197
19646. 12933.123644927295
19647. 5347.449645716331
19648. 2776.1781640882696
19649. 6060.2202479829475
19650. 762.661211964092
19651. 1591.5552600291103
19652. 1561.0429813888784
19653. 474.20468208405595
19654. 3600.0889775770256
19655. 1692.4030034719276
19656. 4878.99460388623
19657. 10591.216546847403
19658. 9336.343360115694
19659. 14823.862539494097
19660. 2395.452345199593
19661. 2683.653303301133
19662. 1577.1553846558365
19663. 14748.50793962973
19664. 12088.012569434963
19665. 12198.990855249105
19666. 6312.35247387478
19667. 12095.28065295372
19668. 9227.82968228543
19669. 5626.013145498972
19670. 15251.51039460881
19671. 15151.261419242423
19672. 8519.239015078041
19673. 3690.1079914149286
19674. 5820.515002392311
19675. 4268.642950912485
19676. 8548.593632452696
19677. 12273.11776109523
19678. 11428.898112462188
19679. 8163.542671079462
19680. 11585.050004275761
19681. 7843.58165747994
19682. 2384.111126630235
19683. 12876.703084196326
19684. 9992.273987897337
19685. 15401.063242644896
19686. 4197.824891994518
19687. 12135.4951073119
19688. 10009.400635675467
19689. 2916.6719791861533
19690. 15220.442351586538
19691. 4147.860384203565
19692. 9891.683547744531
19693. 12029.582863542562
19694. 15524.882601412532
19695. 4165.137168493025
19696. 2408.7679081837573
19697. 15390.486682361152
19698. 15711.680391661817
19699. 15661.697111956295
19700. 8813.594365931769
19701. 8123.4390885099365
19702. 7186.2543083038645
19703. 4206.353354077122
19704. 9509.849981158046
19705. 11783.03553937915
19706. 8570.959261800042
19707. 9931.77158008688
19708. 3859.324174797277
19709. 4735.863375666189
19710. 8985.823512341327
19711. 10358.93622017962
19712. 10183.39407870226
19713. 1208.7183584373915
19714. 5311.380810064592
19715. 6311.585045048954
19716. 6446.43049967048
19717. 5298.149667158166
19718. 9761.743192609234
19719. 4558.232284678714
19720. 8013.292447796567
19721. 12875.602784178098
19722. 6034.067254818144
19723. 5094.724832364739
19724. 369.36778321834606
19725. 9490.917912547293
19726. 1566.5353083863706
19727. 3867.562469512866
19728. 14683.145696131538
19729. 2775.38438118948
19730. 5129.066549440089
19731. 15066.801818398733
19732. 2023.1407576036638
19733. 10110.279370611248
19734. 3966.610805211813
19735. 13463.819834785185
19736. 12081.396229610902
19737. 14087.889252125546
19738. 12570.659982089703
19739. 15690.676573927503
19740. 15714.033378757233
19741. 9421.023592222808
19742. 14182.429060086382
19743. 12963.238142007041
19744. 9024.075423367547
19745. 10808.590454921838
19746. 11564.423050185791
19747. 8533.822122848964
19748. 11783.869214742488
19749. 15004.345338967592
19750. 13501.086909928299
19751. 9003.802972014495
19752. 9188.36305793225
19753. 14434.142108464806
19754. 6293.372364583413
19755. 5398.15921318697
19756. 2645.6742971757953
19757. 5450.771576331645
19758. 8572.90888430032
19759. 11421.469084599301
19760. 14278.432860761823
19761. 14277.842123711178
19762. 3708.30684327152
19763. 5787.740149855989
19764. 11601.908086500012
19765. 8915.176898763886
19766. 15303.300919805553
19767. 14831.984609135767
19768. 9135.169399417695
19769. 1504.7466739874876
19770. 11083.553831883313
19771. 6449.552332081091
19772. 6718.461026860456
19773. 11238.57096544209
19774. 4119.267638893567
19775. 8437.313227854189
19776. 4967.929455830308
19777. 13443.841530052066
19778. 8376.477907420076
19779. 7566.761255831844
19780. 10871.27894035784
19781. 14705.129118217159
19782. 10396.664929645774
19783. 1309.4649287022614
19784. 489.18031639309254
19785. 3522.0403904875097
19786. 6051.92058220921
19787. 5825.7483821807755
19788. 8063.569604500197
19789. 4530.5743513754605
19790. 2030.5582393346476
19791. 3516.9720357686138
19792. 4714.449062058197
19793. 8485.234359843154
19794. 8457.40323719261
19795. 1606.0232179256184
19796. 4576.993257071496
19797. 14848.057331994085
19798. 4556.574402371241
19799. 1752.011631595267
19800. 6584.470203756152
19801. 1763.9695715501691
19802. 2587.9541375251856
19803. 4156.115676277284
19804. 4700.962510936216
19805. 4278.565029117977
19806. 8695.542911823983
19807. 3644.2453626483016
19808. 3325.6120142240866
19809. 3218.419782671233
19810. 5290.541201272277
19811. 2809.57640185733
19812. 2822.1387608722926
19813. 3177.229215874522
19814. 13217.525291521068
19815. 7527.530381840271
19816. 7495.2879963345395
19817. 5486.50563395657
19818. 4221.53802099719
19819. 11605.568314229648
19820. 15516.937963110448
19821. 14642.732671240758
19822. 12624.606041474522
19823. 15391.077309595972
19824. 3388.3923040069685
19825. 2140.85283137567
19826. 1124.043729442995
19827. 15647.491751473903
19828. 5301.159395364116
19829. 9623.314697211168
19830. 10586.788354595468
19831. 6381.206951405125
19832. 3433.6697654282443
19833. 9133.957134573631
19834. 2990.629992523229
19835. 4962.256517408434
19836. 12812.894285050816
19837. 6357.347956476003
19838. 2718.012009216151
19839. 2967.5452061327105
19840. 13110.453990143162
19841. 2963.867604985396
19842. 9673.127513909632
19843. 8675.398216747382
19844. 5418.277144263627
19845. 10741.964492108948
19846. 8542.537055898014
19847. 7210.477430861485
19848. 2044.153617675357
19849. 2222.0003315795575
19850. 8093.023261120257
19851. 9631.663969881214
19852. 15376.141499907053
19853. 7824.411125885628
19854. 5976.527341231396
19855. 3402.948178352814
19856. 7583.3889001813095
19857. 7613.64934712645
19858. 9302.562177943104
19859. 11599.1714942234
19860. 1488.1861194563544
19861. 7609.702456652241
19862. 3739.5120657916395
19863. 13845.13612890369
19864. 5466.94102220509
19865. 5468.700396347313
19866. 9767.639730745748
19867. 8107.268043307954
19868. 13190.88878362875
19869. 3748.741092062311
19870. 3974.5909737539946
19871. 6357.053817349998
19872. 11192.058787198073
19873. 3423.352004370771
19874. 10529.023033365478
19875. 13612.114890916364
19876. 4560.996425998761
19877. 4202.035634584293
19878. 9153.175400634296
19879. 6229.440872103153
19880. 13373.812596871436
19881. 9022.411237435908
19882. 6384.011804059317
19883. 11658.314705927267
19884. 6974.4013265007015
19885. 5050.705415226366
19886. 9474.60916394779
19887. 3085.9877965274104
19888. 9666.672884846925
19889. 4084.554889024715
19890. 3176.8261861757924
19891. 6054.421176221204
19892. 899.1204180482767
19893. 487.43141761524424
19894. 1142.512975820634
19895. 5418.952851070334
19896. 1596.2072597897486
19897. 790.0047015482738
19898. 1959.6023475545935
19899. 4264.716100351974
19900. 6146.9512486799795
19901. 3841.7282719010245
19902. 3502.4158825812615
19903. 6553.444255240526
19904. 8312.964464428564
19905. 8633.591415578392
19906. 658.497714976764
19907. 2666.4109579867395
19908. 5351.549649980013
19909. 1585.2511780614218
19910. 1609.7996849555773
19911. 5122.02046464006
19912. 6561.270725236957
19913. 5542.234247474466
19914. 3379.497682883059
19915. 5855.304317097447
19916. 3330.1321435768127
19917. 3551.7638764551666
19918. 4132.88878215045
19919. 8991.990361683236
19920. 15965.762566935851
19921. 3802.062995033762
19922. 2334.2271392578637
19923. 5081.609816291374
19924. 1716.2542517026866
19925. 224.23862780104903
19926. 2212.0062365913195
19927. 524.2490054367016
19928. 3582.6933211273395
19929. 6805.696163202819
19930. 3490.3123116698466
19931. 2337.1099003592644
19932. 4897.4363801209065
19933. 4747.793904061239
19934. 3193.2030650016695
19935. 2063.8261978821797
19936. 2588.339020873471
19937. 5052.708847458987
19938. 1847.4512654183848
19939. 2455.1420339629567
19940. 4028.7193614021585
19941. 6871.792030127631
19942. 5875.586000627386
19943. 4923.52248369479
19944. 8565.734897181428
19945. 1044.689547473122
19946. 3543.6100082905346
19947. 785.8386638740576
19948. 9558.043770878483
19949. 1980.4299926322146
19950. 4746.329328738004
19951. 3779.014656159373
19952. 2287.8588278023876
19953. 8676.575831733593
19954. 952.02177499694
19955. 1565.5807757303505
19956. 15060.237837030705
19957. 10480.038443344138
19958. 2040.1865118149044
19959. 1215.005675345693
19960. 16991.47679892057
19961. 10544.296055506476
19962. 6477.62578953892
19963. 20875.023826443787
19964. 8980.127969169444
19965. 2049.452612186567
19966. 11622.0869262944
19967. 11227.16101178516
19968. 1713.3198827350332
19969. 3796.479884193553
19970. 6386.578971700867
19971. 5790.293514863482
19972. 11927.125351336806
19973. 2605.906704422411
19974. 3904.0101336507787
19975. 3110.284413093969
19976. 1593.4022252369798
19977. 6719.276729787076
19978. 1953.5019940159016
19979. 3061.7717159202753
19980. 1056.8910524058558
19981. 2471.077603511975
19982. 2552.4684159402445
19983. 9603.285511674234
19984. 9649.147791202555
19985. 3362.1303176065744
19986. 5693.752925114717
19987. 5010.300627774167
19988. 14477.826812577208
19989. 15287.260401931511
19990. 986.4840358601876
19991. 3277.9694477734465
19992. 1853.5766438681776
19993. 1923.0929592932503
19994. 3910.102214328898
19995. 5948.1326441609535
19996. 12447.231826783333
19997. 3042.8822065538347
19998. 13462.457801207787
19999. 8165.037121766985
20000. 15671.711470362046
20001. 4201.762952015201
20002. 6828.531957546927
20003. 15340.889532903628
20004. 7389.899052647896
20005. 5595.986069472344
20006. 6258.89005758026
20007. 13945.685025517114
20008. 2367.0776122277493
20009. 10343.13226437362
20010. 11377.686661414307
20011. 8926.770882406234
20012. 7903.97812801786
20013. 4297.808917842195
20014. 2502.6372170428976
20015. 9902.358592468572
20016. 15389.794531932717
20017. 10341.325083574962
20018. 2147.3462911396837
20019. 13359.598732827006
20020. 15396.973503214032
20021. 6596.622979992759
20022. 12157.463942457747
20023. 3875.4010069293154
20024. 4778.564344943415
20025. 10221.11334087556
20026. 6470.008209468666
20027. 14264.885055850853
20028. 15705.67470197455
20029. 11169.248115987433
20030. 1363.3598587444626
20031. 3103.7258467048355
20032. 3884.4085655751683
20033. 3687.7657394142952
20034. 2407.387411704786
20035. 8236.784348629742
20036. 6944.406628871601
20037. 6193.1521347942
20038. 2746.183246989921
20039. 2824.9104740521934
20040. 8364.952935821586
20041. 4788.772655425447
20042. 3408.5558424405863
20043. 7205.734140540993
20044. 6210.4072381363285
20045. 14911.24114009561
20046. 5678.516398751057
20047. 3447.6861289535645
20048. 14103.649715255211
20049. 4306.982332274588
20050. 3300.441669734242
20051. 3044.2777588086656
20052. 13475.012468844654
20053. 3247.64161592455
20054. 4054.992441430265
20055. 5183.727427792548
20056. 8756.054261948355
20057. 15059.212909770571
20058. 8039.161706399198
20059. 4385.117486450174
20060. 8142.728116929412
20061. 2331.9223878367407
20062. 4572.466055716059
20063. 11124.2050788326
20064. 4798.362528366033
20065. 7067.491170618148
20066. 11048.038600808379
20067. 3188.650140393525
20068. 2936.976238504972
20069. 3065.2735182643823
20070. 6815.323601371754
20071. 1949.4769345825289
20072. 15255.714129638054
20073. 11970.28100653485
20074. 8853.796606525051
20075. 4219.442818463929
20076. 4940.517762219208
20077. 9593.13125830779
20078. 9922.24576194364
20079. 4937.259024886089
20080. 1807.8794050902302
20081. 11452.92701247361
20082. 4840.268528631297
20083. 11916.237000700296
20084. 9373.520448274834
20085. 9401.409298113376
20086. 5925.1462429982
20087. 13333.895111327622
20088. 8286.634569645608
20089. 2278.891242721559
20090. 14081.153693637769
20091. 11846.663879662161
20092. 11104.9277045496
20093. 10562.00251172156
20094. 7438.825480567504
20095. 10886.89911494252
20096. 5429.489228626619
20097. 14112.727911513972
20098. 2880.390383386731
20099. 4595.831212260791
20100. 3878.118808270879
20101. 4155.397963149428
20102. 9433.974180283098
20103. 8239.466271401601
20104. 2418.168018579217
20105. 8382.782908682297
20106. 5171.677897779602
20107. 12914.219427152218
20108. 13473.004802222955
20109. 6763.213877735775
20110. 4224.252437198624
20111. 1463.5280995873447
20112. 2862.5449229792152
20113. 8203.308037722607
20114. 4822.569067224323
20115. 1966.921837721704
20116. 911.009988586231
20117. 2016.3482326873761
20118. 8442.225734668737
20119. 1999.8232355822543
20120. 5069.701337978408
20121. 8796.755835333432
20122. 4657.861610037669
20123. 4243.117661449515
20124. 6785.0511078393
20125. 9587.712141179634
20126. 10599.266298835772
20127. 1503.4144998328504
20128. 6758.114713331177
20129. 4379.3101553369
20130. 1682.1349878611131
20131. 12873.400228293582
20132. 6248.951752999375
20133. 15646.127756054964
20134. 14000.462064705465
20135. 7126.646354615155
20136. 5181.373194394595
20137. 8040.196886280672
20138. 3944.222862774897
20139. 3633.38068479034
20140. 6765.520235950862
20141. 10529.004937917494
20142. 1899.5971104256569
20143. 4369.1644529231135
20144. 8052.421959099664
20145. 3021.5026515151453
20146. 10659.18565029311
20147. 9880.540328984911
20148. 1025.2758178248034
20149. 7894.594661331805
20150. 3851.8255348019884
20151. 4911.656336266573
20152. 1032.3784191054958
20153. 1765.2346665638693
20154. 16838.498195151515
20155. 8854.156065580803
20156. 3520.710735225598
20157. 11452.696679234623
20158. 17469.797120833446
20159. 1363.670607450346
20160. 7773.069269828485
20161. 9904.584621727725
20162. 9466.779113097487
20163. 6364.43744146801
20164. 5909.179916531326
20165. 715.1605046844256
20166. 6550.486031053487
20167. 8371.777833037102
20168. 3377.6759634461823
20169. 6709.094502561532
20170. 7660.487736472032
20171. 6214.716570358369
20172. 1655.8226327770067
20173. 5765.579211168605
20174. 2730.413099204521
20175. 4278.953068792293
20176. 3461.2863209431616
20177. 1908.4257096521083
20178. 5040.173609976988
20179. 4345.593418537257
20180. 2649.6189656460488
20181. 3456.10789112869
20182. 985.5018890725494
20183. 3273.249068507475
20184. 3606.0961673664224
20185. 1918.4203631365758
20186. 9333.70720602748
20187. 7087.313412463982
20188. 10497.720793536027
20189. 4411.95153307937
20190. 2438.11072449125
20191. 3576.8639251806394
20192. 1446.2921004463014
20193. 7101.252958604559
20194. 2675.3980005448648
20195. 4998.29707167335
20196. 6143.6904639117
20197. 8785.34889799346
20198. 2575.231955773669
20199. 8032.26840764505
20200. 2008.2253746464025
20201. 1732.1286259813007
20202. 9751.420765086483
20203. 2759.9801183191466
20204. 2821.2085639039656
20205. 1828.368018367102
20206. 1844.0094334131036
20207. 3692.2559606886853
20208. 1614.9073679105904
20209. 828.634078157338
20210. 3735.6174286238042
20211. 1771.1968367861652
20212. 3533.0262365594695
20213. 3465.7586638083044
20214. 3232.972047554444
20215. 2042.216003886068
20216. 9796.054293017869
20217. 8279.327306374316
20218. 672.572782859609
20219. 13823.750753993214
20220. 12152.885866763268
20221. 7798.901893233476
20222. 3774.218309549267
20223. 4831.664654399995
20224. 6006.984218104889
20225. 1516.1440178368546
20226. 1778.4417587404505
20227. 3578.9858075777656
20228. 3941.0034590931673
20229. 2147.8057506417395
20230. 1395.9632307492207
20231. 5507.716565842526
20232. 1827.9728903737741
20233. 8838.343880725406
20234. 5688.290119894388
20235. 2500.331788927168
20236. 3100.3634536380564
20237. 2846.0637125720664
20238. 5206.076380745308
20239. 2069.4695644674825
20240. 2176.6946857476955
20241. 2445.3492608830443
20242. 5182.384651862471
20243. 4339.580434232866
20244. 11235.750936693756
20245. 2697.848005471293
20246. 3592.7324279416607
20247. 2271.0161975942424
20248. 2499.972963821582
20249. 1263.6380049671009
20250. 1263.56440538496
20251. 1461.734685530959
20252. 2306.871354912543
20253. 2179.418948293928
20254. 5499.404416884417
20255. 7637.383614676579
20256. 1759.8041906188764
20257. 1305.073046543074
20258. 3221.5300475819404
20259. 2640.6866455261056
20260. 2115.018478678735
20261. 1033.422526753787
20262. 1910.3023042345628
20263. 2405.3369916387833
20264. 1310.2834633422033
20265. 708.808725407837
20266. 2297.4943982059385
20267. 1312.7147742292725
20268. 2828.4981799183247
20269. 4524.089451174645
20270. 2636.8448949760113
20271. 3780.012361530508
20272. 289.9833460321879
20273. 520.9016880954524
20274. 4726.253535782224
20275. 2757.1073755210973
20276. 1526.6826726048755
20277. 2122.0686803935837
20278. 4602.648470327605
20279. 3516.6617561635867
20280. 6806.9851918935365
20281. 9773.747119853291
20282. 5024.121460186376
20283. 1214.146996408992
20284. 4092.833465014711
20285. 14174.574120673866
20286. 11097.738463835722
20287. 5071.495043748735
20288. 7334.543950216366
20289. 7158.139452047067
20290. 2087.875962468439
20291. 8901.20514296547
20292. 1917.0629124578418
20293. 5460.146412300546
20294. 14171.04884529006
20295. 7039.695821231732
20296. 5244.382511558931
20297. 9433.570610050589
20298. 2009.0789904034455
20299. 3379.044030318618
20300. 587.6680601719605
20301. 7467.603006895113
20302. 7179.267149776919
20303. 7111.0157737791
20304. 7818.319316491726
20305. 2636.9956362724324
20306. 2789.226150917249
20307. 2253.6128015861536
20308. 5537.412032784387
20309. 4025.661620644989
20310. 3271.4708395797775
20311. 7690.578459213483
20312. 5064.326427807762
20313. 5659.127854754384
20314. 1524.5625571996407
20315. 1845.5187190568474
20316. 3920.220880511741
20317. 4030.0422183133182
20318. 3796.698222708011
20319. 5818.827152753828
20320. 3374.3222033967954
20321. 12302.680968272713
20322. 6562.75862623667
20323. 12205.99930940586
20324. 21318.056777903268
20325. 2322.7811821900364
20326. 6697.743487962728
20327. 14492.166933375787
20328. 6272.376163527098
20329. 5085.481101715357
20330. 3578.809677671368
20331. 2945.2326171411214
20332. 2582.0185724515854
20333. 2234.717724029199
20334. 3296.506199694142
20335. 4240.827931489844
20336. 6213.210948478186
20337. 19138.229863854216
20338. 18146.317044964144
20339. 6269.1971440873585
20340. 3067.6803001859244
20341. 9453.578628904283
20342. 9224.971686007724
20343. 7696.9518125603745
20344. 3506.327830206454
20345. 3196.7429461045576
20346. 14683.912025310956
20347. 5853.205596938579
20348. 4093.4345985845675
20349. 11418.333677080353
20350. 3662.992428821111
20351. 12305.740541759858
20352. 20531.13498091027
20353. 11222.122288301838
20354. 3694.0111990635523
20355. 3477.720975766948
20356. 11350.967413549917
20357. 4160.0761299078595
20358. 2994.808084071185
20359. 5466.760029308579
20360. 14071.075928854392
20361. 4169.1932218811135
20362. 3017.0159657365857
20363. 3407.683822884802
20364. 10325.842513600226
20365. 8974.60862784107
20366. 7045.710837957795
20367. 10245.865193409518
20368. 9014.099205483264
20369. 9115.16842716834
20370. 6442.361498504467
20371. 3093.2712390202214
20372. 17046.08356926449
20373. 5639.84997753845
20374. 785.8571001109185
20375. 9200.943644954223
20376. 4443.975398699938
20377. 7498.238679154434
20378. 6451.446256709405
20379. 6100.224776404457
20380. 3881.6023155762314
20381. 3302.3326566383416
20382. 3841.991236119738
20383. 8341.972189050874
20384. 5068.077545772171
20385. 4089.632619011537
20386. 4679.055118500219
20387. 8858.545959916353
20388. 4007.6095020463686
20389. 6985.73469563668
20390. 1675.2817013435317
20391. 10787.00368992961
20392. 3402.5252172712494
20393. 15464.578235446577
20394. 7589.630675570409
20395. 2469.815256338309
20396. 2835.4158392315685
20397. 4230.229562289152
20398. 4518.90508644034
20399. 3496.787205590981
20400. 2766.8915434728056
20401. 1494.7731318500016
20402. 5004.715661558091
20403. 1821.1387365894002
20404. 5158.9174630598545
20405. 2627.5020595436404
20406. 1287.6080793041647
20407. 5406.717285922196
20408. 1432.859234688595
20409. 2930.97646963358
20410. 2576.60674920889
20411. 2586.9555737037904
20412. 6458.693017007511
20413. 9484.756488455985
20414. 2053.207695293561
20415. 3022.0472374597653
20416. 1874.3111085569385
20417. 7485.484823945405
20418. 5959.400939497996
20419. 8453.827317487881
20420. 10744.727574332732
20421. 4436.616042433102
20422. 11061.94332965936
20423. 4468.867424401293
20424. 5837.992983847663
20425. 2513.689027103044
20426. 2521.356952835371
20427. 2448.4721562869217
20428. 7812.267214422867
20429. 2950.7257708457196
20430. 4580.028700033454
20431. 13165.080122893865
20432. 903.0887419069624
20433. 3574.0027801022925
20434. 4519.320796735197
20435. 15036.549203640569
20436. 3485.3854203935725
20437. 16276.65193514183
20438. 1234.3771707865114
20439. 2328.5695238590315
20440. 18823.6414354016
20441. 6337.259647284616
20442. 2975.962011866498
20443. 3573.355509302201
20444. 10267.978452242862
20445. 16341.725718280157
20446. 3017.7367396624004
20447. 5745.756414644867
20448. 5073.813098450106
20449. 3251.4011553210307
20450. 8228.198172501288
20451. 5249.67048987684
20452. 659.5100320692563
20453. 2293.6113228584113
20454. 12518.63472700848
20455. 2705.9847318445372
20456. 8213.361050994461
20457. 2335.317730191158
20458. 5689.670866867527
20459. 5837.940279491677
20460. 5451.418160304921
20461. 13552.113714252539
20462. 4996.387419088565
20463. 1867.6927563227312
20464. 3440.3970845786507
20465. 2119.859819035292
20466. 6340.994589481948
20467. 7123.94947418412
20468. 4709.3711291108675
20469. 12816.176945444116
20470. 3133.2868791527308
20471. 6985.097347373859
20472. 16980.456544941135
20473. 10450.279621025611
20474. 8343.228509340157
20475. 5823.855412875186
20476. 3640.698116101049
20477. 12056.530549313886
20478. 7594.490135223818
20479. 2457.5146287003718
20480. 4938.802821285103
20481. 3969.8330930128673
20482. 7262.8800275442345
20483. 3782.1242342957553
20484. 5406.378976919007
20485. 3589.4271744452826
20486. 3651.745096904832
20487. 8595.898266935345
20488. 1738.9379979455057
20489. 1335.3961413919374
20490. 3945.355954845296
20491. 3186.6795777401067
20492. 5048.571433178189
20493. 10613.465862337196
20494. 10477.535706861652
20495. 7622.512210075897
20496. 5626.972132487149
20497. 10899.383666343383
20498. 4006.059196575588
20499. 1899.5330934692556
20500. 4095.4361604071555
20501. 2739.0886139983677
20502. 2493.423163062557
20503. 4363.865491347236
20504. 8013.9841673077135
20505. 1519.372450911374
20506. 5957.4160637003715
20507. 4969.825239490889
20508. 1348.5507923648936
20509. 3021.794273448547
20510. 5529.676331020068
20511. 4618.492031105437
20512. 3052.8897175859715
20513. 10911.161405966477
20514. 1533.0886249692514
20515. 2411.0973243297162
20516. 3537.09568001567
20517. 3222.77277888156
20518. 4488.280410097004
20519. 6393.057890720596
20520. 4445.161532430602
20521. 4156.2553451357735
20522. 3063.2472102399947
20523. 1361.5681127576988
20524. 4327.536506567915
20525. 7937.400608319591
20526. 5509.509895265274
20527. 5014.455579176222
20528. 9285.683361858328
20529. 4117.092730674306
20530. 3763.4440670803942
20531. 10938.84785271554
20532. 12844.144826153566
20533. 9697.586259140568
20534. 7450.400598230887
20535. 3030.0761521804347
20536. 8727.392398295578
20537. 3531.467503618809
20538. 5020.032379226701
20539. 8347.934766686567
20540. 5663.311567081899
20541. 6295.196736813794
20542. 2032.753672052155
20543. 1955.2604421330097
20544. 5013.491867495526
20545. 5162.9128412455775
20546. 3085.498813765375
20547. 3071.137518408283
20548. 516.2376052434171
20549. 13577.853402908997
20550. 7639.5836429665915
20551. 5814.777537454284
20552. 2873.8451808399514
20553. 2930.3727399147606
20554. 2921.4815746937775
20555. 2222.372600702786
20556. 1026.062957149478
20557. 6040.338082799815
20558. 4131.038118435135
20559. 8402.230235327674
20560. 3652.3903476667956
20561. 4305.510981278413
20562. 14248.08017057015
20563. 8389.775012122293
20564. 4578.509931204748
20565. 2945.653889946784
20566. 2247.27623825551
20567. 7086.097938248439
20568. 11539.611545853375
20569. 12354.539212069678
20570. 4060.3813698380523
20571. 7398.099666487323
20572. 8836.454265044707
20573. 3399.0661412415393
20574. 10576.66778764466
20575. 13814.805373558173
20576. 6250.800304584068
20577. 9760.796176810516
20578. 4419.490136925865
20579. 6877.770813959336
20580. 6947.963859108239
20581. 3159.434707165259
20582. 3443.895483049167
20583. 10402.509276256505
20584. 10063.697958331108
20585. 1781.4698796524167
20586. 4212.240985821496
20587. 7437.870095309429
20588. 2244.913895767141
20589. 1401.3117195952677
20590. 2696.110558836209
20591. 1906.8782608494391
20592. 4125.839946506889
20593. 1375.7803592458824
20594. 3174.133773916647
20595. 4610.353937753431
20596. 1906.4291819248306
20597. 1214.6944062103616
20598. 3429.889310541286
20599. 1825.577421929168
20600. 5733.693330683229
20601. 3383.165183235051
20602. 1270.070363188692
20603. 1971.6965537877418
20604. 3239.428378852018
20605. 429.963873203585
20606. 2540.9636258366963
20607. 4624.348439843981
20608. 11030.448353523243
20609. 6463.414541285369
20610. 9949.063035525853
20611. 8830.743727630928
20612. 7032.339872394552
20613. 5353.91282480462
20614. 2777.90164088092
20615. 5382.946731810618
20616. 3310.74650442068
20617. 7843.5035432314035
20618. 6036.0559739688
20619. 5240.350911356273
20620. 6523.88833277633
20621. 5595.087596034437
20622. 4632.492203365961
20623. 8938.80809502334
20624. 7615.517177952655
20625. 5666.251918795822
20626. 4267.064888421927
20627. 5526.501403139117
20628. 17581.693358117278
20629. 12080.548245306523
20630. 3026.915336556497
20631. 4500.4497507849865
20632. 8233.684511479598
20633. 3134.96830620146
20634. 5119.6004174512755
20635. 8831.275046110643
20636. 4989.524982303417
20637. 9559.378369088201
20638. 3621.117840469688
20639. 7082.438337621508
20640. 6839.201923816967
20641. 3690.4138018431227
20642. 19747.047082601173
20643. 6852.843051468629
20644. 10380.268251754578
20645. 10101.675762559524
20646. 7590.173355328931
20647. 7393.072964175436
20648. 7849.8352674374255
20649. 9611.350330840138
20650. 2930.4553274115046
20651. 13705.05444383313
20652. 7409.777532575943
20653. 2674.0998866082846
20654. 7591.864090486656
20655. 2040.8985803365017
20656. 3971.633737966209
20657. 6788.453458355158
20658. 2274.541020545477
20659. 11859.54397976749
20660. 6058.378514770473
20661. 7089.857929147965
20662. 1622.812298306067
20663. 8323.508375301362
20664. 4577.949389412707
20665. 7098.338820773959
20666. 8158.593593336884
20667. 720.8180904328107
20668. 3586.317750280018
20669. 1360.7119016079578
20670. 3860.3307505412886
20671. 4228.426412494978
20672. 6734.572220283182
20673. 9848.025274641912
20674. 4153.01609860936
20675. 19675.794211639433
20676. 11102.727035224374
20677. 6499.5430085074795
20678. 20174.586593260465
20679. 4856.061571804552
20680. 8882.783191060462
20681. 5256.370084769798
20682. 5550.637377594655
20683. 4897.2590388446515
20684. 3083.7591422588644
20685. 5801.732501774466
20686. 6911.984371769306
20687. 5574.903950415223
20688. 7985.89344268231
20689. 3149.1078551943574
20690. 2505.587417402001
20691. 2345.5232163591927
20692. 2432.60060737464
20693. 1567.2839701328894
20694. 1135.2539683482298
20695. 2353.864678741397
20696. 668.9400172940207
20697. 411.923160741338
20698. 730.6674119112491
20699. 1828.2044300377004
20700. 1739.091746102489
20701. 2423.314356655833
20702. 4087.152657541474
20703. 3265.276631885003
20704. 1789.3019013274636
20705. 1707.504260005217
20706. 3805.6127974715164
20707. 2054.3723012268015
20708. 1393.8079414833112
20709. 1411.9401145862682
20710. 1533.7257656530162
20711. 968.0795838905033
20712. 2015.6568778313267
20713. 781.3183526554644
20714. 4617.195921595192
20715. 1669.6597553722904
20716. 4089.8415595982724
20717. 4119.562371138481
20718. 881.8353601762487
20719. 2409.358584155396
20720. 796.2700653714352
20721. 6815.263016042184
20722. 4105.614875083693
20723. 5071.790500135255
20724. 6750.823745663914
20725. 2421.764419394567
20726. 324.95819569375305
20727. 3600.4555313773726
20728. 3104.176201194902
20729. 8085.534999332807
20730. 7588.1222971551715
20731. 2492.2077139847543
20732. 2545.578727772882
20733. 3231.1708488776308
20734. 535.9782342516392
20735. 2147.3328249829747
20736. 7630.377348927708
20737. 2988.9205869299262
20738. 3749.1074611670365
20739. 5960.649016322557
20740. 407.54176983622153
20741. 1925.9025950343819
20742. 8151.511669484861
20743. 1325.8679396110472
20744. 2901.101609778763
20745. 4197.650297675563
20746. 10515.39821629547
20747. 1674.9034995116313
20748. 1546.342613421772
20749. 1433.942744998053
20750. 1579.2967414558202
20751. 441.44342394925513
20752. 2039.876653695528
20753. 3125.4538215980865
20754. 1252.7048496325287
20755. 1826.4246254202244
20756. 2141.5864496353456
20757. 1094.9821118109664
20758. 1001.1686566853554
20759. 2288.847121568848
20760. 3809.2331132974655
20761. 17752.4182420817
20762. 3195.4574746675144
20763. 331.50767737360974
20764. 1213.2769947875317
20765. 1805.6818881472316
20766. 9938.575454266054
20767. 882.0422591780982
20768. 1732.2784979539713
20769. 10739.887479058689
20770. 5394.894504916949
20771. 2199.9873803607406
20772. 3839.2418785905998
20773. 7500.060015208408
20774. 6312.233889784496
20775. 6938.023817382364
20776. 16672.496530300046
20777. 9221.10050521676
20778. 4015.717354561985
20779. 6966.927522114234
20780. 2613.4672622127946
20781. 5431.088712770793
20782. 14367.267104018067
20783. 4037.7807038027154
20784. 4306.351708476141
20785. 507.28709547447716
20786. 2850.7455835600817
20787. 6077.823182378424
20788. 3570.991587000048
20789. 5364.109625730118
20790. 3152.3966380507513
20791. 5259.677421651294
20792. 2099.473839086771
20793. 2274.362817175777
20794. 2617.045787088426
20795. 3871.3503924954657
20796. 5911.558126501494
20797. 6177.6398856012775
20798. 1414.7291536826133
20799. 6255.286174607038
20800. 2730.389768664991
20801. 4189.919950435453
20802. 9194.889685750639
20803. 4272.1657019631275
20804. 6573.4026422059715
20805. 4089.2338264584714
20806. 4686.4779004763095
20807. 5225.449324586536
20808. 7327.377559074386
20809. 5009.1310797968135
20810. 8917.910701501512
20811. 6207.646389191485
20812. 4666.529412522989
20813. 4394.91723207442
20814. 4973.586937657407
20815. 6450.376138688084
20816. 5582.4168873257595
20817. 2403.230769080987
20818. 1440.4664717258281
20819. 5487.645749295519
20820. 3301.5083681699193
20821. 2515.881349997259
20822. 3113.335356373135
20823. 2961.8759012621576
20824. 2728.16379360457
20825. 3441.513531165132
20826. 4830.163269325425
20827. 2816.535472130025
20828. 8951.951294987213
20829. 2209.767982307819
20830. 4206.732016782154
20831. 2142.3798947699115
20832. 4074.275985782299
20833. 4254.653876971387
20834. 3577.740700190891
20835. 4561.877997186776
20836. 3841.1888385963043
20837. 3523.189017312613
20838. 2317.230035039549
20839. 2709.7615166615774
20840. 2460.037471445402
20841. 1665.4297299935854
20842. 5491.683694536188
20843. 10614.538498614564
20844. 3330.943668816619
20845. 20565.83466247734
20846. 10015.9490103002
20847. 7129.463268522611
20848. 5119.200486318161
20849. 9684.28350604197
20850. 13318.418501338609
20851. 3526.53146391444
20852. 5548.185887283505
20853. 610.9039516474128
20854. 1285.8090506710816
20855. 2590.3884543777217
20856. 6702.614266323958
20857. 4640.139420006479
20858. 6112.9124421658225
20859. 11412.226679645248
20860. 6190.47980885036
20861. 11884.372951420515
20862. 3856.364037975893
20863. 8388.77184880344
20864. 18120.92802310754
20865. 15996.753918956181
20866. 941.9281692429114
20867. 12645.02356912108
20868. 10781.352387822
20869. 5506.7413696426365
20870. 6177.056193645495
20871. 6097.989204294537
20872. 1979.7683414200474
20873. 2963.194776787699
20874. 8162.189424965625
20875. 9679.440679866073
20876. 7926.861470789164
20877. 7524.829458966768
20878. 9625.169276759598
20879. 18891.396124624476
20880. 10409.794022485772
20881. 15494.027066370585
20882. 9668.684026817275
20883. 4833.687550573628
20884. 10087.72288635543
20885. 6251.7446717839
20886. 7077.128348634507
20887. 7173.147411965417
20888. 675.1894556934951
20889. 9592.795162618726
20890. 4079.79723982325
20891. 2902.1516274850906
20892. 5155.033789915605
20893. 10811.3981730009
20894. 4223.223335827793
20895. 4614.493824726327
20896. 3142.9522091222
20897. 22075.879700594378
20898. 11745.913355374656
20899. 5202.975301705094
20900. 6130.541920391173
20901. 8043.970171983348
20902. 6458.104295305521
20903. 8419.217393086466
20904. 13193.659826452948
20905. 23643.512038911384
20906. 9960.112740871777
20907. 18192.969153591708
20908. 22365.17549202811
20909. 13614.353050461406
20910. 7185.400254840973
20911. 10899.503588391317
20912. 2679.008339898381
20913. 8853.878237463654
20914. 3850.259119625875
20915. 4306.311655236372
20916. 5577.953851423264
20917. 5079.033897527281
20918. 1058.1181289867018
20919. 1644.311840791061
20920. 3538.8278962894565
20921. 3894.7083358921172
20922. 5704.372168489578
20923. 13841.02524249935
20924. 6238.5316051755735
20925. 7951.389522872583
20926. 871.5812835198393
20927. 2681.9943916570573
20928. 4767.022965069084
20929. 5831.873672975396
20930. 6654.920648736484
20931. 1734.8640338753128
20932. 2850.267501288595
20933. 10356.465353335794
20934. 7785.146848706666
20935. 8691.470687502564
20936. 5270.743633717269
20937. 5926.181508949944
20938. 13373.536477100892
20939. 4946.931642105411
20940. 12306.196761441917
20941. 4978.349264334406
20942. 4241.00245828143
20943. 10058.255619544125
20944. 6085.075722845084
20945. 6049.730415827287
20946. 2784.706294520066
20947. 7637.15150605705
20948. 4680.189550546067
20949. 15727.57702599563
20950. 2513.1292482617005
20951. 4613.962806321095
20952. 6121.178313048044
20953. 9798.98292362516
20954. 11465.333471564712
20955. 6595.026589116409
20956. 12075.436203305195
20957. 8708.21115197141
20958. 3905.8314576793255
20959. 2309.297178124482
20960. 5769.742480085153
20961. 17056.436611981753
20962. 17846.006127519606
20963. 13364.368176340242
20964. 2729.8651464256914
20965. 14053.119598706939
20966. 11853.441910185004
20967. 15187.72938655195
20968. 4872.459380922795
20969. 5376.2376253059265
20970. 9944.988835932021
20971. 17550.663102780978
20972. 14076.02302099657
20973. 1771.898055025621
20974. 2293.5619441393083
20975. 2843.220974376366
20976. 5451.7494122893195
20977. 2582.4080191997614
20978. 2737.9093832229446
20979. 14469.608698624854
20980. 5909.613420194913
20981. 7078.67105522781
20982. 7677.804120334557
20983. 2169.414678035931
20984. 5317.168208113169
20985. 1955.3408756003237
20986. 3254.936854687855
20987. 4248.461690518179
20988. 760.1134465868347
20989. 1729.1680482804597
20990. 2971.1003736537427
20991. 2979.1346463413133
20992. 2109.2315412784833
20993. 1957.102944989312
20994. 4673.684420259564
20995. 6845.405636928547
20996. 7813.47887746708
20997. 5971.90620663646
20998. 5391.672034538243
20999. 2712.5578116661804
21000. 5874.752712927163
21001. 4228.632938181387
21002. 9806.17135126413
21003. 10867.89762352883
21004. 7951.017862159098
21005. 12688.130124012156
21006. 8995.774679595708
21007. 2627.563634915714
21008. 2417.2184138299267
21009. 3903.493134412591
21010. 6946.808383450737
21011. 10001.406994875626
21012. 6992.661956447995
21013. 7560.549254688746
21014. 3724.3414723422193
21015. 6986.1427878941595
21016. 8817.648401829774
21017. 8368.333495394434
21018. 7880.5182912679475
21019. 10054.927718537054
21020. 2685.23739592228
21021. 6935.576588893203
21022. 5499.54161601033
21023. 3457.867018630565
21024. 14882.34782976903
21025. 9920.724853172356
21026. 9731.231908222418
21027. 4334.016104156767
21028. 3798.0974387711212
21029. 1945.4070370596335
21030. 2686.5304979036246
21031. 5085.253729860488
21032. 2429.110438696827
21033. 929.7334718527759
21034. 2089.9097887477037
21035. 1926.1787618976998
21036. 643.2727257521436
21037. 297.44721373233347
21038. 783.9399602704685
21039. 1113.1393890337422
21040. 415.1821369110765
21041. 1205.770870663203
21042. 1764.4393456823827
21043. 1673.2789333694882
21044. 1955.6479992709835
21045. 2020.6899003788924
21046. 843.5027375062624
21047. 2533.95768502405
21048. 4137.426272595736
21049. 4897.5093545153595
21050. 6185.346220084893
21051. 2305.2498374759407
21052. 277.5416247982072
21053. 1403.1901134479037
21054. 988.4215438826642
21055. 4949.50419322851
21056. 4995.787471400426
21057. 4287.301483930682
21058. 4233.639610586899
21059. 5169.704984903449
21060. 751.072091625811
21061. 3274.2861649601646
21062. 5965.395999169452
21063. 3113.560022367498
21064. 784.2024292186584
21065. 6454.024249789458
21066. 4732.706026652682
21067. 2449.480393397636
21068. 988.9602771669046
21069. 2333.861831891889
21070. 3012.771076156044
21071. 2076.76103824108
21072. 1496.604841292623
21073. 715.6845471270649
21074. 2605.053677841757
21075. 1205.7332345376856
21076. 2807.146043151531
21077. 2346.9121576558287
21078. 2067.436517841027
21079. 1375.502997562951
21080. 841.2485751510388
21081. 602.5254754056463
21082. 5005.758640404526
21083. 249.43398297044686
21084. 1455.6186111272868
21085. 2643.1857339054654
21086. 722.1234901245366
21087. 756.9175357700383
21088. 523.9905520514611
21089. 351.7569875335692
21090. 251.93616964741858
21091. 485.3797434064514
21092. 407.3728385704002
21093. 403.9044314278691
21094. 508.39756353837345
21095. 2124.098060133525
21096. 3290.644515393821
21097. 505.68036642319754
21098. 1399.223455679812
21099. 3163.09617190388
21100. 7643.198727091535
21101. 5242.025250368051
21102. 2336.393676914756
21103. 2883.070193585174
21104. 1830.042465650222
21105. 1331.360472841789
21106. 5136.358234273619
21107. 2287.7532763663053
21108. 3175.457394147288
21109. 2632.2558302922193
21110. 4959.683165931367
21111. 10446.982450254201
21112. 6260.249852594316
21113. 3520.2826628828584
21114. 5493.606835559287
21115. 1966.4018251514644
21116. 4956.800898493845
21117. 3933.824518928012
21118. 7905.3264842369235
21119. 11242.52561466124
21120. 8089.799812162317
21121. 3002.330347719802
21122. 4994.42205741245
21123. 8411.095862346583
21124. 11756.664470608548
21125. 3842.7514442649663
21126. 8299.337354124162
21127. 13187.935131026505
21128. 11943.256091110583
21129. 6249.5121865560905
21130. 10783.379834974005
21131. 8605.376781782707
21132. 2467.046927306349
21133. 3513.5494878612844
21134. 5016.372296132725
21135. 3797.012586360358
21136. 2395.3998048112826
21137. 3418.6657496524267
21138. 741.4421084947018
21139. 13506.91311950621
21140. 7256.614892028929
21141. 5953.70108441725
21142. 2617.9508281878548
21143. 6643.731005440456
21144. 8040.107142236353
21145. 7279.1117805764725
21146. 4659.1427983964395
21147. 2104.695321247973
21148. 1679.7960281525975
21149. 2559.109793049386
21150. 8085.735289268908
21151. 4776.799435773294
21152. 1335.04340101153
21153. 1224.1165029942342
21154. 1120.3041220711334
21155. 1023.6795536524423
21156. 1373.7779530972912
21157. 1216.7853417550614
21158. 930.9631632828317
21159. 5522.640929259374
21160. 2525.4296350280492
21161. 4102.324716366577
21162. 4105.246621666042
21163. 7944.552111136598
21164. 14439.811535803736
21165. 10573.575804813483
21166. 10736.74869631551
21167. 5808.671858650934
21168. 9651.996795457635
21169. 2416.357416873297
21170. 1718.0001939032752
21171. 8782.576835035305
21172. 3780.3337419897716
21173. 5717.407544209643
21174. 23054.2590235572
21175. 14709.306692243048
21176. 1927.7341486656505
21177. 1299.425008911986
21178. 15198.575535828097
21179. 13909.684566784379
21180. 10174.311370304473
21181. 4568.172676591827
21182. 12977.501868427875
21183. 8778.910886943835
21184. 2647.8200783215298
21185. 9154.069705158086
21186. 10006.980329478292
21187. 4189.347932029845
21188. 6342.827621917238
21189. 4889.702399312148
21190. 4593.6305200884135
21191. 8444.107462554191
21192. 12726.304376562988
21193. 3914.085954660621
21194. 2527.982515235358
21195. 7834.528060789953
21196. 6714.836823167927
21197. 1642.909372069577
21198. 5946.699201058043
21199. 2615.296677187561
21200. 2172.941809272025
21201. 143.12464108108716
21202. 281.78170819196583
21203. 9563.136478242928
21204. 19294.013027607238
21205. 15840.981295397294
21206. 16721.47485892002
21207. 10430.259421074394
21208. 7594.801543706272
21209. 16949.920077044393
21210. 2484.346305972772
21211. 5495.29487310981
21212. 1907.2940762389123
21213. 1867.8530968873754
21214. 2246.0900411618127
21215. 7517.213386449935
21216. 6550.816221963624
21217. 5119.978519945649
21218. 6664.84461148557
21219. 1393.75737149566
21220. 3139.1503747527586
21221. 3186.471451710816
21222. 11995.129587133822
21223. 24687.326275103107
21224. 2511.936168749127
21225. 1965.8845615952291
21226. 7895.2392025328145
21227. 11610.348763884887
21228. 21204.730667402582
21229. 6559.746424554517
21230. 757.155590450694
21231. 6201.110184714853
21232. 6298.090522382916
21233. 14345.925177323545
21234. 11406.848584211233
21235. 8152.5871644572535
21236. 11138.256022098032
21237. 3863.572801312204
21238. 3752.6891102342033
21239. 6544.740096176319
21240. 11561.440862182726
21241. 4820.316966603228
21242. 8415.97326786001
21243. 10546.375091921369
21244. 3424.647490525189
21245. 5498.003677811682
21246. 11350.275063166308
21247. 7450.940696040956
21248. 4702.863568069531
21249. 3726.78599681407
21250. 2861.204657052198
21251. 3290.7219537355413
21252. 11591.18991442456
21253. 3269.8672943993583
21254. 2624.726828319689
21255. 3992.370011924325
21256. 2632.2801883413904
21257. 11518.052467774947
21258. 4517.363004853996
21259. 15160.11505264625
21260. 20969.374293278248
21261. 6680.051902097798
21262. 6780.234142874068
21263. 3713.9834619467165
21264. 14039.98985088569
21265. 15675.988433410916
21266. 6924.989102355166
21267. 10117.26282414026
21268. 6744.08081483738
21269. 12306.6189232747
21270. 4467.427145733177
21271. 6479.160549496911
21272. 14412.04871235665
21273. 12824.936275313286
21274. 351.9683935858869
21275. 2526.718050741275
21276. 8967.592205195604
21277. 13352.330722387775
21278. 4615.088102866216
21279. 4070.732806070102
21280. 4126.309230846624
21281. 2801.448354778336
21282. 12798.239682228812
21283. 26121.56818705354
21284. 4038.9156171009417
21285. 2310.96427051695
21286. 4244.180213192417
21287. 2369.491566752723
21288. 1348.6619157597022
21289. 2506.9439184356393
21290. 26244.795228583658
21291. 1065.0420033938437
21292. 11887.543959529688
21293. 121010.77696290777
21294. 3615.5982266826427
21295. 17655.24701039402
21296. 22146.614201336513
21297. 13523.851857545678
21298. 7919.470188496768
21299. 2538.028994302447
21300. 7721.943771449751
21301. 11968.058218903238
21302. 8025.342223355451
21303. 7735.868356528751
21304. 5180.873550105786
21305. 4756.4213605590885
21306. 18337.028729446618
21307. 4207.412448014593
21308. 3971.1130577833264
21309. 4058.7466803271964
21310. 5144.241891800827
21311. 7761.116348301473
21312. 10264.786270432034
21313. 3543.9395433166455
21314. 9085.374781910268
21315. 7120.540419086722
21316. 6575.602171750896
21317. 1718.538421406528
21318. 4667.001818866917
21319. 10259.27540248804
21320. 8717.847308714014
21321. 12587.02690618043
21322. 2505.172524342465
21323. 25401.971771753804
21324. 10338.971499641057
21325. 12084.067193344861
21326. 10233.107566109511
21327. 10552.069796066447
21328. 11101.43368726587
21329. 2596.878426542303
21330. 10783.993635445848
21331. 6044.624346083852
21332. 5952.267514569949
21333. 14046.190791094454
21334. 4207.418590961283
21335. 2540.7861551234355
21336. 11187.87049482068
21337. 6400.045812251468
21338. 7340.7075024147125
21339. 5353.358245210491
21340. 7159.726547175416
21341. 32622.022056986643
21342. 2937.5079894271566
21343. 16307.177165962197
21344. 6738.193245655316
21345. 2503.4357417050155
21346. 10284.220813470927
21347. 11614.465876111266
21348. 8718.17640264336
21349. 8271.566548337261
21350. 8149.2034157383805
21351. 1776.030474234166
21352. 1880.9362634198458
21353. 9056.196275212891
21354. 15610.9093421176
21355. 12042.65461876118
21356. 12802.476886929808
21357. 14422.59335992509
21358. 7858.509767064849
21359. 4097.748185552653
21360. 9059.563680248037
21361. 11294.67601378828
21362. 15177.064587452098
21363. 12938.910564379934
21364. 13486.324588991374
21365. 14585.346732012895
21366. 995.4525730111422
21367. 26872.58973981736
21368. 15050.546675187548
21369. 6753.90927436498
21370. 9309.373117445119
21371. 5880.3217582171355
21372. 8331.118130446293
21373. 23858.739334687663
21374. 2362.422916887269
21375. 3410.8952265440985
21376. 20035.287098639714
21377. 1021.551061074223
21378. 2896.595975995684
21379. 4892.873913993197
21380. 10851.453935698843
21381. 3710.1467966777464
21382. 6304.89011332709
21383. 3370.6408704545306
21384. 11616.4997354264
21385. 12070.024829436503
21386. 6962.3510372937935
21387. 13550.48290025838
21388. 2041.5990533377876
21389. 5789.841337835279
21390. 9961.791343932351
21391. 922.9604796960805
21392. 1949.5744579167058
21393. 3498.0117542010357
21394. 8165.6324490405395
21395. 13922.440877339626
21396. 15354.969787366921
21397. 8850.053937831177
21398. 8286.999872255336
21399. 6759.087475255278
21400. 6988.326088388189
21401. 5408.39532394049
21402. 10060.35856912962
21403. 6744.4872369946615
21404. 8698.375934236155
21405. 11073.943410920421
21406. 13276.709770674854
21407. 3600.5137062955696
21408. 9799.568709458628
21409. 20108.551601038813
21410. 13946.924952013971
21411. 18395.285212642753
21412. 1876.4616661486884
21413. 1764.6030950680874
21414. 13345.07298421347
21415. 3816.6424694233915
21416. 8274.305342708149
21417. 8313.18275521924
21418. 4841.3457942407495
21419. 6651.892316158358
21420. 9169.009714418622
21421. 3655.616053902454
21422. 2451.6638713992215
21423. 8937.958165943803
21424. 12498.37987592846
21425. 2090.0152332324387
21426. 4862.746564146505
21427. 3314.365282461258
21428. 3102.290383204928
21429. 4415.618564904531
21430. 2365.9802305147473
21431. 5218.348222733701
21432. 2304.54781715777
21433. 3862.7530613945282
21434. 5613.86170313194
21435. 5165.126123254319
21436. 1785.2484383544686
21437. 3633.2460472877033
21438. 2450.3772013649823
21439. 9718.280283910108
21440. 6882.043907948004
21441. 2436.8154556082213
21442. 3434.494043159796
21443. 3787.739583009668
21444. 10365.228949002036
21445. 3848.4551327607564
21446. 1608.7561261117708
21447. 5389.9122889487
21448. 3969.230892480693
21449. 7572.221117706868
21450. 2526.9261513173537
21451. 2987.3563321810025
21452. 1979.3251929227795
21453. 2030.5465093457024
21454. 5648.427467383395
21455. 1950.2880451003882
21456. 2517.799327196434
21457. 3078.3627060836093
21458. 2714.8071095908062
21459. 12756.239559542873
21460. 1045.5171174841525
21461. 6800.695115792862
21462. 3387.7287042822577
21463. 3742.533406041004
21464. 3026.59302957206
21465. 5530.8413901619315
21466. 4036.5350723052543
21467. 3283.7841111948806
21468. 1057.2776221953939
21469. 2234.515516043364
21470. 1148.5678236715873
21471. 3654.214234834092
21472. 2068.0604118748556
21473. 4012.477172475561
21474. 7113.3948872334795
21475. 2707.1743906282472
21476. 19324.489401399882
21477. 1377.9278648290683
21478. 7994.84861901587
21479. 5600.249557986814
21480. 8694.567042931114
21481. 8289.471762317253
21482. 7721.128465916644
21483. 2838.83316478488
21484. 6072.683025691654
21485. 3010.8231396944902
21486. 4050.421278353323
21487. 8394.425234732718
21488. 3241.6898461766273
21489. 4674.432822223316
21490. 4165.622060921734
21491. 5023.690262262876
21492. 3365.0725073858166
21493. 1595.3203344857823
21494. 6493.954316389076
21495. 6232.674759529865
21496. 6966.558324709604
21497. 7299.5326952125615
21498. 12546.507829310394
21499. 6937.768791979616
21500. 2915.672578660147
21501. 4296.696874917297
21502. 4676.058646833767
21503. 5317.245119066268
21504. 6128.352016124955
21505. 6562.671185013692
21506. 2996.113416999533
21507. 5013.165174806572
21508. 1486.315658622926
21509. 2572.075646892161
21510. 4197.4461659033905
21511. 4496.0146083801255
21512. 3498.364296203576
21513. 3158.8170130766653
21514. 2520.2529363828235
21515. 7765.87536721575
21516. 5174.141833714562
21517. 3290.201330366038
21518. 6498.347477055452
21519. 5073.181997474211
21520. 9804.699399873094
21521. 1023.6041997303398
21522. 21503.782758373214
21523. 3869.9195491634887
21524. 5200.28872867646
21525. 6564.744109582355
21526. 10333.06186399715
21527. 4450.417437399017
21528. 1184.3455902493247
21529. 4306.5141115223205
21530. 4200.927767469076
21531. 4705.7221389925735
21532. 4472.069592303096
21533. 9541.80165168415
21534. 11677.711814193195
21535. 6393.819791088018
21536. 7170.123352338307
21537. 6706.083241978514
21538. 7604.108146864181
21539. 4961.634049293092
21540. 4205.37074053556
21541. 15727.74482747475
21542. 12015.768298545689
21543. 2713.412147347848
21544. 4076.8643180709278
21545. 6602.556962456523
21546. 6228.734664820906
21547. 7346.504939015674
21548. 3928.3543065090216
21549. 7274.61172329788
21550. 4798.905956436178
21551. 2265.318672756871
21552. 5829.835378321324
21553. 8660.223560393202
21554. 4391.1463992242925
21555. 5982.853164574369
21556. 2045.2249139667845
21557. 9765.800950223853
21558. 2791.9754621781626
21559. 4292.697322078929
21560. 5372.30160494204
21561. 4269.342823519895
21562. 683.184501951421
21563. 2779.3664065904004
21564. 3428.0101499868924
21565. 7438.597793290109
21566. 3091.8890034797205
21567. 2546.7974510522777
21568. 2423.905611079571
21569. 1537.3096651388357
21570. 3389.262570960026
21571. 10277.257550247303
21572. 10602.269219258345
21573. 4065.397793391202
21574. 2567.265710791341
21575. 1571.4976478503095
21576. 5342.526108629637
21577. 10329.043082549428
21578. 1951.7731535865903
21579. 2192.632607186262
21580. 2389.2862048169004
21581. 6715.003357747576
21582. 2089.358044966866
21583. 4529.17198998853
21584. 2041.157829067143
21585. 5418.3523233020305
21586. 3496.093911684325
21587. 8575.197616380876
21588. 4865.252538432316
21589. 3751.5679554534668
21590. 2686.8974854010285
21591. 5863.165949123566
21592. 2570.6954294858624
21593. 2646.572944735937
21594. 7210.622914731971
21595. 609.1506327104914
21596. 3013.734551842665
21597. 4667.334349656341
21598. 4015.4508674779727
21599. 2274.4016160881342
21600. 3743.3851947239737
21601. 2413.654531564486
21602. 2868.035278269985
21603. 6225.054911741035
21604. 4276.857005854856
21605. 1141.2050869620969
21606. 2228.67386584312
21607. 912.461052258297
21608. 4833.45072469584
21609. 6139.108166322201
21610. 2356.2405154338935
21611. 4622.98941315041
21612. 2290.894229304165
21613. 1218.6031791587516
21614. 3131.387649288451
21615. 2496.9594900149987
21616. 4382.704752613456
21617. 4022.029718969269
21618. 2301.6058702823875
21619. 4533.706725061135
21620. 2824.937582081847
21621. 4454.117658103307
21622. 4826.420297732145
21623. 1040.0573832082027
21624. 4987.176232669044
21625. 3319.341294012375
21626. 1897.8276798196475
21627. 2524.9911400544456
21628. 2813.8816133603414
21629. 2049.805246633825
21630. 2604.9729356899356
21631. 1970.5588869923001
21632. 6280.717532475315
21633. 6416.337269486769
21634. 10729.96268122648
21635. 1748.149997358095
21636. 3837.038111251667
21637. 4650.887748656053
21638. 3003.4822445886357
21639. 2371.8110882703036
21640. 5294.9761599653875
21641. 3143.0321472007304
21642. 8223.932228540543
21643. 2743.181091305482
21644. 5900.856127908597
21645. 10137.339197627549
21646. 7152.545889761263
21647. 4401.074618186011
21648. 8322.258335435941
21649. 3528.8594744038073
21650. 3845.466767411219
21651. 3986.0998557997177
21652. 2076.9434078286945
21653. 2042.6039688871385
21654. 2111.4078025761637
21655. 4185.962632312673
21656. 7247.229225822624
21657. 4202.159843092516
21658. 7668.697549073106
21659. 4910.569865883603
21660. 1463.092439919023
21661. 3569.729482713408
21662. 2735.6642789822126
21663. 1544.68901847116
21664. 2004.4267716982822
21665. 3095.4866544296888
21666. 3592.1233523955584
21667. 4038.3258697251026
21668. 10813.73110177218
21669. 3758.000794045875
21670. 3555.465555823442
21671. 2550.35895485718
21672. 3443.959382030338
21673. 2019.048808498578
21674. 4430.411392924636
21675. 5738.7879237356
21676. 4886.453355760655
21677. 2695.2392690725624
21678. 4554.324182531337
21679. 4037.3383874363785
21680. 5103.773169147521
21681. 6108.888823409877
21682. 2134.79475501591
21683. 6607.0531027385505
21684. 4304.809843914305
21685. 4081.3314705497596
21686. 8981.53153619317
21687. 3464.1825816124588
21688. 6417.878723649753
21689. 3683.3419253613947
21690. 3274.770522959134
21691. 2918.197107172758
21692. 3467.0231183875853
21693. 3513.6959845229067
21694. 2032.3781052066895
21695. 1890.9190216091806
21696. 6790.842375329717
21697. 2093.6663534537697
21698. 4121.104107924912
21699. 7388.721468404931
21700. 8836.982026099779
21701. 9737.399747763338
21702. 4096.386947292719
21703. 16175.81766874548
21704. 5438.567295747147
21705. 5257.795130848372
21706. 5931.306856256776
21707. 5512.264553532938
21708. 4784.74584309203
21709. 4678.095279770426
21710. 6175.267106973431
21711. 5499.25789680358
21712. 8445.500233828132
21713. 3833.3607562095576
21714. 2351.119774699967
21715. 12151.112018680033
21716. 8325.948699267406
21717. 3856.4161234366366
21718. 1412.7492177660051
21719. 1719.8136521881834
21720. 3031.7669252257992
21721. 2209.980129252258
21722. 979.3000008348442
21723. 1900.414920657713
21724. 2548.6147223420508
21725. 1347.3684975077838
21726. 1814.633662877707
21727. 2864.3472495548235
21728. 3441.1209247800116
21729. 1222.7087340232663
21730. 3400.928812604511
21731. 3050.359122716616
21732. 2400.5218223001734
21733. 6503.887145736341
21734. 1494.3937385109432
21735. 7525.78404347937
21736. 2702.9572378161474
21737. 3356.8422792042315
21738. 11030.070320917837
21739. 3842.176086889362
21740. 2677.0878538332818
21741. 2756.272926755788
21742. 3439.0265440010303
21743. 3279.090428241765
21744. 2344.5164578666945
21745. 8060.04645667582
21746. 7951.601204820255
21747. 2643.0959814509315
21748. 2939.455036519926
21749. 5394.843851566768
21750. 1580.4841607332983
21751. 3493.7308374244762
21752. 2728.33309068411
21753. 5039.989914768401
21754. 6751.425031823134
21755. 1288.9330505232058
21756. 13006.273349914054
21757. 10413.876571101335
21758. 4723.6605653345405
21759. 5789.848451093962
21760. 15698.05367718773
21761. 5819.646807455145
21762. 8363.158153877983
21763. 12902.686234444556
21764. 1323.6421691892565
21765. 8217.143165874868
21766. 5644.367400129102
21767. 10239.587398736974
21768. 6846.586334047377
21769. 13028.80652522356
21770. 10568.530024980511
21771. 9449.656722204085
21772. 4038.1222194530824
21773. 3705.153569779089
21774. 24050.737455645674
21775. 6344.5296184948265
21776. 6823.113624503935
21777. 8621.36382832451
21778. 1985.069837651625
21779. 5157.284626205894
21780. 5078.296984429885
21781. 1500.0378236218987
21782. 3271.7638339471614
21783. 2511.2221671347866
21784. 17882.141477751447
21785. 14250.55984808834
21786. 20174.102579606537
21787. 10816.508394537856
21788. 7368.152619376802
21789. 7824.1167300074985
21790. 14698.465125077571
21791. 947.766536168354
21792. 11948.48651615117
21793. 16651.32370778434
21794. 5723.281563519052
21795. 3049.8818514341356
21796. 9108.050968590807
21797. 5311.167328757296
21798. 2577.5042265819043
21799. 3203.543475013526
21800. 5194.813235212443
21801. 4043.4470140163207
21802. 3315.9973513738973
21803. 1895.738878748115
21804. 3172.647928076844
21805. 4863.804326041308
21806. 7321.344127747543
21807. 11899.869655590132
21808. 2103.6887007392647
21809. 4438.5693805315605
21810. 18957.717295335256
21811. 1743.8711088519415
21812. 2504.339882653924
21813. 4137.807153856182
21814. 6824.666403364611
21815. 5010.91129142536
21816. 7876.848120873129
21817. 6805.144843338102
21818. 6817.093906740027
21819. 12195.69614078044
21820. 15538.13217958733
21821. 29337.536360698545
21822. 8534.059624794461
21823. 24686.33757501061
21824. 6326.859034163358
21825. 9684.30260525747
21826. 7434.62147894907
21827. 12216.040750291595
21828. 12827.681048369961
21829. 10565.844729076305
21830. 36838.62011424124
21831. 12688.25065551647
21832. 1237.5526629065173
21833. 607.5164178327727
21834. 659.2461387043573
21835. 4778.5293352256085
21836. 2092.372624502935
21837. 3591.063519235027
21838. 2856.1544039238506
21839. 2046.2839465148213
21840. 3806.1026713748784
21841. 8384.278045999987
21842. 1572.5117467888365
21843. 11353.424213823315
21844. 7509.116924253516
21845. 11400.502793518182
21846. 5647.6772227881875
21847. 18879.44820743747
21848. 2010.7622107383838
21849. 5739.314119810883
21850. 3566.087673497174
21851. 3675.871230537321
21852. 5148.483850768005
21853. 8235.012485077195
21854. 13874.553595081748
21855. 12596.789132745012
21856. 17680.784971434696
21857. 10240.095367378157
21858. 2164.9055062307025
21859. 5719.675618704588
21860. 3559.2685816883404
21861. 9235.963055114578
21862. 8943.76770340582
21863. 27660.99974111442
21864. 8718.641437401064
21865. 12896.252741872915
21866. 11500.10408456457
21867. 12412.8757367601
21868. 15722.380603357778
21869. 15477.772849070527
21870. 2114.2051546368743
21871. 14951.181205149858
21872. 9174.49472214838
21873. 1456.6814361691763
21874. 1329.268072618624
21875. 5961.5076728731365
21876. 1297.422680416368
21877. 11215.398754474385
21878. 11107.280924034012
21879. 4078.7462174592933
21880. 7469.605078465712
21881. 3340.538137030436
21882. 4119.417494941944
21883. 8537.47413539101
21884. 3856.8268330551045
21885. 4417.239126799935
21886. 10054.281371663492
21887. 6375.902955341372
21888. 10830.945676554737
21889. 6418.428319809941
21890. 3246.4193271169784
21891. 5956.964771272676
21892. 3734.249166981112
21893. 2260.557889730053
21894. 6217.668671257824
21895. 5835.280046079671
21896. 11355.427088553863
21897. 15718.037333396218
21898. 2340.2206299251043
21899. 6207.134188517543
21900. 21110.521824358904
21901. 3717.125167173176
21902. 2794.6729069277458
21903. 8175.303626673211
21904. 3151.35320853643
21905. 15236.31682636298
21906. 7476.607678875211
21907. 7984.380335008665
21908. 3803.065408058172
21909. 13772.751476162523
21910. 8702.536536508964
21911. 3047.334629750327
21912. 13398.44765709795
21913. 6480.259669785055
21914. 8735.842183150848
21915. 8947.02756289745
21916. 4381.138618382148
21917. 12658.710496905383
21918. 15435.35213022986
21919. 4868.216700545119
21920. 6215.835053374662
21921. 5773.693267759683
21922. 5574.47492457342
21923. 3717.3647837400517
21924. 8731.933142494792
21925. 5569.199711298882
21926. 10425.000705674018
21927. 2432.550755892552
21928. 12654.67654805557
21929. 5428.605264022312
21930. 13882.141410832117
21931. 5756.301558582151
21932. 7040.241826825551
21933. 3984.8373930219245
21934. 7703.826947029577
21935. 527.3207034903486
21936. 1081.3293820976096
21937. 4546.464176760406
21938. 3404.10750242655
21939. 7276.565449075699
21940. 4409.667935256722
21941. 3408.6401018867878
21942. 9706.25995058395
21943. 6321.238627930214
21944. 2358.828066781592
21945. 8374.783956667967
21946. 8356.557270321582
21947. 7442.405655163866
21948. 16948.568119794527
21949. 1260.8089219288393
21950. 4827.453043880002
21951. 3421.138374389757
21952. 3240.9776816287404
21953. 1663.711399932354
21954. 1811.790013789066
21955. 6750.848485785842
21956. 3198.585088227217
21957. 2828.8912373882786
21958. 1262.695735401347
21959. 4495.665855458034
21960. 1661.825292680061
21961. 12927.093237186094
21962. 4108.905542906654
21963. 5191.908207259428
21964. 2732.5982223331152
21965. 4322.565450286524
21966. 7308.181475661235
21967. 1162.6593844718848
21968. 3967.653964602686
21969. 5952.73735144835
21970. 4323.54501181005
21971. 6261.238346678546
21972. 8723.615853880507
21973. 4592.322123026655
21974. 1764.4874619833909
21975. 1728.7115958517566
21976. 2895.0378599356836
21977. 2291.9695499343616
21978. 1971.0251651955186
21979. 2016.899826007055
21980. 4096.069326318734
21981. 2301.868099645976
21982. 2785.9165680086253
21983. 5706.439978556165
21984. 4749.91819424723
21985. 2845.1010433010806
21986. 6136.04821839617
21987. 2847.120598776376
21988. 6003.072663292607
21989. 6187.88150230894
21990. 2058.8813764745537
21991. 2711.0107809829838
21992. 7970.472786600972
21993. 2427.537359081549
21994. 2473.1393200570756
21995. 2822.725168797609
21996. 2704.563801902063
21997. 9250.490708680016
21998. 5122.420807276752
21999. 1399.6356955708727
22000. 2363.723585386889
22001. 5253.731503745033
22002. 2938.869155904011
22003. 1607.5895308784868
22004. 6273.809024483276
22005. 11366.62503162867
22006. 3958.5298429365644
22007. 6205.7402744511655
22008. 824.5002730063417
22009. 2824.005273497256
22010. 1491.8954705353005
22011. 6678.556331831611
22012. 5185.703186353697
22013. 2390.161109757544
22014. 3481.1693651725345
22015. 6969.55931775824
22016. 4281.924554877674
22017. 2596.9531128642725
22018. 5541.544478726009
22019. 6765.314532647254
22020. 2556.8807591129143
22021. 4162.931743985887
22022. 3012.274129621211
22023. 3149.821895755936
22024. 7502.159221751429
22025. 8771.84499314819
22026. 2460.7692342269
22027. 10290.551995599415
22028. 9036.271176433105
22029. 1849.4824068184812
22030. 3076.9577159010405
22031. 2492.6021388361155
22032. 3221.1177636119933
22033. 2065.3473982293012
22034. 2906.398026169561
22035. 3187.414311631222
22036. 12747.022059545085
22037. 8055.252856618134
22038. 7727.313615454317
22039. 3239.5498666744134
22040. 8845.892432043069
22041. 4403.023850087709
22042. 5906.073955552817
22043. 3017.6324401534966
22044. 8909.305893055884
22045. 3745.7653021709584
22046. 2327.490980242443
22047. 3439.222634467916
22048. 2668.3015797302264
22049. 1741.3837886404542
22050. 10824.935974247139
22051. 6334.496026912597
22052. 4060.8960858714527
22053. 6840.5087329990965
22054. 10582.897284012624
22055. 3943.7200807116033
22056. 1311.8459370876071
22057. 1787.9462126257622
22058. 2856.143722105545
22059. 1303.02618974854
22060. 3577.419471070218
22061. 4280.462012492824
22062. 10732.815944168608
22063. 11005.14057264503
22064. 6171.0602735942675
22065. 6956.110976167331
22066. 12086.113497924009
22067. 7201.775541023201
22068. 1797.4471553123794
22069. 1387.771593543332
22070. 2472.064507461526
22071. 3843.3120206607377
22072. 2234.6279746108244
22073. 1059.3883431909298
22074. 7387.803410907843
22075. 5749.2863681839
22076. 2183.99868472368
22077. 3873.522931355083
22078. 2852.902866284314
22079. 1288.6196387049433
22080. 2821.212457270715
22081. 5737.937833892336
22082. 1820.9125386558128
22083. 2163.845971088738
22084. 2287.435665415417
22085. 2985.5281830503836
22086. 4641.416882266133
22087. 10686.40683299303
22088. 9812.308855988662
22089. 7819.74944621945
22090. 4396.9789685199
22091. 4558.144451381
22092. 2640.54254192074
22093. 4387.9754360702955
22094. 3166.1015624799325
22095. 4651.513622560867
22096. 5723.596376130965
22097. 4553.831333971462
22098. 6125.319908190506
22099. 3677.8702838184477
22100. 2946.5480112073374
22101. 3632.865559745648
22102. 3762.081832919748
22103. 1683.592082487076
22104. 7439.044234625587
22105. 8243.982854801992
22106. 6638.637476531041
22107. 13456.992066718027
22108. 2248.3676294543525
22109. 3227.8757258761098
22110. 4373.977882411661
22111. 7218.099130517188
22112. 11252.459696421454
22113. 8286.990033958007
22114. 2973.7168047585787
22115. 5790.351410816061
22116. 11131.214578738542
22117. 5336.690538764211
22118. 2485.4553300690895
22119. 2504.4531533441095
22120. 2125.958521464821
22121. 2844.593670129806
22122. 4497.018377051439
22123. 3069.7845850327076
22124. 2010.067617928318
22125. 2250.8733475074487
22126. 8264.412002638357
22127. 1679.830598970185
22128. 11489.670671245955
22129. 3238.6284612745644
22130. 10621.74334355028
22131. 7499.331294977719
22132. 8084.869835783322
22133. 9779.285440550726
22134. 3617.7431529472346
22135. 6957.749511354618
22136. 17131.14515098258
22137. 3872.157798583082
22138. 3744.686850617504
22139. 8680.116792872797
22140. 5016.508525812242
22141. 6508.205024808793
22142. 10844.358418807818
22143. 7593.321425006146
22144. 6949.835665702027
22145. 3621.701087676485
22146. 11705.95693411385
22147. 13650.530588968755
22148. 5117.959571024897
22149. 3960.0938256333075
22150. 9457.298149802606
22151. 4756.749844029789
22152. 16587.755861994137
22153. 6661.589169629104
22154. 2029.8268844604775
22155. 4993.945632398929
22156. 3892.39545283644
22157. 4471.042203026462
22158. 9877.531791352058
22159. 3974.08057119523
22160. 4614.900888808354
22161. 9202.861502672986
22162. 12209.634083214502
22163. 3273.828687584799
22164. 2058.3598442282923
22165. 11885.551990731572
22166. 427.71372299401327
22167. 6614.457267268748
22168. 4571.093885945762
22169. 3892.909826666132
22170. 4501.096053880823
22171. 5121.323191873202
22172. 6144.4548926029165
22173. 11027.948420431609
22174. 7743.674385063514
22175. 4609.427610578814
22176. 3425.771001637294
22177. 1125.8193016097014
22178. 6649.251031944292
22179. 7986.5511263178805
22180. 8748.522198847335
22181. 8887.447111220577
22182. 2736.367890783638
22183. 5157.8219153802265
22184. 7068.4856453172815
22185. 9868.884355433465
22186. 5288.631796722752
22187. 5016.103311146422
22188. 8503.448301357439
22189. 3925.266090594353
22190. 2486.545602321213
22191. 14420.702429528055
22192. 4849.864048389753
22193. 9415.598984514283
22194. 511.5926967835609
22195. 1632.1495940350117
22196. 4046.5597389690956
22197. 11617.23028536081
22198. 3364.7778789463705
22199. 5543.875093625365
22200. 5665.466148525106
22201. 13799.199678400562
22202. 8795.45231688663
22203. 19205.96891337854
22204. 2002.8378916024346
22205. 7436.207695101498
22206. 2819.5370088477275
22207. 4751.217683838804
22208. 8708.755261674847
22209. 4705.600492628923
22210. 6236.2905258102655
22211. 9396.226441622284
22212. 3492.764091182502
22213. 8473.009377696042
22214. 4776.704213411224
22215. 11911.521434390905
22216. 4843.845715446183
22217. 2573.403023685656
22218. 11957.103816805457
22219. 7847.532627229864
22220. 13011.028215546254
22221. 9562.717142603471
22222. 1457.9479659458987
22223. 2582.2773276830635
22224. 15280.881732608088
22225. 992.3257513143988
22226. 9604.242982075495
22227. 4024.294492042436
22228. 12436.726410665844
22229. 7691.360038971408
22230. 5716.173080305091
22231. 5374.797907744396
22232. 7449.814161863217
22233. 8624.973923229754
22234. 5731.982041414536
22235. 2907.434977304222
22236. 4508.933734830774
22237. 8823.658028274966
22238. 10186.458172163824
22239. 24305.420401489988
22240. 3405.5896311357974
22241. 5829.394580739413
22242. 10023.41870644011
22243. 2637.6163176235477
22244. 19600.69948030779
22245. 2185.3450201386754
22246. 6380.175309901184
22247. 2461.01480183326
22248. 4026.472720530742
22249. 1507.8973556433791
22250. 2752.5176034897054
22251. 3248.604993172339
22252. 7088.138896960184
22253. 13084.94763989559
22254. 8034.1934052738825
22255. 10544.818176918026
22256. 2288.025364559807
22257. 5283.728655266936
22258. 4397.828313377709
22259. 2574.4984875138603
22260. 10103.772007463092
22261. 2402.492337943656
22262. 8173.734900785339
22263. 8749.240832708687
22264. 3273.9620758874853
22265. 6858.156924345048
22266. 8982.08863323274
22267. 8483.233294678175
22268. 8775.334972316568
22269. 3894.5845334616347
22270. 11117.622739541557
22271. 7891.14023733452
22272. 5136.163021284675
22273. 3736.96575600053
22274. 10450.931813925548
22275. 10659.101521947961
22276. 8433.819917038038
22277. 5038.025532421512
22278. 2442.735728498589
22279. 6824.690679395867
22280. 5862.1403827374525
22281. 8826.18869331404
22282. 10202.410287659222
22283. 8693.615332521507
22284. 3354.935059889309
22285. 5062.163927338711
22286. 2373.02131095875
22287. 3094.7445257995832
22288. 1578.908956429506
22289. 8204.115919170808
22290. 1456.0552193292513
22291. 5476.1404425816
22292. 7494.2809291270905
22293. 6803.809398894212
22294. 1138.8370992647976
22295. 4265.6220576555
22296. 5742.9842288953405
22297. 2337.758175605567
22298. 3739.535913977329
22299. 3478.26187123705
22300. 5280.6069361745
22301. 9545.158749394895
22302. 6533.921864101467
22303. 1297.3583486366936
22304. 416.1565251074647
22305. 4904.998041069507
22306. 2605.616974009933
22307. 2103.7760427597773
22308. 3352.023104969548
22309. 11394.348755622617
22310. 6434.88759187601
22311. 5474.875880365514
22312. 4059.7691873170675
22313. 5428.1891629368765
22314. 6815.456746230199
22315. 4464.080041032533
22316. 3127.2578586244163
22317. 2554.3284010795915
22318. 3391.1860934257616
22319. 4584.867557878965
22320. 3670.8106998550625
22321. 3736.1248730702214
22322. 8334.06264138746
22323. 4870.454161694933
22324. 4031.5617583165053
22325. 7278.845383904366
22326. 5467.118247074718
22327. 3076.3515567617856
22328. 5009.609432807047
22329. 4482.367006034332
22330. 1522.1965779866787
22331. 1764.4370308986324
22332. 4987.7036754973715
22333. 4349.9936406518
22334. 5913.0130237798485
22335. 1239.956963867414
22336. 3887.3507478614474
22337. 4629.9316688860545
22338. 4179.259708791308
22339. 12753.895016156437
22340. 4365.290512423232
22341. 2329.3703915269152
22342. 1724.6097360801637
22343. 433.78227800185147
22344. 1403.7393797078798
22345. 2429.4559577685986
22346. 3452.8797855452312
22347. 9038.020386815635
22348. 5964.237426947688
22349. 3919.959933964041
22350. 6337.331490583673
22351. 4472.475474208435
22352. 2157.6755826426656
22353. 6024.407373139237
22354. 4135.0098489033435
22355. 1198.4029464595087
22356. 5953.945936819579
22357. 12115.908550354758
22358. 2683.7874166391025
22359. 1415.6488023194256
22360. 153.16001701042637
22361. 146.10814504377353
22362. 593.0751280344009
22363. 962.0217406319207
22364. 857.703934633936
22365. 995.4106405043327
22366. 2249.5140592090397
22367. 721.7108982586262
22368. 3134.5075064141315
22369. 1876.8966445507544
22370. 2333.173198029369
22371. 4428.516088053804
22372. 1690.0835051976026
22373. 6196.98818711184
22374. 2435.389941381985
22375. 2991.3049439836577
22376. 2873.5086007355258
22377. 3286.1266418864097
22378. 7488.836552048372
22379. 10390.914736483712
22380. 4402.9470300029825
22381. 1810.880671397932
22382. 6046.3793775848
22383. 5443.650291689246
22384. 3742.3648112988662
22385. 10092.799447489238
22386. 4598.032342304104
22387. 3627.1407955639143
22388. 2764.80490316251
22389. 1400.2736415452262
22390. 2260.8117774648504
22391. 4215.230823431958
22392. 2426.815404088568
22393. 8535.519773077242
22394. 4853.782584167364
22395. 3264.192345772032
22396. 6203.230450413519
22397. 703.8540313609221
22398. 8807.564215971039
22399. 9405.891414045105
22400. 2806.454563389425
22401. 4455.549437416389
22402. 7002.689574305009
22403. 3835.4478502869683
22404. 1155.4830394471094
22405. 13478.424837051827
22406. 2201.2952859909333
22407. 5440.958512473139
22408. 8214.81391477251
22409. 2147.7353318446835
22410. 3145.7484212131058
22411. 5120.704232992274
22412. 5594.965565886283
22413. 8662.252560108025
22414. 6636.5900461229
22415. 1429.4896695000953
22416. 2040.9454252152452
22417. 10643.503703556857
22418. 5322.422389782654
22419. 4695.79938319977
22420. 1598.5268784683128
22421. 6625.683272184823
22422. 5172.531794801462
22423. 1931.780191625838
22424. 3127.450189246953
22425. 5562.428134130481
22426. 4959.152320769735
22427. 3206.5510023621605
22428. 9554.584549677214
22429. 7758.049172857026
22430. 6293.304129012473
22431. 2590.2016103079463
22432. 2413.212688917574
22433. 5885.618611679424
22434. 2875.246773817545
22435. 8769.633753199158
22436. 6341.832458210112
22437. 7195.496781619704
22438. 1052.4070283344631
22439. 14879.118771114861
22440. 3239.7415355965695
22441. 5394.030145843525
22442. 3607.6401267901524
22443. 2615.5900051713093
22444. 9175.994589082184
22445. 2820.014326686575
22446. 4662.448826993755
22447. 13278.446087537632
22448. 5225.909150067868
22449. 2536.1261557672483
22450. 2583.984257343343
22451. 1786.5554599745078
22452. 2931.0700161066434
22453. 3710.8373829851867
22454. 4622.023361454315
22455. 6337.545509343702
22456. 10101.279348322149
22457. 6983.069840887417
22458. 5223.8507541479175
22459. 4193.40789521143
22460. 5004.108141498226
22461. 4060.595833591838
22462. 2106.9478044299544
22463. 6725.867141273853
22464. 5112.799614051577
22465. 6303.884194695126
22466. 4740.716746730071
22467. 5121.192984528672
22468. 4372.052993580438
22469. 6428.433704099751
22470. 2929.0037465399387
22471. 2126.617946136902
22472. 3976.975982751421
22473. 8795.983362320447
22474. 1103.0581333415198
22475. 4059.2536604238926
22476. 3786.6467391279093
22477. 3897.4914803209545
22478. 1993.2050807506441
22479. 12520.224614443128
22480. 2711.6243446459453
22481. 1427.5903074136113
22482. 3074.9511613750956
22483. 4237.129337672756
22484. 3287.585505706945
22485. 8857.603987431852
22486. 2181.9673521782925
22487. 4524.1566098109315
22488. 4327.771284619305
22489. 1508.2410468901496
22490. 5417.702984914873
22491. 7553.093424781584
22492. 6261.4356850667255
22493. 6126.429862522382
22494. 12441.528299091598
22495. 4690.601529066807
22496. 3465.3759241157654
22497. 6000.2774439584
22498. 15861.635571872577
22499. 2349.5190510650586
22500. 7388.76018938277
22501. 5427.732305996037
22502. 6806.676659927916
22503. 6048.372933117861
22504. 5385.778664227532
22505. 1576.8738296421923
22506. 4245.191518656579
22507. 1876.3791218764397
22508. 6372.595363907252
22509. 790.4832634175872
22510. 15604.336860780293
22511. 5406.495831141948
22512. 18651.108082437186
22513. 3020.223810889885
22514. 14084.066064968436
22515. 14571.146344593895
22516. 3188.167055541505
22517. 12164.148249418779
22518. 17673.49401074082
22519. 13140.654607928958
22520. 11181.537281833202
22521. 987.4317533641927
22522. 2206.719086188059
22523. 1999.9930142432283
22524. 18269.713636962086
22525. 4668.262183563512
22526. 5054.289241373188
22527. 5558.8002207995405
22528. 4997.888505707531
22529. 10580.245926064279
22530. 7628.207504367596
22531. 2586.629732247833
22532. 1997.0027870388733
22533. 1794.2073548937724
22534. 13145.000634498032
22535. 2619.3680839191334
22536. 15612.100679567206
22537. 9875.788994672175
22538. 11847.693673275377
22539. 13479.255482566363
22540. 4354.609357171556
22541. 10037.458359615175
22542. 8290.684117427
22543. 8078.338342914777
22544. 9827.64407429179
22545. 11044.872438130416
22546. 8889.364188841642
22547. 12396.391268699539
22548. 23270.519058330297
22549. 3794.0040788392444
22550. 14555.268554387498
22551. 20109.561891499136
22552. 5956.508070238569
22553. 9030.037618309596
22554. 21335.015879189858
22555. 29778.548419614242
22556. 5455.526678946912
22557. 3401.958303775136
22558. 5932.758556771543
22559. 2644.028047675917
22560. 16294.482213185258
22561. 6535.9876067012065
22562. 2596.7540016453977
22563. 15068.816320826323
22564. 6975.454837393954
22565. 5835.811797992976
22566. 7026.308805196214
22567. 4260.320793953752
22568. 2392.4399716425573
22569. 6149.835215857938
22570. 5716.178943658261
22571. 5972.635505314588
22572. 4734.1281374575965
22573. 13794.546848472495
22574. 5914.236480281193
22575. 3344.7346005532027
22576. 6091.078110778645
22577. 2137.6527336958625
22578. 1853.7782845822164
22579. 4279.013449489875
22580. 4931.779639735405
22581. 1136.6471686921604
22582. 5618.2512725111565
22583. 10129.317173818354
22584. 2985.600434229474
22585. 1638.4909625926612
22586. 5317.323000669369
22587. 2799.009271283698
22588. 1004.0507521175424
22589. 3767.2496028022533
22590. 2466.3305262429144
22591. 4737.951345049547
22592. 12386.439224060643
22593. 4007.7305725838296
22594. 5560.803624501407
22595. 6455.598273309172
22596. 4760.8495071467905
22597. 6669.470028776263
22598. 11354.893853195603
22599. 12266.822836523676
22600. 468.39423071473914
22601. 14520.160473106414
22602. 16922.836393622827
22603. 2755.2887957491857
22604. 7263.125014653733
22605. 5341.4809481548955
22606. 2458.2379057495023
22607. 4312.533345114705
22608. 7298.415952627366
22609. 5009.888464860073
22610. 3174.227836623818
22611. 3049.638139532048
22612. 4706.420279023455
22613. 9506.43167933756
22614. 4943.124452190298
22615. 5166.966430081324
22616. 4209.692352839824
22617. 2511.3250055306407
22618. 9300.789721798112
22619. 8229.54602375564
22620. 5691.810264961518
22621. 2740.233392854944
22622. 7027.339552297096
22623. 1515.6932938252558
22624. 10406.0684914686
22625. 3259.930050624544
22626. 6860.41199013059
22627. 2005.578126766545
22628. 5154.684470266743
22629. 2249.3202272516232
22630. 2402.3668809819997
22631. 2691.1127515091366
22632. 8502.226289228289
22633. 7555.144464085544
22634. 8131.535579155972
22635. 6453.723527994713
22636. 9678.334196724798
22637. 2899.46035937833
22638. 15922.93734718758
22639. 18396.495852556745
22640. 4883.170669480211
22641. 8889.562027275975
22642. 3720.8752710163903
22643. 3604.907394381195
22644. 6130.606262491228
22645. 3217.1866186733637
22646. 859.9722233804672
22647. 6207.68582537818
22648. 5373.703842848945
22649. 7501.35916967316
22650. 10650.883142365048
22651. 8281.811352091176
22652. 10427.427452598196
22653. 15587.024722425202
22654. 8313.436029385424
22655. 15693.553311334908
22656. 8833.280677241848
22657. 11103.917336816592
22658. 6833.679636903274
22659. 14789.669113327625
22660. 15595.64105722711
22661. 4892.031158254061
22662. 1168.5912443714387
22663. 4187.137322240903
22664. 4390.713912458402
22665. 2544.096939406441
22666. 11014.773778858571
22667. 10495.72901285204
22668. 11638.111222725222
22669. 4962.954642315419
22670. 7379.613876657256
22671. 2702.633603774648
22672. 7686.476231076739
22673. 2656.22715253946
22674. 3707.2879586633317
22675. 7884.373668549042
22676. 6170.238476157636
22677. 8041.1908501846365
22678. 22191.385182145506
22679. 22707.44008790158
22680. 11779.797006147583
22681. 21283.402359408832
22682. 15702.368298046922
22683. 11837.805845037976
22684. 15559.206441854307
22685. 10958.834182251454
22686. 13866.974354628508
22687. 29772.416151794147
22688. 4340.12296242894
22689. 6251.452788489062
22690. 10216.917475732169
22691. 5236.98259676014
22692. 15551.639388083184
22693. 14345.951599926208
22694. 7119.88210623173
22695. 8967.500177810676
22696. 7580.235278703378
22697. 12144.841304487838
22698. 11854.804310596766
22699. 14137.712346588516
22700. 13306.741198628039
22701. 13508.269013106205
22702. 13496.77431710995
22703. 381.3749845032927
22704. 14822.138976820175
22705. 10694.331122140562
22706. 15348.598169806999
22707. 11918.114275190997
22708. 10995.704471302037
22709. 30463.93964167213
22710. 10467.903435830445
22711. 7337.158975976533
22712. 23805.759267565827
22713. 1748.2329895888186
22714. 201.6081879959407
22715. 20273.20762301282
22716. 3438.6793390028342
22717. 2178.981562612177
22718. 7979.309854874471
22719. 9956.325526021483
22720. 4100.235150076451
22721. 4313.173797868942
22722. 2548.211068197723
22723. 960.4482905820701
22724. 16061.778973733866
22725. 4547.529630195056
22726. 2596.469329299994
22727. 1652.9901925132253
22728. 12472.696096587671
22729. 6743.179341950471
22730. 21080.390852835648
22731. 4739.205010118088
22732. 9277.04306332371
22733. 5756.647995790742
22734. 19560.259938180418
22735. 6348.877313519195
22736. 7677.610386273987
22737. 6163.332913637563
22738. 2034.8490891929773
22739. 5022.717241355579
22740. 3514.064922755175
22741. 13768.493615830741
22742. 4884.955054688671
22743. 9353.057553943554
22744. 11350.977867604372
22745. 15048.396413878707
22746. 22855.977978522355
22747. 13602.53459622213
22748. 8036.4114854428735
22749. 11562.271708195844
22750. 8399.025362732102
22751. 5804.962837141971
22752. 11979.055199410974
22753. 8563.482989069917
22754. 3304.7346705769937
22755. 11456.504862712427
22756. 10489.665835217631
22757. 3018.641511009524
22758. 4029.5000070728374
22759. 3703.1063334893443
22760. 5785.278802655628
22761. 15207.48831134619
22762. 13492.705107779431
22763. 9849.315295696757
22764. 25149.213185866676
22765. 13932.807041388762
22766. 820.2525436725901
22767. 3313.3221498052517
22768. 8654.560342444247
22769. 2755.091303875819
22770. 10595.253500251709
22771. 5648.242746502866
22772. 23007.12367568784
22773. 12432.402124161421
22774. 11703.259238945602
22775. 8355.690698923154
22776. 14889.790273140887
22777. 4003.6831703551884
22778. 1319.062669374995
22779. 1240.0936033044563
22780. 2937.6663262973743
22781. 3109.5612179833797
22782. 2353.0824450090995
22783. 4124.3986105513795
22784. 5328.324006998421
22785. 6740.304676337486
22786. 3967.7514361256044
22787. 20015.685467028783
22788. 6723.892721871197
22789. 4224.42027498218
22790. 5326.128404768326
22791. 10713.933701255557
22792. 2270.6563375172755
22793. 3266.2850045977357
22794. 5031.7546657997345
22795. 6689.5687854013695
22796. 4400.43610965512
22797. 3449.079445513005
22798. 4197.55716595792
22799. 5652.851276241871
22800. 3878.6132608567855
22801. 4902.798256581362
22802. 8445.336539827102
22803. 2280.8894736051766
22804. 9398.081986367162
22805. 4394.644369768935
22806. 5068.794649218995
22807. 10184.490249024871
22808. 4213.50612686789
22809. 11864.966185932997
22810. 6969.571336849023
22811. 6566.825098962213
22812. 13844.67343803461
22813. 800.6342326087547
22814. 23662.01396700086
22815. 21255.7164427227
22816. 8612.246284989034
22817. 13545.346763755779
22818. 1851.8099730578328
22819. 12197.361421808666
22820. 9898.158946254434
22821. 4045.328151410737
22822. 493.7794488833044
22823. 6069.365956813819
22824. 5898.676444747737
22825. 4844.149745598116
22826. 2535.1169910454046
22827. 1946.1748969127816
22828. 3286.4592157943534
22829. 4162.857690227403
22830. 8710.04030494555
22831. 9111.316731575991
22832. 7335.635371504326
22833. 9131.651413819334
22834. 5434.728801841128
22835. 4145.72506189015
22836. 2471.4134465637007
22837. 3432.0419033390504
22838. 3879.439592924841
22839. 4197.428199616696
22840. 3347.8703362757587
22841. 13167.46080468821
22842. 6711.890096493372
22843. 5496.774700272169
22844. 9117.000039293798
22845. 9964.85883585776
22846. 1580.462035251024
22847. 2025.4927701056506
22848. 1844.1952792890938
22849. 3524.3845022560013
22850. 2174.8882138158456
22851. 12242.06143521483
22852. 1703.3379184551482
22853. 3346.412628970206
22854. 9061.458113352071
22855. 3148.4412071273973
22856. 5513.738564718316
22857. 955.6280340896163
22858. 1400.5403818579737
22859. 5737.320010803696
22860. 6496.540518082354
22861. 3017.282274839626
22862. 1435.7427398285256
22863. 18827.910553876598
22864. 9302.190090999318
22865. 7832.110139192715
22866. 11513.721265021657
22867. 3337.564819180739
22868. 2063.9060983472377
22869. 19236.790043393135
22870. 18591.68634553269
22871. 5457.4163501304465
22872. 5499.328048975111
22873. 3069.427330327125
22874. 4311.097694151138
22875. 6116.446833964568
22876. 9013.671018374987
22877. 6980.664167636972
22878. 1730.282116996287
22879. 5560.434509816222
22880. 834.3813284973949
22881. 2013.2382096830884
22882. 2155.579214200291
22883. 3318.1366808830644
22884. 9763.988297779126
22885. 7469.746982313839
22886. 3261.7499469446793
22887. 9063.365024663244
22888. 6219.996245341701
22889. 5415.616691035748
22890. 4253.884297951526
22891. 2071.809224603065
22892. 1716.201718344588
22893. 2395.7759055335196
22894. 1285.000816643133
22895. 5078.4231883490365
22896. 5831.7962895285755
22897. 1943.258789233451
22898. 2946.499296823263
22899. 4332.912859605207
22900. 1138.7267506725493
22901. 575.7056479804587
22902. 745.3328771228302
22903. 974.88008551266
22904. 756.3344391515546
22905. 804.7793025111145
22906. 1539.23506129462
22907. 3295.9051686838043
22908. 2840.344876747387
22909. 4483.7181719345535
22910. 7683.041628815401
22911. 2796.4551603508758
22912. 14516.05930782994
22913. 6580.431548848442
22914. 1796.2668616693868
22915. 2973.965043383817
22916. 1966.6518080434143
22917. 4540.276642419444
22918. 7289.537381093613
22919. 10696.628888920986
22920. 7203.214970128635
22921. 6213.885823576634
22922. 4994.720264984112
22923. 4944.879113458236
22924. 1696.8139506288505
22925. 6161.554863462592
22926. 3071.513693078242
22927. 2569.497248957798
22928. 13021.487514987943
22929. 11285.57917047154
22930. 3390.1112459725055
22931. 7447.485707585433
22932. 12438.959531553672
22933. 23809.95527729147
22934. 3222.8780607931167
22935. 1929.4210116789466
22936. 1381.781978097035
22937. 8536.23044810948
22938. 3420.9185772643727
22939. 3353.306665580031
22940. 2041.972664949546
22941. 2099.0460743652266
22942. 1531.9963077484233
22943. 1413.183497874055
22944. 4915.07798065184
22945. 1686.9396381298716
22946. 1502.5380097528787
22947. 3071.754094783549
22948. 3391.762707281509
22949. 3893.4136291244063
22950. 5091.867590844165
22951. 9411.563125348039
22952. 11010.211568932766
22953. 1450.2609551660107
22954. 6431.73858323693
22955. 835.4255049173773
22956. 2104.4893106960344
22957. 4698.708363549017
22958. 2569.8062214178153
22959. 13529.544622180887
22960. 11047.07291602674
22961. 2288.348216580851
22962. 3309.4899196824167
22963. 1992.0021457526839
22964. 4841.607153823542
22965. 6698.0111201001755
22966. 1538.2348859663257
22967. 5800.934866182826
22968. 4449.070829021296
22969. 1714.0597009262988
22970. 4418.496230295188
22971. 6140.271073759718
22972. 11170.310913922453
22973. 3893.2866401504116
22974. 12648.8192519395
22975. 12269.475590267659
22976. 1427.6852722182223
22977. 3923.626154581992
22978. 4073.3498624109575
22979. 7128.6183782797
22980. 6285.834069320082
22981. 7366.886819315085
22982. 6874.354912649387
22983. 5001.874835403827
22984. 4210.971156010421
22985. 4351.962620714547
22986. 1449.2899032550197
22987. 6223.409555731689
22988. 3918.258695345078
22989. 4276.876782456389
22990. 4312.824417721569
22991. 7845.526630838399
22992. 6439.777547399977
22993. 5943.815838841097
22994. 2796.0217331927947
22995. 5245.516426558809
22996. 12769.37874859982
22997. 11732.127876293054
22998. 8576.458365849017
22999. 5378.402997520477
23000. 4050.883496960527
23001. 5290.1613454940425
23002. 1215.805392471114
23003. 5137.6503120474945
23004. 3170.4461621783976
23005. 7098.234889515491
23006. 3946.378408731367
23007. 9175.951136692536
23008. 3135.346688093566
23009. 1997.6524645313464
23010. 7320.615841035642
23011. 6384.19475332666
23012. 4190.883579858867
23013. 9710.320612021247
23014. 5041.883169871181
23015. 8105.871621471918
23016. 8155.137757566816
23017. 6175.941814522359
23018. 7513.985050290477
23019. 632.9814744376508
23020. 13336.730664027154
23021. 8493.03526890901
23022. 7919.053800309052
23023. 2163.2094804105805
23024. 6609.8982875369165
23025. 4477.57642038718
23026. 3072.0326063925777
23027. 1973.569746311894
23028. 2815.56503032238
23029. 1667.6362251172177
23030. 8663.040461796043
23031. 4634.962873704365
23032. 4066.0062649858237
23033. 6464.138044902158
23034. 5023.977090075391
23035. 2118.8376857417798
23036. 12045.75141232722
23037. 4425.119379140729
23038. 10528.482195244367
23039. 2505.5477419486124
23040. 4437.6956337998
23041. 5090.79402122863
23042. 8524.563170701102
23043. 3530.1791584641815
23044. 2576.8005455455423
23045. 4396.971330990191
23046. 10196.174682817591
23047. 13290.190976375943
23048. 7926.683400346051
23049. 2682.510284672472
23050. 852.0722098875051
23051. 353.4081104092788
23052. 4932.353398674371
23053. 6150.810422436097
23054. 5227.677711222863
23055. 7657.5255269768895
23056. 7125.676649837375
23057. 2976.804863614555
23058. 3812.5522228320206
23059. 3821.0508503383567
23060. 2631.814279106499
23061. 2722.40058591551
23062. 4644.990923526497
23063. 4507.695421892032
23064. 3898.1955705456794
23065. 1561.1702843104272
23066. 2998.0485180033997
23067. 4081.0240084704265
23068. 1006.0342744416487
23069. 7430.985405835071
23070. 8432.794581038177
23071. 4261.064830531069
23072. 598.1762030727567
23073. 2146.9469977278313
23074. 1045.3842425158173
23075. 2757.8648603764177
23076. 5170.708018138835
23077. 6257.607569581291
23078. 354.9705906557378
23079. 1429.2868449470443
23080. 5926.623656921951
23081. 3823.764656290327
23082. 1146.2036880711835
23083. 542.5211522880232
23084. 822.9279352734524
23085. 254.5288302635809
23086. 4312.133299424115
23087. 3527.7474600311007
23088. 1049.614452387395
23089. 2400.0661020856164
23090. 2089.029799684125
23091. 4347.765842730476
23092. 2047.3106650935595
23093. 1655.522342274587
23094. 4710.27116319418
23095. 2671.584786079365
23096. 3252.392794727261
23097. 3440.550650339515
23098. 5759.278650188661
23099. 3025.875937951353
23100. 4424.943570139024
23101. 2978.3904576298796
23102. 1815.5969748671293
23103. 1728.3878528838604
23104. 1849.045765598405
23105. 636.6564037226166
23106. 2459.657830962951
23107. 3919.1016655979993
23108. 540.9790713888874
23109. 1919.3146931150068
23110. 1204.0918464633226
23111. 1927.7871492147942
23112. 1620.5578586210859
23113. 1616.5839927144968
23114. 2073.5427840827365
23115. 1017.5272569935349
23116. 682.4075093844483
23117. 162.70786419068506
23118. 890.0048507264316
23119. 1065.6989009492208
23120. 294.1780167323973
23121. 635.9929043240012
23122. 648.7276603233474
23123. 6199.024793525201
23124. 2054.074502495866
23125. 5862.207552674804
23126. 1374.4849420916405
23127. 2357.0284014810695
23128. 6433.4680870014345
23129. 6356.400777239946
23130. 560.3245426943391
23131. 3644.0168676735643
23132. 10465.695773178486
23133. 785.3938519462461
23134. 5315.600450529893
23135. 2173.6478021180515
23136. 3303.5717676289873
23137. 2511.092952281468
23138. 5770.422429075989
23139. 5033.828634330237
23140. 8638.92385132505
23141. 8081.972071796441
23142. 1456.535724362878
23143. 2386.3025055126955
23144. 3826.2299389905506
23145. 3299.807995857985
23146. 4871.24431029806
23147. 1287.5136210846065
23148. 2912.6654199836953
23149. 6863.973314750262
23150. 3648.1019910440864
23151. 3392.994788868413
23152. 2324.0229411291552
23153. 2654.587401810529
23154. 3091.161657958937
23155. 5805.674472020618
23156. 7741.167363666661
23157. 6553.694144624579
23158. 4887.588822009389
23159. 1188.839038402893
23160. 2519.224262197562
23161. 3074.090742554917
23162. 3305.4418436211135
23163. 6174.649261528647
23164. 3128.142633512935
23165. 13259.073635893708
23166. 7107.075667899281
23167. 3255.0462110548187
23168. 3339.1854240082876
23169. 4562.487635924075
23170. 9696.240816739119
23171. 2793.6810883757857
23172. 1388.182600359945
23173. 3731.8274408496
23174. 13370.055591432485
23175. 13053.918561348733
23176. 6295.869734293632
23177. 8147.464052261259
23178. 12949.84738411401
23179. 3005.3343077805134
23180. 3697.44311163932
23181. 8818.840703600386
23182. 5557.390126539076
23183. 5403.553196605216
23184. 11864.644914488696
23185. 911.4142187530667
23186. 2203.5150154169232
23187. 3552.2158840863253
23188. 5452.061897369714
23189. 8644.1541062791
23190. 4015.2861497536337
23191. 8476.811658157196
23192. 1909.1003417379827
23193. 6217.874322840954
23194. 6471.421181619771
23195. 5236.197612571868
23196. 10883.177941864189
23197. 4347.589491793019
23198. 7357.130681187093
23199. 12878.655453319583
23200. 11905.694031338684
23201. 14249.519870784277
23202. 7720.968482239882
23203. 16538.128980107813
23204. 22050.67667850304
23205. 5347.563911304189
23206. 12080.509522958044
23207. 12746.402011514025
23208. 2246.8453791160277
23209. 5523.329155854439
23210. 2683.9702594596397
23211. 7003.136106243071
23212. 4365.400561943486
23213. 15266.273626242923
23214. 13133.063622654863
23215. 9258.336794388872
23216. 9119.525327096942
23217. 6528.694709325795
23218. 9558.782145651672
23219. 7105.706465106438
23220. 14323.155473110086
23221. 8946.086392541994
23222. 3874.743976553895
23223. 9790.260128715141
23224. 13822.595376527113
23225. 6876.238949836077
23226. 886.1313602070098
23227. 18999.14402681133
23228. 4955.189972994442
23229. 18649.56293000509
23230. 3478.155163407019
23231. 2343.743871935827
23232. 8749.033168290562
23233. 6235.725644777114
23234. 5572.624629017162
23235. 7629.767950293976
23236. 15197.2426586575
23237. 18441.97608956397
23238. 5298.207293354476
23239. 6238.276093922475
23240. 2806.074405434881
23241. 7905.93785435756
23242. 20802.389847704377
23243. 3472.8443111956963
23244. 5832.8512100510625
23245. 6358.2168788986455
23246. 1675.75085901063
23247. 3442.923744852741
23248. 8064.264639451419
23249. 4927.285717511402
23250. 4480.822144210096
23251. 7901.143597188171
23252. 6081.274662794948
23253. 3798.1271781562227
23254. 6922.649001023542
23255. 15907.773348067885
23256. 12249.240959165387
23257. 7256.088305014296
23258. 7690.4834427859605
23259. 4737.974637935481
23260. 8735.981285588012
23261. 7860.773651575729
23262. 3178.8762001896553
23263. 5167.398116917393
23264. 4226.262209487184
23265. 9326.927181659143
23266. 8930.055807406563
23267. 2627.6762249181947
23268. 3757.672559944578
23269. 5641.735360387485
23270. 10819.336860455665
23271. 4425.703754769839
23272. 5769.577089463757
23273. 6017.960104743054
23274. 7003.387454707866
23275. 1893.962283564121
23276. 10512.353353160019
23277. 7981.457885200055
23278. 5181.395475746543
23279. 6121.139665380782
23280. 7420.622736726608
23281. 7808.652288075701
23282. 8979.438248374754
23283. 6941.681353088329
23284. 15771.68097790864
23285. 6267.987950879442
23286. 7022.992369299662
23287. 5500.03327741445
23288. 9522.428610164621
23289. 5608.509156466853
23290. 2648.2111281074167
23291. 5140.345404652702
23292. 7981.761711890883
23293. 19216.9258085069
23294. 4940.33050076825
23295. 10540.772894646516
23296. 3839.022583579336
23297. 10335.214033034656
23298. 2405.145497525053
23299. 4053.1344227370005
23300. 3689.4000924577317
23301. 2791.286038932858
23302. 10054.711640111133
23303. 7842.017252279929
23304. 5923.668757170845
23305. 2366.1960455198814
23306. 2869.5551166305268
23307. 1791.4562990659497
23308. 10233.652102728545
23309. 2533.7590924902097
23310. 2742.553104231836
23311. 27281.981958009837
23312. 6268.28894086898
23313. 14512.490136571174
23314. 7866.893309149669
23315. 4192.402000498205
23316. 3967.785271899062
23317. 3875.328821233923
23318. 7263.973780458129
23319. 5539.386894774882
23320. 6128.650961335554
23321. 12757.405152295665
23322. 4171.864873077754
23323. 14662.3462910638
23324. 7503.366777564027
23325. 5783.3910702813655
23326. 2583.635234797353
23327. 8447.621054732952
23328. 13242.069092891938
23329. 7299.707200164466
23330. 10313.880528416481
23331. 4315.351412909762
23332. 4649.1374859177395
23333. 3428.309625005286
23334. 2428.7722036045884
23335. 1236.6969894962804
23336. 3868.330298116406
23337. 11957.43483250702
23338. 4831.161063095164
23339. 2421.6790986792735
23340. 9499.00396019959
23341. 10727.210634158992
23342. 13347.94261949806
23343. 10629.086704679721
23344. 8660.714139672968
23345. 7259.946806007182
23346. 3709.338198188416
23347. 3545.1700695065515
23348. 2197.5931849234616
23349. 2702.698765672261
23350. 1851.3000711448074
23351. 4696.768113227718
23352. 5311.052678312021
23353. 2238.0621455539695
23354. 3061.350202090298
23355. 1628.8362858658925
23356. 6750.639061713375
23357. 5247.249269317539
23358. 3013.05415736293
23359. 9358.079770300179
23360. 5381.375514372284
23361. 11295.753581609575
23362. 1786.8953131701135
23363. 7035.887626085004
23364. 3812.500009913059
23365. 16130.798617489501
23366. 9101.973099331368
23367. 12107.90483884797
23368. 1722.2165765767702
23369. 11242.914525304845
23370. 3422.989848198426
23371. 15290.519400048785
23372. 9426.463611387198
23373. 7070.229123206999
23374. 7292.720522415892
23375. 8650.773506799063
23376. 8921.7535273567
23377. 9018.746270685688
23378. 8592.87661395693
23379. 6547.929294261005
23380. 9012.923185625832
23381. 3304.9236696746566
23382. 14438.34603493204
23383. 8057.479653418861
23384. 9613.097708034233
23385. 13314.84075149667
23386. 3687.3478585579005
23387. 5004.031703896178
23388. 10424.227591410061
23389. 9062.715498197282
23390. 2202.1103110339295
23391. 4149.3771275644385
23392. 13982.523133635614
23393. 10239.390879128703
23394. 4857.841485878171
23395. 11110.396895527629
23396. 12160.583680925685
23397. 10576.004106087266
23398. 6535.409368959706
23399. 11666.291085939089
23400. 12333.583558269787
23401. 8897.421037259566
23402. 13784.203803437089
23403. 16278.634337181024
23404. 4087.717163598341
23405. 2457.7285473385027
23406. 10211.094439912675
23407. 5074.4012141565745
23408. 4884.062470621516
23409. 5633.655081756005
23410. 5413.63158696358
23411. 2215.188793781533
23412. 2871.432674862864
23413. 2200.311428757876
23414. 6568.375783382973
23415. 4270.069685329983
23416. 3710.7786080795513
23417. 1295.3594750536786
23418. 2977.406224143641
23419. 6262.2499298166285
23420. 6291.998237193055
23421. 7307.72743145821
23422. 4728.726224586547
23423. 6536.649562436905
23424. 8969.012808195674
23425. 6514.2695462526935
23426. 4158.0709766174205
23427. 6589.120735579407
23428. 24486.2249896433
23429. 4416.412506413563
23430. 3449.375173711585
23431. 13003.004311011227
23432. 19364.236217645775
23433. 5236.591087803837
23434. 4776.585411085585
23435. 5612.736697976506
23436. 6387.137988356293
23437. 4276.286812866406
23438. 7375.819503430941
23439. 6882.236848666428
23440. 3383.036739582525
23441. 5054.217990922078
23442. 11227.00819253964
23443. 10441.933181792481
23444. 4644.985151944902
23445. 4666.419713134818
23446. 3771.753326777622
23447. 7436.504600873663
23448. 4311.317057354165
23449. 4285.096690453708
23450. 9251.55621268001
23451. 5100.20002413667
23452. 16946.655364690276
23453. 4624.346269699684
23454. 8529.606117768875
23455. 8545.090762580334
23456. 9754.069334804151
23457. 8326.907788708175
23458. 5276.773900879711
23459. 6663.739300105784
23460. 4082.228031591871
23461. 5361.902374643652
23462. 6063.636634035602
23463. 8709.768089064151
23464. 9239.273658317035
23465. 2068.6289959669725
23466. 10253.864593391345
23467. 3729.9987745542408
23468. 4096.1075974963105
23469. 5559.934938112573
23470. 19253.74211764174
23471. 11309.019926376826
23472. 7502.947440268275
23473. 8128.536248115298
23474. 21048.5552341543
23475. 4311.998349428927
23476. 16097.108476942192
23477. 3812.1183069627577
23478. 6905.313568827807
23479. 7611.135187794517
23480. 5075.918174417438
23481. 14207.339637587764
23482. 15434.319277994477
23483. 5347.338318561701
23484. 6431.505941967175
23485. 12878.248814118653
23486. 14858.812581684908
23487. 9317.230247736868
23488. 7138.503422862737
23489. 3602.5490929073153
23490. 10697.233573192627
23491. 3966.3476837672893
23492. 2093.619854558671
23493. 12757.176118020652
23494. 5675.12391735587
23495. 3265.4316625104047
23496. 8938.439725556751
23497. 6400.657261787501
23498. 8201.843719220113
23499. 18175.800628743258
23500. 3950.578117918747
23501. 11455.247162741322
23502. 5591.755798660112
23503. 3582.824431722689
23504. 9306.441477491462
23505. 2392.758164945313
23506. 5321.381072171705
23507. 6635.895479104684
23508. 5575.437676140178
23509. 3997.7279562631043
23510. 3011.2338334542574
23511. 12716.269060327259
23512. 5304.208879256188
23513. 4478.514299320157
23514. 8032.7543533696435
23515. 13055.390309376204
23516. 3626.4498910766597
23517. 15354.283955285986
23518. 16742.808576845513
23519. 2620.944441485822
23520. 1505.212719967981
23521. 1819.5210884650717
23522. 1489.7976358006445
23523. 5055.272819213348
23524. 8764.872715366791
23525. 3134.688251651207
23526. 12004.059629538624
23527. 7132.717690619127
23528. 5740.310413215762
23529. 9925.737002359752
23530. 8475.829818751004
23531. 10293.863760574983
23532. 6441.132083970125
23533. 5813.124285296225
23534. 12817.521192193502
23535. 8119.634164215904
23536. 2740.0043693243765
23537. 8053.656838594222
23538. 9220.123081341415
23539. 5598.848268782435
23540. 6805.745619070747
23541. 7890.106948379334
23542. 443.9687852728754
23543. 13989.172897795075
23544. 1632.5659696556736
23545. 7256.077165229905
23546. 9039.165910297037
23547. 5777.102197090692
23548. 5869.132658742256
23549. 4006.814866368084
23550. 7286.216703790421
23551. 1144.65410084387
23552. 535.3344104694308
23553. 2352.0385342285567
23554. 12013.227570242048
23555. 1590.6222755882877
23556. 2006.0359611129297
23557. 3344.0353404893576
23558. 3106.3756609490592
23559. 8761.229810691173
23560. 4073.4635546040745
23561. 11657.625658060742
23562. 18491.82878770435
23563. 7670.425803889269
23564. 12453.64980789412
23565. 3769.821978038544
23566. 4329.428345887594
23567. 2690.9409778863005
23568. 3882.0327974717234
23569. 4301.795748403261
23570. 4308.67218942864
23571. 6104.93923941691
23572. 7510.957321853787
23573. 2560.85343356846
23574. 6016.775659693561
23575. 13037.404814404139
23576. 3313.74105148227
23577. 2719.2118913119393
23578. 1726.5544704437082
23579. 3143.7575978240375
23580. 2701.596314717827
23581. 210.39664438351627
23582. 11383.699888965531
23583. 9722.946920858367
23584. 3996.2848105313537
23585. 9301.930358014391
23586. 2518.4665388711787
23587. 11402.381439722982
23588. 3810.1543458091223
23589. 7391.381135312109
23590. 4745.720848378181
23591. 5773.276499186373
23592. 5547.8911344248345
23593. 4509.390609315361
23594. 4233.072048538365
23595. 1656.380446480516
23596. 10676.80872011816
23597. 2226.272331728075
23598. 1607.976179625776
23599. 2349.8580773993494
23600. 4052.0653973848457
23601. 3861.895256290979
23602. 5376.974219021375
23603. 16124.281931957168
23604. 824.4570054305136
23605. 7039.833286821172
23606. 740.9065006403239
23607. 2324.5717065438344
23608. 8458.553468378099
23609. 11792.805610585392
23610. 4549.9278303357005
23611. 10458.38911778836
23612. 8465.097972354166
23613. 21716.566419027098
23614. 10977.887476716538
23615. 9029.421585497821
23616. 16216.287900884967
23617. 7588.690679988336
23618. 25648.84843398788
23619. 17392.03581450798
23620. 10890.246354825334
23621. 18620.318760307815
23622. 7008.914789572024
23623. 9206.935749761033
23624. 7081.549414182494
23625. 20238.967370407754
23626. 4363.40428227547
23627. 3655.5072300764605
23628. 12840.841955163258
23629. 18840.090372916642
23630. 4281.3029261436905
23631. 2397.094296395212
23632. 27498.118761388225
23633. 5392.821250697216
23634. 3695.5036596913187
23635. 13969.777336965533
23636. 3211.5550397858274
23637. 7829.852016088764
23638. 6729.087008210712
23639. 4625.4712024605
23640. 8252.169057784115
23641. 7278.636590601155
23642. 9158.625444414762
23643. 10452.083471009491
23644. 5470.3550656086045
23645. 5833.643100152218
23646. 5398.994679954666
23647. 13800.214926035422
23648. 5483.387868649971
23649. 11304.783350064925
23650. 7840.03370827803
23651. 2537.3592232306264
23652. 13663.744493349735
23653. 10887.655940893954
23654. 9062.794299164778
23655. 7147.564616617708
23656. 6459.737883579704
23657. 8665.810412030107
23658. 4056.445981072372
23659. 7387.278923576017
23660. 6873.532657440024
23661. 3466.8838828880266
23662. 9469.502908998
23663. 5631.433684647001
23664. 5494.5251752252325
23665. 6619.143797684767
23666. 3419.011858484412
23667. 4073.712386007052
23668. 4864.870748693731
23669. 3585.7142775937264
23670. 5178.024046725848
23671. 13279.724350382601
23672. 6014.890207169354
23673. 4180.123011891207
23674. 11800.847590811987
23675. 10515.666199951258
23676. 24732.282049747435
23677. 5213.863032917515
23678. 5325.750685216057
23679. 6722.438323313396
23680. 6067.391451717953
23681. 14847.190776653128
23682. 2051.8994478092472
23683. 13813.067127879447
23684. 15159.709139639535
23685. 4601.275055741006
23686. 10627.091852791014
23687. 5268.935603688045
23688. 13282.738700488255
23689. 4972.94649376533
23690. 4258.350814351365
23691. 3436.9529946894336
23692. 5513.75859910956
23693. 2217.4970531659847
23694. 9227.741161686426
23695. 5592.0439501070305
23696. 26359.923925304298
23697. 11151.67760143084
23698. 6088.234618586311
23699. 5254.242375292201
23700. 7232.054793403364
23701. 5744.1366746025205
23702. 5513.134026907278
23703. 5924.850176114476
23704. 8053.433711913174
23705. 6647.412976740553
23706. 7611.587402757662
23707. 4137.451282096859
23708. 2036.5463004528422
23709. 5761.754628104931
23710. 11084.903760517896
23711. 2889.1212373934763
23712. 18901.981613973992
23713. 834.2228724789112
23714. 906.4743092733901
23715. 1021.3224352944006
23716. 5959.726491569078
23717. 15752.235800336392
23718. 1641.4257773632194
23719. 5171.647920821723
23720. 1794.2055909027242
23721. 4021.2686834428196
23722. 12839.052774405533
23723. 6902.876151843788
23724. 14624.539824529846
23725. 4280.117922929916
23726. 12631.187793718547
23727. 11664.947451099888
23728. 1987.6915895488764
23729. 19220.952906065177
23730. 13089.25036080615
23731. 2776.9066572474535
23732. 5699.776791256453
23733. 9582.996385353115
23734. 12425.55363864845
23735. 8087.77339212577
23736. 7925.805863366165
23737. 2075.944207267053
23738. 4461.040868731196
23739. 1820.5198744094312
23740. 1930.2013055852221
23741. 3407.679813441452
23742. 1841.3075304994268
23743. 2127.7024068548476
23744. 4729.892705221222
23745. 1244.85448157597
23746. 7050.510294745496
23747. 5682.26270673287
23748. 2441.0575402971745
23749. 7584.462211313183
23750. 18345.978947288386
23751. 5168.391618756542
23752. 18312.137228498985
23753. 5329.495195163239
23754. 3187.2947431279235
23755. 9494.210052215987
23756. 5747.172318707162
23757. 9258.656508380716
23758. 3802.2364142714973
23759. 7296.0580108008335
23760. 9625.019317507158
23761. 5933.169689748245
23762. 7543.256204686427
23763. 15545.543649503534
23764. 8984.827455307664
23765. 1988.477044102639
23766. 10659.45200945522
23767. 14745.04141528277
23768. 5783.230020465611
23769. 4933.856353699727
23770. 6997.875405188726
23771. 12541.157516270705
23772. 8012.474209763554
23773. 4992.303996244805
23774. 3637.7324919063462
23775. 4360.842343254593
23776. 11552.986573082333
23777. 3647.353833295832
23778. 20204.070377888547
23779. 5653.625687162768
23780. 3101.9613467985946
23781. 5749.534281357618
23782. 8320.690295131111
23783. 17104.64686602552
23784. 14974.24904600366
23785. 2872.585769885487
23786. 17420.021780512223
23787. 10007.859626673184
23788. 7110.189846462475
23789. 6542.94479012744
23790. 11205.2299913449
23791. 24914.7552171501
23792. 3282.717325250877
23793. 20940.767291234457
23794. 9298.057747368695
23795. 7411.070778798682
23796. 12134.04473866037
23797. 5733.064107422834
23798. 5592.863279632147
23799. 18230.524017725813
23800. 12686.281654964681
23801. 9582.652791177099
23802. 9559.799553078374
23803. 10236.076748210806
23804. 18457.4825961569
23805. 2495.43517450429
23806. 7869.200838649697
23807. 1077.1004988826664
23808. 3633.2688340909413
23809. 4797.859079072364
23810. 4310.356953145394
23811. 14717.784364422043
23812. 22820.348972891916
23813. 25520.965056511017
23814. 13132.515170087627
23815. 2945.1256204923334
23816. 16690.058607659048
23817. 7351.613274863105
23818. 11384.440911505702
23819. 8942.687881565562
23820. 7294.353970842479
23821. 9948.478712166385
23822. 10751.731093804305
23823. 6650.0592892446975
23824. 6548.298219606025
23825. 18164.21517736073
23826. 6261.423406077461
23827. 10226.554556533978
23828. 18223.442511595185
23829. 9024.671687585982
23830. 7836.261195996835
23831. 12452.331628845186
23832. 3482.860620573776
23833. 4317.100769194329
23834. 3510.237403375195
23835. 2985.8872462732243
23836. 4694.301326157298
23837. 11027.332490473007
23838. 8235.087462604588
23839. 9329.443394031814
23840. 4292.750849844474
23841. 1238.1450255330437
23842. 3300.836223332666
23843. 6215.985063241517
23844. 10548.670628197493
23845. 3238.6760565377854
23846. 3719.4615854651897
23847. 5995.822247530101
23848. 8445.40868339702
23849. 7700.7474216595865
23850. 4423.872810742447
23851. 4053.7467328432517
23852. 7106.274246770555
23853. 4984.413736608808
23854. 14660.145410732484
23855. 11773.354676474179
23856. 11740.19429502075
23857. 3739.061396604635
23858. 3949.8699983329766
23859. 20567.623837838993
23860. 15642.763449180675
23861. 8913.984809511156
23862. 10391.199880674643
23863. 9212.030968357296
23864. 11317.600417142688
23865. 3091.5336419856276
23866. 11851.433443274358
23867. 9149.887514034208
23868. 4060.8266495110015
23869. 11739.698189116842
23870. 18485.409074469964
23871. 13362.727229557147
23872. 7890.026564982931
23873. 10823.187187761934
23874. 23503.46149111328
23875. 9844.315277472844
23876. 7389.092312709244
23877. 10357.677538331052
23878. 5405.685476757882
23879. 14399.800556502121
23880. 3314.6002547515805
23881. 19098.575139855304
23882. 4785.337875611489
23883. 5386.938939153816
23884. 8119.195517178285
23885. 10957.498673860187
23886. 10209.006135909793
23887. 4048.43291962009
23888. 5177.10603785451
23889. 6474.498016440441
23890. 5276.510620708266
23891. 19397.11985614769
23892. 6767.369802317866
23893. 2820.1887461270185
23894. 5879.853777110756
23895. 10243.26232259724
23896. 5898.994073215848
23897. 8333.534429789306
23898. 14185.370105751494
23899. 5836.126488803801
23900. 8611.0900989371
23901. 4569.448758719835
23902. 4823.123666574159
23903. 2338.620000072018
23904. 12351.445354365755
23905. 17750.750229067016
23906. 10120.272788445409
23907. 4021.3031287028793
23908. 6932.485206445801
23909. 13671.912849850556
23910. 4214.151505480896
23911. 3849.560303713599
23912. 3254.804966232659
23913. 2853.452032980411
23914. 19368.203229791496
23915. 2974.6906044544053
23916. 5161.80960108486
23917. 12885.968730571092
23918. 6647.511771003389
23919. 713.2001137731112
23920. 3710.9062246678172
23921. 7321.890365259279
23922. 7892.322955299914
23923. 1138.4971085825186
23924. 4034.222508203516
23925. 3484.7437461367126
23926. 18776.31652803468
23927. 13215.60291940475
23928. 3717.26242644202
23929. 10687.276162953138
23930. 13268.89656495656
23931. 8013.629589824017
23932. 5491.828663598815
23933. 8270.860460618756
23934. 3113.119239677589
23935. 5322.319422283808
23936. 8167.497387752307
23937. 1883.2620075498476
23938. 13435.490752218619
23939. 18801.140954441988
23940. 4906.549567375944
23941. 12433.381039929165
23942. 2447.5850200235186
23943. 18442.404871341776
23944. 8651.1781769767
23945. 15927.330029783234
23946. 5058.559635895158
23947. 11240.717924592002
23948. 2127.295582610865
23949. 7361.051225606456
23950. 7866.742700967029
23951. 6159.266407089874
23952. 2110.09221680749
23953. 5473.39144342094
23954. 7713.545846825486
23955. 7110.782115933823
23956. 14952.516295093246
23957. 9642.245422001966
23958. 4252.80442619854
23959. 12102.726406295822
23960. 11924.985077860541
23961. 11497.002490827555
23962. 3991.4258578654494
23963. 3879.0356909393668
23964. 10481.01992376384
23965. 3536.210489661386
23966. 16382.066396194461
23967. 2526.6727032020467
23968. 5928.790570612932
23969. 4196.283566902089
23970. 10974.517373612862
23971. 16287.667216454398
23972. 8604.520179039313
23973. 21522.954368804512
23974. 5423.70922561448
23975. 16693.870341756723
23976. 3306.132475220225
23977. 5078.238126496855
23978. 11179.784349285552
23979. 15678.895549916548
23980. 7597.394275821773
23981. 8789.487481880804
23982. 20323.162232847437
23983. 15322.632278147801
23984. 22058.33175078916
23985. 3862.374337763228
23986. 3386.9642709827713
23987. 9666.497302324906
23988. 5356.4309069921255
23989. 1230.0614722667096
23990. 3526.4239232366244
23991. 6232.758366716253
23992. 27700.13412532609
23993. 3990.2892756490464
23994. 3006.5506088420716
23995. 6342.315923166828
23996. 11618.268916489871
23997. 6809.407254827204
23998. 10524.565767417085
23999. 14119.600834633315
24000. 8329.327504464107
24001. 5182.091310535841
24002. 4783.104392074491
24003. 26811.031634052855
24004. 5270.095259051786
24005. 6509.399592997955
24006. 6743.244004923659
24007. 1288.580663272209
24008. 9349.116125214667
24009. 1464.571069975227
24010. 8907.548481636633
24011. 5935.926898915529
24012. 3237.6741003589477
24013. 11795.214450262813
24014. 3922.633938035323
24015. 21100.117695113557
24016. 6969.347721051542
24017. 8317.224449111802
24018. 3445.511538858937
24019. 5300.575536237697
24020. 10941.915240586688
24021. 2481.3325773983142
24022. 8465.632061314822
24023. 5613.0023984584095
24024. 7637.70030615436
24025. 4685.425896938575
24026. 9112.431719308748
24027. 8308.048409673931
24028. 3335.90627902831
24029. 4622.956732689788
24030. 8962.755002392863
24031. 3452.3839645836183
24032. 6699.267666511235
24033. 7826.399122986955
24034. 1493.271042090731
24035. 4823.373280096889
24036. 3241.7827160936918
24037. 3622.068781416552
24038. 9207.185159382438
24039. 3320.0131532560713
24040. 4243.832416687235
24041. 1914.4604985520623
24042. 4208.113433754
24043. 2647.7375248766784
24044. 6000.79269134242
24045. 6358.198500224748
24046. 4614.820968535075
24047. 6955.000292699707
24048. 4277.144412854722
24049. 10622.923772969873
24050. 7315.353585320508
24051. 9702.497076652318
24052. 8865.32576179852
24053. 11532.90951740319
24054. 11289.243377997234
24055. 7801.3390855013895
24056. 9097.168146881606
24057. 10718.137664693098
24058. 8192.589663512821
24059. 6702.963532567739
24060. 7369.479330578138
24061. 4036.4698063430264
24062. 13564.105502754042
24063. 7847.226695028558
24064. 2958.0363400761375
24065. 6271.490528643567
24066. 2914.92561197133
24067. 5830.175931880191
24068. 7906.319490548295
24069. 10378.461365721807
24070. 1972.142171215106
24071. 4095.103722918353
24072. 4583.568653525437
24073. 5203.0905848942375
24074. 821.1844958148238
24075. 741.4921072590371
24076. 4775.821151219394
24077. 2928.2433134776797
24078. 1377.950788004592
24079. 2243.998569593603
24080. 720.2678426155204
24081. 649.8782639145359
24082. 435.33857039785306
24083. 1456.23226049759
24084. 636.1312593382731
24085. 1381.9620353233063
24086. 6267.510045882407
24087. 2064.90137850889
24088. 5696.215056860386
24089. 316.1174116657969
24090. 823.2186562850809
24091. 744.6854828600691
24092. 2711.442062047067
24093. 1055.7872493680563
24094. 3750.0416800784765
24095. 1854.3949163600414
24096. 392.428042799812
24097. 641.825896497469
24098. 145.24858880504675
24099. 481.8499259618349
24100. 663.6704038898387
24101. 5560.454067813845
24102. 1196.2394678920111
24103. 3625.2471635917054
24104. 2105.30104655781
24105. 1316.9569872164434
24106. 631.444460482218
24107. 4592.933269095866
24108. 4999.006532823683
24109. 4154.896061307735
24110. 3733.3526826143993
24111. 363.65900545617643
24112. 522.5273399414567
24113. 3196.363179531376
24114. 1590.421282133361
24115. 5994.521641798517
24116. 3332.24284572376
24117. 364.33006865108456
24118. 9784.908059389849
24119. 3724.305134205324
24120. 8502.809821727244
24121. 8094.775147719743
24122. 1615.9133103058884
24123. 4964.3189322666185
24124. 3693.487297054429
24125. 5760.578672225515
24126. 10561.953808089404
24127. 6764.602162304321
24128. 4161.119891297502
24129. 3223.9542303272183
24130. 15762.072332197593
24131. 1980.0851948032482
24132. 8773.983697757601
24133. 10567.342940593035
24134. 12869.434468735826
24135. 3521.197557339181
24136. 3863.35414328551
24137. 2093.277156315948
24138. 5205.917031337898
24139. 4477.285354792562
24140. 5267.367599159526
24141. 985.4504957421107
24142. 6419.19736758033
24143. 4057.915089510317
24144. 2347.1364494196114
24145. 2442.8070732861274
24146. 4630.567921507803
24147. 2311.2671958434025
24148. 5433.551920630819
24149. 5175.540365097658
24150. 6814.93158882985
24151. 2853.0730434629277
24152. 8263.18472912823
24153. 5417.061093797375
24154. 4143.24971675986
24155. 4945.188389596689
24156. 9917.968838169636
24157. 10076.807185427337
24158. 4789.380729851441
24159. 7272.540983186969
24160. 2264.5289273091253
24161. 7014.311504029815
24162. 8112.533102826152
24163. 3805.7449031697097
24164. 1618.078830132063
24165. 4936.538050284327
24166. 3202.4182128559437
24167. 6702.162748697627
24168. 2895.8563725926683
24169. 15556.026964804822
24170. 11115.432562781481
24171. 6720.222841277864
24172. 9215.566008291009
24173. 3004.6122493140742
24174. 5700.553156815758
24175. 8210.83961218764
24176. 5973.138653079696
24177. 13546.73693194416
24178. 24960.128855965668
24179. 7985.2248130953485
24180. 6592.2512311729315
24181. 1511.260883263574
24182. 1077.917952997441
24183. 2285.416784924199
24184. 6877.8073335343715
24185. 6676.058773093755
24186. 4036.983130060656
24187. 6409.286155656925
24188. 8821.179317300826
24189. 611.2204847442273
24190. 375.1407334206707
24191. 3773.099513207152
24192. 3998.568355572846
24193. 10203.26742587334
24194. 6385.841301778477
24195. 1460.665612246482
24196. 289.73853764549597
24197. 4432.599752496102
24198. 13207.805723969903
24199. 2020.91337210125
24200. 1004.410508997076
24201. 926.7555920427569
24202. 623.8764148532199
24203. 6035.734257340975
24204. 6848.823753003971
24205. 5812.026027810452
24206. 6258.010750901989
24207. 4715.5180246015925
24208. 4911.432985083208
24209. 8165.884728339999
24210. 2548.0372447265777
24211. 6218.148407771927
24212. 12512.24611309452
24213. 1860.380688008407
24214. 6990.572195562771
24215. 2909.6017455334254
24216. 4259.870366346007
24217. 8500.512895791157
24218. 10100.84198458727
24219. 13156.892431160604
24220. 4367.02805896206
24221. 1005.5746559378823
24222. 3809.4548209418117
24223. 3406.191191347304
24224. 4802.947890728041
24225. 7650.050071317763
24226. 5706.441604290279
24227. 2463.422106529816
24228. 4375.286051525073
24229. 6170.907283786903
24230. 1816.2803015693519
24231. 7986.591193441764
24232. 5548.520820017489
24233. 1643.3181864500714
24234. 5377.74863704573
24235. 4160.955194698346
24236. 5083.800293796519
24237. 17329.951475009846
24238. 987.6708405672338
24239. 1911.7514819010332
24240. 3627.2029699705613
24241. 4210.275387276599
24242. 5180.921211523025
24243. 8190.640890467827
24244. 8850.65519982865
24245. 5281.303930675359
24246. 3060.0305491377953
24247. 4201.169301798226
24248. 13151.592742307274
24249. 2342.3148425951667
24250. 3826.6204593574384
24251. 1875.2935020138411
24252. 9637.587638979341
24253. 6556.497734138892
24254. 8881.623963399818
24255. 11522.174847216158
24256. 11960.66059675441
24257. 5099.462610234452
24258. 3596.1443506466867
24259. 15528.229452037094
24260. 7961.603211652427
24261. 2286.8147042922797
24262. 3392.5938779315143
24263. 3880.53816422793
24264. 7022.780562265633
24265. 23257.88441649325
24266. 5568.65269140972
24267. 12544.86239453954
24268. 14114.80990864501
24269. 6938.462309287083
24270. 4219.959655546689
24271. 5629.010636173749
24272. 4291.797298293852
24273. 10210.387150062392
24274. 4404.61487858507
24275. 9825.26337172361
24276. 7675.396464824508
24277. 11007.640417363533
24278. 12719.453714036848
24279. 8621.109764245926
24280. 785.1838131690122
24281. 2661.864144463687
24282. 3973.1360909507794
24283. 97.17847210780403
24284. 8345.765708594941
24285. 5447.523147683635
24286. 2665.047232219904
24287. 11609.342826952876
24288. 8625.70134476875
24289. 15398.721614840004
24290. 12588.814093062205
24291. 3349.271521214711
24292. 8970.177724298555
24293. 5705.598947700462
24294. 3688.038928442817
24295. 2627.549933093553
24296. 16849.114976058056
24297. 5310.968180693787
24298. 10015.86115062426
24299. 1199.9611587657796
24300. 2714.2781788141015
24301. 8130.033416799759
24302. 2967.844767200208
24303. 10776.399803462537
24304. 13487.105554128584
24305. 4366.434728421538
24306. 11199.438670813932
24307. 3705.6804486263236
24308. 7454.069618631628
24309. 3360.9702671640157
24310. 11823.371892944595
24311. 7482.067910067223
24312. 383.0013149733735
24313. 958.8545087162539
24314. 1941.7079521323399
24315. 1683.9880600674346
24316. 5141.601543240792
24317. 3539.047642576296
24318. 2159.9726982831003
24319. 5215.389924346837
24320. 9208.307310539829
24321. 7824.766141019906
24322. 8355.718743692432
24323. 11258.450202922098
24324. 5662.1790965076425
24325. 8335.515384502934
24326. 7437.238242254401
24327. 1017.5195416569071
24328. 1860.6391868017563
24329. 1548.1753067958598
24330. 1750.6820208483614
24331. 2721.7142768586914
24332. 8699.684457427255
24333. 12246.246511948417
24334. 20135.535173659402
24335. 20251.476232319797
24336. 13946.60890016229
24337. 3818.629232906784
24338. 13055.563809289628
24339. 14083.404351836922
24340. 21128.771280428977
24341. 5229.859635108023
24342. 10076.789991816984
24343. 5430.155906497075
24344. 8402.512213520524
24345. 3166.8602662851176
24346. 4723.960720824977
24347. 15120.06419415875
24348. 7537.424010268286
24349. 4420.373250667677
24350. 1670.5859713183418
24351. 2531.790249362938
24352. 2464.3598703106
24353. 3610.418734931659
24354. 5969.4544834060525
24355. 5028.8820514347735
24356. 4680.718931522363
24357. 12914.183292049906
24358. 6657.167375082336
24359. 3905.82024829408
24360. 6384.485189764912
24361. 12604.86878188879
24362. 6857.438850417815
24363. 5563.541985782619
24364. 3468.2284089440177
24365. 5972.01454000766
24366. 7428.39646390341
24367. 6323.005805268826
24368. 4690.094644700161
24369. 2859.935050548763
24370. 3505.4273250051197
24371. 4411.409922857121
24372. 2446.8129744404714
24373. 4094.664016403622
24374. 2561.3954068420303
24375. 17048.559547378572
24376. 5855.194083776163
24377. 9564.120941063746
24378. 3794.2101657648914
24379. 8677.433928427721
24380. 3625.394323584366
24381. 10251.223115332292
24382. 6364.142230078233
24383. 2147.135122875579
24384. 14018.304976471856
24385. 5220.3328416561735
24386. 6569.624921043349
24387. 7956.087947125065
24388. 5297.633172714649
24389. 5594.157996539577
24390. 20592.369071403853
24391. 4835.279038659652
24392. 3169.089869859102
24393. 2562.046820868281
24394. 10454.48072772541
24395. 3587.3617208136357
24396. 1772.2014410962838
24397. 4463.360562470255
24398. 5969.004190062942
24399. 6328.332103096103
24400. 4297.9286168741355
24401. 7168.677854247047
24402. 9073.550317707915
24403. 10219.805848593845
24404. 3515.066283692148
24405. 4312.976338125036
24406. 1538.7986581226162
24407. 9607.951227849175
24408. 1352.8564889443726
24409. 7549.400099813943
24410. 4063.4809119384745
24411. 4246.294256674093
24412. 6883.746465554856
24413. 3620.873783209129
24414. 3466.627411426453
24415. 7272.703580715623
24416. 16255.426369519319
24417. 4786.924888464271
24418. 8381.168624783602
24419. 10652.628095660837
24420. 7574.959044054902
24421. 13196.870018089889
24422. 14794.907221725469
24423. 4306.493330334523
24424. 7309.382258730516
24425. 2677.8766529422387
24426. 6386.320331283467
24427. 10141.944525125356
24428. 10186.177351509514
24429. 3516.127724188612
24430. 5422.693000942155
24431. 1826.3260463378397
24432. 13449.513027251227
24433. 13984.357870424192
24434. 2873.5799923186196
24435. 6475.211145119764
24436. 5104.139545352875
24437. 5169.717303164964
24438. 5134.642338160118
24439. 7516.662898750342
24440. 1143.961364958396
24441. 9696.548304351943
24442. 6951.181559227849
24443. 3874.347354506931
24444. 9503.535150331725
24445. 5172.916716559345
24446. 4455.540991484725
24447. 4730.827451411132
24448. 7387.181289173888
24449. 6004.385461994921
24450. 3890.683062507224
24451. 2624.6098785477307
24452. 4787.238596603362
24453. 6580.7316237387895
24454. 4495.725216795404
24455. 2552.8308157163387
24456. 4909.278642187903
24457. 1717.745510057049
24458. 5774.84112938271
24459. 1701.7764815139537
24460. 8770.067234834754
24461. 16788.518302393175
24462. 13244.272924063895
24463. 4009.0218852429243
24464. 5019.203196604915
24465. 3973.888877899116
24466. 9428.542290328485
24467. 2635.3390766115886
24468. 2007.0579290488636
24469. 4487.174958165046
24470. 4136.961341739087
24471. 2738.9965181176676
24472. 8307.49611515058
24473. 14711.660248989016
24474. 3195.53293041552
24475. 3917.2357323833817
24476. 5962.3203170316865
24477. 4058.1053222231426
24478. 5578.209157196217
24479. 4708.59629213541
24480. 4382.586903545233
24481. 5971.335769838221
24482. 5971.495316490849
24483. 6938.472474863953
24484. 6224.026639733661
24485. 10442.535990053306
24486. 5307.886365520492
24487. 5042.756494969886
24488. 2374.51290982176
24489. 2577.3277363446578
24490. 3561.903907146099
24491. 8207.414382575214
24492. 3917.6372317370756
24493. 7637.743852048715
24494. 4266.52738250755
24495. 3695.493493561586
24496. 4032.9089225236253
24497. 9602.150996958906
24498. 3854.4675679831157
24499. 2484.355172592981
24500. 4926.1619875058805
24501. 3863.6624079814696
24502. 3772.547846916112
24503. 13108.593417012404
24504. 780.786700865152
24505. 158.17806812066564
24506. 1508.6835158575227
24507. 3559.0516307144508
24508. 9618.963798998302
24509. 1932.3596696171928
24510. 9205.91849003978
24511. 4594.725125438218
24512. 7225.908928333172
24513. 2396.3043364802434
24514. 518.1666057860164
24515. 7432.755244826142
24516. 4877.590525212947
24517. 7011.03976282704
24518. 3574.7392481293195
24519. 2270.6028383422954
24520. 2277.533844144243
24521. 5291.256955559155
24522. 3672.1120976709162
24523. 536.0474510687833
24524. 2955.0606897076373
24525. 3038.9011459886815
24526. 5837.68767564751
24527. 22421.898611239525
24528. 11391.200562243437
24529. 4023.4374543667823
24530. 5401.102596781371
24531. 7035.2377435724575
24532. 7296.675060195988
24533. 6836.847621086974
24534. 3066.736677244918
24535. 5741.109949569499
24536. 6794.474906103433
24537. 8421.947930112327
24538. 6276.100800713824
24539. 5668.182453261137
24540. 11026.892006869704
24541. 3329.0724295456935
24542. 3790.323518786031
24543. 4143.962610410802
24544. 3899.985376794882
24545. 9567.734382129196
24546. 6258.151236705739
24547. 6760.38690660603
24548. 6299.660102652408
24549. 3234.877447751206
24550. 21661.988249920993
24551. 11854.328995963459
24552. 6681.172619793316
24553. 6182.117535966048
24554. 9277.753905233314
24555. 6761.944040388818
24556. 5446.7365862371435
24557. 28986.310673905944
24558. 9193.406412211985
24559. 22088.78431965522
24560. 4057.8055691504596
24561. 6820.7850252253675
24562. 22725.132637599916
24563. 11874.401152291362
24564. 17028.643708388932
24565. 14475.37966456653
24566. 12147.322873137711
24567. 5997.814911643344
24568. 16724.03787423001
24569. 14353.88436285167
24570. 11390.245137975231
24571. 12149.680272149537
24572. 12359.582638550704
24573. 3383.8070171610816
24574. 8071.382501675105
24575. 8335.052734104254
24576. 4107.8192626774535
24577. 1717.230869520402
24578. 11008.304722354023
24579. 16852.797062063688
24580. 8627.271891517712
24581. 20490.72393932635
24582. 4618.664344752941
24583. 2455.1165173833792
24584. 2291.8332511297367
24585. 2892.6439121347557
24586. 15081.844398748473
24587. 19340.08310436398
24588. 15748.287320192432
24589. 12257.463538807993
24590. 3707.4408869971403
24591. 2533.050342991101
24592. 8178.579076524144
24593. 5490.735657393319
24594. 13995.18275553324
24595. 6397.303889021287
24596. 11603.057276984624
24597. 718.8147929853669
24598. 3364.9925097931955
24599. 7169.898164441628
24600. 8209.23123669394
24601. 7605.961403445492
24602. 10830.983615944791
24603. 3786.235187080713
24604. 11851.161342285717
24605. 5205.284798147725
24606. 5400.152532083592
24607. 8433.507552830424
24608. 9556.215553966787
24609. 5535.194362366252
24610. 2685.383580470812
24611. 4552.603293975918
24612. 7246.884338189203
24613. 3537.516486641887
24614. 7056.0454020934
24615. 507.53362151315457
24616. 2645.084024622255
24617. 1699.6752005123578
24618. 2859.7303832403427
24619. 3254.197765731204
24620. 6389.5264268610645
24621. 1217.4140184821968
24622. 4106.129109560507
24623. 12222.518323086542
24624. 5402.686356950949
24625. 6192.177635540122
24626. 4189.805006599265
24627. 6377.421286919738
24628. 3529.7384203895303
24629. 1047.1669794971533
24630. 1217.2533912470199
24631. 4028.4227341186993
24632. 11322.152262370606
24633. 11396.766672473981
24634. 8632.816524120726
24635. 13547.941856064059
24636. 5990.729648365489
24637. 4851.343427149243
24638. 6457.15469608386
24639. 11509.735819702793
24640. 11182.569717873404
24641. 11816.36419564913
24642. 6144.210869516427
24643. 834.3187792160326
24644. 2686.7736709065202
24645. 6483.856989436478
24646. 10119.561456748497
24647. 9136.502011901533
24648. 2974.74253714867
24649. 7456.270634775025
24650. 3709.8478712715378
24651. 2937.413460751054
24652. 10795.065490339732
24653. 3090.323138290815
24654. 12820.871205659289
24655. 5524.908111146266
24656. 7298.556650507865
24657. 4772.921640497294
24658. 4269.121693911711
24659. 17177.569463068434
24660. 3436.87065035808
24661. 2320.0657454359252
24662. 927.9735552795462
24663. 9140.642259499817
24664. 4841.5422790265975
24665. 6880.172156582033
24666. 11749.883777410785
24667. 10751.71412351571
24668. 12667.726275265248
24669. 6384.540778474896
24670. 5016.147271100595
24671. 3118.801103662398
24672. 3402.4160884484986
24673. 10355.472551078175
24674. 8106.656594895538
24675. 6420.956447851412
24676. 4976.66425857636
24677. 4718.365206252976
24678. 5401.461988226579
24679. 6982.98195637839
24680. 7279.5018024274395
24681. 11608.86705758239
24682. 2171.298388750028
24683. 1644.4796556166043
24684. 9904.269063238136
24685. 13187.05947917298
24686. 5449.518651020649
24687. 8199.239655233587
24688. 6676.6796222421535
24689. 4201.956523719737
24690. 2420.620630091715
24691. 8276.003805257602
24692. 23408.942941786263
24693. 5144.1555050637835
24694. 3820.15245834826
24695. 2515.4779146855494
24696. 5860.718933911175
24697. 5829.535042044034
24698. 14879.037011810376
24699. 23818.975138137394
24700. 4695.86773108696
24701. 16314.884598563784
24702. 7296.463770128345
24703. 1567.9768467797019
24704. 4225.129084530342
24705. 9366.309776023594
24706. 13388.49375047845
24707. 3114.9564146006555
24708. 3909.94340399165
24709. 10842.60812342296
24710. 7479.687521865081
24711. 6247.240447576318
24712. 2043.0690387276547
24713. 15729.166623489333
24714. 4053.385377092327
24715. 6871.896316329046
24716. 13547.20493381438
24717. 3003.627662562079
24718. 4312.542619888294
24719. 3890.433432058763
24720. 12860.397735982113
24721. 10527.690150569848
24722. 11701.167270570264
24723. 6561.811974079204
24724. 6880.678726849894
24725. 3078.898683477768
24726. 8115.31128373494
24727. 13271.071451739728
24728. 9426.34483699992
24729. 3123.96118364175
24730. 15673.829301749063
24731. 4691.398839289483
24732. 2105.6395917428163
24733. 9225.38702820419
24734. 4912.976520326719
24735. 4939.474657269695
24736. 5105.51099271094
24737. 5988.068101330795
24738. 6795.547296829614
24739. 2865.4350929905286
24740. 12387.36558616592
24741. 4547.892183471747
24742. 7738.723407889666
24743. 6264.566042489585
24744. 12961.631504468567
24745. 6072.282916401435
24746. 4685.589190245892
24747. 7670.4532640839225
24748. 1076.7562401400517
24749. 6475.01552320674
24750. 4810.751805050733
24751. 353.7436107322247
24752. 936.1935680798492
24753. 7739.813941787105
24754. 7748.339605872172
24755. 26567.904676188944
24756. 5266.029487674973
24757. 8670.68310420236
24758. 11680.288793653239
24759. 13801.170885085074
24760. 3641.2811599081765
24761. 7605.093122938641
24762. 6102.161648819715
